Entry Time,Symbols,Exit Time,Direction,Entry Price,Exit Price,Quantity,P&L,Fees,Drawdown,IsWin,Order Ids
2019-01-02T16:00:00Z,"NVDA",2019-01-02T17:30:00Z,Buy,3.3825021183,3.369858640725,117907,-1490.75,1179.07,4706.11,0,"	1,2" 
2019-01-02T18:00:00Z,"AMD",2019-01-02T18:30:00Z,Buy,18.77,18.88,21198,2331.78,211.98,1907.82,1,"	3,4" 
2019-01-03T15:00:00Z,"TSLA",2019-01-03T16:00:00Z,Sell,20.226664644,20.1253313208,12500,1266.67,125,3441.67,1,"	5,10" 
2019-01-03T15:00:00Z,"TQQQ",2019-01-03T16:30:00Z,Sell,4.23285603125,4.186249203125,53411,2489.32,534.11,8680.7,1,"	8,11" 
2019-01-03T15:00:00Z,"SPXL",2019-01-03T17:00:00Z,Sell,30.278919164,30.288464851,9377,-89.51,93.77,13157.96,0,"	9,12" 
2019-01-03T15:00:00Z,"AMD",2019-01-03T20:59:00Z,Sell,17.57,17.1,22690,10664.3,226.9,12025.7,1,"	6,13" 
2019-01-03T15:00:00Z,"NVDA",2019-01-03T20:59:00Z,Sell,3.220616023075,3.182933501675,123623,4658.43,1236.23,10787.93,1,"	7,14" 
2019-01-04T15:00:00Z,"AMD",2019-01-04T20:59:00Z,Buy,17.99,18.96,18564,18007.08,185.64,5569.2,1,"	15,21" 
2019-01-04T15:00:00Z,"TQQQ",2019-01-04T20:59:00Z,Buy,4.334435015625,4.5746394375,82024,19702.53,820.24,8233.89,1,"	16,23" 
2019-01-04T15:00:00Z,"SPXL",2019-01-04T20:59:00Z,Buy,30.908934506,32.063962633,13135,15171.29,131.35,6770.66,1,"	17,24" 
2019-01-04T15:30:00Z,"TSLA",2019-01-04T16:00:00Z,Buy,20.769997923,20.6206646046,18783,-2804.93,187.83,3819.21,0,"	18,20" 
2019-01-04T15:30:00Z,"NVDA",2019-01-04T20:59:00Z,Buy,3.314326503925,3.367379527475,124936,6628.23,1249.36,7867.15,1,"	19,22" 
2019-01-07T15:00:00Z,"TSLA",2019-01-07T20:59:00Z,Buy,21.7419978258,22.3286644338,19648,11526.83,196.48,7007.79,1,"	25,32" 
2019-01-07T16:00:00Z,"AMD",2019-01-07T20:59:00Z,Buy,20.09,20.57,16030,7694.4,160.3,4328.1,1,"	26,33" 
2019-01-07T17:00:00Z,"TQQQ",2019-01-07T17:30:00Z,Buy,4.762261796875,4.764651890625,63146,150.92,631.46,1886.56,1,"	28,30" 
2019-01-07T17:00:00Z,"SPXL",2019-01-07T18:30:00Z,Buy,33.228536447,33.333539004,11462,1203.54,114.62,2625.9,1,"	29,31" 
2019-01-07T17:00:00Z,"NVDA",2019-01-07T20:59:00Z,Buy,3.5292656227,3.559758715675,122193,3726.04,1221.93,5210.4,1,"	27,34" 
2019-01-08T15:00:00Z,"NVDA",2019-01-08T17:30:00Z,Sell,3.482906204925,3.4677836141,125065,1891.31,1250.65,9859.6,1,"	35,40" 
2019-01-08T16:00:00Z,"AMD",2019-01-08T16:30:00Z,Sell,19.75,19.88,15544,-2020.72,155.44,5595.84,0,"	37,38" 
2019-01-08T16:00:00Z,"TSLA",2019-01-08T17:00:00Z,Sell,21.8973311436,22.213331112,20036,-6331.38,200.36,7092.74,0,"	36,39" 
2019-01-09T15:00:00Z,"TSLA",2019-01-09T15:30:00Z,Buy,22.6739977326,22.5379977462,19086,-2595.7,190.86,4211.64,0,"	41,42" 
2019-01-10T15:00:00Z,"AMD",2019-01-10T15:30:00Z,Sell,19.11,19.34,15016,-3453.68,150.16,3904.16,0,"	43,45" 
2019-01-10T15:00:00Z,"TQQQ",2019-01-10T15:30:00Z,Sell,4.802893390625,4.905667421875,62881,-6462.53,628.81,6462.53,0,"	44,46" 
2019-01-14T15:00:00Z,"TSLA",2019-01-14T15:30:00Z,Sell,22.4386644228,22.6013310732,17604,-2863.58,176.04,3990.24,0,"	47,49" 
2019-01-14T15:00:00Z,"TQQQ",2019-01-14T15:30:00Z,Sell,4.788552828125,4.83754975,89176,-4369.35,891.76,5008.77,0,"	48,50" 
2019-01-15T15:00:00Z,"SPXL",2019-01-15T15:30:00Z,Buy,34.660389497,34.574478314,12227,-1050.44,122.27,5952.47,0,"	53,54" 
2019-01-15T15:00:00Z,"TSLA",2019-01-15T19:00:00Z,Buy,22.806664386,22.916664375,17718,1948.98,177.18,7299.82,1,"	51,55" 
2019-01-15T15:00:00Z,"TQQQ",2019-01-15T19:30:00Z,Buy,5.03592753125,5.02636715625,74167,-709.06,741.67,7090.64,0,"	52,56" 
2019-01-16T15:00:00Z,"TSLA",2019-01-16T15:30:00Z,Buy,23.3573309976,23.246664342,13798,-1526.98,137.98,3578.28,0,"	57,60" 
2019-01-16T15:00:00Z,"TQQQ",2019-01-16T15:30:00Z,Buy,5.209209328125,5.1769430625,49789,-1606.51,497.89,2439.51,0,"	58,61" 
2019-01-16T15:00:00Z,"SPXL",2019-01-16T15:30:00Z,Buy,35.567229762,35.538592701,11901,-340.81,119.01,1590.45,0,"	59,62" 
2019-01-16T17:30:00Z,"AMD",2019-01-16T20:59:00Z,Sell,20.01,19.76,18568,4642,185.68,3156.56,1,"	63,64" 
2019-01-17T20:00:00Z,"AMD",2019-01-17T20:59:00Z,Buy,20.18,20.26,18728,1498.24,187.28,1685.52,1,"	65,68" 
2019-01-17T20:00:00Z,"TQQQ",2019-01-17T20:59:00Z,Buy,5.19367371875,5.210404375,55142,922.56,551.42,1713.33,1,"	66,69" 
2019-01-17T20:00:00Z,"SPXL",2019-01-17T20:59:00Z,Buy,36.044514112,36.139970982,11749,1121.52,117.49,2915.96,1,"	67,70" 
2019-01-18T15:00:00Z,"TSLA",2019-01-18T20:59:00Z,Sell,21.2246645442,20.1479979852,17666,19020.39,176.66,8585.68,1,"	71,80" 
2019-01-18T15:30:00Z,"AMD",2019-01-18T18:00:00Z,Buy,20.56,20.81,18265,4566.25,182.65,5479.5,1,"	72,76" 
2019-01-18T15:30:00Z,"NVDA",2019-01-18T19:30:00Z,Buy,3.8446088281,3.8654333794,110849,2308.38,1108.49,5441.18,1,"	73,79" 
2019-01-18T16:30:00Z,"TQQQ",2019-01-18T18:30:00Z,Buy,5.419537578125,5.398026734375,53098,-1142.18,530.98,2601.64,0,"	74,77" 
2019-01-18T16:30:00Z,"SPXL",2019-01-18T18:30:00Z,Buy,37.505004223,37.495458536,11482,-109.6,114.82,3397.71,0,"	75,78" 
2019-01-22T15:00:00Z,"NVDA",2019-01-22T20:59:00Z,Sell,3.76874796265,3.676277038425,115012,10635.27,1150.12,5674.04,1,"	81,88" 
2019-01-22T15:30:00Z,"TQQQ",2019-01-22T16:30:00Z,Sell,5.191283625,5.18411334375,71319,511.38,713.19,1875.05,1,"	82,84" 
2019-01-22T16:00:00Z,"SPXL",2019-01-22T16:30:00Z,Sell,36.454978653,36.531344149,11916,-909.97,119.16,1933.69,0,"	83,85" 
2019-01-22T18:30:00Z,"AMD",2019-01-22T20:59:00Z,Sell,19.86,19.75,21975,2417.25,219.75,3955.5,1,"	86,87" 
2019-01-23T15:00:00Z,"AMD",2019-01-23T15:30:00Z,Buy,20.38,20.09,21495,-6233.55,214.95,8383.05,0,"	89,91" 
2019-01-23T15:00:00Z,"NVDA",2019-01-23T15:30:00Z,Buy,3.811140799225,3.7732103665,114831,-4355.59,1148.31,4355.59,0,"	90,92" 
2019-01-23T17:00:00Z,"SPXL",2019-01-23T17:30:00Z,Sell,35.404953083,35.490864266,12257,-1053.01,122.57,3861.05,0,"	94,96" 
2019-01-23T17:00:00Z,"TQQQ",2019-01-23T18:00:00Z,Sell,4.9474940625,4.99051575,80311,-3455.11,803.11,7198.16,0,"	93,97" 
2019-01-23T17:30:00Z,"TSLA",2019-01-23T18:30:00Z,Sell,19.0259980974,19.0986647568,13770,-1000.62,137.7,4204.44,0,"	95,98" 
2019-01-24T15:00:00Z,"AMD",2019-01-24T16:00:00Z,Buy,20.46,20.4,21050,-1263,210.5,8841,0,"	99,103" 
2019-01-24T15:00:00Z,"NVDA",2019-01-24T16:00:00Z,Buy,3.908817861275,3.8634500888,110052,-4992.81,1100.52,6984.48,0,"	100,104" 
2019-01-24T15:30:00Z,"TQQQ",2019-01-24T16:00:00Z,Buy,5.178138109375,5.10524025,83374,-6077.79,833.74,7173.78,0,"	101,105" 
2019-01-24T15:30:00Z,"SPXL",2019-01-24T16:00:00Z,Buy,36.550435523,36.283156287,11814,-3157.64,118.14,4623.68,0,"	102,106" 
2019-01-25T15:00:00Z,"AMD",2019-01-25T15:30:00Z,Buy,21.25,21.1,19823,-2973.45,198.23,6739.82,0,"	107,108" 
2019-01-25T16:00:00Z,"SPXL",2019-01-25T16:30:00Z,Buy,37.485912849,37.304544796,11258,-2041.84,112.58,2794.1,0,"	109,110" 
2019-01-28T15:00:00Z,"TSLA",2019-01-28T15:30:00Z,Sell,19.2906647376,19.5506647116,14317,-3722.42,143.17,5421.37,0,"	111,114" 
2019-01-28T15:00:00Z,"TQQQ",2019-01-28T15:30:00Z,Sell,5.076559125,5.123165953125,82922,-3864.73,829.22,5945.74,0,"	112,115" 
2019-01-28T15:00:00Z,"SPXL",2019-01-28T15:30:00Z,Sell,35.939511555,36.17815373,11707,-2793.78,117.07,4805.31,0,"	113,116" 
2019-01-29T15:00:00Z,"AMD",2019-01-29T15:30:00Z,Sell,19.57,19.95,12861,-4887.18,128.61,5015.79,0,"	117,119" 
2019-01-29T15:00:00Z,"TQQQ",2019-01-29T20:59:00Z,Sell,5.11241053125,4.9952959375,77515,9078.14,775.15,7318.09,1,"	118,124" 
2019-01-29T16:00:00Z,"SPXL",2019-01-29T17:00:00Z,Sell,35.949057242,36.225882165,11647,-3224.18,116.47,4002.43,0,"	121,122" 
2019-01-29T16:00:00Z,"NVDA",2019-01-29T20:59:00Z,Sell,3.304905873575,3.2615213917,60464,2623.2,604.64,1633.88,1,"	120,123" 
2019-01-30T15:30:00Z,"AMD",2019-01-30T20:59:00Z,Buy,22.05,23.07,9948,10146.96,99.48,3879.72,1,"	125,131" 
2019-01-30T17:30:00Z,"SPXL",2019-01-30T18:00:00Z,Buy,37.314090483,37.199542239,11204,-1283.4,112.04,1604.25,0,"	126,127" 
2019-01-30T19:30:00Z,"TSLA",2019-01-30T20:59:00Z,Buy,20.3906646276,20.5786646088,20556,3864.53,205.56,3590.45,1,"	128,130" 
2019-01-30T19:30:00Z,"TQQQ",2019-01-30T20:59:00Z,Buy,5.36576046875,5.388466359375,78093,1773.17,780.93,5972.79,1,"	129,132" 
2019-01-31T15:00:00Z,"AMD",2019-01-31T20:30:00Z,Buy,24.14,24.32,5631,1013.58,56.31,5011.59,1,"	133,137" 
2019-01-31T15:00:00Z,"TQQQ",2019-01-31T20:30:00Z,Buy,5.543822453125,5.5880391875,57665,2549.76,576.65,7856.01,1,"	135,138" 
2019-01-31T15:00:00Z,"NVDA",2019-01-31T20:59:00Z,Buy,3.462577476275,3.5609982723,53264,5242.29,532.64,3723.74,1,"	134,139" 
2019-01-31T15:00:00Z,"SPXL",2019-01-31T20:59:00Z,Buy,38.106382504,39.051405517,11086,10476.53,110.86,6561.06,1,"	136,140" 
2019-02-01T15:30:00Z,"SPXL",2019-02-01T16:00:00Z,Buy,39.395050249,39.013222769,10915,-4167.65,109.15,4480.22,0,"	142,143" 
2019-02-01T15:30:00Z,"TSLA",2019-02-01T18:00:00Z,Buy,21.0706645596,20.7693312564,20409,-6149.91,204.09,6449.24,0,"	141,144" 
2019-02-04T15:00:00Z,"TQQQ",2019-02-04T20:59:00Z,Buy,5.61433021875,5.73383490625,57865,6915.14,578.65,2212.84,1,"	145,150" 
2019-02-04T15:30:00Z,"NVDA",2019-02-04T20:59:00Z,Buy,3.6760291271,3.6938787425,55948,998.65,559.48,2219.22,1,"	146,149" 
2019-02-04T18:30:00Z,"SPXL",2019-02-04T20:00:00Z,Buy,39.375958875,39.557326928,10873,1972.01,108.73,1349.27,1,"	147,148" 
2019-02-05T15:00:00Z,"TQQQ",2019-02-05T16:30:00Z,Buy,5.859314828125,5.861704921875,52011,124.31,520.11,2983.47,1,"	152,154" 
2019-02-05T15:00:00Z,"TSLA",2019-02-05T20:59:00Z,Buy,21.1639978836,21.419997858,20294,5195.26,202.94,4139.98,1,"	151,156" 
2019-02-05T16:00:00Z,"SPXL",2019-02-05T16:30:00Z,Buy,40.368710323,40.120522461,10690,-2653.13,106.9,3265.39,0,"	153,155" 
2019-02-06T15:00:00Z,"NVDA",2019-02-06T15:30:00Z,Buy,3.814611557775,3.77469783445,112681,-4497.52,1126.81,6173.61,0,"	157,158" 
2019-02-07T15:00:00Z,"NVDA",2019-02-07T15:30:00Z,Sell,3.67751659505,3.712472091875,116239,-4063.19,1162.39,6339.73,0,"	159,160" 
2019-02-07T16:00:00Z,"SPXL",2019-02-07T20:59:00Z,Sell,38.841400403,38.870037464,10951,-313.6,109.51,8362.79,0,"	161,168" 
2019-02-07T16:30:00Z,"TSLA",2019-02-07T20:59:00Z,Sell,20.506664616,20.506664616,20811,0,208.11,7644.57,0,"	162,166" 
2019-02-07T16:30:00Z,"TQQQ",2019-02-07T20:59:00Z,Sell,5.58564909375,5.59520946875,55555,-531.13,555.55,6771.86,0,"	163,167" 
2019-02-07T17:00:00Z,"AMD",2019-02-07T18:00:00Z,Sell,22.5,22.55,10614,-530.7,106.14,2441.22,0,"	164,165" 
2019-02-08T15:00:00Z,"TSLA",2019-02-08T16:00:00Z,Sell,20.0326646634,20.159997984,20012,-2548.19,200.12,5389.9,0,"	169,170" 
2019-02-08T18:30:00Z,"AMD",2019-02-08T20:59:00Z,Buy,22.88,23.04,18511,2961.76,185.11,4627.75,1,"	171,172" 
2019-02-11T15:00:00Z,"AMD",2019-02-11T15:30:00Z,Sell,22.81,23.04,18606,-4279.38,186.06,5581.8,0,"	174,175" 
2019-02-11T15:00:00Z,"TSLA",2019-02-11T16:00:00Z,Buy,21.109997889,20.9993312334,20118,-2226.39,201.18,5941.52,0,"	173,176" 
2019-02-12T15:00:00Z,"NVDA",2019-02-12T15:30:00Z,Buy,3.720405254275,3.711976269225,108679,-916.05,1086.79,2559.56,0,"	177,180" 
2019-02-12T15:00:00Z,"TQQQ",2019-02-12T20:59:00Z,Buy,5.79358725,5.880825671875,61856,5396.22,618.56,1995.86,1,"	178,181" 
2019-02-12T15:00:00Z,"SPXL",2019-02-12T20:59:00Z,Buy,40.18734227,40.626443872,10490,4606.18,104.9,2603.49,1,"	179,182" 
2019-02-13T15:00:00Z,"TSLA",2019-02-13T15:30:00Z,Sell,20.5573312776,20.6293312704,20657,-1487.3,206.57,2988.38,0,"	183,185" 
2019-02-13T15:00:00Z,"SPXL",2019-02-13T16:00:00Z,Buy,41.304187649,41.313733336,9238,88.18,92.38,1763.66,1,"	184,187" 
2019-02-13T16:00:00Z,"AMD",2019-02-13T16:30:00Z,Buy,23.13,23.07,18347,-1100.82,183.47,2018.17,0,"	186,188" 
2019-02-13T19:00:00Z,"NVDA",2019-02-13T20:30:00Z,Buy,3.837667311,3.828494591975,88745,-814.03,887.45,3168.13,0,"	189,190" 
2019-02-14T15:00:00Z,"AMD",2019-02-14T15:30:00Z,Buy,23.29,23.06,18159,-4176.57,181.59,5992.47,0,"	191,193" 
2019-02-14T15:00:00Z,"NVDA",2019-02-14T15:30:00Z,Buy,3.85105452255,3.81932187295,91956,-2918.01,919.56,3966.67,0,"	192,194" 
2019-02-15T16:30:00Z,"AMD",2019-02-15T18:30:00Z,Buy,23.84,23.72,17611,-2113.32,176.11,5459.41,0,"	195,196" 
2019-02-15T19:30:00Z,"TSLA",2019-02-15T20:30:00Z,Buy,20.4593312874,20.4586646208,20128,-13.42,201.28,952.73,0,"	197,198" 
2019-02-19T15:00:00Z,"TSLA",2019-02-19T15:30:00Z,Buy,20.7386645928,20.59999794,20042,-2779.16,200.42,4850.16,0,"	199,201" 
2019-02-19T15:00:00Z,"AMD",2019-02-19T18:00:00Z,Buy,24.18,24.17,17317,-173.17,173.17,4502.42,0,"	200,208" 
2019-02-19T16:30:00Z,"NVDA",2019-02-19T17:30:00Z,Buy,3.9447650034,3.92344462945,106072,-2261.49,1060.72,2997.8,0,"	202,205" 
2019-02-19T17:00:00Z,"TQQQ",2019-02-19T17:30:00Z,Buy,6.060082703125,6.04932728125,60484,-650.53,604.84,1084.22,0,"	203,206" 
2019-02-19T17:00:00Z,"SPXL",2019-02-19T17:30:00Z,Buy,42.468761463,42.38285028,8117,-697.34,81.17,929.79,0,"	204,207" 
2019-02-20T15:30:00Z,"NVDA",2019-02-20T17:00:00Z,Buy,3.99385144575,3.96211879615,103918,-3297.59,1039.18,3349.12,0,"	209,211" 
2019-02-20T16:00:00Z,"TSLA",2019-02-20T20:30:00Z,Sell,20.1746646492,20.186664648,20522,-246.26,205.22,5089.46,0,"	210,212" 
2019-02-21T15:00:00Z,"TQQQ",2019-02-21T16:30:00Z,Sell,5.892776140625,5.921457265625,70104,-2010.66,701.04,6702.21,0,"	213,217" 
2019-02-21T15:00:00Z,"SPXL",2019-02-21T17:00:00Z,Sell,42.020114174,42.220573601,5828,-1168.28,58.28,2614.72,0,"	214,218" 
2019-02-21T15:30:00Z,"TSLA",2019-02-21T16:30:00Z,Sell,19.959998004,20.0039979996,15713,-691.37,157.13,1257.04,0,"	215,216" 
2019-02-21T20:00:00Z,"NVDA",2019-02-21T20:59:00Z,Sell,3.858243950975,3.855269015075,106558,317,1065.58,1426.51,1,"	219,220" 
2019-02-22T16:00:00Z,"TQQQ",2019-02-22T17:30:00Z,Buy,6.048132234375,6.055302515625,67966,487.34,679.66,2193.01,1,"	221,223" 
2019-02-22T16:00:00Z,"SPXL",2019-02-22T19:30:00Z,Buy,42.650129516,42.659675203,7217,68.89,72.17,2066.74,1,"	222,224" 
2019-02-25T15:00:00Z,"TSLA",2019-02-25T16:30:00Z,Buy,20.1813313152,19.9839980016,14471,-2855.61,144.71,3424.8,0,"	225,227" 
2019-02-25T16:00:00Z,"SPXL",2019-02-25T16:30:00Z,Buy,43.786066269,43.62378959,8465,-1373.67,84.65,1777.69,0,"	226,228" 
2019-02-26T16:00:00Z,"AMD",2019-02-26T20:59:00Z,Sell,24.23,24.23,16882,0,168.82,3038.76,0,"	229,234" 
2019-02-26T16:30:00Z,"TSLA",2019-02-26T18:00:00Z,Buy,20.0673313266,19.839998016,12223,-2778.7,122.23,3438.74,0,"	230,231" 
2019-02-26T18:00:00Z,"NVDA",2019-02-26T19:30:00Z,Sell,3.88080388155,3.885514196725,84844,-399.64,848.44,2418.89,0,"	232,233" 
2019-02-27T15:00:00Z,"NVDA",2019-02-27T16:30:00Z,Sell,3.836923577025,3.84708794135,94783,-963.41,947.83,4676.06,0,"	237,240" 
2019-02-27T15:00:00Z,"AMD",2019-02-27T17:00:00Z,Sell,23.34,23.59,16537,-4134.25,165.37,6614.8,0,"	236,243" 
2019-02-27T15:00:00Z,"TSLA",2019-02-27T20:59:00Z,Buy,20.469997953,20.986664568,13860,7161,138.6,3326.4,1,"	235,244" 
2019-02-27T15:30:00Z,"TQQQ",2019-02-27T16:30:00Z,Sell,5.978819515625,6.05410746875,68047,-5123.12,680.47,6180.27,0,"	238,241" 
2019-02-27T15:30:00Z,"SPXL",2019-02-27T16:30:00Z,Sell,42.19193654,42.526035585,9639,-3220.38,96.39,3680.44,0,"	239,242" 
2019-03-01T15:00:00Z,"SPXL",2019-03-01T15:30:00Z,Buy,43.566515468,43.070139744,9277,-4604.88,92.77,5224.76,0,"	246,247" 
2019-03-01T15:00:00Z,"TSLA",2019-03-01T20:59:00Z,Sell,19.9753313358,19.653331368,12819,4127.72,128.19,4956.68,1,"	245,248" 
2019-03-04T15:00:00Z,"TSLA",2019-03-04T20:59:00Z,Sell,19.0973314236,19.0519980948,5881,266.61,58.81,1627.08,1,"	249,258" 
2019-03-04T16:30:00Z,"SPXL",2019-03-04T19:30:00Z,Sell,42.965137187,42.659675203,9404,2872.56,94.04,8797.23,1,"	250,256" 
2019-03-04T17:00:00Z,"NVDA",2019-03-04T18:00:00Z,Sell,3.8508042356,3.8674314112,105546,-1754.93,1055.46,3326.51,0,"	252,254" 
2019-03-04T17:00:00Z,"AMD",2019-03-04T19:00:00Z,Sell,23.12,23.42,12876,-3862.8,128.76,5279.16,0,"	251,255" 
2019-03-04T17:00:00Z,"TQQQ",2019-03-04T20:30:00Z,Sell,6.074423265625,6.170027015625,66911,-6396.94,669.11,11034.73,0,"	253,257" 
2019-03-05T15:00:00Z,"TQQQ",2019-03-05T15:30:00Z,Sell,6.179587390625,6.195123,64590,-1003.45,645.9,3782.22,0,"	261,263" 
2019-03-05T15:00:00Z,"TSLA",2019-03-05T16:00:00Z,Sell,18.246664842,18.359998164,5959,-675.35,59.59,2256.47,0,"	259,264" 
2019-03-05T15:00:00Z,"NVDA",2019-03-05T16:00:00Z,Sell,3.8331843928,3.8753727488,104125,-4392.86,1041.25,4677.11,0,"	260,265" 
2019-03-05T15:00:00Z,"SPXL",2019-03-05T16:30:00Z,Sell,42.554672646,42.831497569,9377,-2595.79,93.77,3669.91,0,"	262,266" 
2019-03-06T15:00:00Z,"NVDA",2019-03-06T19:00:00Z,Sell,3.8336807264,3.8321917256,103012,153.38,1030.12,4448.16,1,"	268,271" 
2019-03-06T15:00:00Z,"AMD",2019-03-06T20:59:00Z,Sell,23.18,22.41,14740,11349.8,147.4,4127.2,1,"	267,272" 
2019-03-06T15:00:00Z,"SPXL",2019-03-06T20:59:00Z,Sell,42.487852837,41.934202991,9297,5147.28,92.97,3638.6,1,"	269,274" 
2019-03-06T15:30:00Z,"TQQQ",2019-03-06T20:59:00Z,Sell,6.17361215625,6.1329805625,64415,2617.28,644.15,4310.82,1,"	270,273" 
2019-03-07T15:00:00Z,"TQQQ",2019-03-07T16:30:00Z,Sell,5.954918578125,5.966869046875,67514,-806.82,675.14,4921.63,0,"	275,277" 
2019-03-07T15:00:00Z,"SPXL",2019-03-07T16:30:00Z,Sell,40.960542917,41.017817039,9814,-562.09,98.14,4403.02,0,"	276,278" 
2019-03-07T20:00:00Z,"NVDA",2019-03-07T20:59:00Z,Sell,3.693962818,3.708852826,108620,-1617.35,1086.2,2264.29,0,"	279,280" 
2019-03-08T20:00:00Z,"TSLA",2019-03-08T20:30:00Z,Buy,18.89999811,18.8126647854,13629,-1190.27,136.29,2153.38,0,"	281,282" 
2019-03-11T14:00:00Z,"AMD",2019-03-11T19:59:00Z,Buy,22.44,22.95,13546,6908.46,135.46,4063.8,1,"	283,289" 
2019-03-11T14:00:00Z,"NVDA",2019-03-11T19:59:00Z,Buy,3.823009554,4.0021859836,100543,18014.94,1005.43,2819.51,1,"	284,290" 
2019-03-11T14:00:00Z,"TQQQ",2019-03-11T19:59:00Z,Buy,6.0660579375,6.244119921875,61659,10979.12,616.59,1989.51,1,"	285,291" 
2019-03-11T14:00:00Z,"SPXL",2019-03-11T19:59:00Z,Buy,41.409190206,42.38285028,9649,9394.85,96.49,1657.91,1,"	286,292" 
2019-03-11T16:30:00Z,"TSLA",2019-03-11T17:00:00Z,Buy,19.2846647382,19.1893314144,12844,-1224.46,128.44,1721.1,0,"	287,288" 
2019-03-12T15:00:00Z,"TSLA",2019-03-12T16:00:00Z,Sell,18.7586647908,18.8846647782,22205,-2797.83,222.05,3404.77,0,"	293,294" 
2019-03-12T18:00:00Z,"AMD",2019-03-12T19:00:00Z,Buy,23.64,23.61,16562,-496.86,165.62,3643.64,0,"	295,296" 
2019-03-13T14:00:00Z,"AMD",2019-03-13T14:30:00Z,Buy,24.04,23.87,15229,-2588.93,152.29,3959.54,0,"	298,300" 
2019-03-13T14:00:00Z,"TSLA",2019-03-13T17:00:00Z,Buy,19.0913314242,19.1626647504,21753,1551.71,217.53,6960.96,1,"	297,303" 
2019-03-13T14:00:00Z,"NVDA",2019-03-13T19:00:00Z,Buy,4.130736386,4.1788807452,80139,3858.24,801.39,4395.21,1,"	299,304" 
2019-03-13T15:30:00Z,"SPXL",2019-03-13T16:00:00Z,Buy,43.967434322,43.891068826,9507,-726.01,95.07,1361.26,0,"	301,302" 
2019-03-14T14:00:00Z,"TSLA",2019-03-14T14:30:00Z,Buy,19.63333137,19.4359980564,21168,-4177.15,211.68,4544.06,0,"	305,306" 
2019-03-14T14:30:00Z,"AMD",2019-03-14T16:30:00Z,Sell,23.05,23.14,17949,-1615.41,179.49,5564.19,0,"	307,308" 
2019-03-15T14:00:00Z,"TSLA",2019-03-15T15:00:00Z,Sell,18.453331488,18.5926648074,22369,-3116.75,223.69,5890.5,0,"	309,313" 
2019-03-15T14:00:00Z,"NVDA",2019-03-15T15:00:00Z,Buy,4.2404261116,4.2292586056,73130,-816.68,731.3,3012.64,0,"	311,314" 
2019-03-15T14:00:00Z,"TQQQ",2019-03-15T15:00:00Z,Buy,6.595463703125,6.585903328125,56820,-543.22,568.2,2784.01,0,"	312,315" 
2019-03-15T14:00:00Z,"AMD",2019-03-15T16:00:00Z,Buy,23.53,23.34,16768,-3185.92,167.68,5533.44,0,"	310,316" 
2019-03-15T16:30:00Z,"SPXL",2019-03-15T18:30:00Z,Buy,44.454264359,44.272896306,9207,-1669.86,92.07,2900.28,0,"	317,318" 
2019-03-18T14:00:00Z,"AMD",2019-03-18T14:30:00Z,Buy,23.58,23.33,16524,-4131,165.24,4131,0,"	320,323" 
2019-03-18T14:00:00Z,"TQQQ",2019-03-18T15:30:00Z,Buy,6.705408015625,6.631315109375,60899,-4512.18,608.99,6695.5,0,"	321,324" 
2019-03-18T14:00:00Z,"SPXL",2019-03-18T15:30:00Z,Buy,44.740634969,44.358807489,9128,-3485.32,91.28,4443.78,0,"	322,325" 
2019-03-18T14:00:00Z,"TSLA",2019-03-18T19:59:00Z,Sell,18.1719981828,17.9753315358,17754,3491.62,177.54,4639.71,1,"	319,326" 
2019-03-19T14:00:00Z,"AMD",2019-03-19T19:59:00Z,Buy,24.25,26.03,12618,22460.04,126.18,4290.12,1,"	327,330" 
2019-03-19T14:30:00Z,"NVDA",2019-03-19T15:30:00Z,Buy,4.352845672,4.354086506,61098,75.81,610.98,2547.3,1,"	328,329" 
2019-03-20T14:00:00Z,"TQQQ",2019-03-20T14:30:00Z,Sell,6.69227814675,6.7281424455,61752,-2214.69,617.52,3543.51,0,"	331,333" 
2019-03-20T14:00:00Z,"SPXL",2019-03-20T15:00:00Z,Sell,44.177439436,44.339716115,9351,-1517.45,93.51,2410.07,0,"	332,334" 
2019-03-20T15:30:00Z,"AMD",2019-03-20T16:30:00Z,Sell,25.35,25.74,4993,-1947.27,49.93,2246.85,0,"	335,336" 
2019-03-21T14:00:00Z,"AMD",2019-03-21T19:59:00Z,Buy,26.33,27.92,4667,7420.53,46.67,1213.42,1,"	337,341" 
2019-03-21T14:00:00Z,"NVDA",2019-03-21T19:59:00Z,Buy,4.43598155,4.5677581208,64274,8469.81,642.74,2169.29,1,"	338,342" 
2019-03-21T14:00:00Z,"TQQQ",2019-03-21T19:59:00Z,Buy,6.88355440675,7.126236161625,59663,14479.12,596.63,3423.63,1,"	339,343" 
2019-03-21T14:00:00Z,"SPXL",2019-03-21T19:59:00Z,Buy,44.540175542,45.704749356,9218,10735.04,92.18,3871.65,1,"	340,344" 
2019-03-22T14:00:00Z,"AMD",2019-03-22T14:30:00Z,Sell,26.97,27.04,6426,-449.82,64.26,3919.86,0,"	346,349" 
2019-03-22T14:00:00Z,"TQQQ",2019-03-22T14:30:00Z,Sell,6.913441322375,6.970824200375,61686,-3539.72,616.86,6931.95,0,"	347,350" 
2019-03-22T14:00:00Z,"TSLA",2019-03-22T19:59:00Z,Sell,17.896664877,17.6126649054,20231,5745.6,202.31,4127.12,1,"	345,352" 
2019-03-22T14:00:00Z,"SPXL",2019-03-22T19:59:00Z,Sell,44.416081611,43.203779362,9599,11636.89,95.99,9804.31,1,"	348,354" 
2019-03-22T15:00:00Z,"NVDA",2019-03-22T19:59:00Z,Sell,4.4712212356,4.4032235324,80209,5454.03,802.09,4458.77,1,"	351,353" 
2019-03-25T14:00:00Z,"TSLA",2019-03-25T14:30:00Z,Sell,17.0819982918,17.2806649386,25376,-5041.36,253.76,5210.54,0,"	355,357" 
2019-03-25T14:00:00Z,"NVDA",2019-03-25T15:30:00Z,Sell,4.316861486,4.3141316512,96500,263.43,965,6130.71,1,"	356,358" 
2019-03-26T14:00:00Z,"TQQQ",2019-03-26T14:30:00Z,Buy,6.8811634535,6.820194145625,54115,-3299.35,541.15,4593.22,0,"	360,361" 
2019-03-26T14:00:00Z,"TSLA",2019-03-26T15:00:00Z,Buy,17.9386648728,17.8006648866,24035,-3316.83,240.35,4598.7,0,"	359,362" 
2019-03-27T14:00:00Z,"AMD",2019-03-27T14:30:00Z,Sell,24.99,25.3,11966,-3709.46,119.66,4786.4,0,"	363,364" 
2019-03-27T15:00:00Z,"TSLA",2019-03-27T15:30:00Z,Buy,18.139998186,18.0006648666,23523,-3277.54,235.23,4532.1,0,"	365,366" 
2019-03-27T15:30:00Z,"TQQQ",2019-03-27T17:30:00Z,Sell,6.522520466,6.59185811025,57186,-3965.14,571.86,9160.85,0,"	367,369" 
2019-03-27T15:30:00Z,"SPXL",2019-03-27T17:30:00Z,Sell,42.917408752,43.318327606,9905,-3971.1,99.05,8225.85,0,"	368,370" 
2019-04-01T14:30:00Z,"TSLA",2019-04-01T19:59:00Z,Buy,18.9946647672,19.2673314066,20872,5691.1,208.72,3214.29,1,"	371,375" 
2019-04-01T17:30:00Z,"SPXL",2019-04-01T19:59:00Z,Buy,45.905208783,46.248853515,9218,3167.72,92.18,1759.84,1,"	372,376" 
2019-04-01T19:00:00Z,"TQQQ",2019-04-01T19:30:00Z,Buy,7.048530181,7.0437482745,60118,-287.48,601.18,1509.26,0,"	373,374" 
2019-04-02T14:30:00Z,"TSLA",2019-04-02T15:00:00Z,Sell,19.0693314264,19.0973314236,22276,-623.73,222.76,1930.59,0,"	377,378" 
2019-04-02T15:00:00Z,"NVDA",2019-04-02T15:30:00Z,Buy,4.5734659572,4.5493937776,92807,-2234.07,928.07,4352.98,0,"	379,380" 
2019-04-03T14:00:00Z,"TSLA",2019-04-03T16:00:00Z,Buy,19.4919980508,19.5359980464,18085,795.74,180.85,3930.47,1,"	381,385" 
2019-04-03T14:00:00Z,"AMD",2019-04-03T17:00:00Z,Buy,28.91,29.07,9008,1441.28,90.08,7836.96,1,"	382,386" 
2019-04-03T14:00:00Z,"NVDA",2019-04-03T18:00:00Z,Buy,4.6697546756,4.6727326772,90595,269.79,905.95,5935.43,1,"	383,387" 
2019-04-03T14:30:00Z,"TQQQ",2019-04-03T18:00:00Z,Buy,7.274475263125,7.22785167475,39748,-1853.19,397.48,5797.17,0,"	384,388" 
2019-04-04T14:00:00Z,"TQQQ",2019-04-04T14:30:00Z,Buy,7.305557655375,7.19916023575,57886,-6158.92,578.86,6504.93,0,"	389,391" 
2019-04-04T14:00:00Z,"SPXL",2019-04-04T14:30:00Z,Buy,46.840686109,46.544769812,9029,-2671.83,90.29,3016.58,0,"	390,392" 
2019-04-05T14:30:00Z,"SPXL",2019-04-05T15:00:00Z,Buy,47.270242024,47.289333398,8868,169.3,88.68,1269.77,1,"	393,394" 
2019-04-05T16:30:00Z,"TSLA",2019-04-05T19:59:00Z,Buy,18.3506648316,18.329998167,9193,-189.99,91.93,998.97,0,"	395,398" 
2019-04-05T18:00:00Z,"NVDA",2019-04-05T18:30:00Z,Buy,4.7496643852,4.7451973828,88213,-394.05,882.13,744.31,0,"	396,397" 
2019-04-08T19:00:00Z,"TQQQ",2019-04-08T19:30:00Z,Buy,7.377286252875,7.383263636,56721,339.04,567.21,542.47,1,"	399,400" 
2019-04-09T14:30:00Z,"AMD",2019-04-09T19:59:00Z,Sell,27.81,27.23,3997,2318.26,39.97,1079.19,1,"	401,406" 
2019-04-09T15:00:00Z,"NVDA",2019-04-09T16:30:00Z,Sell,4.6734771776,4.687870852,73841,-1062.84,738.41,1777.51,0,"	402,403" 
2019-04-09T17:30:00Z,"SPXL",2019-04-09T18:00:00Z,Sell,46.850231796,46.821594735,8927,255.64,89.27,681.71,1,"	404,405" 
2019-04-10T14:00:00Z,"NVDA",2019-04-10T17:30:00Z,Buy,4.7538832208,4.7578538896,88057,349.65,880.57,3234.22,1,"	407,410" 
2019-04-10T15:00:00Z,"TQQQ",2019-04-10T15:30:00Z,Buy,7.38565458925,7.394022925625,56734,474.77,567.34,1017.36,1,"	408,409" 
2019-04-11T14:00:00Z,"TQQQ",2019-04-11T14:30:00Z,Sell,7.38565458925,7.4071731685,56606,-1218.08,566.06,1827.12,0,"	412,413" 
2019-04-11T14:00:00Z,"NVDA",2019-04-11T15:00:00Z,Sell,4.7178990348,4.7566130556,88639,-3431.57,886.39,3981.5,0,"	411,414" 
2019-04-11T16:00:00Z,"SPXL",2019-04-11T19:59:00Z,Sell,47.088873971,47.260696337,8831,-1517.36,88.31,2950.43,0,"	415,416" 
2019-04-12T14:00:00Z,"SPXL",2019-04-12T14:30:00Z,Buy,48.234356411,48.148445228,8615,-740.12,86.15,1480.25,0,"	417,418" 
2019-04-12T18:00:00Z,"NVDA",2019-04-12T19:00:00Z,Sell,4.718891702,4.7295628744,87917,-938.18,879.17,1483.63,0,"	419,420" 
2019-04-15T14:00:00Z,"AMD",2019-04-15T15:30:00Z,Sell,27.36,27.29,8563,599.41,85.63,3168.31,1,"	422,426" 
2019-04-15T14:00:00Z,"TSLA",2019-04-15T16:00:00Z,Sell,17.4759982524,17.5239982476,22500,-1080,225,6105,0,"	421,427" 
2019-04-15T14:00:00Z,"SPXL",2019-04-15T17:30:00Z,Sell,47.967077175,47.947985801,8632,164.8,86.32,2719.15,1,"	424,429" 
2019-04-15T14:00:00Z,"NVDA",2019-04-15T19:59:00Z,Sell,4.6347631568,4.5794219604,89322,4943.19,893.22,4788.02,1,"	423,430" 
2019-04-15T14:30:00Z,"TQQQ",2019-04-15T17:30:00Z,Sell,7.3689179165,7.421518888,56783,-2986.84,567.83,5634.27,0,"	425,428" 
2019-04-16T14:00:00Z,"TSLA",2019-04-16T19:59:00Z,Buy,17.9659982034,18.2306648436,23056,6102.15,230.56,4995.47,1,"	431,432" 
2019-04-17T14:00:00Z,"TSLA",2019-04-17T14:30:00Z,Sell,18.043331529,18.016664865,15135,403.6,151.35,1614.4,1,"	433,435" 
2019-04-17T14:00:00Z,"AMD",2019-04-17T19:59:00Z,Sell,27.68,27.5,11763,2117.34,117.63,3528.9,1,"	434,438" 
2019-04-17T15:30:00Z,"SPXL",2019-04-17T16:30:00Z,Sell,47.890711679,47.862074618,8734,250.12,87.34,2084.3,1,"	436,437" 
2019-04-18T14:00:00Z,"TQQQ",2019-04-18T15:00:00Z,Sell,7.57214894275,7.5888856155,55130,-922.69,551.3,3756.68,0,"	439,440" 
2019-04-22T14:30:00Z,"TSLA",2019-04-22T19:30:00Z,Sell,17.6026649064,17.6553315678,17444,-918.72,174.44,3070.14,0,"	441,444" 
2019-04-22T17:00:00Z,"AMD",2019-04-22T19:59:00Z,Buy,28.15,28.16,9002,90.02,90.02,1260.28,1,"	442,445" 
2019-04-22T18:00:00Z,"TQQQ",2019-04-22T19:59:00Z,Buy,7.692892081875,7.708433278,54223,842.69,542.23,1037.16,1,"	443,446" 
2019-04-23T14:00:00Z,"TQQQ",2019-04-23T19:59:00Z,Buy,7.851890473,7.998934097875,53059,7801.99,530.59,3425.26,1,"	447,451" 
2019-04-23T15:30:00Z,"SPXL",2019-04-23T19:59:00Z,Buy,49.141196676,49.360747477,8515,1869.48,85.15,2194.6,1,"	448,452" 
2019-04-23T16:00:00Z,"NVDA",2019-04-23T17:00:00Z,Buy,4.7605837244,4.7526423868,41305,-328.02,413.05,697.04,0,"	449,450" 
2019-04-24T15:00:00Z,"AMD",2019-04-24T19:59:00Z,Buy,28.7,28.47,13110,-3015.3,131.1,5506.2,0,"	453,456" 
2019-04-24T19:00:00Z,"TSLA",2019-04-24T19:59:00Z,Sell,17.2626649404,17.2439982756,14749,275.31,147.49,1828.88,1,"	454,455" 
2019-04-25T14:00:00Z,"NVDA",2019-04-25T16:00:00Z,Sell,4.6446898288,4.6347631568,90106,894.45,901.06,7222.71,1,"	458,462" 
2019-04-25T14:00:00Z,"AMD",2019-04-25T19:59:00Z,Sell,28.13,27.67,13390,6159.4,133.9,6293.3,1,"	457,464" 
2019-04-25T14:30:00Z,"SPXL",2019-04-25T15:00:00Z,Sell,48.549364082,48.807097631,8584,-2212.38,85.84,4015.07,0,"	459,461" 
2019-04-25T15:00:00Z,"TSLA",2019-04-25T19:59:00Z,Sell,16.7846649882,16.5159983484,18108,4865.02,181.08,3802.68,1,"	460,463" 
2019-04-26T14:00:00Z,"TQQQ",2019-04-26T14:30:00Z,Sell,7.826785463875,7.900905014625,51378,-3808.11,513.78,5589.33,0,"	468,470" 
2019-04-26T14:00:00Z,"SPXL",2019-04-26T14:30:00Z,Sell,48.692549387,49.007557058,8660,-2727.97,86.6,3471.96,0,"	469,471" 
2019-04-26T14:00:00Z,"AMD",2019-04-26T15:00:00Z,Sell,27.25,27.58,13255,-4374.15,132.55,6760.05,0,"	466,472" 
2019-04-26T14:00:00Z,"NVDA",2019-04-26T15:00:00Z,Sell,4.3270363248,4.3952821948,97478,-6652.47,974.78,9265.08,0,"	467,473" 
2019-04-26T14:00:00Z,"TSLA",2019-04-26T19:59:00Z,Sell,16.149998385,15.6593317674,18658,9154.86,186.58,4975.47,1,"	465,474" 
2019-04-29T14:00:00Z,"AMD",2019-04-29T14:30:00Z,Sell,27.64,27.67,14419,-432.57,144.19,2883.8,0,"	476,477" 
2019-04-29T14:00:00Z,"TSLA",2019-04-29T17:00:00Z,Buy,15.8453317488,16.039998396,22381,4356.83,223.81,6072.71,1,"	475,478" 
2019-04-30T14:00:00Z,"SPXL",2019-04-30T16:00:00Z,Sell,49.427567286,49.465750034,8487,-324.06,84.87,5671,0,"	479,483" 
2019-04-30T15:00:00Z,"TQQQ",2019-04-30T16:30:00Z,Sell,7.824394510625,7.871018099,53615,-2499.72,536.15,7370.98,0,"	480,484" 
2019-04-30T15:30:00Z,"AMD",2019-04-30T16:00:00Z,Sell,27.08,27.43,15571,-5449.85,155.71,6695.53,0,"	481,482" 
2019-04-30T18:00:00Z,"NVDA",2019-04-30T18:30:00Z,Buy,4.5072054216,4.5027384192,71179,-317.96,711.79,1077.52,0,"	485,486" 
2019-05-01T14:00:00Z,"TSLA",2019-05-01T17:30:00Z,Sell,15.7779984222,15.6293317704,12513,1860.27,125.13,2510.94,1,"	487,488" 
2019-05-01T18:30:00Z,"TQQQ",2019-05-01T19:00:00Z,Buy,8.092181274625,8.006106957625,51408,-4424.91,514.08,7313.39,0,"	489,490" 
2019-05-01T19:30:00Z,"AMD",2019-05-01T19:59:00Z,Sell,27.06,26.81,12873,3218.25,128.73,2188.41,1,"	491,493" 
2019-05-01T19:30:00Z,"SPXL",2019-05-01T19:59:00Z,Sell,49.589843965,48.87391744,8348,5976.55,83.48,956.25,1,"	492,494" 
2019-05-02T14:00:00Z,"TQQQ",2019-05-02T14:30:00Z,Buy,7.85428142625,7.8662361925,53166,635.59,531.66,3177.94,1,"	496,498" 
2019-05-02T14:00:00Z,"AMD",2019-05-02T15:30:00Z,Buy,27.71,27.9,15079,2865.01,150.79,10706.09,1,"	495,501" 
2019-05-02T14:30:00Z,"SPXL",2019-05-02T15:00:00Z,Buy,49.074376867,48.702095074,8579,-3193.81,85.79,4012.73,0,"	499,500" 
2019-05-02T14:30:00Z,"NVDA",2019-05-02T15:30:00Z,Buy,4.5744586244,4.5109279236,68535,-4354.08,685.35,4983.38,0,"	497,502" 
2019-05-03T14:00:00Z,"TSLA",2019-05-03T19:59:00Z,Buy,16.4806650186,16.9999983,13031,6767.43,130.31,3066.63,1,"	503,507" 
2019-05-03T14:30:00Z,"TQQQ",2019-05-03T19:59:00Z,Buy,7.957092416,8.087399368125,52462,6836.16,524.62,3198.57,1,"	504,508" 
2019-05-03T15:00:00Z,"SPXL",2019-05-03T15:30:00Z,Buy,49.551661217,49.503932782,8458,-403.69,84.58,1937.7,0,"	505,506" 
2019-05-07T14:00:00Z,"TSLA",2019-05-07T14:30:00Z,Sell,16.7739983226,16.7573316576,17938,298.97,179.38,1435.04,1,"	509,510" 
2019-05-07T15:00:00Z,"NVDA",2019-05-07T19:59:00Z,Sell,4.33671483,4.2885704708,96895,4664.95,968.95,4063.79,1,"	511,516" 
2019-05-07T15:00:00Z,"TQQQ",2019-05-07T19:59:00Z,Sell,7.499224868625,7.441841990625,42600,2444.51,426,8301.15,1,"	512,517" 
2019-05-07T15:00:00Z,"SPXL",2019-05-07T19:59:00Z,Sell,47.069782597,46.745229239,8922,2895.67,89.22,9283.16,1,"	513,518" 
2019-05-07T18:00:00Z,"AMD",2019-05-07T19:59:00Z,Sell,26.33,26.63,10266,-3079.8,102.66,4209.06,0,"	514,515" 
2019-05-08T14:00:00Z,"AMD",2019-05-08T17:30:00Z,Buy,27.12,27.25,12741,1656.33,127.41,5606.04,1,"	519,521" 
2019-05-08T14:00:00Z,"NVDA",2019-05-08T17:30:00Z,Buy,4.3496195036,4.3456488348,97124,-385.65,971.24,4796.49,0,"	520,522" 
2019-05-09T14:00:00Z,"NVDA",2019-05-09T16:00:00Z,Sell,4.1625017364,4.1843404148,101475,-2216.08,1014.75,7982.92,0,"	523,526" 
2019-05-09T14:00:00Z,"TQQQ",2019-05-09T16:00:00Z,Sell,7.09395829275,7.1106949655,46757,-782.56,467.57,6931.22,0,"	524,527" 
2019-05-09T14:30:00Z,"SPXL",2019-05-09T16:00:00Z,Sell,44.711997908,45.122462449,9525,-3909.67,95.25,6091.82,0,"	525,528" 
2019-05-10T14:30:00Z,"TQQQ",2019-05-10T16:30:00Z,Sell,7.0533120875,7.05570304075,38048,-90.97,380.48,7914.48,0,"	529,532" 
2019-05-10T14:30:00Z,"SPXL",2019-05-10T16:30:00Z,Sell,44.998368518,45.284739128,8057,-2307.29,80.57,9767.52,0,"	530,533" 
2019-05-10T15:30:00Z,"NVDA",2019-05-10T17:30:00Z,Sell,4.1074087068,4.1714357412,103117,-6602.28,1031.17,10491.99,0,"	531,534" 
2019-05-10T19:30:00Z,"AMD",2019-05-10T19:59:00Z,Buy,28.06,27.93,14794,-1923.22,147.94,3698.5,0,"	535,536" 
2019-05-13T14:00:00Z,"AMD",2019-05-13T15:00:00Z,Sell,26.3,26.63,11348,-3744.84,113.48,6468.36,0,"	538,540" 
2019-05-13T14:00:00Z,"TSLA",2019-05-13T18:30:00Z,Sell,15.2253318108,15.183331815,27205,1142.61,272.05,8306.59,1,"	537,545" 
2019-05-13T14:30:00Z,"TQQQ",2019-05-13T15:00:00Z,Sell,6.6420681285,6.67315052075,49738,-1545.98,497.38,5232.53,0,"	539,541" 
2019-05-13T16:30:00Z,"SPXL",2019-05-13T18:00:00Z,Sell,43.222870736,43.423330163,7809,-1565.39,78.09,4472.54,0,"	543,544" 
2019-05-13T16:30:00Z,"NVDA",2019-05-13T19:59:00Z,Sell,3.9763766364,3.9319547792,103973,4618.67,1039.73,4412.25,1,"	542,546" 
2019-05-14T14:30:00Z,"TSLA",2019-05-14T15:00:00Z,Buy,15.476665119,15.4026651264,26690,-1975.06,266.9,2348.72,0,"	547,550" 
2019-05-14T14:30:00Z,"TQQQ",2019-05-14T15:00:00Z,Buy,6.74009721175,6.731728875375,41043,-343.46,410.43,1668.24,0,"	548,551" 
2019-05-14T14:30:00Z,"SPXL",2019-05-14T15:00:00Z,Buy,44.48290142,44.444718672,7720,-294.77,77.2,1621.24,0,"	549,552" 
2019-05-14T16:00:00Z,"AMD",2019-05-14T16:30:00Z,Buy,26.96,26.88,12373,-989.84,123.73,1608.49,0,"	553,554" 
2019-05-14T17:30:00Z,"NVDA",2019-05-14T19:00:00Z,Buy,4.0418926716,4.0354403348,101726,-656.37,1017.26,2675.97,0,"	555,556" 
2019-05-15T14:30:00Z,"TQQQ",2019-05-15T19:59:00Z,Buy,6.918223228875,7.03657541475,41904,4959.43,419.04,3707.05,1,"	557,559" 
2019-05-15T16:00:00Z,"SPXL",2019-05-15T19:59:00Z,Buy,45.275193441,45.217919319,8563,-490.44,85.63,3024.37,0,"	558,560" 
2019-05-16T14:00:00Z,"TSLA",2019-05-16T14:30:00Z,Sell,15.16666515,15.1993318134,27163,-887.32,271.63,2390.34,0,"	561,564" 
2019-05-16T14:00:00Z,"TQQQ",2019-05-16T19:30:00Z,Buy,7.221874291625,7.276866216375,36026,1981.14,360.26,4909.78,1,"	562,567" 
2019-05-16T14:00:00Z,"SPXL",2019-05-16T19:30:00Z,Buy,46.449312942,46.592498247,8058,1153.79,80.58,5845.86,1,"	563,568" 
2019-05-16T15:00:00Z,"AMD",2019-05-16T17:00:00Z,Buy,28.23,28.01,13512,-2972.64,135.12,5539.92,0,"	565,566" 
2019-05-17T14:00:00Z,"TSLA",2019-05-17T15:00:00Z,Sell,14.549998545,14.6306652036,28273,-2280.69,282.73,5503.81,0,"	569,571" 
2019-05-17T14:00:00Z,"NVDA",2019-05-17T15:30:00Z,Buy,4.0319659996,3.9974708144,102023,-3519.3,1020.23,7418.39,0,"	570,572" 
2019-05-20T14:30:00Z,"TSLA",2019-05-20T15:00:00Z,Sell,13.2446653422,13.469998653,30857,-6953.11,308.57,8228.53,0,"	573,574" 
2019-05-21T18:30:00Z,"NVDA",2019-05-21T19:00:00Z,Buy,3.8572565724,3.8510524024,105183,-652.57,1051.83,1174.63,0,"	575,576" 
2019-05-22T16:30:00Z,"TSLA",2019-05-22T19:59:00Z,Sell,13.039998696,12.849998715,26923,5115.37,269.23,4774.34,1,"	577,580" 
2019-05-22T17:00:00Z,"NVDA",2019-05-22T19:00:00Z,Sell,3.7763541956,3.7929813712,107271,-1783.61,1072.71,3088.05,0,"	578,579" 
2019-05-23T14:00:00Z,"TSLA",2019-05-23T14:30:00Z,Buy,13.109998689,12.9999987,26042,-2864.62,260.42,8767.47,0,"	581,585" 
2019-05-23T14:00:00Z,"NVDA",2019-05-23T14:30:00Z,Sell,3.6500372944,3.6535116296,111085,-385.95,1110.85,2536.22,0,"	583,586" 
2019-05-23T14:00:00Z,"SPXL",2019-05-23T14:30:00Z,Sell,43.661972338,43.776520582,9284,-1063.47,92.84,3013.15,0,"	584,587" 
2019-05-23T14:00:00Z,"AMD",2019-05-23T19:30:00Z,Sell,26.46,26.37,15333,1379.97,153.33,4906.56,1,"	582,589" 
2019-05-23T16:00:00Z,"TQQQ",2019-05-23T19:30:00Z,Sell,6.416123046375,6.485460690625,45235,-3136.49,452.35,6597.44,0,"	588,590" 
2019-05-24T14:30:00Z,"TSLA",2019-05-24T19:30:00Z,Sell,12.839998716,12.73333206,22367,2385.81,223.67,4055.88,1,"	591,593" 
2019-05-24T17:30:00Z,"NVDA",2019-05-24T19:59:00Z,Sell,3.6143012752,3.5994112672,111864,1665.66,1118.64,2026.55,1,"	592,594" 
2019-05-28T14:00:00Z,"TQQQ",2019-05-28T14:30:00Z,Buy,6.589467157,6.52969332575,47778,-2855.87,477.78,3883.99,0,"	596,598" 
2019-05-28T14:00:00Z,"SPXL",2019-05-28T14:30:00Z,Buy,44.530629855,44.244259245,9067,-2596.52,90.67,3115.83,0,"	597,599" 
2019-05-28T14:00:00Z,"AMD",2019-05-28T19:59:00Z,Buy,28.25,29.11,14293,12291.98,142.93,9576.31,1,"	595,601" 
2019-05-28T19:30:00Z,"NVDA",2019-05-28T19:59:00Z,Sell,3.5634270812,3.5606972464,113803,310.66,1138.03,1129.69,1,"	600,602" 
2019-05-29T14:00:00Z,"AMD",2019-05-29T14:30:00Z,Sell,28.49,28.79,7800,-2340,78,3900,0,"	603,605" 
2019-05-29T14:30:00Z,"TSLA",2019-05-29T15:00:00Z,Buy,12.7573320576,12.639998736,30857,-3620.55,308.57,3764.55,0,"	604,606" 
2019-05-29T15:30:00Z,"TQQQ",2019-05-29T16:30:00Z,Sell,6.196155347375,6.206914637,64737,-696.52,647.37,4953.06,0,"	607,611" 
2019-05-29T15:30:00Z,"SPXL",2019-05-29T17:30:00Z,Sell,41.676469442,41.896020243,9675,-2124.15,96.75,7573.07,0,"	608,612" 
2019-05-29T16:00:00Z,"NVDA",2019-05-29T16:30:00Z,Sell,3.4626713604,3.4802912032,117074,-2062.83,1170.74,2179.04,0,"	609,610" 
2019-05-30T14:00:00Z,"TQQQ",2019-05-30T14:30:00Z,Buy,6.3360261125,6.322875869625,58802,-773.26,588.02,2249.49,0,"	613,614" 
2019-05-30T14:30:00Z,"SPXL",2019-05-30T15:00:00Z,Buy,42.545126959,42.249210662,9406,-2783.39,94.06,4758.7,0,"	615,616" 
2019-05-30T18:30:00Z,"NVDA",2019-05-30T19:00:00Z,Sell,3.42910793515,3.439791288375,116273,-1242.19,1162.73,2339.93,0,"	617,618" 
2019-06-03T14:00:00Z,"NVDA",2019-06-03T14:30:00Z,Buy,3.4017784269,3.3848838218,116924,-1975.38,1169.24,3050.23,0,"	621,624" 
2019-06-03T14:00:00Z,"SPXL",2019-06-03T14:30:00Z,Sell,40.206433644,40.865086047,7192,-4737.03,71.92,6247.38,0,"	623,625" 
2019-06-03T14:00:00Z,"TSLA",2019-06-03T15:00:00Z,Sell,12.0919987908,12.2593321074,32912,-5507.27,329.12,6889.58,0,"	619,626" 
2019-06-03T14:00:00Z,"AMD",2019-06-03T15:00:00Z,Buy,29.21,29.11,3899,-389.9,38.99,2456.37,0,"	620,627" 
2019-06-03T14:00:00Z,"TQQQ",2019-06-03T15:00:00Z,Sell,5.794475201375,5.890113331375,44172,-4224.53,441.72,6706.44,0,"	622,628" 
2019-06-04T14:00:00Z,"TSLA",2019-06-04T19:59:00Z,Buy,12.3293321004,12.9153320418,31678,18563.31,316.78,4477.16,1,"	629,635" 
2019-06-04T14:30:00Z,"NVDA",2019-06-04T19:59:00Z,Buy,3.459667294375,3.554575223025,113122,10736.17,1131.22,2866.73,1,"	630,636" 
2019-06-04T14:30:00Z,"TQQQ",2019-06-04T19:59:00Z,Buy,5.868594752125,6.0778031615,35700,7468.74,357,2219.28,1,"	631,637" 
2019-06-04T14:30:00Z,"SPXL",2019-06-04T19:59:00Z,Buy,41.71465219,42.831497569,8334,9307.79,83.34,2227.51,1,"	632,638" 
2019-06-04T17:30:00Z,"AMD",2019-06-04T18:00:00Z,Buy,29.22,29.28,4263,255.78,42.63,596.82,1,"	633,634" 
2019-06-05T14:30:00Z,"NVDA",2019-06-05T19:30:00Z,Sell,3.50264915735,3.491468903975,116464,1302.1,1164.64,4485,1,"	639,640" 
2019-06-06T14:30:00Z,"AMD",2019-06-06T19:59:00Z,Buy,30.92,31.85,13207,12282.51,132.07,5811.08,1,"	641,645" 
2019-06-06T15:30:00Z,"TSLA",2019-06-06T16:30:00Z,Buy,14.0186652648,13.826665284,27366,-5254.27,273.66,6622.57,0,"	642,643" 
2019-06-06T19:30:00Z,"SPXL",2019-06-06T19:59:00Z,Buy,44.8647289,44.711997908,9167,-1400.09,91.67,3675.22,0,"	644,646" 
2019-06-07T14:00:00Z,"TSLA",2019-06-07T15:30:00Z,Buy,13.9453319388,13.8113319522,28089,-3763.93,280.89,6797.54,0,"	647,651" 
2019-06-07T14:00:00Z,"TQQQ",2019-06-07T19:59:00Z,Buy,6.59664001675,6.729337922125,47036,6241.58,470.36,3992.36,1,"	648,653" 
2019-06-07T14:00:00Z,"SPXL",2019-06-07T19:59:00Z,Buy,45.828843287,46.124759584,8946,2647.27,89.46,5294.53,1,"	649,654" 
2019-06-07T15:00:00Z,"NVDA",2019-06-07T15:30:00Z,Buy,3.6422780995,3.613706340875,114596,-3274.21,1145.96,3416.57,0,"	650,652" 
2019-06-10T14:00:00Z,"TSLA",2019-06-10T14:30:00Z,Buy,14.283331905,14.236665243,23669,-1104.55,236.69,2366.9,0,"	655,657" 
2019-06-10T14:00:00Z,"TQQQ",2019-06-10T17:00:00Z,Buy,6.972019677,7.0341844615,39871,2478.57,398.71,4718.82,1,"	656,664" 
2019-06-10T15:30:00Z,"AMD",2019-06-10T16:30:00Z,Buy,34.16,34.02,11804,-1652.56,118.04,3541.2,0,"	658,661" 
2019-06-10T16:00:00Z,"NVDA",2019-06-10T16:30:00Z,Buy,3.748366281525,3.734453077325,109815,-1527.88,1098.15,2591.94,0,"	659,662" 
2019-06-10T16:00:00Z,"SPXL",2019-06-10T16:30:00Z,Buy,47.566158321,47.289333398,8651,-2394.81,86.51,2559.97,0,"	660,663" 
2019-06-11T14:00:00Z,"AMD",2019-06-11T14:30:00Z,Sell,32.85,32.87,9678,-193.56,96.78,2225.94,0,"	665,666" 
2019-06-12T14:30:00Z,"TSLA",2019-06-12T15:00:00Z,Sell,14.1719985828,14.1659985834,23236,139.42,232.36,4136.01,1,"	667,669" 
2019-06-12T14:30:00Z,"NVDA",2019-06-12T15:30:00Z,Sell,3.64575640055,3.653955253025,111729,-916.05,1117.29,2387.28,0,"	668,670" 
2019-06-13T14:00:00Z,"TSLA",2019-06-13T14:30:00Z,Buy,14.2659985734,14.2239985776,19785,-830.97,197.85,4062.52,0,"	671,673" 
2019-06-13T14:00:00Z,"NVDA",2019-06-13T14:30:00Z,Buy,3.6979309163,3.675818859625,109961,-2431.46,1099.61,3606.22,0,"	672,674" 
2019-06-13T15:00:00Z,"AMD",2019-06-13T15:30:00Z,Sell,31.62,31.53,7862,707.58,78.62,1100.68,1,"	675,676" 
2019-06-14T14:00:00Z,"NVDA",2019-06-14T14:30:00Z,Sell,3.554575223025,3.57420277895,113902,-2235.62,1139.02,2716.7,0,"	678,680" 
2019-06-14T14:00:00Z,"SPXL",2019-06-14T14:30:00Z,Sell,46.48749569,46.58295256,8714,-831.81,87.14,1663.62,0,"	679,681" 
2019-06-14T14:00:00Z,"AMD",2019-06-14T16:30:00Z,Sell,30.37,30.2,12150,2065.5,121.5,4131,1,"	677,682" 
2019-06-17T14:00:00Z,"TQQQ",2019-06-17T15:30:00Z,Buy,7.0437482745,7.02701160175,47879,-801.34,478.79,2518.48,0,"	684,688" 
2019-06-17T14:00:00Z,"TSLA",2019-06-17T19:59:00Z,Buy,14.6426652024,14.9979985002,17457,6203.05,174.57,4084.94,1,"	683,691" 
2019-06-17T14:30:00Z,"SPXL",2019-06-17T15:00:00Z,Buy,47.136602406,47.165239467,8583,245.79,85.83,1392.82,1,"	685,687" 
2019-06-17T15:00:00Z,"NVDA",2019-06-17T16:00:00Z,Buy,3.628613345375,3.622650543575,84657,-504.79,846.57,1598.51,0,"	686,690" 
2019-06-17T16:00:00Z,"AMD",2019-06-17T19:59:00Z,Sell,29.42,29.19,10841,2493.43,108.41,3143.89,1,"	689,692" 
2019-06-18T14:00:00Z,"TSLA",2019-06-18T14:30:00Z,Buy,15.5206651146,15.4746651192,11723,-539.26,117.23,1985.09,0,"	693,698" 
2019-06-18T14:00:00Z,"TQQQ",2019-06-18T16:00:00Z,Buy,7.396413878875,7.3497902905,46357,-2161.33,463.57,5431.03,0,"	696,699" 
2019-06-18T14:00:00Z,"SPXL",2019-06-18T16:00:00Z,Buy,48.49208996,48.272539159,8374,-1838.52,83.74,4796.13,0,"	697,700" 
2019-06-18T14:00:00Z,"AMD",2019-06-18T16:30:00Z,Buy,30.45,30.33,13358,-1602.96,133.58,8682.7,0,"	694,701" 
2019-06-18T14:00:00Z,"NVDA",2019-06-18T19:59:00Z,Buy,3.775695789775,3.79383264525,68486,1242.12,684.86,4253.84,1,"	695,702" 
2019-06-19T19:30:00Z,"SPXL",2019-06-19T19:59:00Z,Buy,48.749823509,48.759369196,8288,79.11,82.88,1740.52,1,"	703,704" 
2019-06-20T15:30:00Z,"TSLA",2019-06-20T17:00:00Z,Sell,14.579998542,14.673331866,27707,-2585.99,277.07,4470.06,0,"	705,706" 
2019-06-25T14:00:00Z,"TQQQ",2019-06-25T19:59:00Z,Sell,7.48607462575,7.1872054695,53806,16080.95,538.06,5531.85,1,"	707,713" 
2019-06-25T14:00:00Z,"SPXL",2019-06-25T19:59:00Z,Sell,49.275942789,48.210361326,8172,8707.93,81.72,3922.49,1,"	708,714" 
2019-06-25T14:30:00Z,"NVDA",2019-06-25T15:00:00Z,Buy,3.85644206415,3.841783509725,82389,-1207.7,823.89,1576.16,0,"	709,711" 
2019-06-25T15:00:00Z,"TSLA",2019-06-25T18:00:00Z,Sell,14.6666652,14.8286651838,27640,-4477.68,276.4,4661.95,0,"	710,712" 
2019-06-26T14:00:00Z,"NVDA",2019-06-26T14:30:00Z,Buy,3.994331855775,3.965263197,102583,-2981.95,1025.83,3772.04,0,"	716,718" 
2019-06-26T14:00:00Z,"TQQQ",2019-06-26T14:30:00Z,Buy,7.420323411375,7.370113393125,30073,-1509.97,300.73,2049.24,0,"	717,719" 
2019-06-26T14:00:00Z,"TSLA",2019-06-26T15:00:00Z,Buy,15.0153318318,14.9346651732,23991,-1935.27,239.91,4830.19,0,"	715,720" 
2019-06-27T14:00:00Z,"AMD",2019-06-27T14:30:00Z,Buy,30.91,30.65,11666,-3033.16,116.66,4199.76,0,"	721,723" 
2019-06-27T14:00:00Z,"SPXL",2019-06-27T14:30:00Z,Buy,48.623154145,48.527155815,8354,-801.97,83.54,1684.14,0,"	722,724" 
2019-06-27T19:30:00Z,"TSLA",2019-06-27T19:59:00Z,Buy,14.8173318516,14.8506651816,27340,911.33,273.4,820.2,1,"	725,726" 
2019-06-28T15:30:00Z,"AMD",2019-06-28T16:00:00Z,Sell,30.48,30.66,9305,-1674.9,93.05,1861,0,"	727,728" 
2019-06-28T16:30:00Z,"SPXL",2019-06-28T17:00:00Z,Buy,49.218343791,49.189544292,8222,-236.79,82.22,473.58,0,"	729,730" 
2019-07-02T15:00:00Z,"TSLA",2019-07-02T19:59:00Z,Sell,14.926665174,14.9559985044,27096,-794.82,270.96,4823.09,0,"	731,733" 
2019-07-02T17:00:00Z,"NVDA",2019-07-02T19:59:00Z,Sell,4.047997071975,4.03135091695,95476,1589.31,954.76,1352.1,1,"	732,734" 
2019-07-03T14:30:00Z,"AMD",2019-07-03T15:00:00Z,Sell,30.93,31.04,9274,-1020.14,92.74,1298.36,0,"	735,736" 
2019-07-03T15:00:00Z,"TQQQ",2019-07-03T16:59:00Z,Buy,7.8949276315,7.927205500375,51148,1650.95,511.48,2078.97,1,"	737,739" 
2019-07-03T15:00:00Z,"SPXL",2019-07-03T16:59:00Z,Buy,51.656701373,51.983095695,7818,2551.75,78.18,1501.03,1,"	738,740" 
2019-07-05T14:00:00Z,"TQQQ",2019-07-05T15:00:00Z,Sell,7.719192567625,7.72516995075,50410,-301.32,504.1,2711.88,0,"	742,745" 
2019-07-05T14:00:00Z,"TSLA",2019-07-05T15:30:00Z,Sell,15.4613317872,15.5386651128,16354,-1264.71,163.54,2322.27,0,"	741,746" 
2019-07-05T14:00:00Z,"SPXL",2019-07-05T15:30:00Z,Sell,50.984713063,51.157510057,7947,-1373.22,79.47,4043.36,0,"	743,748" 
2019-07-05T14:30:00Z,"NVDA",2019-07-05T15:30:00Z,Sell,3.9364429883,3.948120141825,76904,-898.02,769.04,2082.64,0,"	744,747" 
2019-07-08T14:00:00Z,"TQQQ",2019-07-08T14:30:00Z,Sell,7.635509203875,7.683328268875,46753,-2235.68,467.53,3353.53,0,"	749,751" 
2019-07-08T14:00:00Z,"SPXL",2019-07-08T14:30:00Z,Sell,50.917514232,51.061511727,7916,-1139.88,79.16,2963.7,0,"	750,752" 
2019-07-09T14:00:00Z,"AMD",2019-07-09T19:59:00Z,Buy,32.22,33.15,12467,11594.31,124.67,3615.43,1,"	753,756" 
2019-07-09T16:00:00Z,"TQQQ",2019-07-09T17:00:00Z,Buy,7.790921165125,7.802875931375,37281,445.69,372.81,802.23,1,"	754,755" 
2019-07-10T14:00:00Z,"TSLA",2019-07-10T14:30:00Z,Buy,15.739998426,15.6006651066,16333,-2275.73,163.33,2515.28,0,"	757,762" 
2019-07-10T14:00:00Z,"AMD",2019-07-10T14:30:00Z,Buy,33.87,33.56,11992,-3717.52,119.92,5036.64,0,"	758,763" 
2019-07-10T14:00:00Z,"NVDA",2019-07-10T14:30:00Z,Buy,4.022158264175,3.9761950003,100981,-4641.42,1009.81,4641.42,0,"	759,764" 
2019-07-10T14:00:00Z,"TQQQ",2019-07-10T14:30:00Z,Buy,8.125654620125,8.025234583625,43880,-4406.43,438.8,4511.35,0,"	760,765" 
2019-07-10T14:00:00Z,"SPXL",2019-07-10T14:30:00Z,Buy,52.386288681,51.973495862,7747,-3197.91,77.47,3197.91,0,"	761,766" 
2019-07-11T14:30:00Z,"AMD",2019-07-11T15:00:00Z,Sell,33.41,33.48,11921,-834.47,119.21,2622.62,0,"	767,769" 
2019-07-11T14:30:00Z,"NVDA",2019-07-11T18:30:00Z,Buy,4.09495413615,4.111103391025,97241,1570.37,972.41,6184.84,1,"	768,770" 
2019-07-12T14:00:00Z,"NVDA",2019-07-12T14:30:00Z,Buy,4.217440023125,4.1918496654,69434,-1776.84,694.34,2949.9,0,"	772,773" 
2019-07-12T14:00:00Z,"TSLA",2019-07-12T15:00:00Z,Buy,16.2226650444,16.126665054,21480,-2062.08,214.8,2935.6,0,"	771,774" 
2019-07-12T17:00:00Z,"TQQQ",2019-07-12T17:30:00Z,Buy,8.163909872125,8.154346059125,43571,-416.7,435.71,1041.76,0,"	775,776" 
2019-07-15T14:30:00Z,"AMD",2019-07-15T19:59:00Z,Buy,33.74,34.39,9955,6470.75,99.55,2986.5,1,"	777,780" 
2019-07-15T19:00:00Z,"TSLA",2019-07-15T19:59:00Z,Buy,16.7219983278,16.8759983124,19842,3055.67,198.42,1640.27,1,"	778,779" 
2019-07-16T16:00:00Z,"SPXL",2019-07-16T17:30:00Z,Sell,52.664683838,52.70308317,7589,-291.41,75.89,3059.83,0,"	781,784" 
2019-07-16T16:30:00Z,"TQQQ",2019-07-16T17:30:00Z,Sell,8.104136040875,8.16988725525,49358,-3245.35,493.58,4130.44,0,"	782,783" 
2019-07-17T14:30:00Z,"TSLA",2019-07-17T15:00:00Z,Buy,17.1493316184,17.0186649648,18538,-2422.3,185.38,3596.37,0,"	785,789" 
2019-07-17T14:30:00Z,"NVDA",2019-07-17T15:00:00Z,Buy,4.18737756405,4.18638376375,91300,-90.73,913,657.82,0,"	786,790" 
2019-07-17T14:30:00Z,"TQQQ",2019-07-17T16:00:00Z,Sell,8.1148953305,8.118481760375,46851,-168.03,468.51,3248.54,0,"	787,791" 
2019-07-17T14:30:00Z,"SPXL",2019-07-17T16:00:00Z,Sell,52.117493357,52.155892689,7627,-292.87,76.27,3441.24,0,"	788,792" 
2019-07-18T14:30:00Z,"TSLA",2019-07-18T16:00:00Z,Sell,16.806664986,16.886664978,21970,-1757.6,219.7,2753.57,0,"	793,795" 
2019-07-18T15:30:00Z,"AMD",2019-07-18T16:00:00Z,Sell,32.55,32.73,8583,-1544.94,85.83,2231.58,0,"	794,796" 
2019-07-18T16:00:00Z,"TQQQ",2019-07-18T16:30:00Z,Sell,7.833958323625,7.88297286525,50371,-2468.91,503.71,2709.78,0,"	797,798" 
2019-07-18T19:00:00Z,"SPXL",2019-07-18T19:59:00Z,Buy,52.03109486,51.925496697,7564,-798.74,75.64,3267.59,0,"	799,800" 
2019-07-19T17:00:00Z,"TSLA",2019-07-19T19:59:00Z,Buy,17.196664947,17.2279982772,16602,520.2,166.02,2091.85,1,"	801,804" 
2019-07-19T18:30:00Z,"TQQQ",2019-07-19T19:59:00Z,Sell,7.939160266625,7.85428142625,46054,3909.01,460.54,2422.49,1,"	802,805" 
2019-07-19T19:30:00Z,"SPXL",2019-07-19T19:59:00Z,Sell,51.407105715,51.138310391,7397,1988.28,73.97,1278.18,1,"	803,806" 
2019-07-22T14:00:00Z,"TSLA",2019-07-22T14:30:00Z,Buy,17.4293315904,17.259998274,18988,-3215.3,189.88,3734.31,0,"	807,812" 
2019-07-22T14:00:00Z,"SPXL",2019-07-22T14:30:00Z,Buy,51.541503377,51.311107385,7665,-1765.99,76.65,2575.4,0,"	811,813" 
2019-07-22T14:00:00Z,"NVDA",2019-07-22T15:00:00Z,Buy,4.25495598445,4.2385582795,92870,-1522.85,928.7,1915.11,0,"	809,814" 
2019-07-22T14:00:00Z,"TQQQ",2019-07-22T15:00:00Z,Buy,8.03360292,7.97861099525,49156,-2703.18,491.56,3702.19,0,"	810,815" 
2019-07-22T14:00:00Z,"AMD",2019-07-22T15:30:00Z,Buy,33.06,33.05,7381,-73.81,73.81,2066.68,0,"	808,816" 
2019-07-23T15:00:00Z,"TSLA",2019-07-23T15:30:00Z,Buy,17.1979982802,17.1819982818,22741,-363.86,227.41,1485.75,0,"	817,818" 
2019-07-23T15:30:00Z,"NVDA",2019-07-23T16:00:00Z,Buy,4.33048480725,4.3061366999,90210,-2196.44,902.1,2465.39,0,"	819,820" 
2019-07-24T14:00:00Z,"AMD",2019-07-24T19:59:00Z,Buy,33.85,34.09,11272,2705.28,112.72,3494.32,1,"	821,825" 
2019-07-24T17:00:00Z,"TSLA",2019-07-24T18:00:00Z,Buy,17.4993315834,17.4459982554,22384,-1193.81,223.84,2193.63,0,"	822,823" 
2019-07-24T19:00:00Z,"TQQQ",2019-07-24T19:59:00Z,Buy,8.326494693125,8.358772562,35857,1157.39,358.57,514.39,1,"	824,826" 
2019-07-25T14:00:00Z,"TSLA",2019-07-25T14:30:00Z,Sell,15.2459984754,15.3333318,25595,-2235.3,255.95,6501.13,0,"	827,831" 
2019-07-25T14:00:00Z,"SPXL",2019-07-25T14:30:00Z,Sell,52.51108651,52.70308317,7424,-1425.38,74.24,1924.27,0,"	830,832" 
2019-07-25T14:00:00Z,"TQQQ",2019-07-25T15:00:00Z,Sell,8.17945106825,8.22248822675,38075,-1638.64,380.75,4142.12,0,"	829,833" 
2019-07-25T14:00:00Z,"NVDA",2019-07-25T19:59:00Z,Sell,4.3468825122,4.298931647725,89726,4302.44,897.26,2719.68,1,"	828,836" 
2019-07-25T18:00:00Z,"AMD",2019-07-25T19:30:00Z,Sell,33.77,33.79,10104,-202.08,101.04,1313.52,0,"	834,835" 
2019-07-26T14:00:00Z,"TSLA",2019-07-26T15:00:00Z,Sell,14.896665177,14.9719985028,9199,-692.99,91.99,1385.98,0,"	837,839" 
2019-07-26T14:30:00Z,"NVDA",2019-07-26T18:00:00Z,Buy,4.368497668725,4.3657647179,89060,-243.4,890.6,2942.89,0,"	838,841" 
2019-07-26T15:30:00Z,"SPXL",2019-07-26T19:59:00Z,Buy,53.250273651,53.547868474,7301,2172.74,73.01,770.97,1,"	840,842" 
2019-07-29T14:00:00Z,"NVDA",2019-07-29T15:30:00Z,Sell,4.30563979975,4.31060880125,84081,-417.8,840.81,4512.23,0,"	844,847" 
2019-07-29T14:00:00Z,"TQQQ",2019-07-29T15:30:00Z,Sell,8.194992264375,8.240420376125,40584,-1843.65,405.84,4026.93,0,"	845,848" 
2019-07-29T14:00:00Z,"SPXL",2019-07-29T15:30:00Z,Sell,53.048677158,53.27907315,7331,-1689.03,73.31,2674.3,0,"	846,849" 
2019-07-29T14:00:00Z,"AMD",2019-07-29T18:00:00Z,Sell,33.43,33.39,11640,465.6,116.4,4423.2,1,"	843,851" 
2019-07-29T16:30:00Z,"TSLA",2019-07-29T19:59:00Z,Buy,15.3993317934,15.7159984284,7861,2489.32,78.61,1278.72,1,"	850,852" 
2019-07-30T14:30:00Z,"TSLA",2019-07-30T19:59:00Z,Buy,15.8659984134,16.1359983864,7921,2138.67,79.21,770.98,1,"	853,854" 
2019-07-31T14:00:00Z,"AMD",2019-07-31T15:00:00Z,Sell,31.1,31.42,12506,-4001.92,125.06,9379.5,0,"	855,857" 
2019-07-31T14:30:00Z,"NVDA",2019-07-31T19:59:00Z,Sell,4.28278239285,4.193588815925,90825,8101.01,908.25,6814.77,1,"	856,861" 
2019-07-31T19:00:00Z,"SPXL",2019-07-31T19:30:00Z,Sell,51.157510057,51.915896864,7649,-5800.9,76.49,8150.63,0,"	859,860" 
2019-07-31T19:00:00Z,"TQQQ",2019-07-31T19:59:00Z,Sell,7.881777388625,7.879386435375,41531,99.3,415.31,7794.95,1,"	858,862" 
2019-08-01T14:00:00Z,"AMD",2019-08-01T17:30:00Z,Buy,31.25,31.1,7866,-1179.9,78.66,2989.08,0,"	863,867" 
2019-08-01T14:00:00Z,"NVDA",2019-08-01T17:30:00Z,Buy,4.247254032125,4.2306078771,91286,-1519.56,912.86,5601.96,0,"	864,868" 
2019-08-01T14:00:00Z,"TQQQ",2019-08-01T17:30:00Z,Buy,8.06946721875,8.07424912525,48030,229.67,480.3,11656,1,"	865,869" 
2019-08-01T14:00:00Z,"SPXL",2019-08-01T17:30:00Z,Buy,51.74309987,51.483904379,7490,-1941.37,74.9,10210.19,0,"	866,870" 
2019-08-01T18:00:00Z,"TSLA",2019-08-01T19:59:00Z,Sell,15.7586650908,15.5913317742,10350,1731.9,103.5,1938.9,1,"	871,872" 
2019-08-02T14:00:00Z,"SPXL",2019-08-02T16:30:00Z,Sell,48.738352141,48.719152475,7920,152.06,79.2,7679.1,1,"	873,878" 
2019-08-02T14:30:00Z,"TQQQ",2019-08-02T16:30:00Z,Sell,7.391631972375,7.410759598375,52097,-996.49,520.97,8034.22,0,"	874,877" 
2019-08-02T15:00:00Z,"NVDA",2019-08-02T15:30:00Z,Sell,3.9632755964,3.992344255175,98756,-2870.7,987.56,3361.42,0,"	875,876" 
2019-08-05T14:00:00Z,"TSLA",2019-08-05T16:00:00Z,Sell,15.216665145,15.16666515,18776,938.8,187.76,3367.16,1,"	879,883" 
2019-08-05T14:00:00Z,"NVDA",2019-08-05T19:59:00Z,Sell,3.793584195175,3.745384880625,101161,4875.89,1011.61,5504.23,1,"	880,884" 
2019-08-05T14:00:00Z,"SPXL",2019-08-05T19:59:00Z,Sell,45.954400571,44.380027959,8349,13144.44,83.49,12102.5,1,"	881,886" 
2019-08-05T15:30:00Z,"TQQQ",2019-08-05T19:59:00Z,Sell,6.760420314375,6.612181212875,57171,8474.98,571.71,12302.39,1,"	882,885" 
2019-08-08T14:00:00Z,"AMD",2019-08-08T19:59:00Z,Buy,32.53,33.93,12121,16969.4,121.21,10302.85,1,"	887,892" 
2019-08-08T15:30:00Z,"SPXL",2019-08-08T19:59:00Z,Buy,47.80716834,48.661553477,5761,4922.11,57.61,2156.88,1,"	888,894" 
2019-08-08T16:00:00Z,"TSLA",2019-08-08T16:30:00Z,Buy,15.7659984234,15.7319984268,25322,-860.95,253.22,1164.81,0,"	889,891" 
2019-08-08T16:00:00Z,"TQQQ",2019-08-08T19:59:00Z,Buy,7.30914408525,7.415541504875,31712,3374.07,317.12,1440.62,1,"	890,893" 
2019-08-09T14:00:00Z,"NVDA",2019-08-09T17:30:00Z,Sell,3.848243211675,3.837311408375,104796,1145.61,1047.96,5988.41,1,"	895,901" 
2019-08-09T14:30:00Z,"TQQQ",2019-08-09T15:00:00Z,Sell,7.18959642275,7.2254607215,31895,-1143.89,318.95,3202.9,0,"	896,898" 
2019-08-09T14:30:00Z,"SPXL",2019-08-09T15:00:00Z,Sell,47.509573517,47.682370511,5778,-998.42,57.78,2884.33,0,"	897,899" 
2019-08-09T17:30:00Z,"AMD",2019-08-09T18:00:00Z,Buy,35.39,34.73,5545,-3659.7,55.45,4325.1,0,"	900,902" 
2019-08-12T15:30:00Z,"TSLA",2019-08-12T16:00:00Z,Sell,15.349998465,15.4059984594,26132,-1463.39,261.32,3954.64,0,"	903,904" 
2019-08-12T16:00:00Z,"AMD",2019-08-12T17:00:00Z,Sell,33.28,33.22,6250,375,62.5,1562.5,1,"	905,906" 
2019-08-13T14:00:00Z,"AMD",2019-08-13T14:30:00Z,Buy,33.02,32.89,4899,-636.87,48.99,3331.32,0,"	908,912" 
2019-08-13T14:00:00Z,"TQQQ",2019-08-13T15:30:00Z,Buy,7.5028112985,7.35218124375,39031,-5879.24,390.31,9472.11,0,"	910,913" 
2019-08-13T14:00:00Z,"TSLA",2019-08-13T19:59:00Z,Buy,15.539998446,15.649998435,25788,2836.68,257.88,4143.27,1,"	907,914" 
2019-08-13T14:00:00Z,"NVDA",2019-08-13T19:59:00Z,Buy,3.895697176,3.87731187045,102813,-1890.25,1028.13,6028.36,0,"	909,915" 
2019-08-13T14:00:00Z,"SPXL",2019-08-13T19:59:00Z,Buy,48.392758153,48.056763998,6634,-2228.99,66.34,8024.35,0,"	911,916" 
2019-08-14T14:00:00Z,"TSLA",2019-08-14T19:59:00Z,Sell,15.283331805,14.6606652006,25945,16155.09,259.45,4358.76,1,"	917,924" 
2019-08-14T15:00:00Z,"AMD",2019-08-14T18:00:00Z,Sell,30.38,29.9,5755,2762.4,57.55,2647.3,1,"	918,922" 
2019-08-14T16:00:00Z,"NVDA",2019-08-14T19:00:00Z,Sell,3.71432862125,3.730974776275,107972,-1797.32,1079.72,5204.18,0,"	919,923" 
2019-08-14T16:00:00Z,"TQQQ",2019-08-14T19:59:00Z,Sell,6.832148911875,6.774766033875,42904,2461.95,429.04,6770.38,1,"	920,925" 
2019-08-14T16:00:00Z,"SPXL",2019-08-14T19:59:00Z,Sell,44.812020444,44.053633637,7763,5887.36,77.63,7228.78,1,"	921,926" 
2019-08-15T15:00:00Z,"TSLA",2019-08-15T17:30:00Z,Sell,14.3626652304,14.3586652308,28258,113.03,282.58,6989.14,1,"	927,928" 
2019-08-16T14:00:00Z,"TSLA",2019-08-16T15:30:00Z,Buy,14.6693318664,14.6579985342,27692,-313.84,276.92,4301.49,0,"	929,933" 
2019-08-16T14:00:00Z,"AMD",2019-08-16T17:30:00Z,Buy,30.74,31.21,13207,6207.29,132.07,6339.36,1,"	930,936" 
2019-08-16T15:00:00Z,"TQQQ",2019-08-16T15:30:00Z,Buy,7.097544722625,7.04135732125,36224,-2035.33,362.24,2468.38,0,"	931,934" 
2019-08-16T15:00:00Z,"SPXL",2019-08-16T15:30:00Z,Buy,46.242395561,46.011999569,6171,-1421.77,61.71,2073.42,0,"	932,935" 
2019-08-19T14:00:00Z,"NVDA",2019-08-19T19:59:00Z,Buy,4.17346435985,4.25197458355,97451,7650.9,974.51,3074.89,1,"	937,938" 
2019-08-20T14:00:00Z,"NVDA",2019-08-20T14:30:00Z,Sell,4.1679984582,4.17048295895,97378,-241.94,973.78,2709.68,0,"	939,940" 
2019-08-21T14:00:00Z,"TQQQ",2019-08-21T14:30:00Z,Buy,7.460969616625,7.43825556075,45669,-1037.33,456.69,1965.46,0,"	942,943" 
2019-08-21T14:00:00Z,"NVDA",2019-08-21T15:00:00Z,Buy,4.283527743075,4.290484345175,86305,600.39,863.05,1672.51,1,"	941,944" 
2019-08-22T14:30:00Z,"AMD",2019-08-22T15:30:00Z,Sell,31.24,31.47,12047,-2770.81,120.47,5421.15,0,"	945,948" 
2019-08-22T14:30:00Z,"TQQQ",2019-08-22T17:30:00Z,Sell,7.324685281375,7.362940533375,54717,-2093.21,547.17,10531.48,0,"	946,950" 
2019-08-22T15:00:00Z,"SPXL",2019-08-22T16:30:00Z,Sell,46.94318337,47.643971179,8778,-6151.52,87.78,6909.92,0,"	947,949" 
2019-08-23T15:30:00Z,"TSLA",2019-08-23T19:59:00Z,Sell,14.419998558,14.0759985924,27981,9625.46,279.81,5372.35,1,"	951,956" 
2019-08-23T15:30:00Z,"AMD",2019-08-23T19:59:00Z,Sell,30.64,29.47,13163,15400.71,131.63,4475.42,1,"	952,957" 
2019-08-23T15:30:00Z,"NVDA",2019-08-23T19:59:00Z,Sell,4.077314180825,4.03035711665,69283,3253.33,692.83,2874.63,1,"	953,958" 
2019-08-23T15:30:00Z,"TQQQ",2019-08-23T19:59:00Z,Sell,6.9385463315,6.627722409,52597,16348.41,525.97,4338.62,1,"	954,959" 
2019-08-23T15:30:00Z,"SPXL",2019-08-23T19:59:00Z,Sell,45.704804913,43.813637812,8811,16663.07,88.11,4567.54,1,"	955,960" 
2019-08-26T14:00:00Z,"AMD",2019-08-26T14:30:00Z,Buy,30.57,30.47,13977,-1397.7,139.77,5730.57,0,"	961,962" 
2019-08-27T14:00:00Z,"TSLA",2019-08-27T15:30:00Z,Buy,14.5019985498,14.356665231,29430,-4277.16,294.3,6670.8,0,"	963,965" 
2019-08-27T15:00:00Z,"NVDA",2019-08-27T19:59:00Z,Sell,4.077811080975,4.018183062975,104586,6236.26,1045.86,3845.69,1,"	964,970" 
2019-08-27T15:30:00Z,"AMD",2019-08-27T18:00:00Z,Sell,29.86,30.07,11979,-2515.59,119.79,5630.13,0,"	966,969" 
2019-08-27T17:00:00Z,"SPXL",2019-08-27T17:30:00Z,Sell,44.725621947,45.02321677,7998,-2380.16,79.98,2533.72,0,"	967,968" 
2019-08-28T14:00:00Z,"SPXL",2019-08-28T14:30:00Z,Buy,45.167214265,45.1192151,7935,-380.87,79.35,2437.59,0,"	972,973" 
2019-08-28T14:00:00Z,"TSLA",2019-08-28T17:00:00Z,Buy,14.3519985648,14.3973318936,29617,1342.64,296.17,3257.87,1,"	971,975" 
2019-08-28T15:00:00Z,"AMD",2019-08-28T19:59:00Z,Buy,30.81,30.78,11842,-355.26,118.42,5092.06,0,"	974,976" 
2019-08-29T14:00:00Z,"TQQQ",2019-08-29T14:30:00Z,Buy,7.30436217875,7.28045264625,40948,-979.05,409.48,2643.43,0,"	979,981" 
2019-08-29T14:00:00Z,"SPXL",2019-08-29T14:30:00Z,Buy,47.61517168,47.451974519,7273,-1186.93,72.73,2443.69,0,"	980,982" 
2019-08-29T14:00:00Z,"NVDA",2019-08-29T16:00:00Z,Buy,4.149990152,4.159937992,102331,1017.97,1023.31,4428.18,1,"	978,983" 
2019-08-29T14:00:00Z,"TSLA",2019-08-29T17:00:00Z,Buy,14.7159985284,14.7586651908,28890,1232.64,288.9,4237.2,1,"	977,984" 
2019-08-30T14:00:00Z,"NVDA",2019-08-30T14:30:00Z,Buy,4.233800704,4.213407632,100193,-2043.24,1001.93,3862.23,0,"	985,986" 
2019-08-30T15:30:00Z,"TQQQ",2019-08-30T16:00:00Z,Sell,7.150145694125,7.19437832925,42446,-1877.5,424.46,2486.42,0,"	987,988" 
2019-09-03T14:00:00Z,"TSLA",2019-09-03T14:30:00Z,Buy,15.2153318118,15.109998489,27745,-2922.47,277.45,4254.23,0,"	989,990" 
2019-09-03T18:00:00Z,"TQQQ",2019-09-03T18:30:00Z,Sell,6.9576739575,6.975606106875,41462,-743.5,414.62,1040.9,0,"	991,992" 
2019-09-04T14:00:00Z,"AMD",2019-09-04T14:30:00Z,Buy,31.69,31.45,13265,-3183.6,132.65,3979.5,0,"	993,995" 
2019-09-04T14:00:00Z,"NVDA",2019-09-04T14:30:00Z,Buy,4.194009344,4.172870184,83940,-1774.42,839.4,2296.31,0,"	994,996" 
2019-09-04T19:30:00Z,"TSLA",2019-09-04T19:59:00Z,Sell,14.6859985314,14.7173318616,28445,-891.28,284.45,2541.09,0,"	997,998" 
2019-09-05T14:00:00Z,"NVDA",2019-09-05T16:30:00Z,Buy,4.40564964,4.4081366,88138,219.2,881.38,4800.39,1,"	999,1003" 
2019-09-05T14:00:00Z,"SPXL",2019-09-05T16:30:00Z,Buy,50.120728093,50.197526757,7659,588.2,76.59,4705.61,1,"	1001,1004" 
2019-09-05T14:00:00Z,"TQQQ",2019-09-05T18:00:00Z,Buy,7.664200642875,7.685719222125,36245,779.94,362.45,4506.33,1,"	1000,1005" 
2019-09-05T16:00:00Z,"TSLA",2019-09-05T19:59:00Z,Buy,15.0853318248,15.2906651376,27783,5704.78,277.83,4278.58,1,"	1002,1006" 
2019-09-06T14:00:00Z,"AMD",2019-09-06T19:59:00Z,Sell,30.91,30.54,13578,5023.86,135.78,2987.16,1,"	1007,1008" 
2019-09-09T14:00:00Z,"TSLA",2019-09-09T15:00:00Z,Buy,15.4286651238,15.4446651222,27345,437.52,273.45,3882.99,1,"	1009,1010" 
2019-09-09T15:00:00Z,"NVDA",2019-09-09T16:30:00Z,Buy,4.552628976,4.499656728,70456,-3732.21,704.56,5642.12,0,"	1011,1012" 
2019-09-09T16:30:00Z,"TQQQ",2019-09-09T17:00:00Z,Sell,7.611599671375,7.622358961,39532,-425.34,395.32,2835.57,0,"	1013,1014" 
2019-09-10T14:00:00Z,"AMD",2019-09-10T14:30:00Z,Sell,29.95,30.28,14015,-4624.95,140.15,5045.4,0,"	1015,1018" 
2019-09-10T14:00:00Z,"TQQQ",2019-09-10T14:30:00Z,Sell,7.42390984125,7.482488195875,40451,-2369.55,404.51,3723.58,0,"	1016,1019" 
2019-09-10T14:00:00Z,"SPXL",2019-09-10T14:30:00Z,Sell,49.43913995,49.679135775,8485,-2036.36,84.85,2932.36,0,"	1017,1020" 
2019-09-10T16:00:00Z,"NVDA",2019-09-10T18:00:00Z,Buy,4.548898536,4.534722864,70187,-994.95,701.87,2775.38,0,"	1021,1023" 
2019-09-10T17:00:00Z,"TSLA",2019-09-10T19:30:00Z,Buy,15.5773317756,15.63333177,26704,1495.42,267.04,2670.4,1,"	1022,1024" 
2019-09-11T14:00:00Z,"TSLA",2019-09-11T19:59:00Z,Buy,15.9406650726,16.4653316868,24586,12899.45,245.86,3851.81,1,"	1025,1030" 
2019-09-11T14:30:00Z,"TQQQ",2019-09-11T19:59:00Z,Buy,7.7132151845,7.767011632625,40199,2162.56,401.99,3508.16,1,"	1026,1031" 
2019-09-11T16:00:00Z,"SPXL",2019-09-11T19:59:00Z,Buy,51.032712228,51.320707218,8243,2373.94,82.43,2373.94,1,"	1027,1032" 
2019-09-11T18:00:00Z,"AMD",2019-09-11T19:30:00Z,Sell,29.74,29.83,14153,-1273.77,141.53,3962.84,0,"	1028,1029" 
2019-09-12T14:00:00Z,"AMD",2019-09-12T15:00:00Z,Buy,30.49,30.41,13834,-1106.72,138.34,6225.3,0,"	1033,1038" 
2019-09-12T14:30:00Z,"TSLA",2019-09-12T15:00:00Z,Buy,16.8846649782,16.3906650276,23619,-11667.78,236.19,11667.78,0,"	1034,1037" 
2019-09-12T14:30:00Z,"TQQQ",2019-09-12T15:00:00Z,Buy,8.034798396625,7.92601002375,40983,-4458.47,409.83,4997.41,0,"	1035,1039" 
2019-09-12T14:30:00Z,"SPXL",2019-09-12T15:00:00Z,Buy,52.347889349,51.723900204,8080,-5041.83,80.8,5739.93,0,"	1036,1040" 
2019-09-13T15:00:00Z,"AMD",2019-09-13T17:00:00Z,Buy,30.62,30.58,9993,-399.72,99.93,2598.18,0,"	1041,1042" 
2019-09-16T14:00:00Z,"TSLA",2019-09-16T14:30:00Z,Buy,16.456665021,16.263331707,15292,-2956.45,152.92,3303.07,0,"	1043,1044" 
2019-09-16T15:30:00Z,"AMD",2019-09-16T16:00:00Z,Buy,31.09,30.83,12409,-3226.34,124.09,3226.34,0,"	1045,1046" 
2019-09-17T14:00:00Z,"TSLA",2019-09-17T14:30:00Z,Sell,16.1173317216,16.0546650612,15224,954.04,152.24,822.1,1,"	1047,1048" 
2019-09-17T15:00:00Z,"NVDA",2019-09-17T15:30:00Z,Sell,4.447430568,4.47528452,92164,-2567.13,921.64,2567.13,0,"	1049,1050" 
2019-09-18T14:00:00Z,"TSLA",2019-09-18T14:30:00Z,Buy,16.493331684,16.2939983706,13467,-2684.42,134.67,2810.11,0,"	1051,1052" 
2019-09-18T16:00:00Z,"NVDA",2019-09-18T19:59:00Z,Sell,4.465834072,4.473543648,91232,-703.36,912.32,7237.8,0,"	1053,1060" 
2019-09-18T17:00:00Z,"TQQQ",2019-09-18T18:00:00Z,Sell,7.69169660525,7.704846848125,39756,-522.8,397.56,2328.84,0,"	1054,1057" 
2019-09-18T17:30:00Z,"SPXL",2019-09-18T18:00:00Z,Sell,51.080711393,51.339906884,7999,-2073.3,79.99,2073.3,0,"	1056,1058" 
2019-09-18T17:30:00Z,"AMD",2019-09-18T19:59:00Z,Sell,30.23,30.44,13519,-2838.99,135.19,7841.02,0,"	1055,1059" 
2019-09-19T14:00:00Z,"TQQQ",2019-09-19T16:00:00Z,Buy,7.917641687375,7.90688239775,34711,-373.47,347.11,2614.26,0,"	1061,1064" 
2019-09-19T14:00:00Z,"SPXL",2019-09-19T16:30:00Z,Buy,52.203891854,52.088693858,7746,-892.32,77.46,3792.38,0,"	1062,1065" 
2019-09-19T16:00:00Z,"NVDA",2019-09-19T19:59:00Z,Sell,4.448922744,4.399183544,90979,4525.22,909.79,1199.18,1,"	1063,1068" 
2019-09-19T17:30:00Z,"TSLA",2019-09-19T18:00:00Z,Buy,16.5086650158,16.4779983522,24499,-751.3,244.99,1306.61,0,"	1066,1067" 
2019-09-20T14:00:00Z,"TSLA",2019-09-20T19:59:00Z,Sell,16.3226650344,16.0379983962,22809,6492.96,228.09,4865.92,1,"	1069,1075" 
2019-09-20T15:00:00Z,"NVDA",2019-09-20T19:59:00Z,Sell,4.368096544,4.308409504,92833,5540.93,928.33,2908.99,1,"	1070,1076" 
2019-09-20T15:30:00Z,"TQQQ",2019-09-20T19:59:00Z,Sell,7.774184492375,7.61518610125,41231,6555.66,412.31,6555.66,1,"	1071,1077" 
2019-09-20T17:30:00Z,"AMD",2019-09-20T18:30:00Z,Sell,29.8,29.9,9401,-940.1,94.01,1974.21,0,"	1072,1074" 
2019-09-20T17:30:00Z,"SPXL",2019-09-20T19:59:00Z,Sell,51.234308721,51.176709723,8040,463.1,80.4,4553.78,1,"	1073,1078" 
2019-09-23T14:00:00Z,"NVDA",2019-09-23T19:59:00Z,Buy,4.351931304,4.345465208,94523,-611.19,945.23,4419.41,0,"	1079,1088" 
2019-09-23T15:30:00Z,"TSLA",2019-09-23T17:30:00Z,Buy,16.229998377,16.2093317124,20059,-414.55,200.59,3102.46,0,"	1080,1085" 
2019-09-23T16:30:00Z,"TQQQ",2019-09-23T17:00:00Z,Buy,7.61996800775,7.603231335,36284,-607.27,362.84,1041.04,0,"	1082,1084" 
2019-09-23T16:30:00Z,"SPXL",2019-09-23T17:30:00Z,Buy,51.186309556,51.195909389,8058,77.36,80.58,1160.33,1,"	1083,1086" 
2019-09-23T16:30:00Z,"AMD",2019-09-23T19:59:00Z,Buy,30.42,30.61,13562,2576.78,135.62,2441.16,1,"	1081,1087" 
2019-09-24T14:00:00Z,"TSLA",2019-09-24T19:59:00Z,Sell,15.6853317648,14.886665178,23897,19085.74,238.97,4588.22,1,"	1089,1095" 
2019-09-24T14:30:00Z,"AMD",2019-09-24T19:59:00Z,Sell,30.1,29.51,12674,7477.66,126.74,6083.52,1,"	1090,1096" 
2019-09-24T16:00:00Z,"TQQQ",2019-09-24T19:59:00Z,Sell,7.44303746725,7.2637159735,43927,7877.06,439.27,8297.16,1,"	1091,1097" 
2019-09-24T16:00:00Z,"SPXL",2019-09-24T19:59:00Z,Sell,50.619919409,49.707935274,8250,7523.87,82.5,8315.86,1,"	1092,1098" 
2019-09-24T16:30:00Z,"NVDA",2019-09-24T18:30:00Z,Sell,4.288016432,4.305425152,87136,-1516.93,871.36,4420.76,0,"	1093,1094" 
2019-09-25T14:00:00Z,"TSLA",2019-09-25T14:30:00Z,Sell,14.613331872,14.7893318544,15091,-2656.02,150.91,4386.45,0,"	1099,1103" 
2019-09-25T14:00:00Z,"TQQQ",2019-09-25T14:30:00Z,Sell,7.176446179875,7.224265244875,51584,-2466.7,515.84,5920.08,0,"	1101,1104" 
2019-09-25T14:00:00Z,"SPXL",2019-09-25T14:30:00Z,Sell,49.419940284,49.602337111,8625,-1573.17,86.25,4802.32,0,"	1102,1105" 
2019-09-25T14:00:00Z,"AMD",2019-09-25T15:00:00Z,Sell,28.72,29.19,12919,-6071.93,129.19,7622.21,0,"	1100,1106" 
2019-09-25T15:00:00Z,"NVDA",2019-09-25T19:59:00Z,Buy,4.341734768,4.435741856,96992,9117.94,969.92,2122.69,1,"	1107,1108" 
2019-09-26T14:00:00Z,"AMD",2019-09-26T14:30:00Z,Sell,29.22,29.38,14519,-2323.04,145.19,3774.94,0,"	1109,1113" 
2019-09-26T14:00:00Z,"NVDA",2019-09-26T14:30:00Z,Sell,4.3894844,4.39694528,96230,-717.96,962.3,2800.05,0,"	1110,1114" 
2019-09-26T14:00:00Z,"TQQQ",2019-09-26T16:30:00Z,Sell,7.38565458925,7.398804832125,46909,-616.86,469.09,5832.18,0,"	1111,1115" 
2019-09-26T14:00:00Z,"SPXL",2019-09-26T16:30:00Z,Sell,50.187926924,50.159127425,8447,243.27,84.47,5270.84,1,"	1112,1116" 
2019-09-26T18:00:00Z,"TSLA",2019-09-26T19:59:00Z,Buy,15.9279984072,16.1726650494,15926,3896.56,159.26,2399.52,1,"	1117,1118" 
2019-09-27T14:00:00Z,"NVDA",2019-09-27T14:30:00Z,Sell,4.336263456,4.370086112,97656,-3302.99,976.56,3302.99,0,"	1119,1121" 
2019-09-27T14:00:00Z,"TQQQ",2019-09-27T15:00:00Z,Sell,7.350985767125,7.422714364625,48673,-3491.25,486.73,5411.43,0,"	1120,1123" 
2019-09-27T15:00:00Z,"TSLA",2019-09-27T16:00:00Z,Buy,16.5053316828,16.329998367,11964,-2097.69,119.64,3006.95,0,"	1122,1124" 
2019-09-27T17:00:00Z,"SPXL",2019-09-27T17:30:00Z,Sell,49.237543457,49.43913995,8522,-1718.01,85.22,3272.39,0,"	1125,1126" 
2019-09-27T18:30:00Z,"AMD",2019-09-27T19:59:00Z,Sell,28.67,28.71,14608,-584.32,146.08,5404.96,0,"	1127,1128" 
2019-09-30T15:00:00Z,"SPXL",2019-09-30T16:00:00Z,Buy,50.082328761,50.30312492,8366,1847.18,83.66,1204.68,1,"	1129,1130" 
2019-10-01T14:00:00Z,"AMD",2019-10-01T14:30:00Z,Buy,29.53,29.28,14202,-3550.5,142.02,5680.8,0,"	1131,1134" 
2019-10-01T14:00:00Z,"TQQQ",2019-10-01T14:30:00Z,Buy,7.5601941765,7.408368645125,42314,-6424.35,423.14,9004.2,0,"	1133,1135" 
2019-10-01T14:00:00Z,"NVDA",2019-10-01T15:00:00Z,Buy,4.5013976,4.403411376,93132,-9125.65,931.32,9125.65,0,"	1132,1137" 
2019-10-01T14:30:00Z,"SPXL",2019-10-01T19:59:00Z,Sell,49.899931934,48.363958654,8279,12716.32,82.79,4530.19,1,"	1136,1138" 
2019-10-02T14:00:00Z,"TQQQ",2019-10-02T19:00:00Z,Sell,6.915832275625,6.834539865125,42353,3442.98,423.53,5721.42,1,"	1139,1147" 
2019-10-02T14:00:00Z,"SPXL",2019-10-02T19:59:00Z,Sell,46.674388046,45.79120341,8328,7355.16,83.28,8954.11,1,"	1140,1148" 
2019-10-02T15:00:00Z,"NVDA",2019-10-02T17:30:00Z,Sell,4.267374664,4.260908568,88479,572.11,884.79,2530.5,1,"	1141,1144" 
2019-10-02T15:30:00Z,"TSLA",2019-10-02T17:00:00Z,Sell,16.0453317288,16.139998386,21299,-2016.31,212.99,3791.22,0,"	1142,1143" 
2019-10-02T18:00:00Z,"AMD",2019-10-02T19:00:00Z,Sell,28.1,28.3,15017,-3003.4,150.17,4354.93,0,"	1145,1146" 
2019-10-03T14:00:00Z,"TSLA",2019-10-03T14:30:00Z,Sell,15.0539984946,15.2613318072,20064,-4159.94,200.64,7330.05,0,"	1149,1151" 
2019-10-03T14:00:00Z,"NVDA",2019-10-03T14:30:00Z,Buy,4.371578288,4.339993896,95648,-3020.98,956.48,8301.76,0,"	1150,1153" 
2019-10-03T14:30:00Z,"AMD",2019-10-03T15:30:00Z,Sell,27.76,28.17,14948,-6128.68,149.48,10613.08,0,"	1152,1154" 
2019-10-03T18:00:00Z,"TQQQ",2019-10-03T19:00:00Z,Buy,7.030598031625,7.006688499125,40337,-964.44,403.37,1494.88,0,"	1155,1156" 
2019-10-04T14:00:00Z,"TQQQ",2019-10-04T14:30:00Z,Buy,7.22306976825,7.18003260975,37355,-1607.65,373.55,2366.82,0,"	1157,1160" 
2019-10-04T14:00:00Z,"SPXL",2019-10-04T14:30:00Z,Buy,47.826368006,47.643971179,6655,-1213.85,66.55,2172.15,0,"	1158,1161" 
2019-10-04T14:30:00Z,"TSLA",2019-10-04T15:30:00Z,Sell,15.2259984774,15.2806651386,26945,-1472.99,269.45,2730.43,0,"	1159,1162" 
2019-10-07T14:00:00Z,"AMD",2019-10-07T14:30:00Z,Buy,29.3,29.23,13986,-979.02,139.86,2377.62,0,"	1163,1165" 
2019-10-07T14:00:00Z,"NVDA",2019-10-07T15:30:00Z,Buy,4.672749144,4.630222128,87627,-3726.51,876.27,4271.33,0,"	1164,1168" 
2019-10-07T15:00:00Z,"TSLA",2019-10-07T15:30:00Z,Buy,15.63333177,15.5493317784,26158,-2197.27,261.58,2790.19,0,"	1166,1167" 
2019-10-08T14:00:00Z,"TQQQ",2019-10-08T15:00:00Z,Sell,7.01744778875,7.073635190125,34118,-1917,341.18,3303.77,0,"	1170,1173" 
2019-10-08T14:00:00Z,"SPXL",2019-10-08T15:00:00Z,Sell,46.472791553,46.731987044,5195,-1346.52,51.95,2643.17,0,"	1171,1174" 
2019-10-08T14:00:00Z,"AMD",2019-10-08T16:30:00Z,Sell,28.15,28.38,14437,-3320.51,144.37,6496.65,0,"	1169,1176" 
2019-10-08T14:30:00Z,"NVDA",2019-10-08T16:30:00Z,Sell,4.427286192,4.442705344,91860,-1416.4,918.6,4409.13,0,"	1172,1177" 
2019-10-08T16:00:00Z,"TSLA",2019-10-08T19:59:00Z,Buy,16.0739983926,16.0153317318,22069,-1294.71,220.69,5193.57,0,"	1175,1178" 
2019-10-09T14:30:00Z,"TSLA",2019-10-09T19:30:00Z,Buy,16.2986650368,16.3079983692,24681,230.36,246.81,4656.48,1,"	1179,1180" 
2019-10-10T14:00:00Z,"TSLA",2019-10-10T14:30:00Z,Buy,16.5846650082,16.4286650238,23595,-3680.82,235.95,3680.82,0,"	1181,1185" 
2019-10-10T14:00:00Z,"NVDA",2019-10-10T16:30:00Z,Buy,4.566804648,4.544670704,74220,-1642.78,742.2,4060.81,0,"	1182,1188" 
2019-10-10T14:00:00Z,"TQQQ",2019-10-10T16:30:00Z,Buy,7.317512421625,7.291211935875,39351,-1034.95,393.51,3998.67,0,"	1183,1189" 
2019-10-10T14:00:00Z,"SPXL",2019-10-10T18:30:00Z,Buy,48.143162495,47.970365501,6337,-1095.01,63.37,5596.74,0,"	1184,1190" 
2019-10-10T14:30:00Z,"AMD",2019-10-10T15:30:00Z,Buy,28.8,28.72,13896,-1111.68,138.96,2362.32,0,"	1186,1187" 
2019-10-11T14:00:00Z,"NVDA",2019-10-11T14:30:00Z,Buy,4.696872656,4.674738712,73798,-1633.44,737.98,2312.51,0,"	1192,1194" 
2019-10-11T14:00:00Z,"TQQQ",2019-10-11T16:00:00Z,Buy,7.6462684935,7.67735088575,29978,931.79,299.78,2078.6,1,"	1193,1198" 
2019-10-11T14:00:00Z,"AMD",2019-10-11T19:59:00Z,Buy,29.39,29.74,13545,4740.75,135.45,5959.8,1,"	1191,1200" 
2019-10-11T14:30:00Z,"SPXL",2019-10-11T16:00:00Z,Buy,50.418322916,50.360723918,4637,-267.09,46.37,2181.21,0,"	1195,1199" 
2019-10-11T15:30:00Z,"TSLA",2019-10-11T16:00:00Z,Buy,16.6726649994,16.6219983378,23990,-1215.49,239.9,2271.05,0,"	1196,1197" 
2019-10-14T14:30:00Z,"TSLA",2019-10-14T19:59:00Z,Buy,16.7593316574,17.1186649548,23772,8542.07,237.72,4057.09,1,"	1201,1204" 
2019-10-14T16:00:00Z,"AMD",2019-10-14T16:30:00Z,Buy,30.28,30.1,10336,-1860.48,103.36,1963.84,0,"	1202,1203" 
2019-10-15T14:00:00Z,"NVDA",2019-10-15T19:59:00Z,Buy,4.79610236,4.87941552,81566,6795.52,815.66,5984.12,1,"	1205,1208" 
2019-10-15T14:30:00Z,"TQQQ",2019-10-15T19:59:00Z,Buy,7.793312118375,7.886559295125,35844,3342.35,358.44,2356.79,1,"	1206,1209" 
2019-10-15T14:30:00Z,"SPXL",2019-10-15T19:59:00Z,Buy,50.706317906,51.023112395,5868,1858.95,58.68,2140.61,1,"	1207,1210" 
2019-10-16T14:30:00Z,"NVDA",2019-10-16T15:00:00Z,Buy,4.944325176,4.925672976,69629,-1298.73,696.29,1298.73,0,"	1212,1214" 
2019-10-16T14:30:00Z,"AMD",2019-10-16T17:00:00Z,Buy,31.36,31.02,10217,-3473.78,102.17,3678.12,0,"	1211,1216" 
2019-10-16T15:00:00Z,"TSLA",2019-10-16T15:30:00Z,Buy,17.463331587,17.3653315968,23163,-2269.97,231.63,2269.97,0,"	1213,1215" 
2019-10-18T15:30:00Z,"NVDA",2019-10-18T19:30:00Z,Sell,4.761036224,4.76377188,62139,-169.99,621.39,6274.21,0,"	1217,1225" 
2019-10-18T16:00:00Z,"TQQQ",2019-10-18T19:00:00Z,Sell,7.621163484375,7.71082423125,45319,-4063.34,453.19,7855.78,0,"	1219,1224" 
2019-10-18T16:00:00Z,"TSLA",2019-10-18T19:59:00Z,Sell,17.1619982838,17.1546649512,23502,172.35,235.02,3556.64,1,"	1218,1226" 
2019-10-18T16:30:00Z,"AMD",2019-10-18T17:30:00Z,Sell,30.42,30.7,12930,-3620.4,129.3,4525.5,0,"	1220,1222" 
2019-10-18T16:30:00Z,"SPXL",2019-10-18T17:30:00Z,Sell,50.101528427,50.552720578,8105,-3656.91,81.05,4668.4,0,"	1221,1223" 
2019-10-21T15:00:00Z,"AMD",2019-10-21T19:59:00Z,Buy,32.06,32.03,12379,-371.37,123.79,3466.12,0,"	1227,1232" 
2019-10-21T15:30:00Z,"NVDA",2019-10-21T16:00:00Z,Buy,4.870959856,4.859271144,52834,-617.56,528.34,775.24,0,"	1228,1229" 
2019-10-21T17:00:00Z,"TSLA",2019-10-21T19:59:00Z,Sell,16.7206649946,16.8913316442,21823,-3724.46,218.23,4539.18,0,"	1230,1231" 
2019-10-22T16:30:00Z,"TSLA",2019-10-22T17:00:00Z,Buy,17.1539982846,17.1219982878,23006,-736.19,230.06,1809.81,0,"	1233,1234" 
2019-10-22T19:00:00Z,"AMD",2019-10-22T19:59:00Z,Sell,31.66,31.52,12449,1742.86,124.49,746.94,1,"	1235,1237" 
2019-10-22T19:00:00Z,"TQQQ",2019-10-22T19:59:00Z,Sell,7.726365427375,7.678546362375,35218,1684.09,352.18,1768.3,1,"	1236,1238" 
2019-10-23T14:00:00Z,"TSLA",2019-10-23T14:30:00Z,Sell,16.7939983206,16.9159983084,23531,-2870.78,235.31,3262.97,0,"	1239,1240" 
2019-10-23T15:00:00Z,"SPXL",2019-10-23T16:00:00Z,Buy,51.128710558,51.128710558,7710,0,77.1,1184.24,0,"	1241,1242" 
2019-10-24T14:00:00Z,"AMD",2019-10-24T15:00:00Z,Buy,31.76,31.68,10574,-845.92,105.74,2432.02,0,"	1243,1244" 
2019-10-25T14:00:00Z,"TSLA",2019-10-25T19:59:00Z,Buy,20.2513313082,21.863331147,5226,8424.31,52.26,1282.11,1,"	1245,1250" 
2019-10-25T14:00:00Z,"AMD",2019-10-25T19:59:00Z,Buy,32.17,32.73,12240,6854.4,122.4,3060,1,"	1246,1251" 
2019-10-25T14:00:00Z,"NVDA",2019-10-25T19:59:00Z,Buy,5.02863312,5.086827984,78309,4557.18,783.09,3875.55,1,"	1247,1252" 
2019-10-25T14:30:00Z,"TQQQ",2019-10-25T19:59:00Z,Buy,7.984588378375,8.116090807125,40974,5388.18,409.74,2939.01,1,"	1248,1253" 
2019-10-25T14:30:00Z,"SPXL",2019-10-25T19:59:00Z,Buy,51.8390982,52.299890184,7624,3513.08,76.24,3293.51,1,"	1249,1254" 
2019-10-28T14:00:00Z,"AMD",2019-10-28T15:00:00Z,Buy,33.37,33.42,11587,579.35,115.87,2896.75,1,"	1255,1258" 
2019-10-28T14:30:00Z,"TQQQ",2019-10-28T15:00:00Z,Buy,8.3157354035,8.309758020375,47175,-281.98,471.75,1635.5,0,"	1256,1259" 
2019-10-28T14:30:00Z,"SPXL",2019-10-28T15:00:00Z,Buy,53.240673818,53.096676323,7616,-1096.68,76.16,1974.03,0,"	1257,1260" 
2019-10-29T14:00:00Z,"AMD",2019-10-29T16:30:00Z,Sell,33.17,33.28,11373,-1251.03,113.73,6482.61,0,"	1261,1263" 
2019-10-29T14:00:00Z,"NVDA",2019-10-29T19:59:00Z,Sell,5.066434912,5.047782712,79692,1486.43,796.92,4498.93,1,"	1262,1264" 
2019-10-30T14:00:00Z,"AMD",2019-10-30T16:00:00Z,Sell,32.48,32.85,9813,-3630.81,98.13,8341.05,0,"	1265,1266" 
2019-10-31T14:00:00Z,"NVDA",2019-10-31T15:00:00Z,Sell,4.949547792,4.980386096,66772,-2059.14,667.72,3537.06,0,"	1267,1270" 
2019-10-31T14:00:00Z,"SPXL",2019-10-31T19:59:00Z,Sell,53.058276991,52.904679663,7580,1164.27,75.8,4584.3,1,"	1268,1272" 
2019-10-31T15:00:00Z,"AMD",2019-10-31T19:59:00Z,Buy,33.56,33.92,9781,3521.16,97.81,5672.98,1,"	1269,1271" 
2019-11-01T14:00:00Z,"NVDA",2019-11-01T14:30:00Z,Buy,5.0423114,5.042808792,70767,35.2,707.67,2411.13,1,"	1273,1274" 
2019-11-04T16:00:00Z,"TSLA",2019-11-04T20:59:00Z,Buy,21.229997877,21.1753312158,18973,-1037.19,189.73,5489.52,0,"	1275,1279" 
2019-11-04T16:30:00Z,"AMD",2019-11-04T17:00:00Z,Buy,35.78,35.77,8528,-85.28,85.28,1108.64,0,"	1276,1277" 
2019-11-04T19:30:00Z,"NVDA",2019-11-04T20:59:00Z,Buy,5.172628104,5.232066448,78076,4640.71,780.76,1359.2,1,"	1278,1280" 
2019-11-05T15:00:00Z,"AMD",2019-11-05T15:30:00Z,Buy,36.97,36.33,8695,-5564.8,86.95,7825.5,0,"	1281,1282" 
2019-11-06T15:00:00Z,"NVDA",2019-11-06T16:30:00Z,Sell,5.14303328,5.136318488,50682,340.32,506.82,2949.43,1,"	1283,1287" 
2019-11-06T15:30:00Z,"AMD",2019-11-06T16:30:00Z,Sell,35.62,35.77,7715,-1157.25,77.15,1774.45,0,"	1284,1286" 
2019-11-06T15:30:00Z,"TQQQ",2019-11-06T18:30:00Z,Sell,8.5739583545,8.589499550625,46922,-729.22,469.22,4150.97,0,"	1285,1288" 
2019-11-06T20:00:00Z,"TSLA",2019-11-06T20:59:00Z,Buy,21.676664499,21.743331159,18475,1231.67,184.75,1268.62,1,"	1289,1290" 
2019-11-07T15:00:00Z,"TQQQ",2019-11-07T15:30:00Z,Buy,8.785557717125,8.808271773,45609,1035.97,456.09,981.44,1,"	1292,1294" 
2019-11-07T15:00:00Z,"SPXL",2019-11-07T15:30:00Z,Buy,56.053424887,56.005425722,7149,-343.15,71.49,892.18,0,"	1293,1295" 
2019-11-07T15:00:00Z,"TSLA",2019-11-07T20:00:00Z,Buy,22.183331115,22.4159977584,18082,4207.08,180.82,6581.85,1,"	1291,1296" 
2019-11-08T15:00:00Z,"SPXL",2019-11-08T15:30:00Z,Sell,55.083841754,55.477434907,7311,-2877.56,73.11,3368.85,0,"	1297,1298" 
2019-11-08T20:30:00Z,"TQQQ",2019-11-08T20:59:00Z,Buy,8.773602950875,8.787948670375,45749,656.3,457.49,875.07,1,"	1299,1300" 
2019-11-11T15:00:00Z,"TSLA",2019-11-11T15:30:00Z,Buy,23.1353310198,22.9513310382,14608,-2687.87,146.08,4226.58,0,"	1301,1303" 
2019-11-11T15:00:00Z,"NVDA",2019-11-11T15:30:00Z,Sell,5.102247136,5.127116736,45685,-1136.17,456.85,1454.29,0,"	1302,1304" 
2019-11-12T15:00:00Z,"SPXL",2019-11-12T17:00:00Z,Buy,56.245421547,56.207022215,7105,-272.83,71.05,2455.45,0,"	1306,1310" 
2019-11-12T15:00:00Z,"TQQQ",2019-11-12T19:30:00Z,Buy,8.846527025,8.81544463275,39174,-1217.62,391.74,4683.16,0,"	1305,1311" 
2019-11-12T15:30:00Z,"AMD",2019-11-12T20:00:00Z,Buy,36.77,36.74,10902,-327.06,109.02,4905.9,0,"	1307,1312" 
2019-11-12T16:00:00Z,"NVDA",2019-11-12T17:00:00Z,Buy,5.263899536,5.2288334,76286,-2675.06,762.86,2940.66,0,"	1308,1309" 
2019-11-13T15:00:00Z,"NVDA",2019-11-13T16:00:00Z,Sell,5.14552024,5.15795504,77173,-959.63,771.73,2629.39,0,"	1314,1315" 
2019-11-13T15:00:00Z,"AMD",2019-11-13T19:00:00Z,Buy,37.05,37.45,10728,4291.2,107.28,6651.36,1,"	1313,1316" 
2019-11-14T15:00:00Z,"TSLA",2019-11-14T15:30:00Z,Sell,22.8839977116,23.053331028,8205,-1389.38,82.05,1438.61,0,"	1317,1319" 
2019-11-14T15:00:00Z,"AMD",2019-11-14T16:00:00Z,Buy,37.81,37.88,8544,598.08,85.44,2648.64,1,"	1318,1320" 
2019-11-14T16:00:00Z,"NVDA",2019-11-14T16:30:00Z,Sell,5.154721992,5.184316816,77153,-2283.33,771.53,2647.89,0,"	1321,1322" 
2019-11-15T15:00:00Z,"NVDA",2019-11-15T16:30:00Z,Sell,5.07712884,5.128360216,78049,-3998.56,780.49,10772.81,0,"	1323,1324" 
2019-11-18T15:00:00Z,"AMD",2019-11-18T19:00:00Z,Buy,39.33,39.45,10042,1205.04,100.42,5422.68,1,"	1325,1331" 
2019-11-18T15:00:00Z,"NVDA",2019-11-18T20:59:00Z,Buy,5.19401596,5.280562168,59597,5157.89,595.97,2578.95,1,"	1326,1332" 
2019-11-18T15:30:00Z,"TQQQ",2019-11-18T16:00:00Z,Sell,8.900323473125,8.961292781,44525,-2714.66,445.25,3406.63,0,"	1328,1329" 
2019-11-18T15:30:00Z,"TSLA",2019-11-18T19:00:00Z,Sell,23.333331,23.303331003,14605,438.15,146.05,3699.93,1,"	1327,1330" 
2019-11-19T15:00:00Z,"NVDA",2019-11-19T17:00:00Z,Sell,5.174866368,5.19277248,34294,-614.07,342.94,2626.86,0,"	1333,1337" 
2019-11-19T16:00:00Z,"SPXL",2019-11-19T16:30:00Z,Sell,57.21500468,57.50299967,6929,-1995.52,69.29,1995.52,0,"	1334,1336" 
2019-11-19T16:30:00Z,"TSLA",2019-11-19T20:59:00Z,Buy,23.739997626,23.973330936,16597,3872.63,165.97,1936.32,1,"	1335,1339" 
2019-11-19T18:00:00Z,"AMD",2019-11-19T20:59:00Z,Buy,41.11,41.27,9282,1485.12,92.82,5012.28,1,"	1338,1340" 
2019-11-20T15:30:00Z,"TSLA",2019-11-20T20:59:00Z,Sell,23.773330956,23.4946643172,13225,3685.37,132.25,3526.67,1,"	1341,1346" 
2019-11-20T16:00:00Z,"NVDA",2019-11-20T18:00:00Z,Buy,5.295235232,5.243506464,34103,-1764.11,341.03,3706.32,0,"	1342,1343" 
2019-11-20T18:00:00Z,"TQQQ",2019-11-20T20:59:00Z,Sell,8.866850127625,8.88717323025,44765,-909.76,447.65,8027.33,0,"	1344,1347" 
2019-11-20T18:00:00Z,"SPXL",2019-11-20T20:59:00Z,Sell,56.552616203,56.792612028,7019,-1684.53,70.19,6670.74,0,"	1345,1348" 
2019-11-21T15:00:00Z,"SPXL",2019-11-21T17:30:00Z,Sell,56.610215201,56.591015535,6996,134.32,69.96,3358.02,1,"	1349,1354" 
2019-11-21T15:30:00Z,"TSLA",2019-11-21T17:30:00Z,Buy,23.873330946,23.8713309462,15076,-30.15,150.76,3527.78,0,"	1350,1353" 
2019-11-21T15:30:00Z,"TQQQ",2019-11-21T18:00:00Z,Sell,8.804685343125,8.842940595125,45055,-1723.59,450.55,3662.63,0,"	1352,1355" 
2019-11-21T15:30:00Z,"AMD",2019-11-21T20:00:00Z,Sell,39.94,39.6,8637,2936.58,86.37,8464.26,1,"	1351,1356" 
2019-11-22T15:00:00Z,"TSLA",2019-11-22T16:00:00Z,Sell,22.259997774,22.293331104,17798,-593.27,177.98,5315.67,0,"	1357,1359" 
2019-11-22T15:30:00Z,"AMD",2019-11-22T17:00:00Z,Sell,38.71,39.11,6098,-2439.2,60.98,5793.1,0,"	1358,1361" 
2019-11-22T16:00:00Z,"TQQQ",2019-11-22T17:30:00Z,Sell,8.785557717125,8.836963212,45023,-2314.43,450.23,4844.15,0,"	1360,1362" 
2019-11-25T15:00:00Z,"NVDA",2019-11-25T20:59:00Z,Buy,5.471312,5.502399,42936,1334.75,429.36,1815.26,1,"	1363,1368" 
2019-11-25T15:00:00Z,"TQQQ",2019-11-25T20:59:00Z,Buy,9.098772592875,9.171696667,43281,3156.23,432.81,1448.76,1,"	1364,1369" 
2019-11-25T15:00:00Z,"SPXL",2019-11-25T20:59:00Z,Buy,57.934992155,58.203787479,6798,1827.27,67.98,1305.19,1,"	1365,1370" 
2019-11-25T16:30:00Z,"AMD",2019-11-25T17:00:00Z,Buy,40.17,40.05,4292,-515.04,42.92,600.88,0,"	1366,1367" 
2019-11-26T15:30:00Z,"TSLA",2019-11-26T16:00:00Z,Sell,22.0926644574,22.1513311182,11095,-650.91,110.95,1116.9,0,"	1371,1372" 
2019-11-26T17:30:00Z,"SPXL",2019-11-26T18:00:00Z,Buy,58.712578628,58.65497963,6738,-388.1,67.38,582.15,0,"	1373,1374" 
2019-11-26T19:30:00Z,"NVDA",2019-11-26T20:59:00Z,Sell,5.412619744,5.401179728,60223,688.95,602.23,1587.59,1,"	1375,1376" 
2019-11-27T17:30:00Z,"TQQQ",2019-11-27T18:00:00Z,Buy,9.382100553,9.37970959975,42026,-100.48,420.26,301.45,0,"	1377,1378" 
2019-11-27T19:30:00Z,"SPXL",2019-11-27T20:59:00Z,Buy,59.394166771,59.394166771,6655,0,66.55,702.76,0,"	1379,1380" 
2019-11-29T15:00:00Z,"TSLA",2019-11-29T15:30:00Z,Sell,21.8659978134,21.9526644714,10612,-919.71,106.12,1160.25,0,"	1381,1382" 
2019-12-02T14:31:00Z,"SPXL",2019-12-02T19:30:00Z,Sell,58.923774954,57.69499633,6717,8253.71,67.17,4707.19,1,"	1383,1391" 
2019-12-02T15:00:00Z,"TSLA",2019-12-02T15:30:00Z,Buy,22.3319977668,22.243331109,10996,-974.98,109.96,1268.21,0,"	1384,1388" 
2019-12-02T15:00:00Z,"AMD",2019-12-02T16:30:00Z,Sell,38.99,38.82,10178,1730.26,101.78,2442.72,1,"	1385,1389" 
2019-12-02T15:00:00Z,"TQQQ",2019-12-02T19:00:00Z,Sell,9.0617128175,8.995961603125,43546,2863.2,435.46,6403.16,1,"	1387,1390" 
2019-12-02T15:00:00Z,"NVDA",2019-12-02T20:59:00Z,Sell,5.2959068805,5.195608442,52769,5292.65,527.69,1996.23,1,"	1386,1392" 
2019-12-04T15:00:00Z,"SPXL",2019-12-04T17:30:00Z,Buy,57.272603678,57.099806684,6378,-1102.1,63.78,2020.52,0,"	1393,1396" 
2019-12-04T16:00:00Z,"AMD",2019-12-04T16:30:00Z,Buy,39.78,39.54,10083,-2419.92,100.83,2924.07,0,"	1394,1395" 
2019-12-05T15:00:00Z,"TSLA",2019-12-05T17:00:00Z,Sell,21.96666447,22.0286644638,18188,-1127.66,181.88,3734.6,0,"	1397,1398" 
2019-12-06T15:00:00Z,"TSLA",2019-12-06T15:30:00Z,Buy,22.5786644088,22.4293310904,17681,-2640.36,176.81,3736.58,0,"	1399,1400" 
2019-12-06T18:30:00Z,"SPXL",2019-12-06T19:00:00Z,Buy,59.163770779,59.086972115,5123,-393.44,51.23,442.62,0,"	1401,1402" 
2019-12-09T15:00:00Z,"NVDA",2019-12-09T15:30:00Z,Buy,5.31108853,5.317559397,63694,412.16,636.94,760.9,1,"	1403,1405" 
2019-12-09T15:30:00Z,"TSLA",2019-12-09T16:30:00Z,Buy,22.6919977308,22.6306644036,17540,-1075.79,175.4,2584.23,0,"	1404,1406" 
2019-12-10T15:00:00Z,"TSLA",2019-12-10T20:59:00Z,Buy,23.0513310282,23.2406643426,17241,3264.3,172.41,3896.47,1,"	1407,1414" 
2019-12-10T15:30:00Z,"TQQQ",2019-12-10T16:30:00Z,Buy,9.223102161875,9.194410722875,27865,-799.49,278.65,2231.9,0,"	1409,1411" 
2019-12-10T15:30:00Z,"NVDA",2019-12-10T17:30:00Z,Buy,5.358873394,5.338465275,74212,-1514.53,742.12,2548.84,0,"	1408,1412" 
2019-12-10T16:00:00Z,"AMD",2019-12-10T18:30:00Z,Buy,39.51,39.57,10084,605.04,100.84,1613.44,1,"	1410,1413" 
2019-12-11T15:00:00Z,"AMD",2019-12-11T15:30:00Z,Sell,39.24,39.29,8891,-444.55,88.91,1155.83,0,"	1416,1418" 
2019-12-11T15:00:00Z,"TSLA",2019-12-11T16:00:00Z,Buy,23.7759976224,23.6119976388,13475,-2209.9,134.75,2317.7,0,"	1415,1419" 
2019-12-11T15:00:00Z,"NVDA",2019-12-11T16:00:00Z,Buy,5.367335297,5.359868912,73987,-552.42,739.87,1822.97,0,"	1417,1420" 
2019-12-11T19:30:00Z,"TQQQ",2019-12-11T20:59:00Z,Buy,9.230275021625,9.267334797,33364,1236.46,333.64,1316.23,1,"	1421,1422" 
2019-12-12T15:00:00Z,"TSLA",2019-12-12T15:30:00Z,Buy,24.1226642544,23.9046642762,15344,-3344.99,153.44,3416.6,0,"	1423,1428" 
2019-12-12T15:00:00Z,"NVDA",2019-12-12T16:30:00Z,Buy,5.497250396,5.4845575415,72036,-914.34,720.36,3352.59,0,"	1425,1429" 
2019-12-12T15:00:00Z,"TQQQ",2019-12-12T16:30:00Z,Buy,9.455024627125,9.366559356875,30360,-2685.81,303.6,5807.15,0,"	1426,1430" 
2019-12-12T15:00:00Z,"SPXL",2019-12-12T16:30:00Z,Buy,60.056555248,59.80695959,5947,-1484.35,59.47,5081.03,0,"	1427,1431" 
2019-12-12T15:00:00Z,"AMD",2019-12-12T20:59:00Z,Buy,40.82,42.52,9701,16491.7,97.01,6305.65,1,"	1424,1432" 
2019-12-13T15:30:00Z,"TQQQ",2019-12-13T16:00:00Z,Buy,9.58054967275,9.478934159625,30888,-3138.7,308.88,3655.66,0,"	1433,1435" 
2019-12-13T16:00:00Z,"AMD",2019-12-13T20:59:00Z,Sell,41.7,41.14,3372,1888.32,33.72,2191.8,1,"	1434,1436" 
2019-12-16T15:00:00Z,"AMD",2019-12-16T18:30:00Z,Buy,42.61,42.5,3234,-355.74,32.34,1487.64,0,"	1438,1441" 
2019-12-16T15:00:00Z,"TSLA",2019-12-16T19:30:00Z,Buy,24.7753308558,24.976664169,16074,3236.23,160.74,9322.92,1,"	1437,1442" 
2019-12-16T16:00:00Z,"TQQQ",2019-12-16T20:59:00Z,Buy,9.85311834325,9.822035951,40604,-1262.07,406.04,2087.27,0,"	1439,1444" 
2019-12-16T16:30:00Z,"SPXL",2019-12-16T20:00:00Z,Buy,61.803724854,61.659727359,6485,-933.82,64.85,1743.14,0,"	1440,1443" 
2019-12-17T19:00:00Z,"NVDA",2019-12-17T20:59:00Z,Buy,5.685403298,5.6791813105,70010,-435.6,700.1,2038.61,0,"	1445,1446" 
2019-12-18T16:00:00Z,"TSLA",2019-12-18T20:59:00Z,Buy,25.763330757,26.19999738,8387,3662.32,83.87,1895.46,1,"	1447,1450" 
2019-12-18T17:00:00Z,"NVDA",2019-12-18T17:30:00Z,Buy,5.765542497,5.753596281,69053,-824.92,690.53,996.78,0,"	1448,1449" 
2019-12-19T15:00:00Z,"NVDA",2019-12-19T20:59:00Z,Buy,5.808349771,5.861609984,68589,3653.06,685.89,2901.97,1,"	1451,1456" 
2019-12-19T16:00:00Z,"TSLA",2019-12-19T17:00:00Z,Buy,26.919997308,26.8786639788,8378,-346.29,83.78,2016.31,0,"	1452,1454" 
2019-12-19T16:30:00Z,"TQQQ",2019-12-19T20:59:00Z,Buy,9.990598155125,10.0467855565,40038,2249.63,400.38,1292.34,1,"	1453,1457" 
2019-12-19T17:00:00Z,"SPXL",2019-12-19T20:59:00Z,Buy,62.101319677,62.245317172,6432,926.19,64.32,1543.65,1,"	1455,1458" 
2019-12-20T15:30:00Z,"AMD",2019-12-20T16:30:00Z,Buy,43.79,43.84,5190,259.5,51.9,1349.4,1,"	1459,1461" 
2019-12-20T16:00:00Z,"SPXL",2019-12-20T20:59:00Z,Buy,63.234099971,63.339698134,6343,669.81,63.43,1948.54,1,"	1460,1462" 
2019-12-23T15:00:00Z,"TSLA",2019-12-23T15:30:00Z,Buy,27.9213305412,27.8513305482,6329,-443.03,63.29,873.4,0,"	1463,1464" 
2019-12-23T15:30:00Z,"AMD",2019-12-23T20:59:00Z,Buy,45.18,45.45,6466,1745.82,64.66,1939.8,1,"	1465,1466" 
2019-12-24T15:00:00Z,"AMD",2019-12-24T15:30:00Z,Buy,46.45,46.37,5360,-428.8,53.6,1286.4,0,"	1467,1468" 
2019-12-26T14:31:00Z,"TSLA",2019-12-26T15:00:00Z,Buy,28.5339971466,28.5079971492,7728,-200.93,77.28,1004.64,0,"	1469,1470" 
2019-12-26T15:00:00Z,"SPXL",2019-12-26T17:30:00Z,Buy,63.824120668,63.85303525,6284,181.7,62.84,1514.16,1,"	1472,1474" 
2019-12-26T15:00:00Z,"TQQQ",2019-12-26T20:59:00Z,Buy,10.3733471935,10.51087715975,38658,5316.63,386.58,1618.11,1,"	1471,1476" 
2019-12-26T17:30:00Z,"AMD",2019-12-26T18:00:00Z,Sell,46.08,46.06,5234,104.68,52.34,889.78,1,"	1473,1475" 
2019-12-27T15:00:00Z,"TSLA",2019-12-27T15:30:00Z,Sell,28.479997152,28.7313304602,12194,-3064.76,121.94,4072.8,0,"	1477,1482" 
2019-12-27T15:00:00Z,"AMD",2019-12-27T15:30:00Z,Sell,46.37,46.63,7266,-1889.16,72.66,2543.1,0,"	1478,1483" 
2019-12-27T15:00:00Z,"TQQQ",2019-12-27T15:30:00Z,Sell,10.4642365625,10.55393001875,38497,-3452.93,384.97,3867.28,0,"	1480,1484" 
2019-12-27T15:00:00Z,"SPXL",2019-12-27T15:30:00Z,Sell,64.122904682,64.421688696,6280,-1876.36,62.8,1997.42,0,"	1481,1485" 
2019-12-27T15:00:00Z,"NVDA",2019-12-27T20:59:00Z,Sell,5.9006840655,5.8937154395,56898,396.5,568.98,1727.61,1,"	1479,1486" 
2019-12-30T15:00:00Z,"AMD",2019-12-30T16:00:00Z,Sell,44.85,45.4,5447,-2995.85,54.47,3486.08,0,"	1488,1492" 
2019-12-30T15:00:00Z,"TQQQ",2019-12-30T16:30:00Z,Sell,10.2250540125,10.2920251265,38762,-2595.93,387.62,5697.15,0,"	1490,1493" 
2019-12-30T15:00:00Z,"TSLA",2019-12-30T17:00:00Z,Sell,27.6186639048,27.9593305374,12021,-4095.15,120.21,6459.28,0,"	1487,1494" 
2019-12-30T15:00:00Z,"SPXL",2019-12-30T17:00:00Z,Sell,63.448231102,63.457869296,6278,-60.51,62.78,3570.01,0,"	1491,1495" 
2019-12-30T15:00:00Z,"NVDA",2019-12-30T20:59:00Z,Sell,5.804367699,5.774999918,68632,2015.57,686.32,2229.08,1,"	1489,1496" 
2019-12-31T15:00:00Z,"NVDA",2019-12-31T15:30:00Z,Buy,5.8499126475,5.8076031325,67526,-2856.99,675.26,3159.5,0,"	1497,1498" 
2020-01-02T15:30:00Z,"AMD",2020-01-02T20:59:00Z,Buy,47.65,49.05,8118,11365.2,81.18,3531.33,1,"	1499,1502" 
2020-01-02T18:00:00Z,"TQQQ",2020-01-02T18:30:00Z,Buy,10.701027287,10.68069677025,33053,-671.98,330.53,909.16,0,"	1500,1501" 
2020-01-03T15:30:00Z,"TSLA",2020-01-03T16:00:00Z,Buy,29.96666367,29.9419970058,11907,-293.71,119.07,2278.21,0,"	1503,1504" 
2020-01-07T16:00:00Z,"NVDA",2020-01-07T17:00:00Z,Buy,6.006457853,5.990529565,66193,-1054.34,661.93,1927.47,0,"	1505,1506" 
2020-01-08T16:30:00Z,"TQQQ",2020-01-08T20:59:00Z,Buy,10.887589676,10.99163408525,23390,2433.6,233.9,3972.08,1,"	1507,1511" 
2020-01-08T16:30:00Z,"SPXL",2020-01-08T20:59:00Z,Buy,64.884322008,65.0578095,5612,973.61,56.12,5030.33,1,"	1508,1512" 
2020-01-08T17:30:00Z,"TSLA",2020-01-08T20:59:00Z,Buy,32.7579967242,32.8106633856,12192,642.11,121.92,8087.36,1,"	1509,1510" 
2020-01-09T15:00:00Z,"TSLA",2020-01-09T15:30:00Z,Sell,32.343330099,32.9073300426,12310,-6942.84,123.1,7788.13,0,"	1513,1516" 
2020-01-09T15:00:00Z,"NVDA",2020-01-09T15:30:00Z,Buy,6.101032063,6.079130667,65258,-1429.24,652.58,1591.66,0,"	1515,1517" 
2020-01-09T15:00:00Z,"AMD",2020-01-09T17:30:00Z,Buy,49.53,49.17,4210,-1515.6,42.1,3536.4,0,"	1514,1518" 
2020-01-10T17:30:00Z,"AMD",2020-01-10T20:59:00Z,Sell,48.36,48.19,8147,1384.99,81.47,1792.34,1,"	1519,1520" 
2020-01-13T15:00:00Z,"TSLA",2020-01-13T20:59:00Z,Buy,33.3993299934,34.9693298364,4258,6685.06,42.58,1470.43,1,"	1521,1525" 
2020-01-13T15:00:00Z,"NVDA",2020-01-13T20:59:00Z,Buy,6.2117834405,6.2680302075,63531,3573.41,635.31,2387.55,1,"	1522,1526" 
2020-01-13T17:00:00Z,"TQQQ",2020-01-13T17:30:00Z,Buy,11.47717466175,11.49870109125,24498,527.35,244.98,377.94,1,"	1523,1524" 
2020-01-14T15:00:00Z,"AMD",2020-01-14T15:30:00Z,Sell,48.12,48.52,8282,-3312.8,82.82,3478.44,0,"	1527,1530" 
2020-01-14T15:00:00Z,"TQQQ",2020-01-14T15:30:00Z,Sell,11.4113994605,11.51783569525,32614,-3471.31,326.14,3705.33,0,"	1529,1531" 
2020-01-14T15:00:00Z,"NVDA",2020-01-14T17:30:00Z,Sell,6.1620075405,6.212530079,64650,-3266.28,646.5,3797.25,0,"	1528,1532" 
2020-01-15T15:00:00Z,"TQQQ",2020-01-15T16:30:00Z,Buy,11.57284768175,11.5405580375,32240,-1041.02,322.4,2891.72,0,"	1533,1536" 
2020-01-15T15:00:00Z,"SPXL",2020-01-15T18:00:00Z,Buy,67.583016328,67.313146896,5830,-1573.34,58.3,3090.49,0,"	1534,1539" 
2020-01-15T15:30:00Z,"AMD",2020-01-15T18:00:00Z,Buy,48.81,48.57,8065,-1935.6,80.65,3750.22,0,"	1535,1538" 
2020-01-15T17:00:00Z,"NVDA",2020-01-15T18:30:00Z,Sell,6.114471556,6.1157159535,64361,-80.09,643.61,1938.19,0,"	1537,1540" 
2020-01-16T15:00:00Z,"AMD",2020-01-16T15:30:00Z,Buy,49.79,49.7,7869,-708.21,78.69,5036.16,0,"	1541,1542" 
2020-01-17T17:30:00Z,"AMD",2020-01-17T20:30:00Z,Buy,50.74,50.7,7716,-308.64,77.16,3395.04,0,"	1543,1544" 
2020-01-21T15:00:00Z,"AMD",2020-01-21T16:00:00Z,Buy,51.57,51.45,7590,-910.8,75.9,2352.9,0,"	1546,1547" 
2020-01-21T15:00:00Z,"TSLA",2020-01-21T20:59:00Z,Buy,35.9653297368,36.496663017,3820,2029.69,38.2,1704.99,1,"	1545,1548" 
2020-01-22T15:00:00Z,"NVDA",2020-01-22T17:30:00Z,Buy,6.279229785,6.269772364,62379,-589.94,623.79,2685.8,0,"	1549,1555" 
2020-01-22T15:30:00Z,"TQQQ",2020-01-22T16:00:00Z,Buy,12.18993866075,12.1672163185,32133,-730.14,321.33,1844.56,0,"	1550,1553" 
2020-01-22T15:30:00Z,"SPXL",2020-01-22T16:00:00Z,Buy,70.040755798,69.819077336,5590,-1239.18,55.9,1993.47,0,"	1551,1554" 
2020-01-22T16:00:00Z,"TSLA",2020-01-22T19:00:00Z,Buy,38.6906627976,38.459996154,3833,-884.15,38.33,4221.41,0,"	1552,1556" 
2020-01-23T15:00:00Z,"TSLA",2020-01-23T16:00:00Z,Buy,38.4586628208,38.0859961914,2886,-1075.52,28.86,2133.72,0,"	1557,1558" 
2020-01-23T16:00:00Z,"AMD",2020-01-23T17:00:00Z,Sell,50.88,51.08,7654,-1530.8,76.54,1990.04,0,"	1559,1561" 
2020-01-23T16:30:00Z,"SPXL",2020-01-23T17:00:00Z,Sell,68.122755192,68.4311774,5714,-1762.32,57.14,1817.4,0,"	1560,1562" 
2020-01-23T19:00:00Z,"TQQQ",2020-01-23T20:59:00Z,Buy,12.069151473,12.1241634595,32161,1769.24,321.61,1230.78,1,"	1563,1566" 
2020-01-23T19:30:00Z,"NVDA",2020-01-23T20:59:00Z,Buy,6.2964024705,6.2884383265,61666,-491.12,616.66,982.23,0,"	1564,1565" 
2020-01-24T15:30:00Z,"TSLA",2020-01-24T16:00:00Z,Sell,37.4339962566,37.5519962448,3431,-404.86,34.31,956.11,0,"	1567,1569" 
2020-01-24T15:30:00Z,"SPXL",2020-01-24T20:59:00Z,Sell,68.922725294,67.476996194,5632,8142.35,56.32,6351.03,1,"	1568,1576" 
2020-01-24T16:30:00Z,"AMD",2020-01-24T20:59:00Z,Sell,51.34,50.34,7567,7567,75.67,6469.78,1,"	1570,1573" 
2020-01-24T17:00:00Z,"TQQQ",2020-01-24T20:59:00Z,Sell,12.0428413925,11.82159753375,32476,7185.12,324.76,7262.79,1,"	1571,1575" 
2020-01-24T18:30:00Z,"NVDA",2020-01-24T20:59:00Z,Sell,6.2640481355,6.233933716,63243,1904.53,632.43,4375.69,1,"	1572,1574" 
2020-01-28T15:30:00Z,"SPXL",2020-01-28T20:59:00Z,Buy,65.963799736,66.330051108,6027,2207.4,60.27,3078.74,1,"	1577,1584" 
2020-01-28T16:00:00Z,"NVDA",2020-01-28T20:59:00Z,Buy,6.095556714,6.166736251,65321,4649.52,653.21,2275.99,1,"	1578,1582" 
2020-01-28T16:00:00Z,"TQQQ",2020-01-28T20:59:00Z,Buy,11.50826839325,11.609920977,26666,2710.67,266.66,2200.42,1,"	1579,1583" 
2020-01-28T20:30:00Z,"AMD",2020-01-28T20:59:00Z,Buy,50.85,50.55,7939,-2381.7,79.39,2580.18,0,"	1580,1581" 
2020-01-29T15:00:00Z,"AMD",2020-01-29T18:00:00Z,Sell,46.92,46.93,8524,-85.24,85.24,9419.02,0,"	1585,1588" 
2020-01-29T16:00:00Z,"NVDA",2020-01-29T17:00:00Z,Sell,6.1032719785,6.095556714,64846,500.3,648.46,1710.72,1,"	1586,1587" 
2020-01-29T20:00:00Z,"TSLA",2020-01-29T20:59:00Z,Buy,38.9526627714,38.6453294688,10267,-3155.39,102.67,7960.35,0,"	1589,1590" 
2020-01-30T15:00:00Z,"TSLA",2020-01-30T16:00:00Z,Buy,42.7053290628,42.489995751,9334,-2009.92,93.34,8574.83,0,"	1591,1592" 
2020-01-30T20:30:00Z,"AMD",2020-01-30T20:59:00Z,Buy,48.45,48.78,6803,2244.99,68.03,748.33,1,"	1593,1594" 
2020-01-31T15:00:00Z,"NVDA",2020-01-31T17:00:00Z,Sell,6.003471299,5.9738546385,66371,1965.69,663.71,4691.22,1,"	1595,1600" 
2020-01-31T15:00:00Z,"SPXL",2020-01-31T20:59:00Z,Sell,65.742121274,63.361487356,6061,14429.02,60.61,5257.54,1,"	1596,1602" 
2020-01-31T15:30:00Z,"AMD",2020-01-31T17:00:00Z,Sell,47.72,48.08,7939,-2858.04,79.39,5001.57,0,"	1597,1599" 
2020-01-31T15:30:00Z,"TQQQ",2020-01-31T20:59:00Z,Sell,11.49152561475,11.251147152,29975,7205.34,299.75,5699.75,1,"	1598,1601" 
2020-02-03T15:00:00Z,"SPXL",2020-02-03T16:30:00Z,Buy,65.125276858,64.81685465,6240,-1924.55,62.4,5292.53,0,"	1606,1608" 
2020-02-03T15:00:00Z,"TQQQ",2020-02-03T17:00:00Z,Buy,11.691243044,11.657757487,29452,-986.22,294.52,5248.08,0,"	1605,1610" 
2020-02-03T15:00:00Z,"NVDA",2020-02-03T18:30:00Z,Buy,5.9424958215,5.959668507,68372,1174.13,683.72,2722.62,1,"	1604,1611" 
2020-02-03T15:00:00Z,"TSLA",2020-02-03T20:59:00Z,Buy,47.5753285758,51.9339948066,7487,32633.33,74.87,23903.49,1,"	1603,1612" 
2020-02-03T16:30:00Z,"AMD",2020-02-03T17:00:00Z,Buy,47.69,47.63,8511,-510.66,85.11,2212.86,0,"	1607,1609" 
2020-02-04T15:00:00Z,"TSLA",2020-02-04T15:30:00Z,Buy,61.039993896,58.2006608466,3291,-9344.25,32.91,12073.58,0,"	1613,1614" 
2020-02-04T17:00:00Z,"TQQQ",2020-02-04T18:30:00Z,Buy,12.4542353785,12.43151303625,32658,-742.07,326.58,2417.57,0,"	1615,1618" 
2020-02-04T17:30:00Z,"SPXL",2020-02-04T18:00:00Z,Buy,67.881800342,67.823971178,6105,-353.05,61.05,941.46,0,"	1616,1617" 
2020-02-05T15:00:00Z,"TSLA",2020-02-05T20:59:00Z,Sell,53.0946613572,48.9713284362,4025,16596.42,40.25,12477.5,1,"	1619,1620" 
2020-02-06T16:00:00Z,"AMD",2020-02-06T16:30:00Z,Sell,48.09,49.04,8740,-8303,87.4,9701.4,0,"	1622,1623" 
2020-02-06T16:00:00Z,"TSLA",2020-02-06T17:30:00Z,Buy,50.786661588,50.76666159,2204,-44.08,22.04,5678.97,0,"	1621,1624" 
2020-02-07T15:30:00Z,"AMD",2020-02-07T19:30:00Z,Buy,50.12,50.1,8320,-166.4,83.2,5657.6,0,"	1625,1626" 
2020-02-10T15:00:00Z,"TQQQ",2020-02-10T16:00:00Z,Buy,12.949343257,12.99120020325,23803,996.32,238.03,1850.31,1,"	1629,1630" 
2020-02-10T15:00:00Z,"AMD",2020-02-10T20:59:00Z,Buy,50.53,52.27,8252,14358.48,82.52,4786.16,1,"	1627,1632" 
2020-02-10T15:00:00Z,"NVDA",2020-02-10T20:59:00Z,Buy,6.4143713535,6.5358245495,64979,7891.91,649.79,3105.01,1,"	1628,1633" 
2020-02-10T16:00:00Z,"SPXL",2020-02-10T20:59:00Z,Buy,70.002203022,70.715429378,5725,4083.22,57.25,2814.11,1,"	1631,1634" 
2020-02-11T15:00:00Z,"AMD",2020-02-11T16:00:00Z,Buy,54.21,53.91,7885,-2365.5,78.85,4652.15,0,"	1635,1637" 
2020-02-11T15:00:00Z,"NVDA",2020-02-11T17:00:00Z,Buy,6.7214886565,6.716759946,63584,-300.67,635.84,4320.32,0,"	1636,1638" 
2020-02-13T15:30:00Z,"AMD",2020-02-13T16:00:00Z,Buy,55,54.68,5960,-1907.2,59.6,2086,0,"	1639,1640" 
2020-02-13T17:30:00Z,"TSLA",2020-02-13T20:59:00Z,Buy,53.76666129,53.5206613146,7912,-1946.35,79.12,11564.71,0,"	1641,1642" 
2020-02-14T16:00:00Z,"NVDA",2020-02-14T18:00:00Z,Buy,7.297644699,7.190626514,52585,-5627.55,525.85,8127.23,0,"	1643,1644" 
2020-02-18T15:00:00Z,"TSLA",2020-02-18T15:30:00Z,Buy,56.9999943,56.6906609976,5376,-1662.98,53.76,3024.9,0,"	1645,1646" 
2020-02-18T16:00:00Z,"AMD",2020-02-18T20:59:00Z,Buy,56.44,56.85,6983,2863.03,69.83,9915.86,1,"	1647,1652" 
2020-02-18T16:30:00Z,"SPXL",2020-02-18T17:30:00Z,Sell,71.255168242,71.46720851,5914,-1254.01,59.14,2280.01,0,"	1648,1649" 
2020-02-18T18:00:00Z,"NVDA",2020-02-18T18:30:00Z,Buy,7.3068532405,7.2919204705,35302,-527.16,353.02,808.31,0,"	1650,1651" 
2020-02-19T15:00:00Z,"SPXL",2020-02-19T15:30:00Z,Buy,72.980404968,72.951490386,5775,-166.98,57.75,779.25,0,"	1655,1656" 
2020-02-19T15:00:00Z,"TQQQ",2020-02-19T20:30:00Z,Buy,14.04838707425,14.140472356,29998,2762.37,299.98,2044.87,1,"	1654,1659" 
2020-02-19T15:00:00Z,"NVDA",2020-02-19T20:59:00Z,Buy,7.718251054,7.845179599,30481,3868.91,304.81,12645.26,1,"	1653,1660" 
2020-02-19T17:30:00Z,"AMD",2020-02-19T18:00:00Z,Buy,59.11,58.84,7160,-1933.2,71.6,2255.4,0,"	1657,1658" 
2020-02-20T16:30:00Z,"TSLA",2020-02-20T18:30:00Z,Sell,58.4159941584,59.423327391,3260,-3283.91,32.6,6421.11,0,"	1661,1666" 
2020-02-20T16:30:00Z,"AMD",2020-02-20T18:30:00Z,Sell,57.08,57.25,7410,-1259.7,74.1,7335.9,0,"	1662,1667" 
2020-02-20T16:30:00Z,"NVDA",2020-02-20T18:30:00Z,Sell,7.618201495,7.6672307565,31073,-1523.49,310.73,7346.76,0,"	1663,1668" 
2020-02-20T16:30:00Z,"SPXL",2020-02-20T18:30:00Z,Sell,71.534675868,71.717801554,5912,-1082.64,59.12,8376.21,0,"	1665,1669" 
2020-02-20T16:30:00Z,"TQQQ",2020-02-20T20:00:00Z,Sell,13.58437292725,13.6644990815,31127,-2494.09,311.27,13252.16,0,"	1664,1670" 
2020-02-21T15:00:00Z,"AMD",2020-02-21T16:30:00Z,Sell,55.06,55.45,6759,-2636.01,67.59,4190.58,0,"	1671,1675" 
2020-02-21T15:00:00Z,"NVDA",2020-02-21T16:30:00Z,Sell,7.432537388,7.448963435,30922,-507.93,309.22,2817.68,0,"	1672,1676" 
2020-02-21T15:00:00Z,"TQQQ",2020-02-21T16:30:00Z,Sell,13.19211354525,13.22559910225,31726,-1062.36,317.26,6108.59,0,"	1673,1677" 
2020-02-21T15:00:00Z,"SPXL",2020-02-21T16:30:00Z,Sell,70.300987036,70.445559946,5948,-859.92,59.48,4758.22,0,"	1674,1678" 
2020-02-25T15:30:00Z,"TSLA",2020-02-25T20:59:00Z,Sell,54.2513279082,53.3313280002,6507,5986.44,65.07,12888.2,1,"	1679,1685" 
2020-02-25T15:30:00Z,"NVDA",2020-02-25T20:59:00Z,Sell,6.6353763495,6.5238783335,62276,6943.65,622.76,11792.89,1,"	1680,1686" 
2020-02-25T15:30:00Z,"TQQQ",2020-02-25T20:59:00Z,Sell,11.30017957475,10.5240322,34945,27122.47,349.45,15253.78,1,"	1681,1687" 
2020-02-25T15:30:00Z,"SPXL",2020-02-25T20:59:00Z,Sell,61.674803406,57.376168882,6750,29015.78,67.5,13336.85,1,"	1682,1688" 
2020-02-25T19:30:00Z,"AMD",2020-02-25T20:00:00Z,Sell,47.15,47.68,9426,-4995.78,94.26,5844.12,0,"	1683,1684" 
2020-02-26T15:00:00Z,"AMD",2020-02-26T16:30:00Z,Buy,48.74,49.03,9062,2627.98,90.62,5618.44,1,"	1689,1693" 
2020-02-26T15:00:00Z,"NVDA",2020-02-26T17:00:00Z,Buy,6.6966007065,6.734181511,65643,2466.92,656.43,8656.26,1,"	1690,1694" 
2020-02-26T15:30:00Z,"TQQQ",2020-02-26T17:00:00Z,Buy,11.04664607175,10.930642535,37114,-4305.36,371.14,11273.82,0,"	1691,1695" 
2020-02-26T15:30:00Z,"SPXL",2020-02-26T17:00:00Z,Buy,59.236340324,58.706239654,7491,-3970.98,74.91,11826.31,0,"	1692,1696" 
2020-02-27T15:30:00Z,"TSLA",2020-02-27T16:00:00Z,Sell,45.8079954192,47.3506619316,9587,-14789.54,95.87,25936.03,0,"	1697,1701" 
2020-02-27T15:30:00Z,"AMD",2020-02-27T16:00:00Z,Sell,42.76,44.18,10278,-14594.76,102.78,17472.6,0,"	1698,1702" 
2020-02-27T15:30:00Z,"TQQQ",2020-02-27T16:00:00Z,Sell,9.58284886575,9.88421887875,33347,-10049.79,333.47,17188.32,0,"	1699,1703" 
2020-02-27T15:30:00Z,"SPXL",2020-02-27T16:00:00Z,Sell,51.651081646,53.308851014,7178,-11899.47,71.78,18471.85,0,"	1700,1704" 
2020-02-28T15:30:00Z,"SPXL",2020-02-28T16:00:00Z,Sell,43.400787582,45.20312986,8419,-15173.92,84.19,17040.23,0,"	1705,1706" 
2020-02-28T16:30:00Z,"NVDA",2020-02-28T19:00:00Z,Buy,6.54595986525,6.447095600375,63119,-6240.21,631.19,23373.29,0,"	1707,1710" 
2020-02-28T17:30:00Z,"AMD",2020-02-28T18:00:00Z,Buy,45.21,45.17,9171,-366.84,91.71,7153.38,0,"	1708,1709" 
2020-03-02T16:30:00Z,"SPXL",2020-03-02T18:30:00Z,Buy,50.880026126,50.687262246,8034,-1548.67,80.34,11769.85,0,"	1711,1716" 
2020-03-02T17:00:00Z,"TQQQ",2020-03-02T18:30:00Z,Buy,9.99783059,9.753864389,29976,-7313.13,299.76,8926.32,0,"	1712,1715" 
2020-03-02T18:00:00Z,"TSLA",2020-03-02T18:30:00Z,Buy,49.083328425,48.3553284978,8424,-6132.67,84.24,7660.22,0,"	1713,1714" 
2020-03-03T15:00:00Z,"TQQQ",2020-03-03T15:30:00Z,Sell,10.14134012,10.576652361,20517,-8931.3,205.17,15237.19,0,"	1717,1719" 
2020-03-03T15:00:00Z,"SPXL",2020-03-03T15:30:00Z,Sell,52.76911215,54.706389144,4345,-8417.47,43.45,17169.96,0,"	1718,1720" 
2020-03-03T19:00:00Z,"NVDA",2020-03-03T19:30:00Z,Sell,6.613446554875,6.603983476625,59991,567.7,599.91,3286.68,1,"	1721,1722" 
2020-03-04T19:30:00Z,"SPXL",2020-03-04T20:00:00Z,Buy,54.475072488,54.320861384,4177,-644.14,41.77,2335.01,0,"	1723,1724" 
2020-03-04T20:30:00Z,"AMD",2020-03-04T20:59:00Z,Buy,49.71,50.08,7980,2952.6,79.8,1516.2,1,"	1725,1728" 
2020-03-04T20:30:00Z,"NVDA",2020-03-04T20:59:00Z,Buy,6.9976973375,7.091581034875,56680,5321.33,566.8,875.13,1,"	1726,1729" 
2020-03-04T20:30:00Z,"TQQQ",2020-03-04T20:59:00Z,Buy,10.45108152225,10.64960303875,19155,3802.68,191.55,2267.86,1,"	1727,1730" 
2020-03-05T19:30:00Z,"SPXL",2020-03-05T20:00:00Z,Sell,49.868015756,50.417392814,3793,-2083.79,37.93,3326.75,0,"	1731,1732" 
2020-03-11T14:30:00Z,"SPXL",2020-03-11T15:00:00Z,Sell,38.138333658,37.993760748,3650,527.69,36.5,1934.87,1,"	1733,1734" 
2020-03-11T17:00:00Z,"TQQQ",2020-03-11T19:59:00Z,Sell,7.53544623775,7.44216504325,19813,1848.18,198.13,9548.93,1,"	1735,1740" 
2020-03-11T18:00:00Z,"NVDA",2020-03-11T19:59:00Z,Sell,6.22122686425,6.150253777375,54924,3898.13,549.24,8138.19,1,"	1736,1739" 
2020-03-11T18:30:00Z,"TSLA",2020-03-11T19:59:00Z,Sell,41.1346625532,42.2886624378,7617,-8790.02,76.17,12786.4,0,"	1737,1738" 
2020-03-12T15:30:00Z,"TSLA",2020-03-12T17:00:00Z,Sell,37.36666293,38.03332953,8501,-5667.33,85.01,13165.21,0,"	1741,1743" 
2020-03-12T16:00:00Z,"AMD",2020-03-12T17:00:00Z,Sell,39.79,41.16,9293,-12731.41,92.93,12731.41,0,"	1742,1744" 
2020-03-12T19:00:00Z,"TQQQ",2020-03-12T19:59:00Z,Sell,5.67221417325,5.44259892525,28663,6581.46,286.63,7918.32,1,"	1745,1747" 
2020-03-12T19:00:00Z,"SPXL",2020-03-12T19:59:00Z,Sell,27.32427999,26.225525874,5559,6107.97,55.59,8251.12,1,"	1746,1748" 
2020-03-13T15:30:00Z,"TSLA",2020-03-13T19:59:00Z,Sell,35.3693297964,35.713329762,7824,-2691.46,78.24,19299.2,0,"	1749,1750" 
2020-03-16T14:30:00Z,"TSLA",2020-03-16T15:00:00Z,Sell,30.2346636432,31.1873302146,9104,-8673.08,91.04,10275.38,0,"	1751,1752" 
2020-03-17T14:00:00Z,"TSLA",2020-03-17T14:30:00Z,Sell,26.7519973248,27.9999972,8542,-10660.41,85.42,14680.85,0,"	1753,1754" 
2020-03-17T15:00:00Z,"AMD",2020-03-17T15:30:00Z,Buy,41.1,41.5,4618,1847.2,46.18,5149.07,1,"	1755,1757" 
2020-03-17T15:00:00Z,"NVDA",2020-03-17T19:59:00Z,Buy,5.214405144125,5.3720401055,33374,5260.91,333.74,9424.76,1,"	1756,1762" 
2020-03-17T16:00:00Z,"TQQQ",2020-03-17T17:30:00Z,Buy,5.14601256325,4.89008723475,15849,-4056.16,158.49,9514.92,0,"	1758,1759" 
2020-03-17T18:30:00Z,"SPXL",2020-03-17T19:00:00Z,Buy,24.856902326,24.346078044,3256,-1663.24,32.56,4864.2,0,"	1760,1761" 
2020-03-18T17:00:00Z,"TSLA",2020-03-18T19:59:00Z,Sell,24.6666642,23.9753309358,11978,8280.79,119.78,9893.83,1,"	1763,1771" 
2020-03-18T17:00:00Z,"NVDA",2020-03-18T19:59:00Z,Sell,4.81073014825,4.883197405375,33540,-2430.55,335.4,19198.02,0,"	1764,1772" 
2020-03-18T17:30:00Z,"SPXL",2020-03-18T19:00:00Z,Sell,19.093262314,19.71010673,4223,-2604.93,42.23,8221.82,0,"	1765,1770" 
2020-03-18T18:00:00Z,"TQQQ",2020-03-18T19:00:00Z,Sell,4.0780624775,4.36627745025,20054,-5779.86,200.54,9041.53,0,"	1766,1769" 
2020-03-18T18:30:00Z,"AMD",2020-03-18T19:00:00Z,Sell,37.24,38.57,4996,-6644.68,49.96,8593.12,0,"	1767,1768" 
2020-03-19T14:00:00Z,"NVDA",2020-03-19T15:00:00Z,Buy,5.200957611875,5.0114470185,30569,-5793.15,305.69,7574.49,0,"	1774,1778" 
2020-03-19T14:00:00Z,"TSLA",2020-03-19T19:59:00Z,Buy,26.7653306568,28.5806638086,11010,19986.82,110.1,29771.04,1,"	1773,1780" 
2020-03-19T14:30:00Z,"AMD",2020-03-19T15:00:00Z,Buy,40.39,39.9,4428,-2169.72,44.28,4560.84,0,"	1775,1777" 
2020-03-19T14:30:00Z,"TQQQ",2020-03-19T15:00:00Z,Buy,4.96901747625,4.75853683225,16356,-3442.62,163.56,5711.62,0,"	1776,1779" 
2020-03-20T14:30:00Z,"NVDA",2020-03-20T15:30:00Z,Buy,5.707730355,5.549597336875,29749,-4704.3,297.49,6111.88,0,"	1781,1784" 
2020-03-20T15:00:00Z,"TSLA",2020-03-20T15:30:00Z,Buy,31.5939968406,30.3286636338,4672,-5911.64,46.72,8783.36,0,"	1782,1783" 
2020-03-20T19:00:00Z,"SPXL",2020-03-20T19:59:00Z,Sell,19.32457897,18.659543584,4550,3025.91,45.5,5218.6,1,"	1785,1786" 
2020-03-23T14:00:00Z,"NVDA",2020-03-23T14:30:00Z,Buy,5.271183613625,5.242296322125,36409,-1051.76,364.09,3327.54,0,"	1787,1788" 
2020-03-23T15:00:00Z,"SPXL",2020-03-23T17:00:00Z,Sell,17.15598532,18.129442914,6706,-6528.01,67.06,15318.19,0,"	1789,1790" 
2020-03-24T14:00:00Z,"NVDA",2020-03-24T17:00:00Z,Buy,6.01652554,6.090486967375,51498,3808.87,514.98,9644,1,"	1792,1797" 
2020-03-24T14:00:00Z,"AMD",2020-03-24T17:30:00Z,Buy,45.61,45.45,8267,-1322.72,82.67,11904.48,0,"	1791,1798" 
2020-03-24T14:30:00Z,"TSLA",2020-03-24T15:00:00Z,Buy,33.6459966354,32.9959967004,5144,-3343.6,51.44,3998.6,0,"	1793,1795" 
2020-03-24T14:30:00Z,"SPXL",2020-03-24T15:30:00Z,Buy,20.471524056,20.452247668,8220,-158.45,82.2,4436.65,0,"	1794,1796" 
2020-03-25T16:30:00Z,"SPXL",2020-03-25T19:59:00Z,Buy,23.285876704,22.293142722,5216,-5178.1,52.16,14126.66,0,"	1799,1802" 
2020-03-25T17:30:00Z,"TQQQ",2020-03-25T18:30:00Z,Buy,5.5562106365,5.53109646875,28625,-718.89,286.25,8421.32,0,"	1800,1801" 
2020-03-26T14:00:00Z,"TQQQ",2020-03-26T19:59:00Z,Buy,5.4461866635,5.89226211925,31100,13872.95,311,6769.11,1,"	1803,1809" 
2020-03-26T14:00:00Z,"SPXL",2020-03-26T19:59:00Z,Buy,24.413545402,26.370098784,5434,10631.91,54.34,5703.52,1,"	1804,1810" 
2020-03-26T15:30:00Z,"AMD",2020-03-26T19:59:00Z,Buy,47.27,47.32,8081,404.05,80.81,7676.95,1,"	1805,1808" 
2020-03-26T17:30:00Z,"TSLA",2020-03-26T18:30:00Z,Sell,34.5353298798,34.5206632146,7291,106.93,72.91,5176.61,1,"	1806,1807" 
2020-03-30T14:30:00Z,"TSLA",2020-03-30T15:00:00Z,Sell,33.183330015,33.3993299934,8337,-1800.79,83.37,3651.61,0,"	1811,1813" 
2020-03-30T14:30:00Z,"TQQQ",2020-03-30T19:59:00Z,Buy,5.61959401225,5.84920926025,28354,6510.51,283.54,3458.71,1,"	1812,1818" 
2020-03-30T16:30:00Z,"NVDA",2020-03-30T19:00:00Z,Buy,6.566380192,6.576341327,43086,429.19,430.86,2167.39,1,"	1814,1817" 
2020-03-30T17:00:00Z,"SPXL",2020-03-30T17:30:00Z,Buy,25.97493283,25.839998114,5167,-697.21,51.67,1643.42,0,"	1815,1816" 
2020-03-31T14:00:00Z,"TSLA",2020-03-31T17:30:00Z,Buy,34.4986632168,34.8673298466,7582,2795.23,75.82,10655.24,1,"	1819,1822" 
2020-03-31T14:30:00Z,"TQQQ",2020-03-31T16:00:00Z,Buy,6.07882450825,6.0202247835,26848,-1573.29,268.48,5008.83,0,"	1820,1821" 
2020-03-31T17:30:00Z,"AMD",2020-03-31T19:59:00Z,Sell,46.37,45.37,7884,7884,78.84,4099.68,1,"	1823,1824" 
2020-04-01T14:00:00Z,"NVDA",2020-04-01T14:30:00Z,Sell,6.3063945685,6.3621769245,62186,-3468.88,621.86,6318.32,0,"	1825,1827" 
2020-04-01T14:30:00Z,"AMD",2020-04-01T15:30:00Z,Buy,46.23,46.15,8457,-676.56,84.57,5412.48,0,"	1826,1828" 
2020-04-01T17:00:00Z,"TSLA",2020-04-01T17:30:00Z,Sell,32.86666338,32.8886633778,11876,-261.27,118.76,2596.89,0,"	1829,1830" 
2020-04-02T14:00:00Z,"AMD",2020-04-02T15:00:00Z,Buy,43.99,44.29,8872,2661.6,88.72,7763,1,"	1831,1834" 
2020-04-02T14:00:00Z,"NVDA",2020-04-02T17:30:00Z,Buy,6.13854944375,6.188604147125,63563,3181.63,635.63,9766.49,1,"	1832,1839" 
2020-04-02T14:30:00Z,"SPXL",2020-04-02T15:30:00Z,Buy,22.534097572,22.582288542,7419,357.53,74.19,7615.36,1,"	1833,1837" 
2020-04-02T15:00:00Z,"TQQQ",2020-04-02T15:30:00Z,Buy,5.19145724775,5.14601256325,33429,-1519.17,334.29,3238.23,0,"	1835,1836" 
2020-04-02T17:30:00Z,"TSLA",2020-04-02T19:59:00Z,Sell,30.6986635968,30.2639969736,12757,5545.04,127.57,6140.37,1,"	1838,1840" 
2020-04-03T14:00:00Z,"NVDA",2020-04-03T19:59:00Z,Sell,6.233927311375,6.072307896,63150,10206.27,631.5,9404.23,1,"	1841,1847" 
2020-04-03T16:00:00Z,"SPXL",2020-04-03T19:00:00Z,Sell,22.273866334,22.148569812,10004,1253.47,100.04,6556.59,1,"	1843,1845" 
2020-04-03T16:00:00Z,"AMD",2020-04-03T19:59:00Z,Sell,43.19,42.58,9179,5599.19,91.79,8352.89,1,"	1842,1846" 
2020-04-03T16:30:00Z,"TQQQ",2020-04-03T19:59:00Z,Sell,5.01207033525,5.0682782345,44875,-2522.33,448.75,9176.99,0,"	1844,1848" 
2020-04-06T14:00:00Z,"TQQQ",2020-04-06T14:30:00Z,Buy,5.74875258925,5.74636076375,43233,-103.41,432.33,2274.93,0,"	1851,1853" 
2020-04-06T14:00:00Z,"SPXL",2020-04-06T14:30:00Z,Buy,25.415917578,25.358088414,9426,-545.1,94.26,2816.34,0,"	1852,1854" 
2020-04-06T14:00:00Z,"NVDA",2020-04-06T17:30:00Z,Buy,6.504372126625,6.529773020875,59730,1517.2,597.3,4105.35,1,"	1850,1855" 
2020-04-06T14:00:00Z,"AMD",2020-04-06T19:59:00Z,Buy,45.37,47.48,8796,18559.56,87.96,6509.04,1,"	1849,1856" 
2020-04-07T14:00:00Z,"TSLA",2020-04-07T14:30:00Z,Buy,37.4853295848,36.3039963696,8531,-10077.95,85.31,11070.39,0,"	1857,1858" 
2020-04-07T19:00:00Z,"NVDA",2020-04-07T19:30:00Z,Sell,6.44236406125,6.439126692375,48418,156.75,484.18,3918.67,1,"	1859,1860" 
2020-04-08T17:30:00Z,"SPXL",2020-04-08T18:00:00Z,Buy,28.731456314,28.38448133,6225,-2159.92,62.25,2699.9,0,"	1861,1862" 
2020-04-09T14:00:00Z,"SPXL",2020-04-09T14:30:00Z,Buy,31.632552708,31.169919396,7480,-3460.5,74.8,8434.96,0,"	1863,1864" 
2020-04-13T14:00:00Z,"SPXL",2020-04-13T16:30:00Z,Sell,29.512150028,29.512150028,7648,0,76.48,8698.12,0,"	1866,1868" 
2020-04-13T14:00:00Z,"AMD",2020-04-13T19:59:00Z,Buy,49.02,50.99,7338,14455.86,73.38,3962.52,1,"	1865,1870" 
2020-04-13T15:00:00Z,"TSLA",2020-04-13T19:59:00Z,Buy,40.1579959842,43.4046623262,10040,32596.53,100.4,8453.68,1,"	1867,1869" 
2020-04-14T14:00:00Z,"AMD",2020-04-14T15:00:00Z,Buy,54.08,53.58,7739,-3869.5,77.39,5417.3,0,"	1872,1875" 
2020-04-14T14:00:00Z,"NVDA",2020-04-14T15:00:00Z,Buy,6.988483287625,6.95835085425,59860,-1803.73,598.6,3503.11,0,"	1873,1876" 
2020-04-14T14:00:00Z,"TQQQ",2020-04-14T15:30:00Z,Buy,7.43020591575,7.36084297625,36373,-2522.94,363.73,5741.86,0,"	1874,1877" 
2020-04-14T14:00:00Z,"TSLA",2020-04-14T19:00:00Z,Buy,48.6806617986,48.2886618378,8600,-3371.2,86,18312.26,0,"	1871,1878" 
2020-04-16T14:00:00Z,"NVDA",2020-04-16T16:30:00Z,Buy,7.27162855,7.287566366,56851,906.08,568.51,9174.07,1,"	1879,1885" 
2020-04-16T15:00:00Z,"AMD",2020-04-16T16:30:00Z,Buy,57.18,56.81,7264,-2687.68,72.64,9806.4,0,"	1880,1884" 
2020-04-16T15:30:00Z,"TSLA",2020-04-16T16:30:00Z,Buy,50.3879949612,49.3686617298,7140,-7278.04,71.4,10000.76,0,"	1881,1883" 
2020-04-16T15:30:00Z,"TQQQ",2020-04-16T16:30:00Z,Buy,7.826053036,7.615572392,38721,-8150.02,387.21,11530.43,0,"	1882,1886" 
2020-04-17T17:30:00Z,"NVDA",2020-04-17T18:30:00Z,Sell,7.179737079625,7.185962789,56559,-352.12,565.59,2183.14,0,"	1887,1888" 
2020-04-20T15:00:00Z,"AMD",2020-04-20T16:00:00Z,Buy,58.33,58.21,6957,-834.84,69.57,3930.7,0,"	1889,1890" 
2020-04-21T14:30:00Z,"AMD",2020-04-21T18:30:00Z,Sell,55.37,54.21,7322,8493.52,73.22,20501.6,1,"	1891,1897" 
2020-04-21T14:30:00Z,"NVDA",2020-04-21T18:30:00Z,Sell,6.9259771655,6.847284199,58516,4604.8,585.16,12269.75,1,"	1892,1898" 
2020-04-21T14:30:00Z,"TQQQ",2020-04-21T18:30:00Z,Sell,7.24842717775,7.13361955375,36543,4195.42,365.43,16300.94,1,"	1893,1899" 
2020-04-21T15:00:00Z,"TSLA",2020-04-21T17:30:00Z,Sell,47.06666196,47.19999528,9019,-1202.53,90.19,17118.06,0,"	1894,1896" 
2020-04-21T15:00:00Z,"SPXL",2020-04-21T18:30:00Z,Sell,29.213366014,29.49287364,8961,-2504.67,89.61,10191.41,0,"	1895,1900" 
2020-04-22T14:00:00Z,"NVDA",2020-04-22T15:00:00Z,Buy,7.047253984125,7.0255885155,58220,-1261.36,582.2,3581.11,0,"	1901,1902" 
2020-04-22T18:30:00Z,"TSLA",2020-04-22T19:00:00Z,Buy,47.986661868,48.006661866,8538,170.76,85.38,4411.3,1,"	1903,1905" 
2020-04-22T18:30:00Z,"TQQQ",2020-04-22T19:59:00Z,Buy,7.49956885525,7.495981117,41601,-149.25,416.01,3731.34,0,"	1904,1907" 
2020-04-22T19:30:00Z,"SPXL",2020-04-22T19:59:00Z,Buy,31.025346486,30.832582606,9158,-1765.33,91.58,3530.66,0,"	1906,1908" 
2020-04-23T14:00:00Z,"TSLA",2020-04-23T14:30:00Z,Sell,47.9446618722,48.5286618138,8519,-4975.1,85.19,5866.75,0,"	1909,1911" 
2020-04-23T14:00:00Z,"TQQQ",2020-04-23T15:30:00Z,Buy,7.68373941875,7.79137156625,37994,4089.38,379.94,3635,1,"	1910,1913" 
2020-04-23T14:30:00Z,"SPXL",2020-04-23T16:00:00Z,Buy,31.85423117,31.796402006,9661,-558.69,96.61,6005.89,0,"	1912,1914" 
2020-04-24T14:00:00Z,"NVDA",2020-04-24T14:30:00Z,Sell,7.01014875625,7.073650991875,58147,-3692.46,581.47,5603.86,0,"	1915,1917" 
2020-04-24T14:00:00Z,"TQQQ",2020-04-24T14:30:00Z,Sell,7.3309451575,7.45651599625,42042,-5279.25,420.42,6888.16,0,"	1916,1918" 
2020-04-24T19:30:00Z,"SPXL",2020-04-24T19:59:00Z,Buy,32.018080468,31.931336722,9476,-821.98,94.76,3379.27,0,"	1919,1920" 
2020-04-27T14:00:00Z,"NVDA",2020-04-27T15:00:00Z,Buy,7.547801017875,7.402368446875,53473,-7776.72,534.73,7776.72,0,"	1922,1923" 
2020-04-27T14:00:00Z,"TSLA",2020-04-27T19:59:00Z,Buy,52.3333281,53.23332801,7608,6847.2,76.08,8566.61,1,"	1921,1926" 
2020-04-27T17:00:00Z,"SPXL",2020-04-27T18:00:00Z,Buy,33.405980404,33.213216524,10201,-1966.38,102.01,3047.9,0,"	1924,1925" 
2020-04-28T14:00:00Z,"TSLA",2020-04-28T16:30:00Z,Sell,51.6906614976,51.69999483,5873,-54.81,58.73,9353.73,0,"	1927,1931" 
2020-04-28T14:30:00Z,"TQQQ",2020-04-28T18:30:00Z,Sell,7.81289799575,7.75071053275,38413,2388.81,384.13,8866.15,1,"	1928,1932" 
2020-04-28T15:00:00Z,"NVDA",2020-04-28T15:30:00Z,Sell,7.26116935825,7.336624955875,56120,-4234.57,561.2,4234.57,0,"	1929,1930" 
2020-04-29T14:00:00Z,"AMD",2020-04-29T14:30:00Z,Sell,53.72,54.17,7462,-3357.9,74.62,6790.42,0,"	1933,1934" 
2020-04-29T14:30:00Z,"TQQQ",2020-04-29T15:00:00Z,Buy,8.19798190125,8.17167182075,34098,-897.12,340.98,2365.14,0,"	1935,1936" 
2020-04-29T17:00:00Z,"SPXL",2020-04-29T19:59:00Z,Buy,35.776976128,35.46855392,11158,-3441.37,111.58,7312.92,0,"	1937,1938" 
2020-04-30T16:30:00Z,"SPXL",2020-04-30T17:00:00Z,Sell,34.051739402,34.350523416,9371,-2799.9,93.71,4786.93,0,"	1939,1940" 
2020-04-30T17:30:00Z,"NVDA",2020-04-30T18:00:00Z,Sell,7.306243494125,7.310726004875,54253,-243.19,542.53,1648.29,0,"	1941,1943" 
2020-04-30T18:00:00Z,"TSLA",2020-04-30T19:00:00Z,Sell,51.9773281356,51.9713281362,3877,23.26,38.77,4019.16,1,"	1942,1944" 
2020-04-30T19:00:00Z,"AMD",2020-04-30T19:30:00Z,Sell,52.12,52.71,7601,-4484.59,76.01,5168.68,0,"	1945,1946" 
2020-05-01T14:30:00Z,"AMD",2020-05-01T19:59:00Z,Sell,50.34,49.82,7833,4073.16,78.33,8185.48,1,"	1947,1953" 
2020-05-01T15:30:00Z,"TSLA",2020-05-01T19:59:00Z,Sell,48.7526617914,46.7593286574,4654,9276.97,46.54,10549.07,1,"	1948,1952" 
2020-05-01T16:00:00Z,"SPXL",2020-05-01T19:59:00Z,Sell,31.738572842,31.56508535,9063,1572.32,90.63,5843.78,1,"	1949,1954" 
2020-05-01T16:30:00Z,"TQQQ",2020-05-01T18:30:00Z,Sell,7.57371544575,7.64068655975,29025,-1943.84,290.25,4234.79,0,"	1950,1951" 
2020-05-04T14:00:00Z,"NVDA",2020-05-04T17:00:00Z,Buy,7.1331687735,7.1510988165,55981,1003.74,559.81,5004.77,1,"	1957,1958" 
2020-05-04T14:00:00Z,"TSLA",2020-05-04T17:30:00Z,Buy,48.836661783,48.8213284512,4043,-61.99,40.43,5684.46,0,"	1955,1959" 
2020-05-04T14:00:00Z,"AMD",2020-05-04T19:59:00Z,Buy,50.63,52.5,7888,14750.56,78.88,6941.44,1,"	1956,1960" 
2020-05-05T14:00:00Z,"TQQQ",2020-05-05T14:30:00Z,Buy,8.2350551965,8.20037372675,30899,-1071.62,308.99,2069.34,0,"	1961,1963" 
2020-05-05T14:00:00Z,"SPXL",2020-05-05T14:30:00Z,Buy,33.569829702,33.34815124,10196,-2260.23,101.96,3046.4,0,"	1962,1964" 
2020-05-05T18:30:00Z,"NVDA",2020-05-05T19:00:00Z,Buy,7.446944526,7.4658706825,54232,1026.4,542.32,580.73,1,"	1965,1966" 
2020-05-06T14:30:00Z,"NVDA",2020-05-06T16:00:00Z,Buy,7.47134930675,7.472096391875,54092,40.41,540.92,3461.9,1,"	1967,1968" 
2020-05-07T14:00:00Z,"SPXL",2020-05-07T14:30:00Z,Buy,33.724040806,33.512000538,11985,-2541.3,119.85,5544.66,0,"	1969,1970" 
2020-05-08T14:00:00Z,"TSLA",2020-05-08T16:30:00Z,Buy,54.179994582,54.4753278858,4455,1315.71,44.55,2396.79,1,"	1971,1976" 
2020-05-08T14:30:00Z,"NVDA",2020-05-08T15:00:00Z,Buy,7.778899349875,7.743039263875,51776,-1856.69,517.76,2269.29,0,"	1973,1974" 
2020-05-08T14:30:00Z,"AMD",2020-05-08T15:30:00Z,Buy,52.99,53,7602,76.02,76.02,2508.66,1,"	1972,1975" 
2020-05-11T14:00:00Z,"AMD",2020-05-11T19:59:00Z,Buy,54.73,55.82,4223,4603.07,42.23,2660.49,1,"	1977,1982" 
2020-05-11T14:00:00Z,"NVDA",2020-05-11T19:59:00Z,Buy,7.947740588125,8.041873313875,50633,4766.22,506.33,2294.85,1,"	1978,1983" 
2020-05-11T15:30:00Z,"TQQQ",2020-05-11T19:59:00Z,Buy,9.0889369,9.213311826,44512,5536.18,445.12,4577.99,1,"	1979,1984" 
2020-05-11T17:30:00Z,"SPXL",2020-05-11T18:00:00Z,Buy,35.507106696,35.381810174,6280,-786.86,62.8,1507.14,0,"	1980,1981" 
2020-05-12T14:00:00Z,"NVDA",2020-05-12T14:30:00Z,Sell,7.960690063625,8.0495931935,51178,-4549.88,511.78,4893.99,0,"	1985,1986" 
2020-05-12T17:30:00Z,"SPXL",2020-05-12T18:00:00Z,Sell,34.446905356,34.6974984,6197,-1552.93,61.97,1552.93,0,"	1987,1988" 
2020-05-12T19:30:00Z,"TQQQ",2020-05-12T19:59:00Z,Sell,8.950211021,8.66677969925,45219,12816.48,452.19,1622.34,1,"	1989,1990" 
2020-05-13T14:00:00Z,"SPXL",2020-05-13T14:30:00Z,Sell,32.316864482,32.846965152,9209,-4881.7,92.09,5236.73,0,"	1991,1995" 
2020-05-13T14:30:00Z,"AMD",2020-05-13T15:00:00Z,Buy,55.08,54.23,7406,-6295.1,74.06,7183.82,0,"	1992,1996" 
2020-05-13T14:30:00Z,"NVDA",2020-05-13T15:00:00Z,Buy,8.0296709235,7.922339693875,50809,-5453.39,508.09,6060.73,0,"	1993,1997" 
2020-05-13T14:30:00Z,"TQQQ",2020-05-13T15:00:00Z,Buy,8.83659930975,8.65482057175,35299,-6416.61,352.99,8527.33,0,"	1994,1998" 
2020-05-13T16:00:00Z,"TSLA",2020-05-13T19:59:00Z,Sell,52.5773280756,52.6913280642,7608,-867.31,76.08,14967.47,0,"	1999,2000" 
2020-05-14T14:00:00Z,"TSLA",2020-05-14T14:30:00Z,Sell,51.3913281942,51.26666154,7776,969.41,77.76,5930.5,1,"	2001,2004" 
2020-05-14T14:00:00Z,"TQQQ",2020-05-14T15:00:00Z,Sell,7.97315030425,8.06403967325,37623,-3419.53,376.23,7644.45,0,"	2002,2005" 
2020-05-14T14:00:00Z,"SPXL",2020-05-14T15:00:00Z,Sell,29.63744655,30.639818726,9543,-9565.64,95.43,12416.93,0,"	2003,2006" 
2020-05-14T19:30:00Z,"AMD",2020-05-14T19:59:00Z,Buy,53.98,54.35,7247,2681.39,72.47,1376.93,1,"	2007,2008" 
2020-05-15T17:00:00Z,"NVDA",2020-05-15T19:59:00Z,Buy,8.12181142225,8.460739040625,48731,16516.28,487.31,4198.85,1,"	2009,2010" 
2020-05-18T15:00:00Z,"TQQQ",2020-05-18T16:00:00Z,Buy,9.26473607425,9.2539728595,30059,-323.53,300.59,2156.88,0,"	2011,2013" 
2020-05-18T15:00:00Z,"SPXL",2020-05-18T16:30:00Z,Buy,35.603488636,35.75769974,7965,1228.29,79.65,2264.66,1,"	2012,2014" 
2020-05-19T14:00:00Z,"NVDA",2020-05-19T14:30:00Z,Buy,8.98494377,8.91372165475,41130,-2929.37,411.3,3892.16,0,"	2016,2018" 
2020-05-19T14:00:00Z,"TQQQ",2020-05-19T16:30:00Z,Buy,9.385523262,9.4118333425,27990,736.42,279.9,2912.2,1,"	2017,2019" 
2020-05-19T14:00:00Z,"AMD",2020-05-19T19:00:00Z,Buy,55.77,55.85,7213,577.04,72.13,6239.24,1,"	2015,2020" 
2020-05-20T14:00:00Z,"TQQQ",2020-05-20T14:30:00Z,Buy,9.6462322415,9.62590172475,30956,-629.35,309.56,1814.01,0,"	2021,2022" 
2020-05-20T14:30:00Z,"SPXL",2020-05-20T16:00:00Z,Buy,36.567308036,36.644413588,5332,411.13,53.32,873.64,1,"	2023,2024" 
2020-05-21T15:00:00Z,"NVDA",2020-05-21T16:00:00Z,Sell,8.829550064,8.8524606745,45423,-1040.67,454.23,6945.33,0,"	2027,2030" 
2020-05-21T15:00:00Z,"TSLA",2020-05-21T16:30:00Z,Sell,53.769994623,53.893327944,7459,-919.94,74.59,6623.59,0,"	2025,2031" 
2020-05-21T15:00:00Z,"TQQQ",2020-05-21T17:30:00Z,Sell,9.52305322825,9.485979933,29876,1107.6,298.76,6967.17,1,"	2028,2033" 
2020-05-21T15:00:00Z,"AMD",2020-05-21T19:59:00Z,Sell,55.2,54.68,7267,3778.84,72.67,5631.92,1,"	2026,2034" 
2020-05-21T15:30:00Z,"SPXL",2020-05-21T16:30:00Z,Sell,35.449277532,35.85408168,5028,-2035.36,50.28,3004.57,0,"	2029,2032" 
2020-05-22T14:00:00Z,"NVDA",2020-05-22T15:30:00Z,Buy,8.979714174125,8.91670999525,35300,-2224.05,353,4914,0,"	2035,2037" 
2020-05-22T15:00:00Z,"SPXL",2020-05-22T15:30:00Z,Sell,35.13121713,35.237237264,5106,-541.34,51.06,1033.46,0,"	2036,2038" 
2020-05-26T14:00:00Z,"NVDA",2020-05-26T14:30:00Z,Sell,8.853207759625,8.931402669375,45151,-3530.58,451.51,4126.5,0,"	2039,2040" 
2020-05-26T19:00:00Z,"AMD",2020-05-26T19:59:00Z,Sell,54.13,53.23,7359,6623.1,73.59,1950.14,1,"	2041,2042" 
2020-05-27T14:00:00Z,"TSLA",2020-05-27T16:00:00Z,Sell,53.6279946372,53.6326613034,7475,-34.88,74.75,10823.8,0,"	2043,2049" 
2020-05-27T14:00:00Z,"NVDA",2020-05-27T16:00:00Z,Sell,8.247072694875,8.228146538375,41190,779.57,411.9,10831.9,1,"	2045,2050" 
2020-05-27T14:00:00Z,"TQQQ",2020-05-27T16:00:00Z,Sell,9.11405106775,9.07817368525,29952,1074.6,299.52,8883.35,1,"	2046,2051" 
2020-05-27T14:00:00Z,"AMD",2020-05-27T16:30:00Z,Sell,51.37,50.73,6733,4309.12,67.33,10873.8,1,"	2044,2052" 
2020-05-27T15:00:00Z,"SPXL",2020-05-27T15:30:00Z,Sell,36.779348304,37.126323288,7033,-2440.28,70.33,3660.41,0,"	2047,2048" 
2020-05-28T14:30:00Z,"NVDA",2020-05-28T15:00:00Z,Buy,8.708273245375,8.68760389025,34898,-721.32,348.98,1390.49,0,"	2053,2054" 
2020-05-28T16:00:00Z,"TQQQ",2020-05-28T19:30:00Z,Buy,9.801700899,9.64981997975,26534,-4030.01,265.34,7933.09,0,"	2055,2057" 
2020-05-28T17:00:00Z,"SPXL",2020-05-28T19:30:00Z,Buy,39.90212316,39.17925861,6849,-4950.9,68.49,6403.16,0,"	2056,2058" 
2020-05-29T14:00:00Z,"AMD",2020-05-29T14:30:00Z,Buy,52.9,52.22,7525,-5117,75.25,7562.62,0,"	2059,2060" 
2020-05-29T14:30:00Z,"SPXL",2020-05-29T15:00:00Z,Sell,38.0708663,37.887740614,6956,1273.82,69.56,1407.91,1,"	2061,2062" 
2020-05-29T16:30:00Z,"TSLA",2020-05-29T19:59:00Z,Buy,54.6279945372,55.593327774,7258,7006.39,72.58,4693.51,1,"	2063,2065" 
2020-05-29T19:30:00Z,"TQQQ",2020-05-29T19:59:00Z,Buy,9.7897417715,9.93683903975,40614,5974.21,406.14,2035.12,1,"	2064,2066" 
2020-06-01T14:00:00Z,"TSLA",2020-06-01T19:59:00Z,Buy,58.309994169,59.8153273518,6884,10362.71,68.84,3763.25,1,"	2067,2069" 
2020-06-01T17:00:00Z,"SPXL",2020-06-01T19:59:00Z,Buy,39.603339146,39.651530116,10169,490.05,101.69,3332.37,1,"	2068,2070" 
2020-06-02T15:30:00Z,"TSLA",2020-06-02T16:00:00Z,Sell,58.736660793,58.9306607736,4722,-916.07,47.22,1967.5,0,"	2071,2073" 
2020-06-02T15:30:00Z,"AMD",2020-06-02T16:00:00Z,Sell,52.37,52.43,6914,-414.84,69.14,1659.36,0,"	2072,2074" 
2020-06-03T14:00:00Z,"TSLA",2020-06-03T14:30:00Z,Buy,59.8393273494,59.53332738,3732,-1141.99,37.32,2318.82,0,"	2075,2076" 
2020-06-03T15:30:00Z,"SPXL",2020-06-03T17:00:00Z,Buy,42.032164034,41.839400154,9626,-1855.55,96.26,3154.43,0,"	2077,2080" 
2020-06-03T16:30:00Z,"AMD",2020-06-03T17:00:00Z,Sell,52.41,52.59,7616,-1370.88,76.16,1523.2,0,"	2078,2079" 
2020-06-04T14:00:00Z,"TQQQ",2020-06-04T14:30:00Z,Buy,10.452277435,10.45586517325,38575,138.4,385.75,2075.96,1,"	2082,2084" 
2020-06-04T14:00:00Z,"AMD",2020-06-04T15:00:00Z,Buy,53.41,53.29,6997,-839.64,69.97,3008.71,0,"	2081,2085" 
2020-06-04T14:30:00Z,"NVDA",2020-06-04T15:00:00Z,Buy,8.882410584,8.841551296,43475,-1776.36,434.75,2837.84,0,"	2083,2086" 
2020-06-04T19:00:00Z,"TSLA",2020-06-04T19:59:00Z,Sell,57.4673275866,57.6093275724,3764,-534.49,37.64,1385.15,0,"	2087,2088" 
2020-06-05T14:00:00Z,"TQQQ",2020-06-05T19:59:00Z,Buy,10.54914636775,10.71657415275,38076,6374.98,380.76,6238.37,1,"	2089,2093" 
2020-06-05T15:00:00Z,"SPXL",2020-06-05T19:59:00Z,Buy,45.048918756,45.01036598,8938,-344.58,89.38,9131.49,0,"	2090,2094" 
2020-06-05T16:30:00Z,"NVDA",2020-06-05T19:59:00Z,Buy,8.925013866,8.886396856,45453,-1755.26,454.53,4812.81,0,"	2091,2092" 
2020-06-08T14:00:00Z,"AMD",2020-06-08T14:30:00Z,Sell,52.56,52.69,7666,-996.58,76.66,2146.48,0,"	2095,2098" 
2020-06-08T14:00:00Z,"SPXL",2020-06-08T14:30:00Z,Buy,45.73323053,45.338064576,4480,-1770.34,44.8,2029.42,0,"	2097,2099" 
2020-06-08T14:00:00Z,"NVDA",2020-06-08T18:00:00Z,Sell,8.74239278,8.756344732,46072,-642.79,460.72,4488.08,0,"	2096,2101" 
2020-06-08T16:30:00Z,"TSLA",2020-06-08T19:59:00Z,Buy,61.7626604904,63.2093270124,2660,3848.13,26.6,1416.89,1,"	2100,2102" 
2020-06-09T14:00:00Z,"TSLA",2020-06-09T14:30:00Z,Sell,62.06666046,62.449993755,2814,-1078.7,28.14,2087.99,0,"	2103,2107" 
2020-06-09T14:00:00Z,"SPXL",2020-06-09T14:30:00Z,Sell,45.25132083,45.415170128,4841,-793.19,48.41,2099.63,0,"	2106,2108" 
2020-06-09T14:00:00Z,"NVDA",2020-06-09T19:30:00Z,Buy,8.976337118,8.970855994,44894,-246.07,448.94,4899.02,0,"	2105,2110" 
2020-06-09T14:00:00Z,"AMD",2020-06-09T19:59:00Z,Buy,55.5,56.45,7261,6897.95,72.61,5518.36,1,"	2104,2111" 
2020-06-09T15:00:00Z,"TQQQ",2020-06-09T19:59:00Z,Buy,11.22124933325,11.24516758825,21228,507.74,212.28,3224.13,1,"	2109,2112" 
2020-06-10T14:00:00Z,"AMD",2020-06-10T15:00:00Z,Buy,58.43,57.75,6200,-4216,62,7626,0,"	2113,2117" 
2020-06-10T14:00:00Z,"NVDA",2020-06-10T17:30:00Z,Buy,9.308941688,9.325883344,43473,736.5,434.73,7191.75,1,"	2114,2119" 
2020-06-10T14:30:00Z,"SPXL",2020-06-10T15:30:00Z,Sell,44.942898622,45.20312986,6309,-1641.8,63.09,4195.71,0,"	2116,2118" 
2020-06-10T14:30:00Z,"TSLA",2020-06-10T19:59:00Z,Buy,66.6719933328,68.3926598274,4590,7897.86,45.9,3962.7,1,"	2115,2122" 
2020-06-10T18:30:00Z,"TQQQ",2020-06-10T19:00:00Z,Buy,11.825185272,11.6697166145,33725,-5243.18,337.25,7259.79,0,"	2120,2121" 
2020-06-11T14:30:00Z,"SPXL",2020-06-11T19:59:00Z,Sell,41.184002962,37.25161981,7001,27530.61,70.01,6410.31,1,"	2123,2130" 
2020-06-11T16:30:00Z,"AMD",2020-06-11T19:59:00Z,Sell,54.57,53.02,7492,11612.6,74.92,5768.84,1,"	2124,2128" 
2020-06-11T16:30:00Z,"TQQQ",2020-06-11T19:59:00Z,Sell,10.5599095825,9.9619532075,38713,23148.69,387.13,9768.75,1,"	2125,2129" 
2020-06-11T17:00:00Z,"NVDA",2020-06-11T17:30:00Z,Sell,8.925263008,9.010718714,46477,-3971.72,464.77,5291.77,0,"	2126,2127" 
2020-06-12T14:30:00Z,"TSLA",2020-06-12T19:59:00Z,Sell,63.736660293,62.3486604318,6451,8953.99,64.51,10214.08,1,"	2131,2132" 
2020-06-15T16:30:00Z,"TSLA",2020-06-15T19:59:00Z,Buy,63.8586602808,66.1053267228,5825,13086.83,58.25,4011.48,1,"	2133,2138" 
2020-06-15T18:30:00Z,"SPXL",2020-06-15T19:00:00Z,Buy,39.844293996,39.391298878,7102,-3217.17,71.02,3354.07,0,"	2134,2136" 
2020-06-15T19:00:00Z,"NVDA",2020-06-15T19:30:00Z,Buy,9.128313738,9.067273948,47393,-2892.86,473.93,3613.12,0,"	2135,2137" 
2020-06-16T14:00:00Z,"NVDA",2020-06-16T15:30:00Z,Sell,9.017196406,8.97409484,47931,2065.9,479.31,8239.72,1,"	2139,2140" 
2020-06-19T14:00:00Z,"AMD",2020-06-19T14:30:00Z,Buy,55.19,54.81,7846,-2981.48,78.46,4119.15,0,"	2141,2143" 
2020-06-19T14:00:00Z,"NVDA",2020-06-19T15:00:00Z,Buy,9.34780784,9.349302692,46327,69.25,463.27,2216.06,1,"	2142,2144" 
2020-06-22T14:00:00Z,"TQQQ",2020-06-22T15:00:00Z,Buy,11.33725287,11.3348610445,32300,-77.26,323,3631.03,0,"	2145,2146" 
2020-06-22T16:30:00Z,"NVDA",2020-06-22T19:59:00Z,Buy,9.446717214,9.48857307,45665,1911.35,456.65,2457.45,1,"	2147,2148" 
2020-06-23T14:00:00Z,"AMD",2020-06-23T14:30:00Z,Sell,54.12,54.59,7981,-3751.07,79.81,5267.46,0,"	2149,2151" 
2020-06-23T14:30:00Z,"TSLA",2020-06-23T15:00:00Z,Buy,67.1993266134,67.0646599602,6407,-862.81,64.07,2003.26,0,"	2150,2153" 
2020-06-23T14:30:00Z,"TQQQ",2020-06-23T15:00:00Z,Buy,12.00098444625,11.9902212315,20957,-225.56,209.57,1979.96,0,"	2152,2154" 
2020-06-24T14:00:00Z,"TSLA",2020-06-24T14:30:00Z,Sell,64.8339935166,65.5313267802,6627,-4621.23,66.27,11663.52,0,"	2155,2159" 
2020-06-24T14:00:00Z,"NVDA",2020-06-24T14:30:00Z,Sell,9.353787248,9.384929998,36510,-1137.02,365.1,1992.06,0,"	2156,2160" 
2020-06-24T14:00:00Z,"TQQQ",2020-06-24T19:59:00Z,Sell,11.5740435945,11.208094293,29657,10852.96,296.57,10356.42,1,"	2157,2163" 
2020-06-24T14:00:00Z,"SPXL",2020-06-24T19:59:00Z,Sell,40.224367205,38.738506675,7972,11845.28,79.72,10537.68,1,"	2158,2164" 
2020-06-24T15:30:00Z,"AMD",2020-06-24T19:59:00Z,Sell,52.92,52.38,8200,4428,82,6724,1,"	2161,2162" 
2020-06-25T14:00:00Z,"AMD",2020-06-25T14:30:00Z,Sell,51.28,51.59,8541,-2647.71,85.41,6491.16,0,"	2165,2167" 
2020-06-25T14:00:00Z,"TQQQ",2020-06-25T14:30:00Z,Sell,11.05860519925,11.2344043735,24521,-4310.77,245.21,6128.92,0,"	2166,2168" 
2020-06-25T17:00:00Z,"TSLA",2020-06-25T19:59:00Z,Buy,64.8926601774,65.6593267674,6706,5141.27,67.06,2432.04,1,"	2169,2171" 
2020-06-25T19:30:00Z,"SPXL",2020-06-25T19:59:00Z,Buy,39.7515934,39.92526541,6523,1132.86,65.23,2076.91,1,"	2170,2172" 
2020-06-26T14:00:00Z,"TQQQ",2020-06-26T16:00:00Z,Sell,11.30017957475,11.131555877,25142,4239.54,251.42,10313.2,1,"	2174,2180" 
2020-06-26T14:00:00Z,"NVDA",2020-06-26T19:59:00Z,Sell,9.340831864,9.123829182,46834,10163.1,468.34,5390.76,1,"	2173,2181" 
2020-06-26T14:30:00Z,"AMD",2020-06-26T15:30:00Z,Sell,51.34,51.32,8615,172.3,86.15,5341.3,1,"	2176,2178" 
2020-06-26T14:30:00Z,"TSLA",2020-06-26T16:00:00Z,Sell,64.8673268466,64.9113268422,6819,-300.04,68.19,6500.78,0,"	2175,2179" 
2020-06-26T14:30:00Z,"SPXL",2020-06-26T19:59:00Z,Sell,38.217490645,37.12721636,6722,7328.82,67.22,5383.12,1,"	2177,2182" 
2020-06-29T14:00:00Z,"AMD",2020-06-29T14:30:00Z,Sell,48.77,49.39,9141,-5667.42,91.41,6398.7,0,"	2183,2185" 
2020-06-29T14:00:00Z,"NVDA",2020-06-29T14:30:00Z,Sell,8.970855994,9.07126022,49657,-4985.77,496.57,5319.81,0,"	2184,2186" 
2020-06-29T15:00:00Z,"TSLA",2020-06-29T19:59:00Z,Buy,65.4119934588,67.279993272,6751,12610.87,67.51,4455.66,1,"	2187,2188" 
2020-06-30T14:00:00Z,"AMD",2020-06-30T15:30:00Z,Buy,52.44,51.92,8510,-4425.2,85.1,4850.7,0,"	2190,2194" 
2020-06-30T14:00:00Z,"NVDA",2020-06-30T15:30:00Z,Buy,9.444724078,9.406605352,47257,-1801.38,472.57,3352.56,0,"	2191,2195" 
2020-06-30T14:00:00Z,"TSLA",2020-06-30T19:59:00Z,Buy,69.129993087,71.8886594778,5085,14027.82,50.85,6820.68,1,"	2189,2197" 
2020-06-30T14:00:00Z,"TQQQ",2020-06-30T19:59:00Z,Buy,11.284632709,11.686459393,22843,9178.93,228.43,4559.41,1,"	2192,2198" 
2020-06-30T15:00:00Z,"SPXL",2020-06-30T17:00:00Z,Buy,39.568272945,39.46214005,5954,-631.92,59.54,2757.45,0,"	2193,2196" 
2020-07-01T14:00:00Z,"TSLA",2020-07-01T17:30:00Z,Buy,74.1086592558,74.3439925656,5347,1258.33,53.47,8562.33,1,"	2199,2202" 
2020-07-01T14:30:00Z,"TQQQ",2020-07-01T15:00:00Z,Buy,11.906507339,11.94358063425,27640,1024.71,276.4,2247.74,1,"	2200,2201" 
2020-07-02T14:00:00Z,"SPXL",2020-07-02T14:30:00Z,Buy,43.022416255,42.308431325,7981,-5698.31,79.81,6545.36,0,"	2203,2204" 
2020-07-06T14:00:00Z,"TSLA",2020-07-06T14:30:00Z,Buy,86.9346579732,86.8139913186,4401,-531.05,44.01,3984.37,0,"	2205,2207" 
2020-07-06T14:00:00Z,"TQQQ",2020-07-06T14:30:00Z,Buy,13.00794298175,13.05817131725,24481,1229.64,244.81,2312.89,1,"	2206,2209" 
2020-07-06T14:30:00Z,"NVDA",2020-07-06T16:30:00Z,Buy,9.813454238,9.79501773,45978,-847.67,459.78,3940.54,0,"	2208,2210" 
2020-07-06T17:00:00Z,"AMD",2020-07-06T17:30:00Z,Buy,53.46,53.27,8430,-1601.7,84.3,3076.95,0,"	2211,2212" 
2020-07-07T14:30:00Z,"TQQQ",2020-07-07T16:00:00Z,Buy,13.5162059005,13.5066385985,29240,-279.75,292.4,4441,0,"	2213,2214" 
2020-07-08T14:00:00Z,"TQQQ",2020-07-08T14:30:00Z,Buy,13.40020236375,13.30692116925,23114,-2156.1,231.14,3068.3,0,"	2215,2219" 
2020-07-08T14:00:00Z,"SPXL",2020-07-08T14:30:00Z,Buy,43.28292427,42.91628336,8406,-3081.98,84.06,3446.96,0,"	2216,2220" 
2020-07-08T14:30:00Z,"AMD",2020-07-08T15:00:00Z,Sell,52.35,52.83,8548,-4103.04,85.48,4103.04,0,"	2217,2221" 
2020-07-08T14:30:00Z,"NVDA",2020-07-08T15:30:00Z,Buy,10.045654582,9.964932574,44552,-3596.33,445.52,5560.99,0,"	2218,2222" 
2020-07-08T19:00:00Z,"TSLA",2020-07-08T19:30:00Z,Sell,89.26665774,90.6259909374,2659,-3614.47,26.59,5660.12,0,"	2223,2224" 
2020-07-09T14:00:00Z,"AMD",2020-07-09T15:00:00Z,Buy,54.68,54.88,8098,1619.6,80.98,9231.72,1,"	2225,2227" 
2020-07-09T14:30:00Z,"SPXL",2020-07-09T17:00:00Z,Sell,42.87768958,42.20229843,7806,5272.1,78.06,8962.58,1,"	2226,2230" 
2020-07-09T15:00:00Z,"TQQQ",2020-07-09T15:30:00Z,Sell,13.26147648475,13.308117082,20918,-975.63,209.18,4002.58,0,"	2228,2229" 
2020-07-09T18:30:00Z,"NVDA",2020-07-09T19:59:00Z,Buy,10.44901548,10.479909088,42589,1315.73,425.89,4764.21,1,"	2231,2232" 
2020-07-10T14:00:00Z,"AMD",2020-07-10T14:30:00Z,Sell,56.61,56.76,6598,-989.7,65.98,5872.22,0,"	2233,2235" 
2020-07-10T14:00:00Z,"TQQQ",2020-07-10T14:30:00Z,Sell,13.57002197425,13.73266610825,26502,-4310.39,265.02,8715.87,0,"	2234,2236" 
2020-07-10T17:00:00Z,"TSLA",2020-07-10T19:59:00Z,Buy,97.06665696,103.2406563426,2041,12601.13,20.41,2438.31,1,"	2237,2241" 
2020-07-10T17:00:00Z,"SPXL",2020-07-10T19:59:00Z,Buy,43.14784604,43.948666975,9068,7261.84,90.68,2624.76,1,"	2238,2242" 
2020-07-10T18:30:00Z,"NVDA",2020-07-10T19:00:00Z,Sell,10.393456814,10.417374446,42899,-1026.04,428.99,1026.04,0,"	2239,2240" 
2020-07-13T14:00:00Z,"AMD",2020-07-13T14:30:00Z,Buy,57.89,57.11,6487,-5059.86,64.87,6422.13,0,"	2243,2246" 
2020-07-13T14:00:00Z,"NVDA",2020-07-13T15:30:00Z,Buy,10.702392894,10.656301624,42085,-1939.75,420.85,4131.15,0,"	2244,2250" 
2020-07-13T14:30:00Z,"SPXL",2020-07-13T15:00:00Z,Buy,45.318746165,45.5406604,9293,2062.25,92.93,2510.56,1,"	2248,2249" 
2020-07-13T14:30:00Z,"TSLA",2020-07-13T17:00:00Z,Buy,116.03332173,111.003322233,1792,-9013.76,17.92,13029.03,0,"	2245,2251" 
2020-07-13T14:30:00Z,"TQQQ",2020-07-13T17:00:00Z,Buy,14.8317099255,14.69896361025,27409,-3638.44,274.09,9571.4,0,"	2247,2252" 
2020-07-14T14:00:00Z,"NVDA",2020-07-14T15:00:00Z,Sell,9.925568138,9.956212604,44620,-1367.36,446.2,11772.6,0,"	2253,2254" 
2020-07-14T18:30:00Z,"SPXL",2020-07-14T19:59:00Z,Buy,43.697807405,44.46003456,10128,7719.84,101.28,6009.75,1,"	2255,2256" 
2020-07-15T14:00:00Z,"NVDA",2020-07-15T14:30:00Z,Sell,10.222794544,10.299031996,43564,-3321.21,435.64,4189.5,0,"	2257,2258" 
2020-07-15T16:00:00Z,"TSLA",2020-07-15T16:30:00Z,Sell,97.19999028,99.4153233918,3203,-7095.71,32.03,7095.71,0,"	2259,2262" 
2020-07-15T16:00:00Z,"AMD",2020-07-15T16:30:00Z,Sell,53.83,54.27,7164,-3152.16,71.64,3510.36,0,"	2260,2263" 
2020-07-15T16:00:00Z,"TQQQ",2020-07-15T16:30:00Z,Sell,13.16580346475,13.32605577325,31925,-5116.05,319.25,7406.83,0,"	2261,2264" 
2020-07-16T14:30:00Z,"TQQQ",2020-07-16T15:30:00Z,Sell,13.05338766625,12.9278168275,33518,4208.88,335.18,4369.22,1,"	2265,2267" 
2020-07-16T15:30:00Z,"AMD",2020-07-16T16:00:00Z,Sell,53.94,54.29,6813,-2384.55,68.13,2520.81,0,"	2266,2268" 
2020-07-17T14:30:00Z,"TQQQ",2020-07-17T15:00:00Z,Sell,13.08926504875,13.23995005525,29898,-4505.18,298.98,5577.84,0,"	2269,2271" 
2020-07-17T14:30:00Z,"SPXL",2020-07-17T15:00:00Z,Sell,44.84597236,45.23191016,9767,-3769.45,97.67,4806.05,0,"	2270,2272" 
2020-07-20T14:30:00Z,"SPXL",2020-07-20T15:00:00Z,Buy,45.916949755,45.84941064,9469,-639.53,94.69,2009.94,0,"	2275,2276" 
2020-07-20T14:30:00Z,"AMD",2020-07-20T19:59:00Z,Buy,55.93,57.5,7774,12205.18,77.74,4275.7,1,"	2273,2281" 
2020-07-20T14:30:00Z,"TQQQ",2020-07-20T19:59:00Z,Buy,13.882155202,14.57698050975,25282,17566.57,252.82,2388.57,1,"	2274,2282" 
2020-07-20T15:30:00Z,"NVDA",2020-07-20T18:00:00Z,Buy,10.383491134,10.333413592,41005,-2053.43,410.05,3504.11,0,"	2277,2279" 
2020-07-20T17:00:00Z,"TSLA",2020-07-20T19:59:00Z,Buy,105.596656107,109.6406557026,4155,16802.82,41.55,11977.48,1,"	2278,2280" 
2020-07-21T14:30:00Z,"NVDA",2020-07-21T18:00:00Z,Sell,10.355338088,10.373525454,43609,-793.13,436.09,5117.34,0,"	2283,2287" 
2020-07-21T15:00:00Z,"AMD",2020-07-21T16:30:00Z,Sell,56.7,56.88,7973,-1435.14,79.73,3986.5,0,"	2284,2285" 
2020-07-21T17:30:00Z,"TSLA",2020-07-21T18:30:00Z,Sell,105.8079894192,107.36665593,2367,-3689.36,23.67,4558.84,0,"	2286,2288" 
2020-07-21T19:30:00Z,"TQQQ",2020-07-21T19:59:00Z,Sell,14.1045949735,14.02925247025,20289,1528.62,202.89,3008.72,1,"	2289,2290" 
2020-07-22T14:00:00Z,"TQQQ",2020-07-22T14:30:00Z,Buy,14.27561049675,14.16080287275,16845,-1933.93,168.45,3142.64,0,"	2293,2295" 
2020-07-22T14:00:00Z,"SPXL",2020-07-22T14:30:00Z,Buy,47.248435165,47.055466265,9515,-1836.1,95.15,2845.95,0,"	2294,2296" 
2020-07-22T14:00:00Z,"NVDA",2020-07-22T15:00:00Z,Buy,10.5262495,10.39046711,42730,-5801.98,427.3,7079.48,0,"	2292,2297" 
2020-07-22T14:00:00Z,"AMD",2020-07-22T19:59:00Z,Buy,58.76,61.82,7655,23424.3,76.55,7195.7,1,"	2291,2298" 
2020-07-23T16:30:00Z,"TSLA",2020-07-23T19:59:00Z,Sell,104.2273229106,100.7779899222,2048,7064.23,20.48,6615.04,1,"	2299,2304" 
2020-07-23T16:30:00Z,"NVDA",2020-07-23T19:59:00Z,Sell,10.246712176,10.082527598,44386,7287.5,443.86,5009.46,1,"	2300,2306" 
2020-07-23T16:30:00Z,"TQQQ",2020-07-23T19:59:00Z,Sell,13.64895221575,13.03903671325,18568,11324.91,185.68,5196.14,1,"	2301,2307" 
2020-07-23T17:00:00Z,"AMD",2020-07-23T19:59:00Z,Sell,59.87,59.45,4855,2039.1,48.55,4806.45,1,"	2302,2305" 
2020-07-23T17:00:00Z,"SPXL",2020-07-23T19:59:00Z,Sell,47.02652093,45.878355975,9739,11181.98,97.39,6577.63,1,"	2303,2308" 
2020-07-24T14:00:00Z,"AMD",2020-07-24T19:59:00Z,Buy,65.95,69.41,5381,18618.26,53.81,9309.13,1,"	2309,2312" 
2020-07-24T15:00:00Z,"NVDA",2020-07-24T17:00:00Z,Buy,10.232760224,10.134847418,46164,-4520.05,461.64,8660.55,0,"	2310,2311" 
2020-07-27T14:00:00Z,"TSLA",2020-07-27T14:30:00Z,Buy,98.6406568026,97.0193236314,2913,-4722.94,29.13,5394.88,0,"	2313,2317" 
2020-07-27T14:00:00Z,"TQQQ",2020-07-27T14:30:00Z,Buy,13.2483214445,13.111987391,23246,-3169.22,232.46,4114.43,0,"	2315,2318" 
2020-07-27T14:00:00Z,"NVDA",2020-07-27T15:00:00Z,Buy,10.328679894,10.316471936,46052,-562.2,460.52,2340.59,0,"	2314,2319" 
2020-07-27T14:00:00Z,"SPXL",2020-07-27T15:30:00Z,Buy,45.859059085,45.48276973,10367,-3900.99,103.67,5291.35,0,"	2316,2320" 
2020-07-28T14:00:00Z,"NVDA",2020-07-28T14:30:00Z,Sell,10.22354197,10.311738238,45998,-4056.85,459.98,4137.07,0,"	2321,2323" 
2020-07-28T14:00:00Z,"TQQQ",2020-07-28T14:30:00Z,Sell,13.1191628675,13.2244031895,26435,-2782.03,264.35,3733.61,0,"	2322,2324" 
2020-07-29T14:30:00Z,"TQQQ",2020-07-29T16:00:00Z,Buy,13.231578666,13.24473370625,26114,343.53,261.14,2029.95,1,"	2325,2327" 
2020-07-29T14:30:00Z,"SPXL",2020-07-29T19:59:00Z,Buy,46.109918655,46.77566136,10134,6746.64,101.34,5680.86,1,"	2326,2328" 
2020-07-30T14:00:00Z,"SPXL",2020-07-30T15:00:00Z,Sell,44.73019102,45.28980083,10509,-5880.94,105.09,8010.25,0,"	2329,2331" 
2020-07-30T14:30:00Z,"AMD",2020-07-30T16:30:00Z,Buy,77.97,77.94,2717,-81.51,27.17,2689.83,0,"	2330,2332" 
2020-07-31T14:00:00Z,"AMD",2020-07-31T15:00:00Z,Sell,77.21,76.68,2450,1298.5,24.5,3895.5,1,"	2333,2336" 
2020-07-31T14:30:00Z,"SPXL",2020-07-31T15:00:00Z,Sell,45.839762195,46.10027021,10212,-2660.31,102.12,3152.96,0,"	2335,2337" 
2020-07-31T14:30:00Z,"TSLA",2020-07-31T15:30:00Z,Sell,97.8059902194,98.7153234618,2743,-2494.3,27.43,3821.91,0,"	2334,2338" 
2020-08-03T14:00:00Z,"TQQQ",2020-08-03T14:30:00Z,Buy,14.80659575775,14.7743061135,25970,-838.56,259.7,4938.2,0,"	2341,2342" 
2020-08-03T14:00:00Z,"TSLA",2020-08-03T19:00:00Z,Buy,98.13332352,98.8686567798,2846,2092.76,28.46,5327.71,1,"	2339,2343" 
2020-08-03T14:00:00Z,"NVDA",2020-08-03T19:59:00Z,Buy,10.824223332,10.980435366,43053,6725.4,430.53,5781.48,1,"	2340,2344" 
2020-08-04T14:00:00Z,"AMD",2020-08-04T19:59:00Z,Buy,82.62,85.05,2955,7180.65,29.55,6973.8,1,"	2345,2348" 
2020-08-04T14:30:00Z,"NVDA",2020-08-04T15:30:00Z,Buy,11.095788112,11.04072773,42297,-2328.89,422.97,4383.79,0,"	2346,2347" 
2020-08-05T14:30:00Z,"NVDA",2020-08-05T15:00:00Z,Buy,11.307807954,11.25498985,41624,-2198.5,416.24,2862.2,0,"	2349,2350" 
2020-08-06T15:00:00Z,"NVDA",2020-08-06T15:30:00Z,Sell,11.174766126,11.194448344,42015,-826.95,420.15,2815.81,0,"	2351,2352" 
2020-08-06T18:00:00Z,"TQQQ",2020-08-06T19:59:00Z,Buy,15.46673959575,15.6688488505,30329,6129.77,303.29,4171.15,1,"	2353,2355" 
2020-08-06T18:30:00Z,"SPXL",2020-08-06T19:59:00Z,Buy,50.63503936,50.779766035,9299,1345.81,92.99,2691.63,1,"	2354,2356" 
2020-08-07T14:00:00Z,"NVDA",2020-08-07T15:30:00Z,Buy,11.459535432,11.313787362,34518,-5030.93,345.18,5116.93,0,"	2357,2358" 
2020-08-07T16:00:00Z,"TQQQ",2020-08-07T16:30:00Z,Sell,15.37345840125,15.4631518575,20445,-1833.78,204.45,2836.25,0,"	2360,2361" 
2020-08-07T16:00:00Z,"TSLA",2020-08-07T19:59:00Z,Sell,96.9726569694,96.916656975,2305,129.08,23.05,5954.58,1,"	2359,2363" 
2020-08-07T17:30:00Z,"AMD",2020-08-07T19:59:00Z,Sell,83.5,84.8,1715,-2229.5,17.15,3430,0,"	2362,2364" 
2020-08-10T14:00:00Z,"TSLA",2020-08-10T16:00:00Z,Sell,95.1779904822,94.929990507,3898,966.7,38.98,9012.18,1,"	2365,2371" 
2020-08-10T14:00:00Z,"AMD",2020-08-10T17:00:00Z,Sell,83.11,81.91,2251,2701.2,22.51,5650.01,1,"	2366,2373" 
2020-08-10T14:00:00Z,"TQQQ",2020-08-10T17:00:00Z,Sell,14.9895704085,14.958476677,19206,597.19,192.06,10887.16,1,"	2367,2374" 
2020-08-10T15:00:00Z,"SPXL",2020-08-10T15:30:00Z,Sell,50.413125125,50.953438045,9507,-5136.75,95.07,5503.67,0,"	2369,2370" 
2020-08-10T15:00:00Z,"NVDA",2020-08-10T16:00:00Z,Sell,10.84515126,11.100023526,42395,-10805.31,423.95,11523.55,0,"	2368,2372" 
2020-08-11T19:30:00Z,"AMD",2020-08-11T19:59:00Z,Sell,77.31,76.89,1721,722.82,17.21,1600.53,1,"	2375,2378" 
2020-08-11T19:30:00Z,"NVDA",2020-08-11T19:59:00Z,Sell,10.887754542,10.79158573,42533,4090.35,425.33,921.92,1,"	2376,2379" 
2020-08-11T19:30:00Z,"TQQQ",2020-08-11T19:59:00Z,Sell,14.451409671,14.11535818825,16984,5707.5,169.84,1706.16,1,"	2377,2380" 
2020-08-12T14:00:00Z,"SPXL",2020-08-12T17:30:00Z,Buy,51.841094985,51.96652477,9007,1129.75,90.07,4779.69,1,"	2384,2386" 
2020-08-12T14:00:00Z,"AMD",2020-08-12T19:59:00Z,Buy,79.89,82.71,3667,10340.94,36.67,3190.29,1,"	2381,2388" 
2020-08-12T14:00:00Z,"NVDA",2020-08-12T19:59:00Z,Buy,11.110238348,11.397249932,42043,12066.83,420.43,4043.23,1,"	2382,2389" 
2020-08-12T14:00:00Z,"TQQQ",2020-08-12T19:59:00Z,Buy,14.87835052275,15.2048347035,17053,5567.53,170.53,3691.3,1,"	2383,2390" 
2020-08-12T14:30:00Z,"TSLA",2020-08-12T19:59:00Z,Buy,99.253323408,103.7039896296,4738,21087.26,47.38,16507.19,1,"	2385,2387" 
2020-08-13T14:00:00Z,"SPXL",2020-08-13T14:30:00Z,Buy,52.54543147,52.42965013,9266,-1072.83,92.66,2682.07,0,"	2391,2392" 
2020-08-13T16:00:00Z,"TSLA",2020-08-13T17:30:00Z,Buy,109.9226556744,108.8673224466,2560,-2701.65,25.6,4282.03,0,"	2393,2394" 
2020-08-14T14:30:00Z,"TQQQ",2020-08-14T15:00:00Z,Sell,15.03621100575,15.078067952,25121,-1051.49,251.21,4686.63,0,"	2395,2396" 
2020-08-17T14:00:00Z,"TSLA",2020-08-17T19:59:00Z,Buy,116.2879883712,122.1026544564,2428,14118.01,24.28,6061.91,1,"	2397,2399" 
2020-08-17T14:00:00Z,"NVDA",2020-08-17T19:59:00Z,Buy,12.106058922,12.299393114,40042,7741.49,400.42,5137.71,1,"	2398,2400" 
2020-08-18T14:00:00Z,"NVDA",2020-08-18T15:00:00Z,Sell,12.14442679,12.203722586,40608,-2407.88,406.08,5564.44,0,"	2401,2405" 
2020-08-18T14:30:00Z,"AMD",2020-08-18T15:00:00Z,Sell,81.11,81.69,4905,-2844.9,49.05,2844.9,0,"	2402,2404" 
2020-08-18T14:30:00Z,"SPXL",2020-08-18T15:00:00Z,Sell,52.014766995,52.46824391,9485,-4301.23,94.85,4301.23,0,"	2403,2406" 
2020-08-19T15:30:00Z,"AMD",2020-08-19T16:00:00Z,Sell,80.5,81.06,5049,-2827.44,50.49,2827.44,0,"	2407,2408" 
2020-08-20T14:00:00Z,"TQQQ",2020-08-20T19:59:00Z,Buy,16.11253248075,16.584918017,21463,10138.81,214.63,2672.03,1,"	2409,2416" 
2020-08-20T15:00:00Z,"TSLA",2020-08-20T19:59:00Z,Buy,128.8659871134,133.4539866546,1346,6175.45,13.46,2587.91,1,"	2410,2414" 
2020-08-20T16:00:00Z,"SPXL",2020-08-20T17:00:00Z,Buy,52.420001685,52.23668123,9385,-1720.46,93.85,2263.77,0,"	2412,2413" 
2020-08-20T16:00:00Z,"AMD",2020-08-20T19:59:00Z,Buy,82.37,82.78,5973,2448.93,59.73,3583.8,1,"	2411,2415" 
2020-08-21T14:00:00Z,"NVDA",2020-08-21T19:59:00Z,Buy,12.416489854,12.63648224,23121,5086.44,231.21,4769.62,1,"	2417,2421" 
2020-08-21T15:00:00Z,"TQQQ",2020-08-21T16:00:00Z,Buy,16.86834933875,16.632754527,20541,-4839.35,205.41,4839.35,0,"	2418,2419" 
2020-08-21T19:00:00Z,"SPXL",2020-08-21T19:59:00Z,Buy,53.172580395,53.269064845,9297,897.02,92.97,1794.03,1,"	2420,2422" 
2020-08-24T14:00:00Z,"TSLA",2020-08-24T15:30:00Z,Sell,133.3953199938,132.779986722,1508,927.92,15.08,5025.66,1,"	2423,2424" 
2020-08-25T16:30:00Z,"AMD",2020-08-25T17:00:00Z,Buy,84.69,84.85,5850,936,58.5,2281.5,1,"	2425,2426" 
2020-08-26T14:00:00Z,"TSLA",2020-08-26T15:00:00Z,Buy,140.6666526,140.73331926,2285,152.33,22.85,3002.49,1,"	2427,2428" 
2020-08-26T15:30:00Z,"TQQQ",2020-08-26T19:59:00Z,Buy,18.263979518,18.76506696025,25623,12839.36,256.23,10112.15,1,"	2429,2431" 
2020-08-26T16:00:00Z,"SPXL",2020-08-26T19:59:00Z,Buy,56.3469188,57.128442845,8828,6899.29,88.28,5970.87,1,"	2430,2432" 
2020-08-27T14:00:00Z,"AMD",2020-08-27T14:30:00Z,Sell,84.82,85.35,5629,-2983.37,56.29,6754.8,0,"	2433,2435" 
2020-08-27T14:00:00Z,"SPXL",2020-08-27T14:30:00Z,Buy,57.938912225,57.89067,8689,-419.18,86.89,7293.67,0,"	2434,2436" 
2020-08-27T16:00:00Z,"TSLA",2020-08-27T16:30:00Z,Buy,151.6253181708,149.13331842,1664,-4146.69,16.64,6299.9,0,"	2437,2438" 
2020-08-27T17:00:00Z,"TQQQ",2020-08-27T17:30:00Z,Sell,18.2902895985,18.54262718875,26196,-6610.24,261.96,8740.55,0,"	2439,2440" 
2020-08-28T14:00:00Z,"AMD",2020-08-28T15:00:00Z,Buy,85.18,85.01,4899,-832.83,48.99,5829.81,0,"	2441,2443" 
2020-08-28T14:00:00Z,"NVDA",2020-08-28T19:59:00Z,Buy,12.77600176,13.095152662,37754,12049.22,377.54,6527.84,1,"	2442,2444" 
2020-08-31T14:00:00Z,"SPXL",2020-08-31T14:30:00Z,Sell,58.29590469,58.37309225,8616,-665.05,86.16,2161.41,0,"	2446,2449" 
2020-08-31T14:00:00Z,"TSLA",2020-08-31T19:59:00Z,Buy,151.923318141,165.89998341,1922,26863.15,19.22,14286.87,1,"	2445,2452" 
2020-08-31T14:30:00Z,"TQQQ",2020-08-31T15:30:00Z,Buy,19.139387651,19.12384078525,20299,-315.59,202.99,7112.82,0,"	2448,2450" 
2020-08-31T14:30:00Z,"AMD",2020-08-31T19:59:00Z,Buy,87.12,91.03,4576,17892.16,45.76,8236.8,1,"	2447,2453" 
2020-08-31T16:30:00Z,"NVDA",2020-08-31T19:59:00Z,Buy,13.378177974,13.364973448,38480,-508.11,384.8,6384.93,0,"	2451,2454" 
2020-09-01T14:00:00Z,"TSLA",2020-09-01T14:30:00Z,Sell,157.389984261,167.359983264,1525,-15204.25,15.25,15204.25,0,"	2455,2457" 
2020-09-01T14:00:00Z,"NVDA",2020-09-01T17:00:00Z,Buy,13.6710230668,13.7089039824,37975,1438.53,379.75,9747.92,1,"	2456,2462" 
2020-09-01T14:30:00Z,"TQQQ",2020-09-01T15:00:00Z,Buy,20.18700722,19.952608321,24290,-5693.55,242.9,5693.55,0,"	2458,2460" 
2020-09-01T14:30:00Z,"SPXL",2020-09-01T15:00:00Z,Buy,58.980944285,58.60465493,8732,-3285.76,87.32,3285.76,0,"	2459,2461" 
2020-09-02T14:00:00Z,"AMD",2020-09-02T14:30:00Z,Sell,89.81,91.35,4770,-7345.8,47.7,7775.1,0,"	2464,2466" 
2020-09-02T14:00:00Z,"TQQQ",2020-09-02T14:30:00Z,Sell,20.07578733425,20.56132791075,23688,-11501.49,236.88,11501.49,0,"	2465,2467" 
2020-09-02T14:00:00Z,"TSLA",2020-09-02T17:00:00Z,Sell,146.669985333,147.59998524,1414,-1315.02,14.14,17858.82,0,"	2463,2469" 
2020-09-02T16:30:00Z,"SPXL",2020-09-02T17:00:00Z,Buy,61.03606307,61.09395374,8223,476.03,82.23,793.39,1,"	2468,2470" 
2020-09-03T14:30:00Z,"AMD",2020-09-03T19:59:00Z,Sell,85.91,82.41,4550,15925,45.5,9555,1,"	2471,2475" 
2020-09-03T14:30:00Z,"NVDA",2020-09-03T19:59:00Z,Sell,13.50330032865,12.9532794028,37130,20422.28,371.3,16063.92,1,"	2472,2476" 
2020-09-03T14:30:00Z,"TQQQ",2020-09-03T19:59:00Z,Sell,19.10470618125,17.69113731075,26239,37090.63,262.39,23377.77,1,"	2473,2477" 
2020-09-03T14:30:00Z,"SPXL",2020-09-03T19:59:00Z,Sell,59.559850985,55.82590277,8419,31436.11,84.19,17139.58,1,"	2474,2478" 
2020-09-04T14:00:00Z,"AMD",2020-09-04T16:00:00Z,Sell,80.05,81.08,6785,-6988.55,67.85,31957.35,0,"	2479,2485" 
2020-09-04T14:00:00Z,"NVDA",2020-09-04T16:00:00Z,Sell,12.32151544855,12.29011416325,43358,1361.5,433.58,26095.36,1,"	2480,2486" 
2020-09-04T14:00:00Z,"TQQQ",2020-09-04T16:00:00Z,Sell,16.60764035925,16.38280876225,21995,4945.17,219.95,34484.68,1,"	2481,2487" 
2020-09-04T14:00:00Z,"SPXL",2020-09-04T16:30:00Z,Sell,54.82246449,53.346252405,9445,13942.82,94.45,25689.42,1,"	2482,2488" 
2020-09-04T14:30:00Z,"TSLA",2020-09-04T16:00:00Z,Sell,129.003320433,133.926653274,2925,-14400.75,29.25,28548,0,"	2483,2484" 
2020-09-09T17:00:00Z,"SPXL",2020-09-09T18:00:00Z,Buy,53.47168219,53.4523853,8702,-167.92,87.02,4323.98,0,"	2489,2490" 
2020-09-09T19:30:00Z,"NVDA",2020-09-09T19:59:00Z,Buy,12.73471648845,12.70829953415,41846,-1105.44,418.46,5589.79,0,"	2491,2493" 
2020-09-09T19:30:00Z,"TQQQ",2020-09-09T19:59:00Z,Buy,16.101769266,15.8697621925,19937,-4625.53,199.37,6234.92,0,"	2492,2494" 
2020-09-10T18:30:00Z,"AMD",2020-09-10T19:00:00Z,Sell,79.22,79.89,6812,-4564.04,68.12,5040.88,0,"	2495,2499" 
2020-09-10T18:30:00Z,"NVDA",2020-09-10T19:00:00Z,Sell,12.25073794835,12.3451910208,37142,-3508.18,371.42,4341.25,0,"	2496,2500" 
2020-09-10T18:30:00Z,"SPXL",2020-09-10T19:00:00Z,Sell,50.220156225,51.05957094,8243,-6919.3,82.43,7476.02,0,"	2498,2501" 
2020-09-10T18:30:00Z,"TQQQ",2020-09-10T19:59:00Z,Sell,14.786265241,14.8938973885,19538,-2102.92,195.38,9369.66,0,"	2497,2502" 
2020-09-11T17:00:00Z,"TSLA",2020-09-11T18:00:00Z,Sell,121.676654499,121.76665449,1983,-178.47,19.83,4607.17,0,"	2503,2505" 
2020-09-11T17:00:00Z,"AMD",2020-09-11T19:30:00Z,Sell,76.58,76.76,6954,-1251.72,69.54,12871.85,0,"	2504,2506" 
2020-09-14T14:00:00Z,"SPXL",2020-09-14T15:00:00Z,Buy,52.342814125,52.670861255,10168,3335.58,101.68,3139.37,1,"	2507,2509" 
2020-09-14T14:30:00Z,"TSLA",2020-09-14T19:59:00Z,Buy,132.26665344,139.886652678,1893,14424.66,18.93,8001.08,1,"	2508,2512" 
2020-09-14T16:00:00Z,"AMD",2020-09-14T16:30:00Z,Buy,78.51,77.57,6814,-6405.16,68.14,7836.1,0,"	2510,2511" 
2020-09-15T15:30:00Z,"TSLA",2020-09-15T16:00:00Z,Buy,149.196651747,147.876651879,1499,-1978.68,14.99,3292.8,0,"	2513,2515" 
2020-09-15T15:30:00Z,"AMD",2020-09-15T16:00:00Z,Buy,80.13,79.53,6695,-4017,66.95,6895.85,0,"	2514,2516" 
2020-09-16T15:00:00Z,"NVDA",2020-09-16T15:30:00Z,Sell,12.66294212205,12.72175722785,42170,-2480.23,421.7,3846.46,0,"	2517,2518" 
2020-09-16T19:30:00Z,"TQQQ",2020-09-16T19:59:00Z,Sell,15.35432379725,15.18689601225,26682,4467.31,266.82,7115.78,1,"	2519,2520" 
2020-09-18T15:00:00Z,"TQQQ",2020-09-18T19:59:00Z,Sell,14.078284893,13.9228162355,27303,4244.76,273.03,19068.77,1,"	2521,2527" 
2020-09-18T15:00:00Z,"SPXL",2020-09-18T19:59:00Z,Sell,50.09472644,49.22636639,10673,9268.01,106.73,15652.63,1,"	2522,2528" 
2020-09-18T16:30:00Z,"AMD",2020-09-18T19:30:00Z,Sell,74.92,75.07,7180,-1077,71.8,8651.9,0,"	2523,2525" 
2020-09-18T16:30:00Z,"NVDA",2020-09-18T19:30:00Z,Sell,12.15503879315,12.17696984955,43615,-956.52,436.15,9250.01,0,"	2524,2526" 
2020-09-21T14:00:00Z,"AMD",2020-09-21T14:30:00Z,Buy,76.67,75.25,7030,-9982.6,70.3,12302.5,0,"	2529,2531" 
2020-09-21T14:30:00Z,"TSLA",2020-09-21T15:30:00Z,Sell,143.569985643,144.863318847,1938,-2506.48,19.38,18572.5,0,"	2530,2533" 
2020-09-21T14:30:00Z,"SPXL",2020-09-21T16:30:00Z,Sell,45.57925418,46.283590665,11732,-8263.28,117.32,14036.25,0,"	2532,2534" 
2020-09-22T14:00:00Z,"NVDA",2020-09-22T15:30:00Z,Sell,12.3018273411,12.2410185029,43098,2620.74,430.98,5950.37,1,"	2536,2537" 
2020-09-22T14:00:00Z,"AMD",2020-09-22T16:30:00Z,Sell,76.46,76.57,6937,-763.07,69.37,8601.88,0,"	2535,2538" 
2020-09-22T19:30:00Z,"SPXL",2020-09-22T19:59:00Z,Buy,48.91761615,48.91761615,10859,0,108.59,3667.04,0,"	2539,2540" 
2020-09-23T14:00:00Z,"TSLA",2020-09-23T14:30:00Z,Sell,132.6666534,134.096653257,3033,-4337.19,30.33,7360.08,0,"	2541,2543" 
2020-09-23T14:00:00Z,"TQQQ",2020-09-23T15:00:00Z,Sell,14.5255562615,14.4681524495,25260,1450.02,252.6,6343.84,1,"	2542,2544" 
2020-09-23T16:00:00Z,"SPXL",2020-09-23T17:00:00Z,Sell,47.692263635,48.20363122,11111,-5681.81,111.11,7397.07,0,"	2545,2546" 
2020-09-23T18:30:00Z,"AMD",2020-09-23T19:59:00Z,Sell,75.47,74.58,6988,6219.32,69.88,4821.72,1,"	2547,2549" 
2020-09-23T18:30:00Z,"NVDA",2020-09-23T19:59:00Z,Sell,12.25223324765,12.05385687385,43013,8532.76,430.13,4191.34,1,"	2548,2550" 
2020-09-24T14:00:00Z,"AMD",2020-09-24T15:00:00Z,Buy,76.29,75.83,6988,-3214.48,69.88,13486.84,0,"	2551,2553" 
2020-09-24T14:00:00Z,"NVDA",2020-09-24T19:30:00Z,Buy,12.3187740665,12.2474981332,43265,-3083.75,432.65,12852.57,0,"	2552,2560" 
2020-09-24T16:00:00Z,"TQQQ",2020-09-24T18:30:00Z,Buy,13.982611873,13.81159634975,25148,-4300.7,251.48,9714.16,0,"	2555,2557" 
2020-09-24T16:00:00Z,"TSLA",2020-09-24T19:00:00Z,Buy,132.656653401,129.613320372,2555,-7775.72,25.55,9232.07,0,"	2554,2559" 
2020-09-24T16:30:00Z,"SPXL",2020-09-24T18:30:00Z,Buy,46.418668895,46.312536,11457,-1215.96,114.57,11385.85,0,"	2556,2558" 
2020-09-25T14:00:00Z,"TSLA",2020-09-25T14:30:00Z,Buy,134.056653261,133.33332,2508,-1814.12,25.08,5475.8,0,"	2561,2562" 
2020-09-25T15:30:00Z,"TQQQ",2020-09-25T16:00:00Z,Buy,14.20863938275,14.025664732,25621,-4687.99,256.21,5423.37,0,"	2563,2564" 
2020-09-25T18:00:00Z,"SPXL",2020-09-25T19:59:00Z,Buy,47.33527117,48.193982775,11005,9450.12,110.05,6158.51,1,"	2565,2568" 
2020-09-25T18:30:00Z,"NVDA",2020-09-25T19:59:00Z,Buy,12.73870395325,12.83490154155,41098,3953.53,410.98,1669.5,1,"	2566,2567" 
2020-09-29T14:30:00Z,"AMD",2020-09-29T15:00:00Z,Buy,80.99,80.52,6512,-3060.64,65.12,7260.88,0,"	2569,2570" 
2020-09-29T17:00:00Z,"NVDA",2020-09-29T19:59:00Z,Buy,13.25258847935,13.18579844395,39695,-2651.23,396.95,8458.22,0,"	2571,2572" 
2020-09-30T14:00:00Z,"TSLA",2020-09-30T15:00:00Z,Buy,143.516652315,142.916652375,2503,-1501.8,25.03,3462.48,0,"	2573,2577" 
2020-09-30T14:00:00Z,"TQQQ",2020-09-30T19:00:00Z,Buy,15.77528508525,15.8697621925,21231,2005.84,212.31,11527.25,1,"	2575,2578" 
2020-09-30T14:00:00Z,"SPXL",2020-09-30T19:00:00Z,Buy,50.876250485,51.23324295,8573,3060.5,85.73,14806.19,1,"	2576,2579" 
2020-09-30T14:00:00Z,"NVDA",2020-09-30T19:59:00Z,Buy,13.4208096506,13.5279727671,39099,4189.97,390.99,6752.67,1,"	2574,2580" 
2020-10-01T19:00:00Z,"AMD",2020-10-01T19:59:00Z,Buy,85.06,84.78,6203,-1736.84,62.03,3597.74,0,"	2581,2582" 
2020-10-05T14:00:00Z,"TSLA",2020-10-05T14:30:00Z,Buy,143.923318941,142.43331909,2644,-3939.56,26.44,5023.6,0,"	2583,2586" 
2020-10-05T14:00:00Z,"NVDA",2020-10-05T15:00:00Z,Buy,13.44249149045,13.4262924147,39195,-634.92,391.95,4678.89,0,"	2585,2587" 
2020-10-05T14:00:00Z,"AMD",2020-10-05T19:59:00Z,Buy,84.39,86.1,6246,10680.66,62.46,4434.66,1,"	2584,2592" 
2020-10-05T15:00:00Z,"SPXL",2020-10-05T18:00:00Z,Buy,52.284923455,52.091954555,10046,-1938.57,100.46,4555.63,0,"	2589,2590" 
2020-10-05T15:00:00Z,"TQQQ",2020-10-05T18:30:00Z,Buy,15.699942582,15.64253877,20350,-1168.17,203.5,4891.7,0,"	2588,2591" 
2020-10-06T14:00:00Z,"NVDA",2020-10-06T14:30:00Z,Buy,14.0483369235,14.03413158015,37586,-533.92,375.86,2501,0,"	2593,2594" 
2020-10-06T15:00:00Z,"TSLA",2020-10-06T16:30:00Z,Sell,139.403319393,140.616652605,3105,-3767.4,31.05,8921.7,0,"	2595,2598" 
2020-10-06T15:30:00Z,"AMD",2020-10-06T16:00:00Z,Sell,84.81,85.31,6234,-3117,62.34,3802.74,0,"	2596,2597" 
2020-10-06T19:00:00Z,"TQQQ",2020-10-06T19:59:00Z,Sell,15.40216030725,15.1665654955,22595,5323.26,225.95,9160.34,1,"	2599,2601" 
2020-10-06T19:00:00Z,"SPXL",2020-10-06T19:59:00Z,Sell,51.667422975,50.934141155,10153,7445.01,101.53,10775.67,1,"	2600,2602" 
2020-10-07T14:00:00Z,"AMD",2020-10-07T14:30:00Z,Buy,87.42,86.78,6059,-3877.76,60.59,4059.53,0,"	2603,2604" 
2020-10-07T17:00:00Z,"TSLA",2020-10-07T19:59:00Z,Buy,142.319985768,141.649985835,3152,-2111.84,31.52,5883.73,0,"	2605,2608" 
2020-10-07T17:00:00Z,"TQQQ",2020-10-07T19:59:00Z,Buy,15.8410602865,15.972610689,21539,2833.46,215.39,2575.88,1,"	2606,2609" 
2020-10-07T18:30:00Z,"SPXL",2020-10-07T19:59:00Z,Buy,53.54886975,53.41379152,9898,-1337,98.98,2960.51,0,"	2607,2610" 
2020-10-08T17:30:00Z,"NVDA",2020-10-08T19:59:00Z,Sell,13.7522676621,13.7906470108,38360,-1472.23,383.6,2495.15,0,"	2611,2612" 
2020-10-09T15:30:00Z,"AMD",2020-10-09T19:59:00Z,Sell,83.63,83.05,6301,3654.58,63.01,5198.32,1,"	2613,2618" 
2020-10-09T16:00:00Z,"SPXL",2020-10-09T16:30:00Z,Buy,56.28902813,56.17324679,8819,-1021.08,88.19,2297.42,0,"	2615,2616" 
2020-10-09T16:00:00Z,"TQQQ",2020-10-09T19:00:00Z,Buy,16.76071719125,16.737994849,20083,-456.33,200.83,2593.89,0,"	2614,2617" 
2020-10-12T14:30:00Z,"AMD",2020-10-12T16:00:00Z,Buy,84.78,84.29,5139,-2518.11,51.39,4136.9,0,"	2619,2623" 
2020-10-12T15:00:00Z,"NVDA",2020-10-12T19:59:00Z,Buy,14.1041614307,14.19313173905,37451,3332.03,374.51,5105.37,1,"	2620,2626" 
2020-10-12T15:00:00Z,"TQQQ",2020-10-12T19:59:00Z,Buy,17.991311411,18.4959865915,18856,9516.16,188.56,10981.91,1,"	2621,2627" 
2020-10-12T15:00:00Z,"SPXL",2020-10-12T19:59:00Z,Buy,58.093287345,58.980944285,7236,6423.09,72.36,6004.19,1,"	2622,2628" 
2020-10-12T18:30:00Z,"TSLA",2020-10-12T19:00:00Z,Buy,149.379985062,148.86665178,3624,-1860.32,36.24,2983.76,0,"	2624,2625" 
2020-10-13T14:30:00Z,"SPXL",2020-10-13T15:30:00Z,Sell,58.37309225,58.498522035,6500,-815.29,65,4107.83,0,"	2629,2634" 
2020-10-13T15:00:00Z,"TSLA",2020-10-13T15:30:00Z,Buy,149.13331842,148.876651779,3577,-918.1,35.77,2170.05,0,"	2630,2632" 
2020-10-13T15:00:00Z,"AMD",2020-10-13T15:30:00Z,Buy,85.85,85.85,6212,0,62.12,1180.28,0,"	2631,2633" 
2020-10-14T14:00:00Z,"SPXL",2020-10-14T14:30:00Z,Buy,58.556412705,57.784537105,6098,-4706.9,60.98,4883.41,0,"	2637,2638" 
2020-10-14T14:00:00Z,"AMD",2020-10-14T15:30:00Z,Sell,84.36,84.93,4808,-2740.56,48.08,5481.12,0,"	2636,2639" 
2020-10-14T14:00:00Z,"TSLA",2020-10-14T17:00:00Z,Buy,152.93331804,152.629984737,3483,-1056.51,34.83,10077.48,0,"	2635,2642" 
2020-10-14T16:00:00Z,"TQQQ",2020-10-14T18:00:00Z,Sell,17.98054819625,17.96380541775,15699,262.84,156.99,4825.08,1,"	2641,2643" 
2020-10-14T16:00:00Z,"NVDA",2020-10-14T18:30:00Z,Sell,14.01469268925,14.04858614005,37798,-1281.1,377.98,5830.91,0,"	2640,2644" 
2020-10-15T15:00:00Z,"TSLA",2020-10-15T15:30:00Z,Sell,148.573318476,149.289985071,3556,-2548.47,35.56,5405.12,0,"	2645,2646" 
2020-10-16T14:30:00Z,"TQQQ",2020-10-16T15:00:00Z,Buy,18.1778738,17.96858906875,14693,-3075.02,146.93,3777.88,0,"	2647,2649" 
2020-10-16T14:30:00Z,"SPXL",2020-10-16T15:30:00Z,Buy,57.98715445,57.23457574,7587,-5709.81,75.87,7539.88,0,"	2648,2651" 
2020-10-16T15:30:00Z,"NVDA",2020-10-16T16:00:00Z,Sell,13.811581201,13.87114395645,37914,-2258.26,379.14,2258.26,0,"	2650,2652" 
2020-10-19T15:00:00Z,"TQQQ",2020-10-19T15:30:00Z,Sell,17.2187517745,17.22473133825,13692,-81.87,136.92,1948.56,0,"	2653,2654" 
2020-10-19T18:00:00Z,"SPXL",2020-10-19T18:30:00Z,Sell,55.15051162,55.237347625,7466,-648.32,74.66,3061.5,0,"	2655,2656" 
2020-10-19T19:00:00Z,"AMD",2020-10-19T19:59:00Z,Sell,82.02,82,6370,127.4,63.7,4076.8,1,"	2657,2661" 
2020-10-19T19:00:00Z,"NVDA",2020-10-19T19:59:00Z,Sell,13.522490003,13.46043508205,38627,2397,386.27,3879.47,1,"	2658,2662" 
2020-10-19T19:30:00Z,"TSLA",2020-10-19T19:59:00Z,Sell,143.146652352,143.729985627,3176,-1852.67,31.76,4922.8,0,"	2659,2660" 
2020-10-20T14:00:00Z,"NVDA",2020-10-20T14:30:00Z,Buy,13.62392113885,13.56560446615,38352,-2236.56,383.52,3956.99,0,"	2664,2666" 
2020-10-20T14:00:00Z,"SPXL",2020-10-20T14:30:00Z,Buy,55.102269395,54.851409825,7747,-1943.41,77.47,3812.07,0,"	2665,2667" 
2020-10-20T14:00:00Z,"TSLA",2020-10-20T16:00:00Z,Sell,141.346652532,141.53331918,2030,-378.93,20.3,2564.57,0,"	2663,2668" 
2020-10-20T17:30:00Z,"TQQQ",2020-10-20T18:00:00Z,Buy,17.034581211,16.972393748,23633,-1469.68,236.33,4493.82,0,"	2669,2670" 
2020-10-21T14:00:00Z,"NVDA",2020-10-21T15:00:00Z,Buy,13.72958895605,13.58404649085,37874,-5512.28,378.74,5512.28,0,"	2671,2675" 
2020-10-21T14:00:00Z,"TQQQ",2020-10-21T15:00:00Z,Buy,17.07882998275,16.77028449325,19887,-6136.04,198.87,6136.04,0,"	2672,2676" 
2020-10-21T14:00:00Z,"SPXL",2020-10-21T15:00:00Z,Buy,55.372425855,54.716331595,5854,-3840.78,58.54,4179.67,0,"	2673,2677" 
2020-10-21T15:00:00Z,"AMD",2020-10-21T19:59:00Z,Sell,80.23,79.27,6401,6144.96,64.01,6465.01,1,"	2674,2680" 
2020-10-21T16:00:00Z,"TSLA",2020-10-21T17:00:00Z,Buy,143.703318963,142.263319107,1908,-2747.52,19.08,3300.84,0,"	2678,2679" 
2020-10-22T14:00:00Z,"AMD",2020-10-22T14:30:00Z,Buy,80.46,79.44,6398,-6525.96,63.98,8323.8,0,"	2681,2682" 
2020-10-22T14:30:00Z,"TQQQ",2020-10-22T15:30:00Z,Sell,16.297898957,16.36367415825,20440,-1344.45,204.4,8140,0,"	2684,2685" 
2020-10-22T14:30:00Z,"NVDA",2020-10-22T18:00:00Z,Sell,13.35825629655,13.3764491047,38322,-697.18,383.22,7306.11,0,"	2683,2686" 
2020-10-23T14:00:00Z,"TSLA",2020-10-23T17:00:00Z,Sell,137.779986222,138.556652811,3708,-2879.88,37.08,10431.84,0,"	2687,2692" 
2020-10-23T14:30:00Z,"NVDA",2020-10-23T15:00:00Z,Buy,13.48236613845,13.402866059,38013,-3022.04,380.13,4528.32,0,"	2688,2689" 
2020-10-23T15:30:00Z,"TQQQ",2020-10-23T17:00:00Z,Sell,16.31344582275,16.31344582275,21926,0,219.26,5535.38,0,"	2690,2693" 
2020-10-23T16:30:00Z,"SPXL",2020-10-23T17:30:00Z,Sell,54.504065805,54.928597385,6106,-2592.19,61.06,3711.54,0,"	2691,2694" 
2020-10-23T18:30:00Z,"AMD",2020-10-23T19:00:00Z,Buy,81.71,81.28,6210,-2670.3,62.1,2980.8,0,"	2695,2696" 
2020-10-26T14:00:00Z,"AMD",2020-10-26T14:30:00Z,Buy,84.64,83.48,4984,-5781.44,49.84,6778.24,0,"	2697,2698" 
2020-10-26T15:00:00Z,"SPXL",2020-10-26T19:59:00Z,Sell,52.58402525,52.458595465,7217,905.23,72.17,12603.54,1,"	2699,2704" 
2020-10-26T15:30:00Z,"NVDA",2020-10-26T19:59:00Z,Sell,13.2752671854,13.09259145425,38037,6948.44,380.37,3336.77,1,"	2700,2702" 
2020-10-26T15:30:00Z,"TQQQ",2020-10-26T19:59:00Z,Sell,15.86617445425,15.88052540725,25402,-364.54,254.02,15614.59,0,"	2701,2703" 
2020-10-27T14:00:00Z,"AMD",2020-10-27T15:30:00Z,Sell,79.2,80.21,5539,-5594.39,55.39,11798.07,0,"	2705,2706" 
2020-10-27T16:00:00Z,"NVDA",2020-10-27T16:30:00Z,Buy,13.3719632068,13.2722765868,35676,-3556.42,356.76,3903.17,0,"	2707,2709" 
2020-10-27T16:00:00Z,"TQQQ",2020-10-27T16:30:00Z,Buy,16.3242090375,16.1615649035,26710,-4344.22,267.1,4727.54,0,"	2708,2710" 
2020-10-28T14:00:00Z,"TSLA",2020-10-28T14:30:00Z,Sell,136.606653006,137.346652932,3667,-2713.58,36.67,4461.52,0,"	2711,2716" 
2020-10-28T14:00:00Z,"AMD",2020-10-28T15:30:00Z,Sell,77.08,77.02,4172,250.32,41.72,5256.72,1,"	2712,2717" 
2020-10-28T14:00:00Z,"NVDA",2020-10-28T19:59:00Z,Sell,12.91714300305,12.6143448948,32746,9915.43,327.46,4512.95,1,"	2713,2718" 
2020-10-28T14:00:00Z,"TQQQ",2020-10-28T19:59:00Z,Sell,15.078067952,14.39759359725,24109,16405.56,241.09,10350.78,1,"	2714,2719" 
2020-10-28T14:00:00Z,"SPXL",2020-10-28T19:59:00Z,Sell,48.714998805,46.592340905,6878,14599.64,68.78,8096.16,1,"	2715,2720" 
2020-10-29T14:00:00Z,"AMD",2020-10-29T14:30:00Z,Buy,78.24,78.04,6596,-1319.2,65.96,3693.76,0,"	2721,2724" 
2020-10-29T14:00:00Z,"TQQQ",2020-10-29T16:00:00Z,Buy,14.848452704,14.93575433475,20742,1810.81,207.42,4613.85,1,"	2722,2728" 
2020-10-29T14:00:00Z,"SPXL",2020-10-29T16:00:00Z,Buy,47.094060045,47.325622725,7474,1730.7,74.74,5841.11,1,"	2723,2729" 
2020-10-29T14:30:00Z,"NVDA",2020-10-29T19:59:00Z,Buy,12.97097377785,13.03975754565,39953,2748.12,399.53,4410.93,1,"	2725,2730" 
2020-10-29T15:30:00Z,"TSLA",2020-10-29T16:00:00Z,Buy,139.09998609,137.9999862,3738,-4111.8,37.38,4560.36,0,"	2726,2727" 
2020-10-30T14:00:00Z,"TSLA",2020-10-30T16:30:00Z,Sell,132.543320079,130.796653587,3893,6799.77,38.93,16986.45,1,"	2731,2736" 
2020-10-30T14:00:00Z,"TQQQ",2020-10-30T16:30:00Z,Sell,14.4585851475,14.16558652375,19884,5825.98,198.84,8869.76,1,"	2732,2737" 
2020-10-30T14:30:00Z,"SPXL",2020-10-30T16:30:00Z,Sell,45.90730131,46.457262675,8025,-4413.44,80.25,11846.6,0,"	2735,2738" 
2020-10-30T14:30:00Z,"AMD",2020-10-30T19:59:00Z,Sell,75.41,75.04,6954,2572.98,69.54,5354.58,1,"	2733,2739" 
2020-10-30T14:30:00Z,"NVDA",2020-10-30T19:59:00Z,Sell,12.53285108295,12.46655948065,40157,2662.07,401.57,8126.32,1,"	2734,2740" 
2020-11-02T15:00:00Z,"TSLA",2020-11-02T16:00:00Z,Buy,134.479986552,133.259986674,3875,-4727.5,38.75,8550.83,0,"	2741,2742" 
2020-11-03T15:00:00Z,"SPXL",2020-11-03T18:00:00Z,Buy,50.297343785,50.67363314,7523,2830.82,75.23,6677.84,1,"	2744,2749" 
2020-11-03T15:00:00Z,"NVDA",2020-11-03T19:00:00Z,Buy,12.7843105819,12.8555865152,40614,2894.8,406.14,4402.93,1,"	2743,2751" 
2020-11-03T15:30:00Z,"AMD",2020-11-03T16:30:00Z,Buy,76.56,76.17,6835,-2665.65,68.35,3622.55,0,"	2746,2748" 
2020-11-03T15:30:00Z,"TQQQ",2020-11-03T18:30:00Z,Buy,14.9465175495,14.87715461,20374,-1413.2,203.74,4848.74,0,"	2747,2750" 
2020-11-03T15:30:00Z,"TSLA",2020-11-03T20:59:00Z,Buy,140.916652575,141.253319208,3714,1250.38,37.14,9136.44,1,"	2745,2752" 
2020-11-04T15:00:00Z,"SPXL",2020-11-04T20:30:00Z,Buy,53.481330635,54.060237335,7024,4066.24,70.24,13079.74,1,"	2753,2758" 
2020-11-04T15:30:00Z,"NVDA",2020-11-04T16:00:00Z,Buy,13.60996501205,13.57806529365,38471,-1227.21,384.71,3317.31,0,"	2754,2755" 
2020-11-04T17:00:00Z,"TQQQ",2020-11-04T18:30:00Z,Buy,16.905422634,16.85878203675,19059,-888.92,190.59,5173.99,0,"	2756,2757" 
2020-11-05T15:00:00Z,"TSLA",2020-11-05T15:30:00Z,Buy,145.513318782,144.206652246,3547,-4634.75,35.47,8548.27,0,"	2759,2761" 
2020-11-05T15:00:00Z,"NVDA",2020-11-05T15:30:00Z,Buy,14.21007846445,14.0692711137,36631,-5157.91,366.31,8106.6,0,"	2760,2762" 
2020-11-06T15:00:00Z,"TSLA",2020-11-06T15:30:00Z,Sell,141.876652479,143.16665235,3492,-4504.68,34.92,4981.92,0,"	2763,2767" 
2020-11-06T15:00:00Z,"NVDA",2020-11-06T15:30:00Z,Sell,13.86765492475,14.195374688,37242,-12204.94,372.42,12204.94,0,"	2764,2768" 
2020-11-06T15:00:00Z,"TQQQ",2020-11-06T15:30:00Z,Sell,17.297682016,17.732994257,16770,-7300.19,167.7,7982.07,0,"	2765,2769" 
2020-11-06T15:00:00Z,"SPXL",2020-11-06T15:30:00Z,Sell,56.144301455,56.916177055,9198,-7099.71,91.98,8430.91,0,"	2766,2770" 
2020-11-06T17:00:00Z,"AMD",2020-11-06T17:30:00Z,Buy,84.9,84.7,5935,-1187,59.35,2789.45,0,"	2771,2772" 
2020-11-09T15:00:00Z,"TSLA",2020-11-09T15:30:00Z,Buy,149.623318371,148.739985126,2941,-2597.88,29.41,6029.05,0,"	2773,2774" 
2020-11-09T17:00:00Z,"NVDA",2020-11-09T20:59:00Z,Sell,14.2915722763,13.6575653731,35117,22264.42,351.17,4712.81,1,"	2775,2777" 
2020-11-09T20:30:00Z,"TQQQ",2020-11-09T20:59:00Z,Sell,17.59785611625,17.11470736525,14714,7109.05,147.14,2058.81,1,"	2776,2778" 
2020-11-10T15:00:00Z,"TSLA",2020-11-10T16:30:00Z,Sell,136.279986372,135.819986418,3769,1733.74,37.69,14096.06,1,"	2779,2783" 
2020-11-10T15:00:00Z,"NVDA",2020-11-10T16:30:00Z,Sell,13.0410036284,12.97745340815,32364,2056.74,323.64,12227.52,1,"	2781,2784" 
2020-11-10T15:00:00Z,"AMD",2020-11-10T20:59:00Z,Sell,79.06,78.07,6497,6432.03,64.97,11434.72,1,"	2780,2786" 
2020-11-10T15:30:00Z,"TQQQ",2020-11-10T16:30:00Z,Sell,15.8458439375,16.24647470875,17182,-6883.64,171.82,11116.56,0,"	2782,2785" 
2020-11-11T15:00:00Z,"TQQQ",2020-11-11T20:59:00Z,Buy,16.7786558825,17.1709152645,15549,6099.24,155.49,4183.93,1,"	2787,2792" 
2020-11-11T16:30:00Z,"NVDA",2020-11-11T17:30:00Z,Buy,13.2378847029,13.2812483826,29293,1270.25,292.93,2087.89,1,"	2788,2789" 
2020-11-11T20:00:00Z,"AMD",2020-11-11T20:59:00Z,Buy,81.09,81.26,5421,921.57,54.21,1572.09,1,"	2790,2791" 
2020-11-12T16:30:00Z,"AMD",2020-11-12T17:00:00Z,Buy,82.54,82.37,5409,-919.53,54.09,3353.58,0,"	2793,2794" 
2020-11-12T17:30:00Z,"SPXL",2020-11-12T20:59:00Z,Sell,59.0484834,58.4695767,8765,5074.12,87.65,7695.74,1,"	2795,2798" 
2020-11-12T18:30:00Z,"TQQQ",2020-11-12T19:00:00Z,Sell,16.8217087415,17.063283117,18631,-4500.77,186.31,5057.8,0,"	2796,2797" 
2020-11-13T16:00:00Z,"NVDA",2020-11-13T16:30:00Z,Sell,13.1262356885,13.21869502855,23408,-2164.29,234.08,3266.85,0,"	2800,2801" 
2020-11-13T16:00:00Z,"TSLA",2020-11-13T18:00:00Z,Sell,134.103319923,135.549986445,3860,-5584.13,38.6,5931.53,0,"	2799,2802" 
2020-11-13T18:00:00Z,"SPXL",2020-11-13T18:30:00Z,Buy,60.254539025,60.32207814,8540,576.78,85.4,1400.76,1,"	2803,2804" 
2020-11-16T15:00:00Z,"NVDA",2020-11-16T15:30:00Z,Buy,13.46940687785,13.54516870905,24799,1878.82,247.99,1464.74,1,"	2805,2807" 
2020-11-16T15:30:00Z,"AMD",2020-11-16T16:30:00Z,Buy,83,82.85,4947,-742.05,49.47,3710.25,0,"	2806,2809" 
2020-11-16T15:30:00Z,"TQQQ",2020-11-16T17:30:00Z,Buy,17.66961088125,17.5679582975,16837,-1711.52,168.37,4772.13,0,"	2808,2812" 
2020-11-16T16:30:00Z,"SPXL",2020-11-16T17:00:00Z,Buy,62.92715829,62.821025395,8182,-868.38,81.82,1420.98,0,"	2810,2811" 
2020-11-17T15:00:00Z,"TQQQ",2020-11-17T15:30:00Z,Sell,17.51175039825,17.65525992825,18978,-2723.52,189.78,3404.4,0,"	2813,2815" 
2020-11-17T15:00:00Z,"SPXL",2020-11-17T15:30:00Z,Sell,61.045711515,61.624618215,8420,-4874.39,84.2,5443.07,0,"	2814,2816" 
2020-11-18T15:30:00Z,"TSLA",2020-11-18T20:59:00Z,Buy,151.613318172,162.56665041,2464,26989.01,24.64,8402.24,1,"	2817,2820" 
2020-11-18T19:30:00Z,"SPXL",2020-11-18T20:00:00Z,Sell,61.38340709,61.605321325,7678,-1703.86,76.78,3407.71,0,"	2818,2819" 
2020-11-19T15:30:00Z,"SPXL",2020-11-19T16:00:00Z,Sell,59.37653053,59.772116775,4825,-1908.7,48.25,3724.3,0,"	2822,2824" 
2020-11-19T15:30:00Z,"TSLA",2020-11-19T17:00:00Z,Buy,167.6666499,166.529983347,1140,-1295.8,11.4,4438.4,0,"	2821,2825" 
2020-11-19T16:00:00Z,"TQQQ",2020-11-19T18:00:00Z,Buy,17.38498364675,17.32279618375,26687,-1659.6,266.87,5617.1,0,"	2823,2827" 
2020-11-19T17:00:00Z,"AMD",2020-11-19T20:59:00Z,Buy,84.99,85.62,6117,3853.71,61.17,4343.07,1,"	2826,2828" 
2020-11-20T15:00:00Z,"AMD",2020-11-20T15:30:00Z,Sell,84.96,85.33,6092,-2254.04,60.92,3106.92,0,"	2829,2830" 
2020-11-20T15:30:00Z,"SPXL",2020-11-20T16:30:00Z,Sell,60.196648355,60.47645326,5543,-1550.96,55.43,3048.44,0,"	2831,2832" 
2020-11-20T17:00:00Z,"NVDA",2020-11-20T17:30:00Z,Sell,13.17832194745,13.22567309195,39355,-1863.5,393.55,1863.5,0,"	2833,2834" 
2020-11-23T15:00:00Z,"AMD",2020-11-23T15:30:00Z,Buy,87.12,86.43,5945,-4102.05,59.45,5231.6,0,"	2836,2838" 
2020-11-23T15:00:00Z,"SPXL",2020-11-23T15:30:00Z,Buy,60.872039505,59.820359,7120,-7487.97,71.2,7556.66,0,"	2837,2839" 
2020-11-23T15:00:00Z,"TSLA",2020-11-23T17:00:00Z,Buy,172.753316058,172.429982757,1392,-450.08,13.92,4496.16,0,"	2835,2841" 
2020-11-23T16:30:00Z,"TQQQ",2020-11-23T17:30:00Z,Sell,16.9317327145,17.11231553975,30329,-5476.9,303.29,7254.17,0,"	2840,2842" 
2020-11-24T15:00:00Z,"AMD",2020-11-24T16:00:00Z,Sell,84.06,84.77,6074,-4312.54,60.74,7956.94,0,"	2843,2845" 
2020-11-24T15:30:00Z,"NVDA",2020-11-24T16:00:00Z,Sell,12.89969784455,12.9782010578,39659,-3113.36,396.59,4319.17,0,"	2844,2846" 
2020-11-24T16:00:00Z,"TQQQ",2020-11-24T20:59:00Z,Buy,17.60263976725,17.972176807,28843,10658.56,288.43,4553.17,1,"	2847,2849" 
2020-11-24T16:00:00Z,"SPXL",2020-11-24T20:59:00Z,Buy,62.57981427,63.380635205,7162,5735.48,71.62,5148.11,1,"	2848,2850" 
2020-11-25T15:00:00Z,"AMD",2020-11-25T15:30:00Z,Buy,87.56,86.42,5870,-6691.8,58.7,7161.4,0,"	2851,2854" 
2020-11-25T15:00:00Z,"NVDA",2020-11-25T15:30:00Z,Buy,13.1531510759,13.08910242255,39074,-2502.64,390.74,4265.19,0,"	2852,2855" 
2020-11-25T15:00:00Z,"SPXL",2020-11-25T17:00:00Z,Sell,62.86926762,62.878916065,5761,-55.58,57.61,2490.19,0,"	2853,2856" 
2020-11-25T18:30:00Z,"TSLA",2020-11-25T19:00:00Z,Buy,190.643314269,190.026647664,1332,-821.4,13.32,1758.24,0,"	2857,2858" 
2020-11-27T15:00:00Z,"TSLA",2020-11-27T16:30:00Z,Buy,198.889980111,196.616647005,1674,-3805.56,16.74,5635.8,0,"	2859,2861" 
2020-11-27T15:30:00Z,"TQQQ",2020-11-27T17:00:00Z,Buy,18.928907007,18.77224243675,25942,-4064.19,259.42,6515.12,0,"	2860,2862" 
2020-11-30T15:00:00Z,"AMD",2020-11-30T15:30:00Z,Buy,89.53,88.73,5658,-4526.4,56.58,7751.46,0,"	2863,2866" 
2020-11-30T15:00:00Z,"SPXL",2020-11-30T18:00:00Z,Sell,62.92715829,62.42543915,6291,3156.32,62.91,6379.4,1,"	2864,2872" 
2020-11-30T15:30:00Z,"TSLA",2020-11-30T16:00:00Z,Sell,189.999981,192.309980769,1493,-3448.83,14.93,10908.85,0,"	2865,2868" 
2020-11-30T15:30:00Z,"TQQQ",2020-11-30T17:30:00Z,Sell,18.56415361825,18.5868759605,22470,-510.57,224.7,11689.39,0,"	2867,2871" 
2020-11-30T16:00:00Z,"NVDA",2020-11-30T17:00:00Z,Sell,13.053962889,13.0998187342,38806,-1779.48,388.06,3868.44,0,"	2869,2870" 
2020-12-01T15:30:00Z,"SPXL",2020-12-01T16:00:00Z,Buy,65.37786332,65.020870855,6741,-2406.49,67.41,3967.45,0,"	2873,2874" 
2020-12-01T17:00:00Z,"TQQQ",2020-12-01T20:59:00Z,Buy,19.675156563,19.684723865,25536,244.31,255.36,10230.51,1,"	2875,2876" 
2020-12-02T15:00:00Z,"AMD",2020-12-02T16:30:00Z,Buy,95.5,94.84,3910,-2580.6,39.1,7116.2,0,"	2877,2879" 
2020-12-02T16:00:00Z,"NVDA",2020-12-02T20:59:00Z,Buy,13.5314617988,13.49682069835,37106,-1285.39,371.06,5215.55,0,"	2878,2880" 
2020-12-03T15:00:00Z,"TQQQ",2020-12-03T16:00:00Z,Buy,19.90118407275,19.83182113325,25156,-1744.89,251.56,6588.48,0,"	2881,2883" 
2020-12-03T16:00:00Z,"AMD",2020-12-03T17:00:00Z,Sell,92.67,92.57,3468,346.8,34.68,1699.32,1,"	2882,2884" 
2020-12-03T17:30:00Z,"NVDA",2020-12-03T18:30:00Z,Sell,13.354723964925,13.3908710403,37418,-1352.55,374.18,2854.35,0,"	2885,2886" 
2020-12-04T15:00:00Z,"TQQQ",2020-12-04T15:30:00Z,Buy,19.94782467,19.8019233145,25033,-3652.35,250.33,4789.97,0,"	2887,2889" 
2020-12-04T15:00:00Z,"SPXL",2020-12-04T20:59:00Z,Buy,66.062902915,66.80583318,7557,5614.32,75.57,2916.53,1,"	2888,2890" 
2020-12-07T15:00:00Z,"TQQQ",2020-12-07T17:30:00Z,Buy,20.32453718625,20.3376922265,24597,323.57,245.97,4353.55,1,"	2892,2893" 
2020-12-07T15:00:00Z,"TSLA",2020-12-07T20:59:00Z,Buy,206.163312717,213.639978636,1288,9629.95,12.88,4688.32,1,"	2891,2894" 
2020-12-08T15:00:00Z,"NVDA",2020-12-08T16:00:00Z,Sell,13.345250938275,13.3549732551,37737,-366.89,377.37,3979.36,0,"	2895,2898" 
2020-12-08T15:30:00Z,"TQQQ",2020-12-08T16:00:00Z,Sell,20.010012133,20.196574522,25235,-4707.9,252.35,4858.8,0,"	2897,2899" 
2020-12-08T15:30:00Z,"AMD",2020-12-08T19:00:00Z,Sell,92.26,93.02,5473,-4159.48,54.73,6129.76,0,"	2896,2901" 
2020-12-08T18:00:00Z,"SPXL",2020-12-08T20:00:00Z,Buy,66.99880208,67.104934975,6494,689.23,64.94,2005.02,1,"	2900,2902" 
2020-12-09T15:00:00Z,"TSLA",2020-12-09T20:59:00Z,Sell,212.979978702,201.829979817,738,8228.7,7.38,6676.44,1,"	2903,2909" 
2020-12-09T16:00:00Z,"AMD",2020-12-09T16:30:00Z,Buy,94.4,94.21,4196,-797.24,41.96,2265.84,0,"	2904,2905" 
2020-12-09T17:30:00Z,"TQQQ",2020-12-09T20:59:00Z,Sell,20.158305314,19.3522601205,24819,20005.24,248.19,9438.67,1,"	2906,2911" 
2020-12-09T18:00:00Z,"NVDA",2020-12-09T20:59:00Z,Sell,13.088980638375,12.9122339043,32633,5767.78,326.33,3912.98,1,"	2907,2910" 
2020-12-09T18:00:00Z,"SPXL",2020-12-09T20:59:00Z,Sell,66.16903581,65.812043345,7068,2523.22,70.68,7160.5,1,"	2908,2912" 
2020-12-10T15:00:00Z,"AMD",2020-12-10T17:00:00Z,Buy,91.39,91.09,5626,-1687.8,56.26,4950.88,0,"	2913,2919" 
2020-12-10T15:30:00Z,"NVDA",2020-12-10T16:30:00Z,Buy,12.981785863125,12.983032314,39657,49.43,396.57,2738.45,1,"	2914,2917" 
2020-12-10T15:30:00Z,"TQQQ",2020-12-10T17:00:00Z,Buy,19.3713947245,19.330733691,18194,-739.79,181.94,5657.19,0,"	2915,2920" 
2020-12-10T16:00:00Z,"TSLA",2020-12-10T17:00:00Z,Buy,204.493312884,203.6666463,1145,-946.53,11.45,4850.98,0,"	2916,2918" 
2020-12-11T17:00:00Z,"NVDA",2020-12-11T18:00:00Z,Sell,12.827225954625,12.85090852125,39942,-945.93,399.42,2499.24,0,"	2921,2923" 
2020-12-11T17:30:00Z,"TQQQ",2020-12-11T18:00:00Z,Sell,18.74832418175,18.8260585105,19281,-1498.8,192.81,3550.99,0,"	2922,2924" 
2020-12-14T15:00:00Z,"AMD",2020-12-14T15:30:00Z,Buy,93.3,93.1,5480,-1096,54.8,2082.4,0,"	2925,2929" 
2020-12-14T15:00:00Z,"NVDA",2020-12-14T16:00:00Z,Buy,13.23182390865,13.15304821335,38638,-3043.74,386.38,4661.92,0,"	2926,2930" 
2020-12-14T15:00:00Z,"SPXL",2020-12-14T16:00:00Z,Buy,66.67075495,65.869934015,7666,-6139.09,76.66,7026.67,0,"	2928,2931" 
2020-12-14T15:00:00Z,"TQQQ",2020-12-14T18:00:00Z,Buy,19.97054701225,19.861718952,15401,-1676.06,154.01,4328.29,0,"	2927,2933" 
2020-12-14T18:00:00Z,"TSLA",2020-12-14T18:30:00Z,Buy,213.59997864,212.203312113,896,-1251.41,8.96,1738.24,0,"	2932,2934" 
2020-12-15T15:00:00Z,"AMD",2020-12-15T15:30:00Z,Buy,97.33,97.02,4633,-1436.23,46.33,3521.08,0,"	2935,2936" 
2020-12-16T15:00:00Z,"NVDA",2020-12-16T16:00:00Z,Sell,13.19492896275,13.28068478295,38257,-3280.76,382.57,4120.02,0,"	2937,2942" 
2020-12-16T15:30:00Z,"TSLA",2020-12-16T16:00:00Z,Sell,204.783312855,204.429979557,1452,513.04,14.52,1277.76,1,"	2938,2940" 
2020-12-16T15:30:00Z,"AMD",2020-12-16T16:00:00Z,Sell,96.12,96.56,5248,-2309.12,52.48,2519.04,0,"	2939,2941" 
2020-12-17T18:00:00Z,"TSLA",2020-12-17T18:30:00Z,Buy,216.183311715,215.279978472,1133,-1023.48,11.33,1601.31,0,"	2943,2944" 
2020-12-18T15:00:00Z,"SPXL",2020-12-18T20:59:00Z,Sell,67.539115,67.741732345,6149,-1245.89,61.49,10412.11,0,"	2945,2952" 
2020-12-18T15:30:00Z,"TQQQ",2020-12-18T16:00:00Z,Sell,20.90335895725,20.9308649505,24091,-662.65,240.91,2621.78,0,"	2946,2947" 
2020-12-18T20:00:00Z,"NVDA",2020-12-18T20:59:00Z,Sell,13.14407376705,13.20888921255,38399,-2488.85,383.99,5992.38,0,"	2948,2951" 
2020-12-18T20:30:00Z,"AMD",2020-12-18T20:59:00Z,Sell,94.75,95.58,5346,-4437.18,53.46,6682.5,0,"	2949,2950" 
2020-12-21T15:00:00Z,"TSLA",2020-12-21T15:30:00Z,Sell,219.913311342,220.939977906,1284,-1318.24,12.84,2824.8,0,"	2953,2955" 
2020-12-21T15:00:00Z,"AMD",2020-12-21T17:30:00Z,Sell,92.65,92.77,5205,-624.6,52.05,9629.25,0,"	2954,2960" 
2020-12-21T15:30:00Z,"TQQQ",2020-12-21T16:30:00Z,Sell,19.90596772375,20.10927289125,25088,-5100.52,250.88,9570.98,0,"	2956,2958" 
2020-12-21T15:30:00Z,"SPXL",2020-12-21T16:30:00Z,Sell,63.81481523,64.79895662,6401,-6299.49,64.01,7472.92,0,"	2957,2959" 
2020-12-22T15:00:00Z,"TQQQ",2020-12-22T15:30:00Z,Buy,21.11383960125,20.899771219,20182,-4320.33,201.82,5430.58,0,"	2962,2964" 
2020-12-22T15:00:00Z,"TSLA",2020-12-22T19:00:00Z,Sell,211.783312155,210.303312303,1132,1675.36,11.32,6203.36,1,"	2961,2970" 
2020-12-22T15:30:00Z,"NVDA",2020-12-22T16:00:00Z,Sell,13.157784726675,13.182464454,37350,-921.79,373.5,2206.7,0,"	2963,2966" 
2020-12-22T16:00:00Z,"AMD",2020-12-22T18:30:00Z,Sell,92.07,92.02,4251,212.55,42.51,6504.03,1,"	2965,2969" 
2020-12-22T17:00:00Z,"SPXL",2020-12-22T17:30:00Z,Sell,66.115644897,66.154303365,5183,-200.37,51.83,1502.75,0,"	2967,2968" 
2020-12-23T15:00:00Z,"SPXL",2020-12-23T15:30:00Z,Buy,67.16908815,66.888814257,7063,-1979.57,70.63,2730.45,0,"	2972,2973" 
2020-12-23T15:00:00Z,"NVDA",2020-12-23T16:00:00Z,Sell,13.078510451025,13.104935209575,37568,-992.73,375.68,2360.06,0,"	2971,2975" 
2020-12-23T16:00:00Z,"AMD",2020-12-23T18:30:00Z,Sell,92.02,92.22,5328,-1065.6,53.28,3836.16,0,"	2974,2978" 
2020-12-23T16:30:00Z,"TQQQ",2020-12-23T17:00:00Z,Sell,20.738355512125,20.8519674015,21242,-2413.34,212.42,2768.99,0,"	2976,2977" 
2020-12-24T15:00:00Z,"TQQQ",2020-12-24T16:00:00Z,Buy,20.885453011,20.764665633875,22241,-2686.43,222.41,4654.71,0,"	2979,2981" 
2020-12-24T15:30:00Z,"TSLA",2020-12-24T17:59:00Z,Buy,219.139978086,220.693311264,1035,1607.7,10.35,2383.95,1,"	2980,2982" 
2020-12-28T15:30:00Z,"NVDA",2020-12-28T16:00:00Z,Sell,12.778365080325,12.884562694875,38192,-4055.9,381.92,4055.9,0,"	2983,2984" 
2020-12-29T17:00:00Z,"AMD",2020-12-29T20:30:00Z,Sell,89.98,90.58,5405,-3243,54.05,5621.2,0,"	2985,2986" 
2020-12-30T16:30:00Z,"AMD",2020-12-30T17:30:00Z,Buy,91.74,91.97,5289,1216.47,52.89,1639.59,1,"	2987,2988" 
2020-12-30T18:30:00Z,"TSLA",2020-12-30T20:59:00Z,Buy,229.123310421,231.493310184,1708,4047.96,17.08,4395.25,1,"	2989,2991" 
2020-12-30T19:00:00Z,"NVDA",2020-12-30T20:59:00Z,Buy,13.132606419,13.1166518478,36986,-590.1,369.86,3393.05,0,"	2990,2992" 
2020-12-31T15:00:00Z,"AMD",2020-12-31T15:30:00Z,Sell,91.24,91.73,5334,-2613.66,53.34,2827.02,0,"	2993,2995" 
2020-12-31T15:00:00Z,"NVDA",2020-12-31T15:30:00Z,Sell,12.9979897245,13.029150996375,37436,-1166.55,374.36,1689.17,0,"	2994,2996" 
2020-12-31T16:30:00Z,"TSLA",2020-12-31T19:30:00Z,Buy,238.493309484,236.09997639,1678,-4016.01,16.78,5610.11,0,"	2997,3000" 
2020-12-31T17:00:00Z,"TQQQ",2020-12-31T17:30:00Z,Sell,21.35185971475,21.455904287125,19355,-2013.78,193.55,2384.13,0,"	2998,2999" 
2020-12-31T20:30:00Z,"SPXL",2020-12-31T20:59:00Z,Buy,69.498260847,70.029814782,6945,3691.64,69.45,1812.26,1,"	3001,3002" 
2021-01-04T15:00:00Z,"TSLA",2021-01-04T16:00:00Z,Buy,246.23330871,243.73330896,1384,-3460,13.84,5858.93,0,"	3003,3007" 
2021-01-04T15:00:00Z,"AMD",2021-01-04T16:00:00Z,Buy,94.58,93.99,5117,-3019.03,51.17,9824.64,0,"	3004,3008" 
2021-01-04T15:00:00Z,"NVDA",2021-01-04T16:30:00Z,Buy,13.367188473675,13.29963083625,36212,-2446.4,362.12,10932.06,0,"	3005,3010" 
2021-01-04T15:30:00Z,"SPXL",2021-01-04T20:59:00Z,Sell,69.024694614,66.956466576,7094,14672.01,70.94,16248.91,1,"	3006,3012" 
2021-01-04T16:00:00Z,"TQQQ",2021-01-04T20:59:00Z,Sell,21.152141972375,20.776624780125,22808,8564.8,228.08,19284.43,1,"	3009,3011" 
2021-01-05T15:00:00Z,"SPXL",2021-01-05T15:30:00Z,Buy,67.700642085,67.45902666,4346,-1050.06,43.46,3402.2,0,"	3015,3016" 
2021-01-05T15:00:00Z,"NVDA",2021-01-05T16:00:00Z,Buy,13.320820501125,13.2781918812,36750,-1566.6,367.5,4415.8,0,"	3013,3017" 
2021-01-05T15:00:00Z,"TQQQ",2021-01-05T16:00:00Z,Buy,21.105501302,20.917742705875,13367,-2509.77,133.67,3964.48,0,"	3014,3018" 
2021-01-05T18:00:00Z,"TSLA",2021-01-05T18:30:00Z,Buy,246.109975389,246.243308709,1683,224.4,16.83,981.75,1,"	3019,3020" 
2021-01-06T15:00:00Z,"AMD",2021-01-06T15:30:00Z,Sell,89.89,91.2,5420,-7100.2,54.2,9159.8,0,"	3021,3023" 
2021-01-06T15:00:00Z,"NVDA",2021-01-06T15:30:00Z,Sell,12.988267407675,13.032641058825,37488,-1663.48,374.88,3738.16,0,"	3022,3024" 
2021-01-06T15:30:00Z,"SPXL",2021-01-06T20:59:00Z,Buy,69.691553187,69.556248549,4521,-611.71,45.21,10136.95,0,"	3025,3028" 
2021-01-06T17:00:00Z,"TSLA",2021-01-06T18:30:00Z,Buy,257.053307628,256.506641016,1747,-955.03,17.47,2474.92,0,"	3026,3027" 
2021-01-07T15:00:00Z,"SPXL",2021-01-07T16:30:00Z,Buy,72.00139665,72.542615202,5616,3039.48,56.16,2990.63,1,"	3032,3034" 
2021-01-07T15:00:00Z,"TSLA",2021-01-07T20:59:00Z,Buy,262.29997377,272.089972791,1841,18023.39,18.41,7861.07,1,"	3029,3035" 
2021-01-07T15:00:00Z,"AMD",2021-01-07T20:59:00Z,Buy,93.2,95.23,5183,10521.49,51.83,6426.92,1,"	3030,3036" 
2021-01-07T15:00:00Z,"TQQQ",2021-01-07T20:59:00Z,Buy,21.507328616,21.986890380625,15826,7589.54,158.26,3614.97,1,"	3031,3038" 
2021-01-07T16:00:00Z,"NVDA",2021-01-07T20:59:00Z,Buy,13.12014191025,13.322066952,25066,5061.45,250.66,3449.29,1,"	3033,3037" 
2021-01-08T16:00:00Z,"TSLA",2021-01-08T18:30:00Z,Buy,292.649970735,289.589971041,1710,-5232.6,17.1,12887.7,0,"	3039,3042" 
2021-01-08T17:00:00Z,"AMD",2021-01-08T17:30:00Z,Sell,94.07,94.43,5308,-1910.88,53.08,3078.64,0,"	3040,3041" 
2021-01-08T18:30:00Z,"NVDA",2021-01-08T19:30:00Z,Sell,13.1106688836,13.112663205,30502,-60.83,305.02,3079.56,0,"	3043,3044" 
2021-01-11T15:00:00Z,"NVDA",2021-01-11T17:00:00Z,Buy,13.79621686485,13.70048943765,30205,-2891.45,302.05,6543.4,0,"	3046,3047" 
2021-01-11T15:00:00Z,"AMD",2021-01-11T20:30:00Z,Buy,96.18,97.26,5172,5585.76,51.72,10033.68,1,"	3045,3049" 
2021-01-11T18:30:00Z,"TSLA",2021-01-11T20:59:00Z,Sell,276.13330572,269.969973003,1813,11174.12,18.13,6986.09,1,"	3048,3050" 
2021-01-12T15:00:00Z,"TSLA",2021-01-12T19:30:00Z,Buy,282.96663837,283.693304964,1016,738.29,10.16,5713.31,1,"	3051,3053" 
2021-01-12T19:00:00Z,"AMD",2021-01-12T20:59:00Z,Sell,94.71,95.38,5318,-3563.06,53.18,6753.86,0,"	3052,3054" 
2021-01-13T15:30:00Z,"TSLA",2021-01-13T16:00:00Z,Sell,279.789972021,281.379971862,1059,-1683.81,10.59,2492.18,0,"	3055,3056" 
2021-01-13T16:00:00Z,"TQQQ",2021-01-13T17:30:00Z,Buy,22.123224647875,22.0670166605,17075,-959.75,170.75,3614.38,0,"	3057,3058" 
2021-01-13T19:30:00Z,"SPXL",2021-01-13T20:00:00Z,Buy,73.557399987,73.325449179,6805,-1578.43,68.05,2696.48,0,"	3059,3060" 
2021-01-14T20:30:00Z,"NVDA",2021-01-14T20:59:00Z,Sell,13.177229360325,13.161274789125,37924,605.06,379.24,3691.82,1,"	3061,3062" 
2021-01-15T15:30:00Z,"TQQQ",2021-01-15T16:30:00Z,Sell,21.199978557375,21.5121122745,17357,-5417.7,173.57,8801.18,0,"	3064,3068" 
2021-01-15T15:30:00Z,"SPXL",2021-01-15T16:30:00Z,Sell,69.991156314,71.025270333,7150,-7393.92,71.5,7877.63,0,"	3065,3069" 
2021-01-15T15:30:00Z,"NVDA",2021-01-15T18:00:00Z,Sell,12.916471837275,12.987768827325,38692,-2758.62,386.92,5382.21,0,"	3063,3070" 
2021-01-15T16:00:00Z,"AMD",2021-01-15T16:30:00Z,Sell,88.83,89.33,5473,-2736.5,54.73,4487.86,0,"	3066,3067" 
2021-01-15T20:00:00Z,"TSLA",2021-01-15T20:59:00Z,Sell,274.423305891,275.546639112,705,-791.95,7.05,2052.72,0,"	3071,3072" 
2021-01-19T18:00:00Z,"TQQQ",2021-01-19T20:59:00Z,Buy,22.0048291,22.156710257375,20576,3125.11,205.76,1993.18,1,"	3073,3076" 
2021-01-19T19:00:00Z,"SPXL",2021-01-19T19:30:00Z,Buy,72.542615202,72.436304415,6799,-722.81,67.99,1051.36,0,"	3074,3075" 
2021-01-20T15:00:00Z,"NVDA",2021-01-20T16:30:00Z,Buy,13.22883242655,13.191688190475,37258,-1383.92,372.58,4504.71,0,"	3077,3080" 
2021-01-20T15:30:00Z,"TQQQ",2021-01-20T20:59:00Z,Buy,23.405245125875,23.72933798925,16044,5199.75,160.44,2820.53,1,"	3078,3081" 
2021-01-20T15:30:00Z,"SPXL",2021-01-20T20:59:00Z,Buy,74.4175509,75.442000302,6633,6795.17,66.33,3269.38,1,"	3079,3082" 
2021-01-21T15:00:00Z,"NVDA",2021-01-21T17:30:00Z,Buy,13.480366213125,13.53296644005,36869,1939.32,368.69,5744.42,1,"	3083,3084" 
2021-01-21T18:30:00Z,"AMD",2021-01-21T20:59:00Z,Buy,90.78,91.58,5480,4384,54.8,4658,1,"	3085,3086" 
2021-01-25T15:00:00Z,"AMD",2021-01-25T15:30:00Z,Buy,95.13,94.97,5248,-839.68,52.48,5248,0,"	3088,3090" 
2021-01-25T15:00:00Z,"TQQQ",2021-01-25T15:30:00Z,Buy,25.04962773525,24.92525261425,12565,-1562.77,125.65,2464.37,0,"	3089,3091" 
2021-01-25T15:00:00Z,"TSLA",2021-01-25T16:00:00Z,Buy,298.643303469,288.036637863,1672,-17734.34,16.72,20002.69,0,"	3087,3092" 
2021-01-25T16:00:00Z,"SPXL",2021-01-25T17:00:00Z,Sell,73.692704625,74.359563198,6264,-4177.2,62.64,12719.28,0,"	3094,3095" 
2021-01-25T16:00:00Z,"NVDA",2021-01-25T18:30:00Z,Sell,13.341760875825,13.5823258947,33904,-8156.12,339.04,12086.27,0,"	3093,3096" 
2021-01-27T16:30:00Z,"NVDA",2021-01-27T17:30:00Z,Sell,12.961344068775,13.05532646475,31497,-2960.16,314.97,6038.11,0,"	3097,3100" 
2021-01-27T16:30:00Z,"TQQQ",2021-01-27T17:30:00Z,Sell,23.669542258,23.76760725725,13519,-1325.74,135.19,7792.77,0,"	3098,3101" 
2021-01-27T17:00:00Z,"SPXL",2021-01-27T18:00:00Z,Sell,70.773990291,72.19468899,6790,-9646.54,67.9,10755.57,0,"	3099,3102" 
2021-01-27T20:00:00Z,"AMD",2021-01-27T20:59:00Z,Sell,88.93,88.94,5400,-54,54,4968,0,"	3103,3104" 
2021-01-28T15:00:00Z,"AMD",2021-01-28T15:30:00Z,Sell,88.02,88.84,4704,-3857.28,47.04,5503.68,0,"	3105,3106" 
2021-01-28T15:30:00Z,"NVDA",2021-01-28T16:00:00Z,Buy,13.08125264295,13.05333214335,36591,-1021.64,365.91,3356.81,0,"	3107,3110" 
2021-01-28T15:30:00Z,"TQQQ",2021-01-28T20:30:00Z,Buy,23.35142896775,23.45666945475,14589,1535.35,145.89,9944.9,1,"	3108,3111" 
2021-01-28T15:30:00Z,"SPXL",2021-01-28T20:30:00Z,Buy,72.165695139,72.378316713,6161,1309.96,61.61,8872.01,1,"	3109,3112" 
2021-01-29T15:30:00Z,"NVDA",2021-01-29T16:00:00Z,Buy,13.272208917,13.1146575264,36103,-5688.08,361.03,7479.1,0,"	3113,3114" 
2021-01-29T16:30:00Z,"TSLA",2021-01-29T17:00:00Z,Sell,272.73330606,273.029972697,1747,-518.28,17.47,2364.27,0,"	3115,3118" 
2021-01-29T16:30:00Z,"TQQQ",2021-01-29T17:00:00Z,Sell,22.081367636,22.27988946375,14774,-2932.96,147.74,5477.22,0,"	3116,3119" 
2021-01-29T16:30:00Z,"SPXL",2021-01-29T20:30:00Z,Sell,68.667103785,68.32884219,5348,1809.02,53.48,13903.63,1,"	3117,3121" 
2021-01-29T17:30:00Z,"AMD",2021-01-29T20:59:00Z,Sell,86.3,85.7,4977,2986.2,49.77,6569.64,1,"	3120,3122" 
2021-02-01T17:00:00Z,"TSLA",2021-02-01T20:59:00Z,Buy,275.596639107,280.526638614,1531,7547.83,15.31,6241.38,1,"	3123,3129" 
2021-02-01T17:00:00Z,"TQQQ",2021-02-01T20:59:00Z,Buy,22.971128117,23.34664530925,13324,5003.39,133.24,2616.42,1,"	3124,3130" 
2021-02-01T18:30:00Z,"SPXL",2021-02-01T19:00:00Z,Buy,70.600027185,70.609691802,4892,47.28,48.92,2316.69,1,"	3125,3127" 
2021-02-01T19:00:00Z,"NVDA",2021-02-01T19:30:00Z,Buy,13.208141342025,13.1615240793,36398,-1696.78,363.98,1914.54,0,"	3126,3128" 
2021-02-02T15:00:00Z,"TSLA",2021-02-02T20:59:00Z,Buy,286.3333047,290.729970927,1487,6537.84,14.87,4495.7,1,"	3131,3136" 
2021-02-02T15:30:00Z,"SPXL",2021-02-02T17:30:00Z,Buy,73.489747668,74.069624688,4701,2726,47.01,1612.88,1,"	3132,3135" 
2021-02-02T16:00:00Z,"TQQQ",2021-02-02T16:30:00Z,Buy,24.224446644,24.291417863,12009,804.26,120.09,919.15,1,"	3133,3134" 
2021-02-03T15:00:00Z,"NVDA",2021-02-03T15:30:00Z,Buy,13.87997836365,13.6162293585,34958,-9220.14,349.58,9455.43,0,"	3137,3140" 
2021-02-03T15:30:00Z,"AMD",2021-02-03T16:00:00Z,Sell,87.66,87.8,5491,-768.74,54.91,1921.85,0,"	3139,3142" 
2021-02-03T15:30:00Z,"TQQQ",2021-02-03T16:00:00Z,Sell,24.1144224985,24.281850546,12023,-2012.99,120.23,3077,0,"	3141,3143" 
2021-02-03T15:30:00Z,"TSLA",2021-02-03T17:00:00Z,Sell,284.519971548,288.859971114,1454,-6310.36,14.54,6310.36,0,"	3138,3144" 
2021-02-04T15:00:00Z,"NVDA",2021-02-04T15:30:00Z,Sell,13.3499874516,13.409567803425,35760,-2130.59,357.6,5429,0,"	3146,3148" 
2021-02-04T15:00:00Z,"SPXL",2021-02-04T15:30:00Z,Buy,74.852458665,74.755812495,3823,-369.48,38.23,1440.97,0,"	3147,3149" 
2021-02-04T15:00:00Z,"TSLA",2021-02-04T16:30:00Z,Sell,281.256638541,280.459971954,925,736.92,9.25,2395.75,1,"	3145,3150" 
2021-02-05T16:30:00Z,"NVDA",2021-02-05T18:00:00Z,Sell,13.52498915445,13.6082520729,35246,-2934.68,352.46,2996.19,0,"	3151,3152" 
2021-02-08T15:00:00Z,"AMD",2021-02-08T20:59:00Z,Buy,89.93,91.33,5289,7404.6,52.89,5341.89,1,"	3153,3155" 
2021-02-08T15:00:00Z,"NVDA",2021-02-08T20:59:00Z,Buy,14.08140482505,14.399748378525,33774,10751.74,337.74,4083.47,1,"	3154,3156" 
2021-02-10T15:00:00Z,"AMD",2021-02-10T15:30:00Z,Buy,92.84,91.54,4532,-5891.6,45.32,10151.68,0,"	3158,3160" 
2021-02-10T15:00:00Z,"NVDA",2021-02-10T15:30:00Z,Buy,14.68069840575,14.478773364,19645,-3966.82,196.45,6802.36,0,"	3159,3161" 
2021-02-10T15:00:00Z,"TSLA",2021-02-10T20:59:00Z,Sell,278.493305484,267.869973213,1732,18399.61,17.32,10259.21,1,"	3157,3166" 
2021-02-10T15:30:00Z,"TQQQ",2021-02-10T18:30:00Z,Sell,25.26489236775,25.4251449275,18980,-3041.59,189.8,12211.77,0,"	3162,3165" 
2021-02-10T16:30:00Z,"SPXL",2021-02-10T17:00:00Z,Sell,77.974129956,78.109434594,6207,-839.84,62.07,3659.28,0,"	3163,3164" 
2021-02-11T15:00:00Z,"TSLA",2021-02-11T15:30:00Z,Buy,274.803305853,271.949972805,1397,-3986.11,13.97,4312.07,0,"	3167,3168" 
2021-02-11T15:30:00Z,"NVDA",2021-02-11T17:00:00Z,Buy,15.140638778625,15.1548483186,20745,294.78,207.45,2151.35,1,"	3169,3170" 
2021-02-11T17:30:00Z,"SPXL",2021-02-11T18:00:00Z,Sell,77.60687451,78.003123807,6220,-2464.67,62.2,4268.09,0,"	3171,3172" 
2021-02-12T15:00:00Z,"TSLA",2021-02-12T16:00:00Z,Sell,264.636640203,265.223306811,1089,-638.88,10.89,4424.97,0,"	3173,3174" 
2021-02-12T16:00:00Z,"AMD",2021-02-12T17:00:00Z,Buy,94.03,93.31,4464,-3214.08,44.64,3571.2,0,"	3175,3176" 
2021-02-16T15:00:00Z,"AMD",2021-02-16T15:30:00Z,Sell,92.63,92.63,4920,0,49.2,2017.2,0,"	3177,3178" 
2021-02-16T15:30:00Z,"NVDA",2021-02-16T16:00:00Z,Buy,15.200468420625,15.167562117525,15268,-502.41,152.68,1701.35,0,"	3179,3181" 
2021-02-16T16:00:00Z,"TSLA",2021-02-16T20:59:00Z,Sell,268.346639832,265.403306793,1095,3222.95,10.95,3759.5,1,"	3180,3182" 
2021-02-17T15:00:00Z,"AMD",2021-02-17T17:30:00Z,Sell,89.88,89.58,4659,1397.7,46.59,4472.64,1,"	3183,3187" 
2021-02-17T15:30:00Z,"NVDA",2021-02-17T18:30:00Z,Sell,14.880379835925,14.9623963035,17634,-1446.28,176.34,4167.39,0,"	3184,3188" 
2021-02-17T16:30:00Z,"TQQQ",2021-02-17T17:00:00Z,Sell,25.06876236925,25.19313749025,19282,-2398.2,192.82,5764.91,0,"	3185,3186" 
2021-02-18T15:00:00Z,"AMD",2021-02-18T17:00:00Z,Sell,88.13,87.99,4553,637.42,45.53,3323.69,1,"	3189,3194" 
2021-02-18T15:30:00Z,"TQQQ",2021-02-18T16:00:00Z,Sell,24.61431481175,24.798485664,19547,-3599.99,195.47,7012.96,0,"	3190,3192" 
2021-02-18T15:30:00Z,"SPXL",2021-02-18T16:00:00Z,Sell,77.452240638,77.771172999,6215,-1982.16,62.15,5766.3,0,"	3191,3193" 
2021-02-19T18:00:00Z,"TSLA",2021-02-19T18:30:00Z,Sell,260.436640623,260.79997392,1834,-666.35,18.34,2151.89,0,"	3195,3197" 
2021-02-19T18:00:00Z,"TQQQ",2021-02-19T20:00:00Z,Sell,25.10703163725,25.142909076,18027,-646.76,180.27,5907.1,0,"	3196,3198" 
2021-02-22T15:00:00Z,"NVDA",2021-02-22T15:30:00Z,Buy,15.003030602025,14.920764844275,21181,-1742.47,211.81,2919.96,0,"	3199,3201" 
2021-02-22T15:30:00Z,"TSLA",2021-02-22T20:59:00Z,Sell,250.946641572,238.3333095,1899,23952.72,18.99,8564.49,1,"	3200,3205" 
2021-02-22T16:00:00Z,"TQQQ",2021-02-22T18:30:00Z,Sell,23.5403834785,23.889590549,20352,-7107.06,203.52,8908.17,0,"	3202,3204" 
2021-02-22T17:30:00Z,"AMD",2021-02-22T20:59:00Z,Sell,86.77,85.47,4542,5904.6,45.42,1498.86,1,"	3203,3206" 
2021-02-23T15:00:00Z,"SPXL",2021-02-23T15:30:00Z,Sell,73.528406136,74.99742792,6590,-9680.85,65.9,10699.89,0,"	3207,3208" 
2021-02-23T18:00:00Z,"AMD",2021-02-23T18:30:00Z,Sell,82.22,83.33,5462,-6062.82,54.62,6445.16,0,"	3209,3212" 
2021-02-23T18:00:00Z,"NVDA",2021-02-23T18:30:00Z,Sell,13.624455934275,13.835854002675,26836,-5673.08,268.36,5786.81,0,"	3210,3213" 
2021-02-23T18:00:00Z,"TQQQ",2021-02-23T18:30:00Z,Sell,21.4260064215,22.17464897675,14838,-11108.36,148.38,11534.24,0,"	3211,3214" 
2021-02-24T15:00:00Z,"NVDA",2021-02-24T16:00:00Z,Sell,13.8854627475,13.962991991925,33957,-2632.66,339.57,7851.42,0,"	3215,3218" 
2021-02-24T15:30:00Z,"AMD",2021-02-24T16:00:00Z,Sell,83.19,84.18,5157,-5105.43,51.57,6033.69,0,"	3216,3217" 
2021-02-24T16:00:00Z,"SPXL",2021-02-24T20:59:00Z,Buy,77.365259085,79.472145591,6063,12774.05,60.63,3750.18,1,"	3219,3224" 
2021-02-24T16:30:00Z,"TSLA",2021-02-24T19:30:00Z,Buy,242.329975767,242.343309099,1057,14.09,10.57,5189.87,1,"	3220,3222" 
2021-02-24T19:00:00Z,"TQQQ",2021-02-24T19:30:00Z,Buy,23.267714944,23.1863927495,13240,-1076.71,132.4,2755.1,0,"	3221,3223" 
2021-02-25T15:30:00Z,"AMD",2021-02-25T20:59:00Z,Sell,85.22,82.67,5557,14170.35,55.57,9280.19,1,"	3225,3231" 
2021-02-25T15:30:00Z,"SPXL",2021-02-25T20:59:00Z,Sell,78.128763828,73.857003114,6061,25891.14,60.61,16460.21,1,"	3226,3234" 
2021-02-25T16:00:00Z,"NVDA",2021-02-25T20:59:00Z,Sell,13.89992157765,13.341760875825,34181,19078.49,341.81,9313.44,1,"	3227,3232" 
2021-02-25T16:00:00Z,"TQQQ",2021-02-25T20:59:00Z,Sell,22.617137388,21.0911503265,16580,25300.87,165.8,16735.06,1,"	3228,3233" 
2021-02-25T17:00:00Z,"TSLA",2021-02-25T20:59:00Z,Sell,233.736643293,228.046643862,1162,6611.78,11.62,8068.15,1,"	3229,3230" 
2021-02-26T15:00:00Z,"TSLA",2021-02-26T16:00:00Z,Sell,224.16664425,227.896643877,1649,-6150.77,16.49,12829.22,0,"	3235,3238" 
2021-02-26T15:30:00Z,"TQQQ",2021-02-26T16:00:00Z,Sell,20.66301289075,21.64844654175,20447,-20149.16,204.47,21273.99,0,"	3236,3240" 
2021-02-26T15:30:00Z,"SPXL",2021-02-26T16:00:00Z,Sell,71.392525779,73.654046157,7173,-16221.89,71.73,18024.32,0,"	3237,3241" 
2021-02-26T16:00:00Z,"AMD",2021-02-26T18:00:00Z,Buy,84.69,84.65,5818,-232.72,58.18,5352.56,0,"	3239,3242" 
2021-03-01T15:00:00Z,"SPXL",2021-03-01T20:59:00Z,Buy,76.263492747,77.51022834,6457,8050.17,64.57,6490.06,1,"	3243,3248" 
2021-03-01T16:00:00Z,"TQQQ",2021-03-01T17:30:00Z,Buy,22.741512509,22.894589581,17567,2689.1,175.67,2773.14,1,"	3245,3246" 
2021-03-01T16:00:00Z,"TSLA",2021-03-01T18:30:00Z,Buy,236.979976302,236.489976351,1608,-787.92,16.08,5402.88,0,"	3244,3247" 
2021-03-02T15:00:00Z,"TSLA",2021-03-02T15:30:00Z,Sell,236.09997639,236.526643014,1708,-728.75,17.08,3968.25,0,"	3249,3250" 
2021-03-02T15:30:00Z,"TQQQ",2021-03-02T17:30:00Z,Sell,22.59561092475,22.598002754,15650,-37.43,156.5,5558.67,0,"	3251,3255" 
2021-03-02T16:30:00Z,"AMD",2021-03-02T17:00:00Z,Sell,85.65,85.4,5793,1448.25,57.93,2375.13,1,"	3252,3254" 
2021-03-02T16:30:00Z,"NVDA",2021-03-02T18:00:00Z,Sell,13.625453094975,13.5873116982,36407,1388.61,364.07,3031.35,1,"	3253,3256" 
2021-03-03T15:00:00Z,"SPXL",2021-03-03T15:30:00Z,Sell,74.697824793,74.436880134,6250,1630.9,62.5,5798.77,1,"	3260,3261" 
2021-03-03T15:00:00Z,"TQQQ",2021-03-03T16:00:00Z,Sell,21.30880678825,21.325549593,16518,-276.56,165.18,7111.48,0,"	3259,3262" 
2021-03-03T15:00:00Z,"AMD",2021-03-03T16:30:00Z,Sell,83.22,83.66,5971,-2627.24,59.71,7224.91,0,"	3257,3263" 
2021-03-03T15:00:00Z,"NVDA",2021-03-03T20:59:00Z,Sell,13.0717796163,12.791328169425,37989,10654.07,379.89,6619.73,1,"	3258,3266" 
2021-03-03T20:30:00Z,"TSLA",2021-03-03T20:59:00Z,Sell,219.09997809,217.853311548,1849,2305.09,18.49,3642.53,1,"	3264,3265" 
2021-03-04T15:00:00Z,"TQQQ",2021-03-04T15:30:00Z,Sell,19.727807654,19.7708605805,16131,-694.49,161.31,6829.12,0,"	3269,3270" 
2021-03-04T15:00:00Z,"TSLA",2021-03-04T16:00:00Z,Sell,212.996645367,217.283311605,2140,-9173.47,21.4,25159.26,0,"	3267,3271" 
2021-03-04T15:00:00Z,"NVDA",2021-03-04T16:00:00Z,Sell,12.5392958025,12.68837132715,39963,-5957.51,399.63,13598.65,0,"	3268,3272" 
2021-03-04T18:00:00Z,"SPXL",2021-03-04T20:59:00Z,Sell,70.348747143,69.923503995,6551,2785.77,65.51,20513.38,1,"	3273,3276" 
2021-03-04T18:30:00Z,"AMD",2021-03-04T20:59:00Z,Sell,78.35,77.76,6317,3727.03,63.17,8401.61,1,"	3274,3275" 
2021-03-05T15:00:00Z,"TSLA",2021-03-05T17:30:00Z,Sell,196.793313654,193.996647267,2206,6169.45,22.06,32332.6,1,"	3277,3283" 
2021-03-05T15:00:00Z,"AMD",2021-03-05T17:30:00Z,Sell,77.1,77.14,6449,-257.96,64.49,18895.57,0,"	3278,3284" 
2021-03-05T15:00:00Z,"NVDA",2021-03-05T17:30:00Z,Sell,12.106278768525,12.1045337373,41045,71.62,410.45,19333.58,1,"	3279,3285" 
2021-03-05T15:30:00Z,"TQQQ",2021-03-05T17:30:00Z,Sell,18.62517436975,19.0724464395,16681,-7460.95,166.81,19031.4,0,"	3280,3286" 
2021-03-05T16:30:00Z,"SPXL",2021-03-05T17:00:00Z,Sell,68.13554985,69.710882421,7037,-11085.62,70.37,11561.68,0,"	3281,3282" 
2021-03-08T17:00:00Z,"AMD",2021-03-08T20:59:00Z,Sell,76.04,74.16,6471,12165.48,64.71,6729.84,1,"	3287,3294" 
2021-03-08T17:00:00Z,"NVDA",2021-03-08T20:59:00Z,Sell,11.92255190955,11.607199838175,41232,13002.6,412.32,8664.97,1,"	3288,3295" 
2021-03-08T17:30:00Z,"SPXL",2021-03-08T18:00:00Z,Buy,75.96388962,75.838249599,4715,-592.39,47.15,2232.86,0,"	3289,3290" 
2021-03-08T19:00:00Z,"TSLA",2021-03-08T19:30:00Z,Sell,190.036647663,192.796647387,2106,-5812.56,21.06,8416.98,0,"	3291,3293" 
2021-03-08T19:00:00Z,"TQQQ",2021-03-08T20:59:00Z,Sell,18.90741022125,18.4027342495,14114,7123,141.14,4793.68,1,"	3292,3296" 
2021-03-09T15:00:00Z,"SPXL",2021-03-09T20:59:00Z,Buy,76.128188109,76.079865024,3386,-163.62,33.86,5206.45,0,"	3297,3306" 
2021-03-09T15:30:00Z,"NVDA",2021-03-09T16:00:00Z,Buy,12.3423762666,12.2570896062,28820,-2457.96,288.2,4297.84,0,"	3299,3300" 
2021-03-09T15:30:00Z,"TSLA",2021-03-09T20:59:00Z,Buy,210.523312281,224.963310837,2390,34511.6,23.9,15144.63,1,"	3298,3305" 
2021-03-09T16:30:00Z,"TQQQ",2021-03-09T17:00:00Z,Buy,20.292279357,20.30902216175,9181,153.72,91.81,1262.66,1,"	3301,3302" 
2021-03-09T18:30:00Z,"AMD",2021-03-09T19:30:00Z,Buy,78.27,78.19,5139,-411.12,51.39,3623,0,"	3303,3304" 
2021-03-11T15:00:00Z,"AMD",2021-03-11T15:30:00Z,Buy,80.5,79.76,6393,-4730.82,63.93,6201.21,0,"	3307,3308" 
2021-03-11T17:00:00Z,"SPXL",2021-03-11T19:00:00Z,Buy,80.622235014,80.448271908,6359,-1106.23,63.59,4363.47,0,"	3309,3310" 
2021-03-15T15:00:00Z,"AMD",2021-03-15T15:30:00Z,Buy,83,82.45,5967,-3281.85,59.67,5489.64,0,"	3311,3313" 
2021-03-15T15:00:00Z,"NVDA",2021-03-15T15:30:00Z,Buy,13.0533478128,12.9423754038,32337,-3588.51,323.37,4257.83,0,"	3312,3314" 
2021-03-16T14:00:00Z,"TQQQ",2021-03-16T16:30:00Z,Buy,22.6410556805,22.4401420235,12136,-2438.29,121.36,7024.59,0,"	3315,3316" 
2021-03-17T15:00:00Z,"SPXL",2021-03-17T15:30:00Z,Sell,79.858730271,80.2163211,6365,-2276.07,63.65,2768.19,0,"	3317,3318" 
2021-03-17T17:00:00Z,"AMD",2021-03-17T17:30:00Z,Sell,80.48,81.09,6095,-3717.95,60.95,3778.9,0,"	3319,3320" 
2021-03-17T19:00:00Z,"TQQQ",2021-03-17T19:30:00Z,Buy,22.722377875,22.61474555875,13814,-1486.83,138.14,4328.34,0,"	3322,3323" 
2021-03-17T19:00:00Z,"TSLA",2021-03-17T19:59:00Z,Buy,231.953310138,233.639976636,1447,2440.61,14.47,3839.37,1,"	3321,3324" 
2021-03-18T14:00:00Z,"AMD",2021-03-18T15:00:00Z,Sell,80.19,80.41,6311,-1388.42,63.11,5048.8,0,"	3325,3326" 
2021-03-18T16:00:00Z,"NVDA",2021-03-18T16:30:00Z,Sell,12.985018734,13.0977367764,38919,-4386.87,389.19,4668.33,0,"	3327,3328" 
2021-03-18T17:00:00Z,"TSLA",2021-03-18T17:30:00Z,Sell,222.663311067,224.313310902,1339,-2209.35,13.39,3084.16,0,"	3329,3331" 
2021-03-18T17:00:00Z,"TQQQ",2021-03-18T17:30:00Z,Sell,21.028962766,21.3494678855,15349,-4919.43,153.49,5139.71,0,"	3330,3332" 
2021-03-18T19:30:00Z,"SPXL",2021-03-18T19:59:00Z,Sell,79.327176336,78.592665444,6312,4636.23,63.12,2379.12,1,"	3333,3334" 
2021-03-19T14:00:00Z,"SPXL",2021-03-19T14:30:00Z,Sell,77.481234489,77.645532978,6479,-1064.49,64.79,6762.64,0,"	3336,3337" 
2021-03-19T14:00:00Z,"TSLA",2021-03-19T15:00:00Z,Sell,212.956645371,216.939978306,1690,-6731.83,16.9,14269.23,0,"	3335,3338" 
2021-03-19T15:00:00Z,"TQQQ",2021-03-19T15:30:00Z,Buy,20.67258020775,20.502760331,15340,-2605.04,153.4,5687.05,0,"	3339,3340" 
2021-03-19T17:00:00Z,"NVDA",2021-03-19T18:30:00Z,Buy,12.870305682,12.8159416704,38717,-2104.81,387.17,4180.66,0,"	3341,3342" 
2021-03-22T14:00:00Z,"NVDA",2021-03-22T19:59:00Z,Buy,12.958834233,13.1428738686,38392,7065.65,383.92,8473.04,1,"	3343,3350" 
2021-03-22T14:00:00Z,"TQQQ",2021-03-22T19:59:00Z,Buy,21.50015312825,21.7991317845,14766,4414.72,147.66,6106.44,1,"	3344,3351" 
2021-03-22T14:00:00Z,"SPXL",2021-03-22T19:59:00Z,Buy,79.15321323,79.916717973,6282,4796.34,62.82,5646.32,1,"	3345,3352" 
2021-03-22T16:30:00Z,"TSLA",2021-03-22T17:30:00Z,Buy,232.626643404,230.06664366,1564,-4003.84,15.64,4415.69,0,"	3346,3348" 
2021-03-22T16:30:00Z,"AMD",2021-03-22T19:00:00Z,Buy,80.81,81.05,6293,1510.32,62.93,2705.99,1,"	3347,3349" 
2021-03-23T14:00:00Z,"AMD",2021-03-23T15:00:00Z,Sell,79,79.12,6361,-763.32,63.61,4166.46,0,"	3353,3354" 
2021-03-23T19:30:00Z,"SPXL",2021-03-23T19:59:00Z,Sell,77.945136105,77.916142254,6442,186.78,64.42,3424.27,1,"	3355,3356" 
2021-03-24T14:00:00Z,"NVDA",2021-03-24T15:00:00Z,Sell,12.9194327934,12.965068638,38866,-1773.68,388.66,6736.12,0,"	3357,3359" 
2021-03-24T14:00:00Z,"TQQQ",2021-03-24T15:00:00Z,Sell,21.220309106,21.4547083725,14459,-3389.18,144.59,6743.77,0,"	3358,3360" 
2021-03-24T15:00:00Z,"SPXL",2021-03-24T15:30:00Z,Buy,79.675102548,79.597785612,6278,-485.4,62.78,2912.37,0,"	3361,3362" 
2021-03-24T17:00:00Z,"TSLA",2021-03-24T19:59:00Z,Sell,217.559978244,210.553312278,1839,12885.26,18.39,4248.09,1,"	3363,3364" 
2021-03-25T15:00:00Z,"AMD",2021-03-25T15:30:00Z,Sell,75.31,75.75,6704,-2949.76,67.04,3888.32,0,"	3365,3368" 
2021-03-25T15:00:00Z,"SPXL",2021-03-25T15:30:00Z,Sell,75.219714111,75.751268046,6710,-3566.73,67.1,6484.96,0,"	3367,3369" 
2021-03-25T15:00:00Z,"NVDA",2021-03-25T16:00:00Z,Sell,12.3605807292,12.4443711324,40839,-3421.92,408.39,7241.02,0,"	3366,3370" 
2021-03-25T16:30:00Z,"TSLA",2021-03-25T17:00:00Z,Buy,214.406645226,211.303312203,2032,-6305.97,20.32,6305.97,0,"	3371,3372" 
2021-03-26T14:30:00Z,"TQQQ",2021-03-26T15:00:00Z,Buy,20.57212337925,20.512327648,15379,-919.6,153.79,3457.69,0,"	3373,3375" 
2021-03-26T14:30:00Z,"SPXL",2021-03-26T15:00:00Z,Buy,79.549462527,79.211200932,6264,-2118.87,62.64,2966.42,0,"	3374,3376" 
2021-03-26T15:30:00Z,"NVDA",2021-03-26T16:00:00Z,Sell,12.365318877,12.4910044818,40168,-5048.54,401.68,5188.78,0,"	3378,3379" 
2021-03-26T15:30:00Z,"TSLA",2021-03-26T19:59:00Z,Sell,208.386645828,205.809979419,2033,5238.36,20.33,11649.09,1,"	3377,3382" 
2021-03-26T17:30:00Z,"AMD",2021-03-26T18:00:00Z,Buy,77.32,76.64,6429,-4371.72,64.29,5175.34,0,"	3380,3381" 
2021-03-29T14:00:00Z,"TSLA",2021-03-29T15:00:00Z,Sell,200.453313288,202.223313111,2221,-3931.17,22.21,7847.53,0,"	3383,3386" 
2021-03-29T14:00:00Z,"TQQQ",2021-03-29T16:00:00Z,Sell,20.68693118325,20.91176313275,15450,-3473.65,154.5,6540.82,0,"	3384,3388" 
2021-03-29T14:30:00Z,"SPXL",2021-03-29T15:30:00Z,Sell,80.090681079,80.641564248,5884,-3241.4,58.84,3980.66,0,"	3385,3387" 
2021-03-29T17:00:00Z,"NVDA",2021-03-29T17:30:00Z,Buy,12.9655673904,12.9620761236,37852,-132.15,378.52,2057.79,0,"	3389,3390" 
2021-03-30T14:00:00Z,"AMD",2021-03-30T14:30:00Z,Sell,75.29,75.47,6513,-1172.34,65.13,2930.85,0,"	3391,3392" 
2021-03-30T15:30:00Z,"TSLA",2021-03-30T16:30:00Z,Buy,207.69997923,207.96664587,2267,604.53,22.67,8637.27,1,"	3393,3394" 
2021-03-31T14:00:00Z,"SPXL",2021-03-31T14:30:00Z,Buy,81.975281394,81.926958309,5742,-277.47,57.42,1664.83,0,"	3398,3399" 
2021-03-31T14:00:00Z,"AMD",2021-03-31T19:59:00Z,Buy,77.65,78.47,6314,5177.48,63.14,4167.24,1,"	3395,3402" 
2021-03-31T14:00:00Z,"NVDA",2021-03-31T19:59:00Z,Buy,13.2289086576,13.32915789,37060,3715.24,370.6,4657.91,1,"	3396,3403" 
2021-03-31T14:00:00Z,"TQQQ",2021-03-31T19:59:00Z,Buy,21.6460547125,21.861319345,15733,3386.76,157.33,6020.9,1,"	3397,3404" 
2021-03-31T15:00:00Z,"TSLA",2021-03-31T15:30:00Z,Buy,220.269977973,219.976644669,1466,-430.03,14.66,1993.76,0,"	3400,3401" 
2021-04-01T14:30:00Z,"NVDA",2021-04-01T15:30:00Z,Buy,13.6842695988,13.650853188,36146,-1207.87,361.46,2559.96,0,"	3405,3408" 
2021-04-01T14:30:00Z,"SPXL",2021-04-01T16:00:00Z,Buy,83.859881709,83.840552475,5897,-113.98,58.97,1738.26,0,"	3406,3410" 
2021-04-01T15:30:00Z,"AMD",2021-04-01T16:00:00Z,Buy,80.84,80.36,6111,-2933.28,61.11,3727.71,0,"	3407,3409" 
2021-04-05T14:00:00Z,"SPXL",2021-04-05T19:59:00Z,Buy,87.242497659,88.276611678,5648,5840.68,56.48,4148.52,1,"	3411,3414" 
2021-04-05T14:30:00Z,"TQQQ",2021-04-05T19:59:00Z,Buy,23.97808823125,24.30816066775,16515,5451.15,165.15,3476.09,1,"	3412,3413" 
2021-04-06T15:30:00Z,"AMD",2021-04-06T16:00:00Z,Buy,82.44,82.25,6031,-1145.89,60.31,1839.46,0,"	3415,3416" 
2021-04-07T15:30:00Z,"NVDA",2021-04-07T16:30:00Z,Buy,13.971301605,13.9747928718,35552,124.12,355.52,2757.27,1,"	3417,3418" 
2021-04-07T18:30:00Z,"AMD",2021-04-07T19:30:00Z,Buy,82.95,82.31,5987,-3831.68,59.87,4400.44,0,"	3419,3420" 
2021-04-08T14:00:00Z,"NVDA",2021-04-08T14:30:00Z,Buy,14.4029718072,14.295490665,34377,-3694.88,343.77,4389.28,0,"	3421,3423" 
2021-04-08T14:30:00Z,"TSLA",2021-04-08T15:30:00Z,Buy,228.696643797,228.163310517,1333,-710.93,13.33,2861.51,0,"	3422,3424" 
2021-04-09T14:00:00Z,"SPXL",2021-04-09T14:30:00Z,Buy,90.112888908,89.871273483,5289,-1277.9,52.89,1789.07,0,"	3425,3426" 
2021-04-12T14:00:00Z,"AMD",2021-04-12T14:30:00Z,Sell,81.06,81.55,6076,-2977.24,60.76,3827.88,0,"	3428,3429" 
2021-04-12T14:00:00Z,"TSLA",2021-04-12T16:00:00Z,Buy,231.36664353,232.096643457,1094,798.62,10.94,3628.43,1,"	3427,3432" 
2021-04-12T15:00:00Z,"NVDA",2021-04-12T15:30:00Z,Sell,14.1902539086,14.261824878,34688,-2482.65,346.88,2569.16,0,"	3430,3431" 
2021-04-13T14:00:00Z,"AMD",2021-04-13T14:30:00Z,Buy,80.27,79.5,4158,-3201.66,41.58,5031.18,0,"	3434,3437" 
2021-04-13T14:00:00Z,"TQQQ",2021-04-13T15:00:00Z,Buy,26.271852482,26.14508553175,18668,-2366.49,186.68,4018.56,0,"	3436,3438" 
2021-04-13T14:00:00Z,"NVDA",2021-04-13T16:00:00Z,Buy,15.5289053502,15.41144916,22724,-2669.07,227.24,4539.13,0,"	3435,3440" 
2021-04-13T14:00:00Z,"TSLA",2021-04-13T19:59:00Z,Buy,241.816642485,254.219974578,1378,17091.79,13.78,3008.63,1,"	3433,3442" 
2021-04-13T15:30:00Z,"SPXL",2021-04-13T16:00:00Z,Buy,92.074806159,92.084470776,5316,51.38,53.16,1438.56,1,"	3439,3441" 
2021-04-14T14:00:00Z,"SPXL",2021-04-14T14:30:00Z,Buy,93.273218667,92.886633987,5296,-2047.35,52.96,2354.46,0,"	3443,3447" 
2021-04-14T14:30:00Z,"NVDA",2021-04-14T15:00:00Z,Sell,15.3643170582,15.5496035748,27785,-5148.19,277.85,6620.58,0,"	3445,3448" 
2021-04-14T14:30:00Z,"AMD",2021-04-14T19:59:00Z,Sell,79,78.44,3735,2091.6,37.35,3174.75,1,"	3444,3451" 
2021-04-14T14:30:00Z,"TQQQ",2021-04-14T19:59:00Z,Sell,26.147477361,25.3868756595,18855,14341.15,188.55,6674.5,1,"	3446,3452" 
2021-04-14T15:30:00Z,"TSLA",2021-04-14T16:00:00Z,Sell,249.106641756,251.563308177,756,-1857.24,7.56,2541.42,0,"	3449,3450" 
2021-04-15T14:00:00Z,"TSLA",2021-04-15T14:30:00Z,Sell,241.853309148,244.289975571,1040,-2534.13,10.4,3816.8,0,"	3453,3455" 
2021-04-15T14:00:00Z,"NVDA",2021-04-15T15:30:00Z,Buy,15.9062115408,15.8817726732,24788,-605.79,247.88,3313.3,0,"	3454,3459" 
2021-04-15T14:30:00Z,"TQQQ",2021-04-15T16:00:00Z,Buy,26.48950894375,26.33164821325,15655,-2471.31,156.55,4908.92,0,"	3457,3460" 
2021-04-15T14:30:00Z,"AMD",2021-04-15T19:59:00Z,Buy,81.2,82.8,5164,8262.4,51.64,5680.4,1,"	3456,3461" 
2021-04-15T14:30:00Z,"SPXL",2021-04-15T19:59:00Z,Buy,93.737120283,94.384649622,5293,3427.37,52.93,2915.82,1,"	3458,3462" 
2021-04-16T14:00:00Z,"NVDA",2021-04-16T14:30:00Z,Sell,15.8643163392,15.921423489,26797,-1530.3,267.97,2726.47,0,"	3464,3466" 
2021-04-16T14:00:00Z,"TQQQ",2021-04-16T14:30:00Z,Sell,26.3436073595,26.54212918725,17818,-3537.26,178.18,6946.67,0,"	3465,3467" 
2021-04-16T14:00:00Z,"AMD",2021-04-16T16:30:00Z,Sell,81.64,82.36,4478,-3224.16,44.78,4164.54,0,"	3463,3468" 
2021-04-19T14:00:00Z,"TSLA",2021-04-19T15:30:00Z,Sell,236.043309729,237.836642883,1331,-2386.93,13.31,10479.41,0,"	3469,3472" 
2021-04-19T14:30:00Z,"SPXL",2021-04-19T19:59:00Z,Sell,94.51995426,93.920748006,5255,3148.83,52.55,4570.88,1,"	3470,3478" 
2021-04-19T15:00:00Z,"AMD",2021-04-19T17:30:00Z,Sell,80.95,80.81,4418,618.52,44.18,2739.16,1,"	3471,3476" 
2021-04-19T16:00:00Z,"TQQQ",2021-04-19T19:59:00Z,Sell,25.8652415095,25.92503724075,17859,-1067.89,178.59,7517.96,0,"	3473,3477" 
2021-04-19T16:30:00Z,"NVDA",2021-04-19T17:00:00Z,Sell,15.2473596204,15.2765366358,24882,-725.98,248.82,2029.03,0,"	3474,3475" 
2021-04-20T14:00:00Z,"TSLA",2021-04-20T15:00:00Z,Buy,243.623308971,240.543309279,1276,-3930.08,12.76,6307.69,0,"	3479,3480" 
2021-04-20T15:00:00Z,"AMD",2021-04-20T19:59:00Z,Sell,79.49,79.34,6111,916.65,61.11,5438.79,1,"	3481,3486" 
2021-04-20T15:00:00Z,"TQQQ",2021-04-20T19:59:00Z,Sell,25.4442795615,25.44188773225,17228,41.21,172.28,8735.76,1,"	3482,3487" 
2021-04-20T15:00:00Z,"SPXL",2021-04-20T19:59:00Z,Sell,92.152123095,92.258433882,5349,-568.66,53.49,6927.27,0,"	3483,3488" 
2021-04-20T15:30:00Z,"NVDA",2021-04-20T18:00:00Z,Sell,15.0057140826,15.0708012708,26671,-1735.94,266.71,4389.73,0,"	3484,3485" 
2021-04-21T14:00:00Z,"AMD",2021-04-21T19:59:00Z,Buy,80.35,81.57,5209,6354.98,52.09,3385.85,1,"	3489,3495" 
2021-04-21T14:00:00Z,"SPXL",2021-04-21T19:59:00Z,Buy,92.886633987,94.597271196,5304,9073.22,53.04,2050.45,1,"	3490,3496" 
2021-04-21T16:00:00Z,"TQQQ",2021-04-21T16:30:00Z,Buy,25.82936407075,25.71455626675,16794,-1928.08,167.94,2008.42,0,"	3492,3493" 
2021-04-21T16:00:00Z,"TSLA",2021-04-21T17:00:00Z,Buy,242.529975747,241.296642537,2047,-2524.63,20.47,5410.9,0,"	3491,3494" 
2021-04-22T14:00:00Z,"AMD",2021-04-22T15:00:00Z,Sell,80.2,80.17,5329,159.87,53.29,2184.89,1,"	3497,3498" 
2021-04-22T17:30:00Z,"NVDA",2021-04-22T19:59:00Z,Sell,15.0688062612,14.8097043894,27441,7110.01,274.41,5173.41,1,"	3499,3504" 
2021-04-22T18:00:00Z,"TSLA",2021-04-22T19:59:00Z,Sell,240.949975905,239.653309368,2071,2685.4,20.71,7110.43,1,"	3500,3503" 
2021-04-22T18:00:00Z,"TQQQ",2021-04-22T19:59:00Z,Sell,25.03527675975,25.104639808,18993,-1317.41,189.93,9267.31,0,"	3501,3505" 
2021-04-22T18:00:00Z,"SPXL",2021-04-22T19:59:00Z,Sell,91.736544564,92.094135393,5441,-1945.65,54.41,8571.38,0,"	3502,3506" 
2021-04-23T14:00:00Z,"TSLA",2021-04-23T15:00:00Z,Buy,243.046642362,242.483309085,1673,-942.46,16.73,2805.06,0,"	3507,3512" 
2021-04-23T14:00:00Z,"AMD",2021-04-23T19:59:00Z,Buy,82.36,82.72,6062,2182.32,60.62,4122.16,1,"	3508,3513" 
2021-04-23T14:00:00Z,"NVDA",2021-04-23T19:59:00Z,Buy,15.0890057334,15.225663891,33090,4522.02,330.9,2838.64,1,"	3509,3514" 
2021-04-23T14:00:00Z,"TQQQ",2021-04-23T19:59:00Z,Buy,25.56626285325,26.13073455625,18202,10274.51,182.02,4440.68,1,"	3510,3515" 
2021-04-23T14:00:00Z,"SPXL",2021-04-23T19:59:00Z,Buy,93.331206369,95.109495897,5349,9512.07,53.49,5014.52,1,"	3511,3516" 
2021-04-26T14:00:00Z,"AMD",2021-04-26T15:30:00Z,Buy,84.64,84.99,5371,1879.85,53.71,4431.08,1,"	3517,3518" 
2021-04-27T14:00:00Z,"TSLA",2021-04-27T15:30:00Z,Sell,236.623309671,237.989976201,2154,-2943.8,21.54,5930.68,0,"	3519,3521" 
2021-04-27T14:00:00Z,"TQQQ",2021-04-27T15:30:00Z,Sell,26.25032601875,26.2575015065,16990,-121.91,169.9,3250.97,0,"	3520,3522" 
2021-04-29T14:30:00Z,"TSLA",2021-04-29T19:00:00Z,Sell,229.429977057,227.916643875,2166,3277.88,21.66,10533.98,1,"	3523,3526" 
2021-04-29T16:30:00Z,"NVDA",2021-04-29T17:00:00Z,Sell,15.0977339004,15.1102027104,33995,-423.88,339.95,1398.79,0,"	3524,3525" 
2021-04-30T14:30:00Z,"TSLA",2021-04-30T19:59:00Z,Buy,230.569976943,236.449976355,1657,9743.16,16.57,7845.89,1,"	3527,3528" 
2021-05-03T14:00:00Z,"TSLA",2021-05-03T14:30:00Z,Sell,230.713310262,232.079976792,1078,-1473.27,10.78,4279.66,0,"	3529,3531" 
2021-05-03T14:00:00Z,"AMD",2021-05-03T19:59:00Z,Sell,79.97,78.5,5102,7499.94,51.02,2729.57,1,"	3530,3536" 
2021-05-03T15:30:00Z,"NVDA",2021-05-03T16:00:00Z,Sell,14.8047168654,14.854093353,34781,-1717.36,347.81,2550.02,0,"	3532,3534" 
2021-05-03T15:30:00Z,"TQQQ",2021-05-03T16:00:00Z,Sell,25.276851514,25.45145504925,20372,-3557.02,203.72,4629,0,"	3533,3535" 
2021-05-04T14:00:00Z,"TSLA",2021-05-04T14:30:00Z,Sell,222.329977767,223.93331094,856,-1372.45,8.56,3578.08,0,"	3537,3541" 
2021-05-04T14:00:00Z,"NVDA",2021-05-04T18:30:00Z,Sell,14.2650667686,14.2191815478,35962,1650.12,359.62,9972.49,1,"	3538,3542" 
2021-05-04T14:00:00Z,"SPXL",2021-05-04T18:30:00Z,Sell,92.954286306,92.934957072,5520,106.7,55.2,9709.46,1,"	3540,3543" 
2021-05-04T14:00:00Z,"TQQQ",2021-05-04T19:59:00Z,Sell,23.9517781095,23.88241506125,21430,1486.45,214.3,16658.49,1,"	3539,3544" 
2021-05-06T14:00:00Z,"NVDA",2021-05-06T15:00:00Z,Sell,14.2822737264,14.3785329396,35968,-3462.25,359.68,6861.72,0,"	3545,3551" 
2021-05-06T14:30:00Z,"TSLA",2021-05-06T15:00:00Z,Sell,219.679978032,219.956644671,1403,-388.16,14.03,1889.37,0,"	3546,3549" 
2021-05-06T14:30:00Z,"AMD",2021-05-06T15:00:00Z,Sell,76.68,77.8,6716,-7521.92,67.16,7521.92,0,"	3547,3550" 
2021-05-06T14:30:00Z,"SPXL",2021-05-06T15:00:00Z,Sell,93.26355405,93.862760304,5519,-3307.02,55.19,3733.73,0,"	3548,3552" 
2021-05-07T14:00:00Z,"SPXL",2021-05-07T17:30:00Z,Buy,97.80592404,98.202173337,5192,2057.33,51.92,4666.62,1,"	3553,3554" 
2021-05-10T14:00:00Z,"AMD",2021-05-10T16:00:00Z,Sell,76.55,76.87,6645,-2126.4,66.45,5515.35,0,"	3556,3559" 
2021-05-10T14:00:00Z,"NVDA",2021-05-10T16:00:00Z,Sell,14.3757898014,14.4259144176,35029,-1755.82,350.29,5857.08,0,"	3557,3560" 
2021-05-10T14:00:00Z,"TSLA",2021-05-10T19:59:00Z,Sell,216.56664501,209.896645677,2349,15667.83,23.49,5684.58,1,"	3555,3562" 
2021-05-10T14:00:00Z,"TQQQ",2021-05-10T19:59:00Z,Sell,23.889590549,22.923291532,13486,13031.51,134.86,5225.51,1,"	3558,3563" 
2021-05-10T18:30:00Z,"SPXL",2021-05-10T19:59:00Z,Sell,96.965102361,95.6797083,5318,6835.73,53.18,3340.77,1,"	3561,3564" 
2021-05-11T17:30:00Z,"AMD",2021-05-11T18:00:00Z,Buy,76.65,76.57,6800,-544,68,2652,0,"	3565,3566" 
2021-05-12T15:00:00Z,"SPXL",2021-05-12T19:59:00Z,Sell,89.871273483,87.445454616,5796,14060.05,57.96,7002.02,1,"	3567,3572" 
2021-05-12T16:00:00Z,"TQQQ",2021-05-12T17:00:00Z,Sell,21.162905204,21.34229239775,15681,-2812.97,156.81,5138.36,0,"	3568,3569" 
2021-05-12T19:30:00Z,"NVDA",2021-05-12T19:59:00Z,Sell,13.706962833,13.7284091862,38335,-822.15,383.35,1892.85,0,"	3570,3571" 
2021-05-13T14:00:00Z,"SPXL",2021-05-13T15:30:00Z,Buy,90.17087661,90.025907355,4760,-690.05,47.6,6854.53,0,"	3573,3575" 
2021-05-13T15:30:00Z,"TSLA",2021-05-13T19:59:00Z,Sell,191.359980864,190.649980935,2741,1946.11,27.41,14833.38,1,"	3574,3580" 
2021-05-13T16:00:00Z,"AMD",2021-05-13T16:30:00Z,Sell,73.35,73.77,7173,-3012.66,71.73,3729.96,0,"	3576,3577" 
2021-05-13T17:00:00Z,"NVDA",2021-05-13T17:30:00Z,Sell,13.5506039556,13.539880779,38703,415.02,387.03,2480.46,1,"	3578,3579" 
2021-05-14T14:00:00Z,"SPXL",2021-05-14T14:30:00Z,Buy,93.369864837,93.050932476,4196,-1338.24,41.96,1987.08,0,"	3581,3582" 
2021-05-14T16:30:00Z,"TQQQ",2021-05-14T18:00:00Z,Buy,22.808483728,22.89219775175,14078,1178.53,140.78,1144.85,1,"	3584,3585" 
2021-05-14T16:30:00Z,"NVDA",2021-05-14T19:59:00Z,Buy,14.1331467588,14.2154409048,37048,3048.83,370.48,2845.58,1,"	3583,3586" 
2021-05-17T14:00:00Z,"NVDA",2021-05-17T15:00:00Z,Sell,13.9231719984,14.0164386972,37704,-3516.53,377.04,7916.89,0,"	3587,3588" 
2021-05-18T14:30:00Z,"TSLA",2021-05-18T16:30:00Z,Buy,195.549980445,195.146647152,2678,-1080.13,26.78,11006.58,0,"	3589,3590" 
2021-05-19T16:30:00Z,"AMD",2021-05-19T19:59:00Z,Buy,76.47,76.13,6841,-2325.94,68.41,9508.99,0,"	3591,3592" 
2021-05-20T14:00:00Z,"TSLA",2021-05-20T14:30:00Z,Buy,193.333314,193.936647273,2616,1578.32,26.16,2249.76,1,"	3593,3596" 
2021-05-20T14:00:00Z,"TQQQ",2021-05-20T19:59:00Z,Buy,22.9615608,23.44710213775,16279,7904.13,162.79,4360.9,1,"	3594,3599" 
2021-05-20T14:00:00Z,"SPXL",2021-05-20T19:59:00Z,Buy,92.065141542,93.244224816,4538,5350.68,45.38,5749.79,1,"	3595,3600" 
2021-05-20T14:30:00Z,"NVDA",2021-05-20T16:30:00Z,Buy,14.5057148016,14.4777846672,36164,-1010.07,361.64,3120.38,0,"	3597,3598" 
2021-05-21T14:00:00Z,"SPXL",2021-05-21T14:30:00Z,Buy,95.438092875,94.490960409,4437,-4202.43,44.37,4202.43,0,"	3601,3603" 
2021-05-21T14:30:00Z,"AMD",2021-05-21T15:00:00Z,Sell,77.44,77.6,6790,-1086.4,67.9,3327.1,0,"	3602,3604" 
2021-05-24T14:00:00Z,"AMD",2021-05-24T14:30:00Z,Buy,77.58,77.59,6770,67.7,67.7,1827.9,1,"	3606,3609" 
2021-05-24T14:00:00Z,"TSLA",2021-05-24T19:59:00Z,Buy,195.6666471,202.189979781,2224,14507.89,22.24,5804.64,1,"	3605,3611" 
2021-05-24T14:00:00Z,"NVDA",2021-05-24T19:59:00Z,Buy,15.3668108202,15.5690549184,34178,6912.3,341.78,4704.8,1,"	3607,3612" 
2021-05-24T14:00:00Z,"TQQQ",2021-05-24T19:59:00Z,Buy,23.9326434755,24.22205481475,14796,4282.13,147.96,3645.12,1,"	3608,3613" 
2021-05-24T14:30:00Z,"SPXL",2021-05-24T19:59:00Z,Buy,95.998640661,96.008305278,5529,53.44,55.29,4648.9,1,"	3610,3614" 
2021-05-25T14:00:00Z,"AMD",2021-05-25T14:30:00Z,Buy,77.7,77.78,6890,551.2,68.9,2790.45,1,"	3615,3617" 
2021-05-25T14:00:00Z,"NVDA",2021-05-25T14:30:00Z,Sell,15.476286972,15.5688055422,34571,-3198.46,345.71,4301.97,0,"	3616,3618" 
2021-05-26T15:00:00Z,"TSLA",2021-05-26T15:30:00Z,Buy,206.009979399,205.669979433,1781,-605.54,17.81,1181.4,0,"	3619,3620" 
2021-05-27T14:00:00Z,"AMD",2021-05-27T14:30:00Z,Sell,77.56,78.02,6883,-3166.18,68.83,3407.08,0,"	3622,3624" 
2021-05-27T14:00:00Z,"NVDA",2021-05-27T14:30:00Z,Sell,15.4670600526,15.6141920106,34502,-5076.35,345.02,7098.28,0,"	3623,3625" 
2021-05-27T14:00:00Z,"TSLA",2021-05-27T15:00:00Z,Buy,208.763312457,207.016645965,1979,-3456.65,19.79,5006.87,0,"	3621,3626" 
2021-05-28T14:00:00Z,"AMD",2021-05-28T19:59:00Z,Buy,80.52,80.1,6570,-2759.4,65.7,6602.85,0,"	3627,3629" 
2021-05-28T14:00:00Z,"NVDA",2021-05-28T19:59:00Z,Buy,15.9196778556,16.210699881,22751,6621.04,227.51,2405.59,1,"	3628,3630" 
2021-06-01T14:00:00Z,"AMD",2021-06-01T14:30:00Z,Buy,82.18,81.81,6454,-2387.98,64.54,5647.25,0,"	3631,3632" 
2021-06-01T15:00:00Z,"NVDA",2021-06-01T15:30:00Z,Sell,15.9660618288,15.9872588058,18810,-398.72,188.1,1322.8,0,"	3633,3635" 
2021-06-01T15:00:00Z,"TQQQ",2021-06-01T15:30:00Z,Sell,24.10246335225,24.28424237525,14856,-2700.51,148.56,3695.43,0,"	3634,3636" 
2021-06-02T14:00:00Z,"AMD",2021-06-02T14:30:00Z,Buy,82.07,81.69,6434,-2444.92,64.34,3989.08,0,"	3638,3640" 
2021-06-02T14:00:00Z,"TSLA",2021-06-02T19:59:00Z,Sell,205.019979498,201.76664649,1676,5452.59,16.76,3698.37,1,"	3637,3643" 
2021-06-02T14:00:00Z,"NVDA",2021-06-02T19:59:00Z,Buy,16.5279064074,16.7279061198,12873,2574.6,128.73,3020.82,1,"	3639,3644" 
2021-06-02T14:30:00Z,"TQQQ",2021-06-02T15:00:00Z,Buy,24.5545190805,24.473196886,19270,-1567.08,192.7,3226.34,0,"	3641,3642" 
2021-06-03T14:00:00Z,"TQQQ",2021-06-03T15:00:00Z,Sell,23.487763235,23.91590067075,18253,-7814.79,182.53,9255.51,0,"	3645,3648" 
2021-06-03T14:30:00Z,"TSLA",2021-06-03T15:00:00Z,Sell,198.846646782,201.523313181,1046,-2799.79,10.46,3204.25,0,"	3646,3647" 
2021-06-03T17:00:00Z,"NVDA",2021-06-03T19:30:00Z,Buy,17.1550875504,17.0318957076,10441,-1286.25,104.41,2265.25,0,"	3649,3650" 
2021-06-04T14:00:00Z,"SPXL",2021-06-04T14:30:00Z,Buy,97.477327062,97.535314764,5382,312.09,53.82,1248.36,1,"	3654,3655" 
2021-06-04T14:00:00Z,"TSLA",2021-06-04T19:59:00Z,Buy,197.279980272,199.689980031,1377,3318.57,13.77,3001.86,1,"	3651,3657" 
2021-06-04T14:00:00Z,"NVDA",2021-06-04T19:59:00Z,Buy,17.446358952,17.5134411498,17459,1171.19,174.59,2742.93,1,"	3652,3659" 
2021-06-04T14:00:00Z,"TQQQ",2021-06-04T19:59:00Z,Buy,24.52820895875,24.8750242,18854,6538.85,188.54,2480.26,1,"	3653,3660" 
2021-06-04T15:30:00Z,"AMD",2021-06-04T19:59:00Z,Buy,81.59,81.49,5756,-575.6,57.56,3885.3,0,"	3656,3658" 
2021-06-07T14:30:00Z,"SPXL",2021-06-07T15:00:00Z,Sell,97.70927787,97.796259423,5411,-470.66,54.11,1255.09,0,"	3661,3662" 
2021-06-07T15:30:00Z,"TSLA",2021-06-07T16:00:00Z,Sell,194.656647201,196.013313732,1511,-2049.92,15.11,2185.91,0,"	3663,3665" 
2021-06-07T15:30:00Z,"AMD",2021-06-07T16:00:00Z,Sell,80.59,80.72,6558,-852.54,65.58,1967.4,0,"	3664,3666" 
2021-06-08T14:00:00Z,"SPXL",2021-06-08T14:30:00Z,Sell,97.80592404,97.892905593,5393,-469.09,53.93,2288.12,0,"	3667,3668" 
2021-06-08T15:00:00Z,"AMD",2021-06-08T16:00:00Z,Sell,80.87,80.86,6518,65.18,65.18,2150.94,1,"	3669,3670" 
2021-06-09T14:00:00Z,"AMD",2021-06-09T15:30:00Z,Sell,80.34,80.3,6562,262.48,65.62,2591.99,1,"	3671,3672" 
2021-06-10T14:00:00Z,"SPXL",2021-06-10T14:30:00Z,Buy,99.5455551,99.187964271,5296,-1893.8,52.96,3352.54,0,"	3675,3676" 
2021-06-10T14:00:00Z,"AMD",2021-06-10T15:00:00Z,Buy,80.82,80.41,6523,-2674.43,65.23,5805.47,0,"	3673,3677" 
2021-06-10T14:00:00Z,"TQQQ",2021-06-10T15:00:00Z,Buy,25.8365395585,25.420361269,13285,-5528.93,132.85,9056,0,"	3674,3678" 
2021-06-10T17:00:00Z,"TSLA",2021-06-10T17:30:00Z,Buy,204.306646236,204.559979544,1382,350.11,13.82,981.22,1,"	3679,3680" 
2021-06-11T14:00:00Z,"NVDA",2021-06-11T19:59:00Z,Buy,17.6793369813,17.76638922045,28120,2447.91,281.2,4173.37,1,"	3681,3682" 
2021-06-14T14:00:00Z,"TSLA",2021-06-14T14:30:00Z,Buy,207.589979241,206.246646042,2463,-3308.63,24.63,4302.04,0,"	3683,3685" 
2021-06-14T14:00:00Z,"AMD",2021-06-14T14:30:00Z,Sell,80.5,80.64,5690,-796.6,56.9,2105.3,0,"	3684,3686" 
2021-06-14T14:30:00Z,"SPXL",2021-06-14T15:00:00Z,Sell,99.004336548,99.15897042,5279,-816.31,52.79,1505.08,0,"	3687,3688" 
2021-06-14T18:00:00Z,"TQQQ",2021-06-14T19:00:00Z,Buy,26.520602724,26.50146809,17093,-327.07,170.93,1328.71,0,"	3689,3690" 
2021-06-15T14:30:00Z,"SPXL",2021-06-15T16:30:00Z,Sell,99.584213568,99.632536653,5239,-253.16,52.39,2886.08,0,"	3693,3696" 
2021-06-15T14:30:00Z,"TSLA",2021-06-15T19:59:00Z,Sell,202.443313089,199.696646697,2488,6833.71,24.88,3906.16,1,"	3691,3697" 
2021-06-15T14:30:00Z,"TQQQ",2021-06-15T19:59:00Z,Sell,26.51821089475,26.2766361405,14739,3560.57,147.39,3208.04,1,"	3692,3698" 
2021-06-15T15:30:00Z,"AMD",2021-06-15T16:30:00Z,Sell,80.48,80.93,5846,-2630.7,58.46,3156.84,0,"	3694,3695" 
2021-06-16T16:30:00Z,"SPXL",2021-06-16T17:00:00Z,Sell,98.985007314,98.994671931,5301,-51.23,53.01,973.41,0,"	3699,3700" 
2021-06-16T18:30:00Z,"AMD",2021-06-16T19:30:00Z,Sell,79.57,80.1,6593,-3494.29,65.93,8241.25,0,"	3701,3704" 
2021-06-16T18:30:00Z,"TQQQ",2021-06-16T19:30:00Z,Sell,25.7504337055,26.15943650725,13609,-5566.12,136.09,13882.75,0,"	3702,3705" 
2021-06-16T19:30:00Z,"TSLA",2021-06-16T19:59:00Z,Buy,201.889979811,201.569979843,1832,-586.24,18.32,2131.23,0,"	3703,3706" 
2021-06-17T14:00:00Z,"TQQQ",2021-06-17T16:30:00Z,Buy,26.32686455475,26.59714126,13243,3579.27,132.43,8517.41,1,"	3710,3711" 
2021-06-17T14:00:00Z,"TSLA",2021-06-17T19:59:00Z,Buy,203.496646317,205.643312769,1986,4263.28,19.86,4720.06,1,"	3707,3714" 
2021-06-17T14:00:00Z,"AMD",2021-06-17T19:59:00Z,Buy,82.65,84.68,6300,12789,63,7938,1,"	3708,3715" 
2021-06-17T14:00:00Z,"NVDA",2021-06-17T19:59:00Z,Buy,18.16847578065,18.64040367885,28665,13527.81,286.65,8086.66,1,"	3709,3716" 
2021-06-17T16:30:00Z,"SPXL",2021-06-17T17:00:00Z,Sell,96.269249937,97.313028573,5493,-5733.48,54.93,6635.97,0,"	3712,3713" 
2021-06-18T14:00:00Z,"AMD",2021-06-18T14:30:00Z,Buy,85.25,85.04,4087,-858.27,40.87,3187.86,0,"	3717,3719" 
2021-06-18T14:00:00Z,"NVDA",2021-06-18T15:30:00Z,Buy,19.1455062126,18.986866602,21835,-3463.9,218.35,7180.18,0,"	3718,3721" 
2021-06-18T15:00:00Z,"SPXL",2021-06-18T16:00:00Z,Sell,94.800228153,95.215806684,5608,-2330.56,56.08,4769.53,0,"	3720,3724" 
2021-06-18T15:30:00Z,"TQQQ",2021-06-18T16:00:00Z,Sell,26.2575015065,26.47515796825,15125,-3292.05,151.25,4196.46,0,"	3722,3723" 
2021-06-18T16:30:00Z,"TSLA",2021-06-18T18:00:00Z,Buy,208.273312506,207.546645912,2370,-1722.2,23.7,4518.8,0,"	3725,3726" 
2021-06-21T14:00:00Z,"TSLA",2021-06-21T15:30:00Z,Sell,205.186646148,206.26664604,2567,-2772.36,25.67,8916.05,0,"	3727,3732" 
2021-06-21T14:00:00Z,"NVDA",2021-06-21T16:00:00Z,Sell,18.0629654736,18.0400176054,28598,656.26,285.98,8595.62,1,"	3728,3733" 
2021-06-21T14:00:00Z,"SPXL",2021-06-21T19:59:00Z,Buy,95.911659108,97.989551763,5493,11413.86,54.93,2229.69,1,"	3729,3736" 
2021-06-21T14:30:00Z,"AMD",2021-06-21T15:00:00Z,Sell,82.26,82.48,5401,-1188.22,54.01,2430.45,0,"	3730,3731" 
2021-06-21T16:30:00Z,"TQQQ",2021-06-21T17:00:00Z,Buy,26.8124058925,26.77174479525,15819,-643.22,158.19,1551.29,0,"	3734,3735" 
2021-06-22T14:00:00Z,"SPXL",2021-06-22T14:30:00Z,Sell,97.632906822,98.242024779,4532,-2760.52,45.32,3330.15,0,"	3737,3738" 
2021-06-22T15:00:00Z,"NVDA",2021-06-22T15:30:00Z,Buy,18.7888165221,18.7219683843,28137,-1880.91,281.37,3291.59,0,"	3739,3740" 
2021-06-22T16:30:00Z,"TQQQ",2021-06-22T18:30:00Z,Buy,27.477334424,27.41275503425,18697,-1207.44,186.97,2727.92,0,"	3741,3742" 
2021-06-23T14:00:00Z,"TQQQ",2021-06-23T14:30:00Z,Buy,27.9222146645,27.888729055,13819,-462.74,138.19,1388.21,0,"	3744,3746" 
2021-06-23T14:00:00Z,"SPXL",2021-06-23T14:30:00Z,Buy,99.885676409,99.895344948,3172,30.67,31.72,766.72,1,"	3745,3747" 
2021-06-23T14:00:00Z,"TSLA",2021-06-23T19:59:00Z,Buy,215.879978412,218.839978116,2443,7231.28,24.43,6302.94,1,"	3743,3748" 
2021-06-24T14:00:00Z,"AMD",2021-06-24T17:30:00Z,Buy,86.12,86.14,5347,106.94,53.47,6576.81,1,"	3749,3751" 
2021-06-24T15:00:00Z,"TSLA",2021-06-24T18:00:00Z,Buy,228.73331046,227.996643867,2322,-1710.54,23.22,14945.94,0,"	3750,3752" 
2021-06-25T14:00:00Z,"AMD",2021-06-25T14:30:00Z,Sell,85.29,85.46,6205,-1054.85,62.05,1768.42,0,"	3753,3755" 
2021-06-25T14:00:00Z,"NVDA",2021-06-25T14:30:00Z,Sell,18.951945933,18.98611830195,27915,-953.92,279.15,3425.76,0,"	3754,3756" 
2021-06-28T14:00:00Z,"TSLA",2021-06-28T17:30:00Z,Buy,228.619977138,227.473310586,1439,-1650.05,14.39,5492.18,0,"	3757,3761" 
2021-06-28T14:00:00Z,"TQQQ",2021-06-28T17:30:00Z,Buy,28.7545712435,28.79762417,18371,790.93,183.71,3690.98,1,"	3759,3762" 
2021-06-28T14:00:00Z,"NVDA",2021-06-28T19:59:00Z,Buy,19.75886282025,19.93546163205,26735,4721.37,267.35,3694.4,1,"	3758,3764" 
2021-06-28T15:30:00Z,"AMD",2021-06-28T18:00:00Z,Buy,87.52,87.05,5398,-2537.06,53.98,4264.42,0,"	3760,3763" 
2021-06-29T14:00:00Z,"AMD",2021-06-29T19:59:00Z,Buy,88.44,89.5,5977,6335.62,59.77,5379.3,1,"	3765,3766" 
2021-06-30T14:00:00Z,"AMD",2021-06-30T19:59:00Z,Buy,93.08,93.99,5706,5192.46,57.06,5192.46,1,"	3767,3770" 
2021-06-30T15:00:00Z,"SPXL",2021-06-30T15:30:00Z,Buy,103.095631357,102.892592038,5157,-1047.07,51.57,1944.57,0,"	3768,3769" 
2021-07-01T14:00:00Z,"SPXL",2021-07-01T14:30:00Z,Buy,103.927125711,103.93679425,5127,49.57,51.27,1437.55,1,"	3771,3772" 
2021-07-01T15:30:00Z,"AMD",2021-07-01T16:00:00Z,Sell,91.89,92.29,4139,-1655.6,41.39,2752.44,0,"	3773,3775" 
2021-07-01T15:30:00Z,"TQQQ",2021-07-01T16:00:00Z,Sell,28.979403193,29.1372639235,15854,-2502.72,158.54,2692.32,0,"	3774,3776" 
2021-07-02T16:00:00Z,"TQQQ",2021-07-02T16:30:00Z,Buy,30.0461590385,30.05333452625,14074,100.99,140.74,1110.87,1,"	3777,3780" 
2021-07-02T16:00:00Z,"SPXL",2021-07-02T19:59:00Z,Buy,106.16055822,107.001721113,5001,4206.66,50.01,1740.69,1,"	3778,3782" 
2021-07-02T16:30:00Z,"AMD",2021-07-02T17:00:00Z,Buy,95.04,94.92,3120,-374.4,31.2,1115.4,0,"	3779,3781" 
2021-07-06T14:00:00Z,"SPXL",2021-07-06T18:00:00Z,Sell,106.498957085,105.609451497,4998,4445.75,49.98,6523.65,1,"	3784,3787" 
2021-07-06T14:00:00Z,"TSLA",2021-07-06T19:59:00Z,Sell,220.753311258,219.903311343,2411,2049.35,24.11,6710.62,1,"	3783,3788" 
2021-07-06T14:30:00Z,"TQQQ",2021-07-06T15:00:00Z,Buy,30.66085915575,30.4384190355,14102,-3136.85,141.02,4415.2,0,"	3785,3786" 
2021-07-07T14:00:00Z,"NVDA",2021-07-07T19:00:00Z,Sell,20.51314927065,20.4744871014,26015,1005.8,260.15,6067.22,1,"	3789,3792" 
2021-07-07T14:30:00Z,"TSLA",2021-07-07T19:59:00Z,Sell,214.603311873,214.663311867,2348,-140.88,23.48,7591.87,0,"	3790,3793" 
2021-07-07T15:00:00Z,"AMD",2021-07-07T19:59:00Z,Sell,92.38,90.49,2891,5463.99,28.91,2038.16,1,"	3791,3794" 
2021-07-09T14:00:00Z,"SPXL",2021-07-09T19:59:00Z,Buy,106.905035723,108.210288488,4787,6248.24,47.87,2013.32,1,"	3795,3798" 
2021-07-09T15:00:00Z,"TQQQ",2021-07-09T19:59:00Z,Buy,30.6967365945,30.9263522025,17278,3967.3,172.78,3388.73,1,"	3796,3797" 
2021-07-12T14:00:00Z,"AMD",2021-07-12T14:30:00Z,Sell,90.16,90.08,5134,410.72,51.34,2053.6,1,"	3800,3801" 
2021-07-12T14:00:00Z,"TSLA",2021-07-12T15:30:00Z,Buy,225.83331075,225.273310806,2392,-1339.52,23.92,8212.53,0,"	3799,3805" 
2021-07-12T14:30:00Z,"SPXL",2021-07-12T15:00:00Z,Buy,109.022445764,109.128799693,4260,453.07,42.6,869.07,1,"	3802,3804" 
2021-07-12T15:00:00Z,"NVDA",2021-07-12T15:30:00Z,Buy,20.35650512685,20.2794302217,26576,-2048.34,265.76,2452.71,0,"	3803,3806" 
2021-07-13T14:00:00Z,"TQQQ",2021-07-13T17:30:00Z,Buy,31.56018695375,31.505174881,17076,-939.39,170.76,11231.79,0,"	3807,3808" 
2021-07-13T18:00:00Z,"NVDA",2021-07-13T19:00:00Z,Sell,20.15745731355,20.25673178685,26699,-2650.53,266.99,4874.84,0,"	3809,3810" 
2021-07-14T14:30:00Z,"NVDA",2021-07-14T19:59:00Z,Sell,20.06716244085,19.78031408835,26767,7678.07,267.67,5261.15,1,"	3811,3812" 
2021-07-15T14:30:00Z,"TQQQ",2021-07-15T15:30:00Z,Sell,30.86177281275,30.94309500725,17505,-1423.55,175.05,7368.94,0,"	3814,3816" 
2021-07-15T14:30:00Z,"NVDA",2021-07-15T19:59:00Z,Sell,19.38471279525,18.9100411302,23080,10955.42,230.8,3937.73,1,"	3813,3822" 
2021-07-15T15:00:00Z,"AMD",2021-07-15T19:59:00Z,Sell,87.91,86.91,6162,6162,61.62,5545.8,1,"	3815,3821" 
2021-07-15T18:00:00Z,"TSLA",2021-07-15T18:30:00Z,Sell,212.6666454,214.293311904,1488,-2420.48,14.88,2420.48,0,"	3817,3819" 
2021-07-15T18:00:00Z,"SPXL",2021-07-15T18:30:00Z,Sell,106.218569454,107.098406503,3910,-3440.16,39.1,3515.77,0,"	3818,3820" 
2021-07-16T14:00:00Z,"NVDA",2021-07-16T19:59:00Z,Sell,18.6571157133,18.12008571075,20660,11095.04,206.6,5045.07,1,"	3823,3830" 
2021-07-16T14:30:00Z,"SPXL",2021-07-16T16:00:00Z,Sell,106.556968319,106.885698645,5118,-1682.44,51.18,3364.88,0,"	3824,3829" 
2021-07-16T15:30:00Z,"TSLA",2021-07-16T16:00:00Z,Sell,214.376645229,215.49997845,1670,-1875.97,16.7,2215.53,0,"	3825,3827" 
2021-07-16T15:30:00Z,"TQQQ",2021-07-16T16:00:00Z,Sell,30.26381550025,30.3714478165,18027,-1940.29,180.27,4139.28,0,"	3826,3828" 
2021-07-19T14:00:00Z,"TQQQ",2021-07-19T14:30:00Z,Sell,28.8598117305,29.0224561195,17931,-2916.38,179.31,6047.19,0,"	3832,3834" 
2021-07-19T14:00:00Z,"SPXL",2021-07-19T16:00:00Z,Sell,99.963024721,100.465788749,5461,-2745.59,54.61,10401.58,0,"	3833,3835" 
2021-07-19T14:00:00Z,"NVDA",2021-07-19T19:30:00Z,Buy,18.383237895,18.55858954005,16803,2946.43,168.03,7284.36,1,"	3831,3836" 
2021-07-20T14:00:00Z,"AMD",2021-07-20T14:30:00Z,Sell,85.65,85.98,6361,-2099.13,63.61,6233.78,0,"	3837,3839" 
2021-07-20T14:00:00Z,"SPXL",2021-07-20T19:59:00Z,Buy,102.795906648,104.816631299,4580,9254.92,45.8,4073.94,1,"	3838,3842" 
2021-07-20T16:00:00Z,"TQQQ",2021-07-20T19:59:00Z,Buy,30.204019769,30.337962207,18134,2428.91,181.34,6028.91,1,"	3840,3841" 
2021-07-21T14:00:00Z,"NVDA",2021-07-21T14:30:00Z,Buy,19.3181140908,19.2283180848,18897,-1696.88,188.97,3733.13,0,"	3844,3847" 
2021-07-21T14:00:00Z,"TQQQ",2021-07-21T14:30:00Z,Buy,30.53170037625,30.510173913,15146,-326.04,151.46,2499.64,0,"	3845,3848" 
2021-07-21T14:00:00Z,"SPXL",2021-07-21T14:30:00Z,Buy,106.692327865,106.208900915,3386,-1636.88,33.86,1636.88,0,"	3846,3849" 
2021-07-21T14:00:00Z,"AMD",2021-07-21T17:00:00Z,Buy,88.52,88.32,6197,-1239.4,61.97,5329.42,0,"	3843,3851" 
2021-07-21T17:00:00Z,"TSLA",2021-07-21T17:30:00Z,Sell,216.839978316,218.09997819,2519,-3173.94,25.19,3518.2,0,"	3850,3852" 
2021-07-22T14:00:00Z,"TQQQ",2021-07-22T15:30:00Z,Buy,31.29230207775,31.390367077,14229,1395.37,142.29,3641.57,1,"	3853,3855" 
2021-07-22T15:00:00Z,"TSLA",2021-07-22T17:30:00Z,Sell,216.563311677,216.59997834,2521,-92.44,25.21,4789.9,0,"	3854,3856" 
2021-07-23T14:30:00Z,"TSLA",2021-07-23T17:00:00Z,Sell,213.509978649,214.383311895,2554,-2230.49,25.54,4869.63,0,"	3857,3859" 
2021-07-23T15:30:00Z,"TQQQ",2021-07-23T19:30:00Z,Buy,32.423637313,32.653252921,12921,2966.86,129.21,2256.05,1,"	3858,3860" 
2021-07-26T14:30:00Z,"TSLA",2021-07-26T18:30:00Z,Buy,220.309977969,218.506644816,2477,-4466.86,24.77,11311.63,0,"	3861,3862" 
2021-07-27T14:00:00Z,"TSLA",2021-07-27T18:30:00Z,Sell,215.003311833,213.929978607,2216,2378.51,22.16,12188,1,"	3863,3868" 
2021-07-27T14:00:00Z,"TQQQ",2021-07-27T19:00:00Z,Sell,32.30643767975,31.524309515,16839,13170.26,168.39,15868.75,1,"	3864,3870" 
2021-07-27T15:30:00Z,"SPXL",2021-07-27T19:00:00Z,Sell,109.602558104,109.844271579,4848,-1171.83,48.48,7640.31,0,"	3866,3871" 
2021-07-27T15:30:00Z,"AMD",2021-07-27T19:30:00Z,Sell,90.54,91.2,6107,-4030.62,61.07,13007.91,0,"	3865,3872" 
2021-07-27T16:00:00Z,"NVDA",2021-07-27T19:00:00Z,Sell,18.9010615296,19.0547124732,19292,-2964.23,192.92,6717.65,0,"	3867,3869" 
2021-07-28T14:30:00Z,"TQQQ",2021-07-28T15:00:00Z,Buy,32.3614497525,32.26816841175,11989,-1118.35,119.89,4817.51,0,"	3873,3875" 
2021-07-28T15:00:00Z,"AMD",2021-07-28T19:59:00Z,Buy,95.43,97.97,5725,14541.5,57.25,7099,1,"	3874,3878" 
2021-07-28T16:00:00Z,"NVDA",2021-07-28T17:30:00Z,Buy,19.4827401018,19.415891964,23577,-1576.08,235.77,4516.52,0,"	3876,3877" 
2021-07-29T14:00:00Z,"TQQQ",2021-07-29T15:00:00Z,Buy,32.3710170695,32.47386572725,12146,1249.2,121.46,2382.19,1,"	3882,3884" 
2021-07-29T14:00:00Z,"NVDA",2021-07-29T17:00:00Z,Buy,19.6643275806,19.6643275806,28033,0,280.33,5146.38,0,"	3881,3885" 
2021-07-29T14:00:00Z,"SPXL",2021-07-29T18:00:00Z,Buy,111.913338925,112.474114187,4926,2762.38,49.26,1809.83,1,"	3883,3886" 
2021-07-29T14:00:00Z,"AMD",2021-07-29T19:30:00Z,Buy,100.18,102.76,2890,7456.2,28.9,8409.9,1,"	3880,3887" 
2021-07-29T14:00:00Z,"TSLA",2021-07-29T19:59:00Z,Buy,220.16664465,225.723310761,2504,13913.89,25.04,7436.88,1,"	3879,3888" 
2021-07-30T14:00:00Z,"TSLA",2021-07-30T14:30:00Z,Buy,228.229977177,228.589977141,1814,653.04,18.14,4305.23,1,"	3889,3891" 
2021-07-30T14:00:00Z,"AMD",2021-07-30T15:30:00Z,Buy,105.11,105.37,2818,732.68,28.18,4762.42,1,"	3890,3892" 
2021-08-02T14:00:00Z,"TSLA",2021-08-02T16:00:00Z,Buy,239.73330936,238.646642802,1672,-1816.91,16.72,5969.04,0,"	3893,3895" 
2021-08-02T15:30:00Z,"NVDA",2021-08-02T16:00:00Z,Buy,19.8080011902,19.7511303864,28375,-1613.71,283.75,3991.81,0,"	3894,3896" 
2021-08-03T14:00:00Z,"SPXL",2021-08-03T14:30:00Z,Sell,108.548687353,109.602558104,5161,-5439.03,51.61,6586.71,0,"	3897,3898" 
2021-08-03T15:30:00Z,"NVDA",2021-08-03T16:00:00Z,Sell,19.4079100968,19.680291315,28746,-7829.87,287.46,10611.91,0,"	3899,3900" 
2021-08-03T18:00:00Z,"AMD",2021-08-03T18:30:00Z,Buy,114.1,113.43,2493,-1670.31,24.93,2418.21,0,"	3901,3902" 
2021-08-04T14:00:00Z,"AMD",2021-08-04T15:30:00Z,Buy,119.11,117.89,3196,-3899.12,31.96,14302.1,0,"	3903,3904" 
2021-08-04T16:30:00Z,"NVDA",2021-08-04T19:59:00Z,Buy,20.1611988138,20.2549857534,27413,2570.98,274.13,3090.65,1,"	3905,3908" 
2021-08-04T18:30:00Z,"TQQQ",2021-08-04T19:00:00Z,Buy,32.6101999945,32.509743166,16960,-1703.75,169.6,3245.23,0,"	3906,3907" 
2021-08-05T14:00:00Z,"NVDA",2021-08-05T14:30:00Z,Buy,20.5972083096,20.423602698,26842,-4659.92,268.42,7632.63,0,"	3909,3910" 
2021-08-05T15:30:00Z,"SPXL",2021-08-05T16:00:00Z,Buy,112.039029932,111.903670386,4001,-541.57,40.01,812.36,0,"	3911,3913" 
2021-08-05T16:00:00Z,"TQQQ",2021-08-05T16:30:00Z,Buy,32.968974382,32.97136621125,16702,39.95,167.02,878.86,1,"	3912,3914" 
2021-08-06T14:00:00Z,"AMD",2021-08-06T15:00:00Z,Buy,114.72,114.77,1870,93.5,18.7,3085.5,1,"	3915,3916" 
2021-08-06T15:00:00Z,"NVDA",2021-08-06T15:30:00Z,Sell,20.3258248248,20.3218338912,27085,108.09,270.85,3891.4,1,"	3917,3918" 
2021-08-06T18:00:00Z,"TSLA",2021-08-06T19:59:00Z,Sell,233.569976643,233.006643366,2356,1327.21,23.56,1767,1,"	3919,3920" 
2021-08-09T14:00:00Z,"SPXL",2021-08-09T15:30:00Z,Sell,112.512788343,112.706159123,4897,-946.94,48.97,2883.42,0,"	3921,3922" 
2021-08-10T14:00:00Z,"TSLA",2021-08-10T15:30:00Z,Sell,234.779976522,235.609976439,2344,-1945.52,23.44,4359.84,0,"	3923,3928" 
2021-08-10T14:30:00Z,"SPXL",2021-08-10T15:00:00Z,Buy,113.566659094,112.947872598,4844,-2997.4,48.44,4168.26,0,"	3926,3927" 
2021-08-10T14:30:00Z,"NVDA",2021-08-10T19:59:00Z,Sell,20.1322645452,19.8828311952,27321,6814.77,273.21,6378.62,1,"	3924,3929" 
2021-08-10T14:30:00Z,"TQQQ",2021-08-10T19:59:00Z,Sell,32.63651011625,32.2562092655,16853,6409.21,168.53,9311.49,1,"	3925,3930" 
2021-08-11T14:30:00Z,"NVDA",2021-08-11T19:30:00Z,Sell,19.7461417194,19.6663230474,25582,2041.92,255.82,7095.68,1,"	3931,3936" 
2021-08-11T15:30:00Z,"TQQQ",2021-08-11T17:30:00Z,Sell,31.9883243895,32.14379329075,17388,-2703.29,173.88,6654.26,0,"	3932,3935" 
2021-08-11T16:30:00Z,"TSLA",2021-08-11T17:00:00Z,Sell,235.3333098,235.56664311,2361,-550.9,23.61,889.31,0,"	3933,3934" 
2021-08-12T14:00:00Z,"SPXL",2021-08-12T14:30:00Z,Sell,113.576327633,113.79870403,4871,-1083.2,48.71,2684.44,0,"	3937,3938" 
2021-08-12T16:00:00Z,"TSLA",2021-08-12T19:59:00Z,Buy,240.036642663,240.793309254,1932,1461.88,19.32,4559.52,1,"	3939,3941" 
2021-08-12T19:00:00Z,"TQQQ",2021-08-12T19:59:00Z,Buy,32.490608532,32.52170231225,15856,493.02,158.56,1403.22,1,"	3940,3942" 
2021-08-13T14:30:00Z,"NVDA",2021-08-13T15:30:00Z,Buy,20.0714028078,20.064418674,23244,-162.34,232.44,2411.9,0,"	3944,3946" 
2021-08-13T14:30:00Z,"AMD",2021-08-13T16:30:00Z,Buy,109.82,109.6,3516,-773.52,35.16,7313.28,0,"	3943,3948" 
2021-08-13T15:30:00Z,"TSLA",2021-08-13T16:00:00Z,Sell,238.793309454,238.776642789,1188,19.8,11.88,597.96,1,"	3945,3947" 
2021-08-16T14:00:00Z,"SPXL",2021-08-16T15:30:00Z,Sell,113.721355718,114.021080427,4860,-1456.66,48.6,3289.24,0,"	3953,3954" 
2021-08-16T14:00:00Z,"TQQQ",2021-08-16T16:30:00Z,Sell,32.19162987575,32.01941816975,15594,2685.47,155.94,9548.34,1,"	3952,3955" 
2021-08-16T14:00:00Z,"NVDA",2021-08-16T18:00:00Z,Sell,19.7411530524,19.770087321,20245,-585.77,202.45,7130.29,0,"	3951,3956" 
2021-08-16T14:00:00Z,"AMD",2021-08-16T19:30:00Z,Sell,107.7,107.69,2129,21.29,21.29,3810.91,1,"	3950,3957" 
2021-08-16T14:00:00Z,"TSLA",2021-08-16T19:59:00Z,Sell,230.386643628,228.716643795,1688,2818.96,16.88,5210.29,1,"	3949,3958" 
2021-08-17T14:00:00Z,"TSLA",2021-08-17T14:30:00Z,Sell,221.49997785,222.409977759,721,-656.11,7.21,1523.71,0,"	3959,3963" 
2021-08-17T14:00:00Z,"NVDA",2021-08-17T14:30:00Z,Sell,19.4438284992,19.5166630374,12854,-936.22,128.54,2340.54,0,"	3960,3964" 
2021-08-17T14:00:00Z,"TQQQ",2021-08-17T14:30:00Z,Sell,31.8448146345,32.08638938875,10622,-2566.01,106.22,3963.34,0,"	3961,3965" 
2021-08-17T14:00:00Z,"SPXL",2021-08-17T14:30:00Z,Sell,113.934063576,114.726883774,4862,-3854.69,48.62,5217.94,0,"	3962,3966" 
2021-08-18T14:00:00Z,"TSLA",2021-08-18T19:59:00Z,Buy,228.213310512,229.603310373,1690,2349.1,16.9,4258.8,1,"	3967,3970" 
2021-08-18T15:00:00Z,"AMD",2021-08-18T19:59:00Z,Sell,105.18,103.39,3684,6594.36,36.84,6966.44,1,"	3968,3971" 
2021-08-18T19:30:00Z,"SPXL",2021-08-18T19:59:00Z,Sell,112.290411946,110.550074926,4926,8572.9,49.26,2548.06,1,"	3969,3972" 
2021-08-19T15:30:00Z,"NVDA",2021-08-19T18:30:00Z,Buy,20.0654164074,19.5785225082,27799,-13535.16,277.99,23852.95,0,"	3973,3977" 
2021-08-19T15:30:00Z,"TQQQ",2021-08-19T18:30:00Z,Buy,31.419069028,31.20141256625,17746,-3862.53,177.46,12839.73,0,"	3974,3978" 
2021-08-19T16:00:00Z,"SPXL",2021-08-19T17:30:00Z,Buy,111.652288372,110.656428855,5051,-5030.09,50.51,6397.49,0,"	3975,3976" 
2021-08-20T14:00:00Z,"AMD",2021-08-20T14:30:00Z,Buy,105.46,105.08,4228,-1606.64,42.28,2917.32,0,"	3979,3983" 
2021-08-20T14:00:00Z,"NVDA",2021-08-20T16:00:00Z,Buy,20.2779336216,20.1881376156,24013,-2156.27,240.13,9595.41,0,"	3980,3984" 
2021-08-20T14:00:00Z,"TQQQ",2021-08-20T16:00:00Z,Buy,32.2275073145,32.069646584,17019,-2686.63,170.19,9484.62,0,"	3981,3985" 
2021-08-20T14:00:00Z,"SPXL",2021-08-20T19:59:00Z,Buy,112.483782726,113.673013023,4876,5798.69,48.76,3724.36,1,"	3982,3986" 
2021-08-23T14:00:00Z,"AMD",2021-08-23T14:30:00Z,Buy,106.92,106.37,5126,-2819.3,51.26,5023.48,0,"	3988,3991" 
2021-08-23T14:00:00Z,"TSLA",2021-08-23T19:59:00Z,Buy,231.496643517,235.446643122,1962,7749.9,19.62,4715.34,1,"	3987,3993" 
2021-08-23T14:00:00Z,"NVDA",2021-08-23T19:59:00Z,Buy,21.426324765,21.90024813,18756,8888.91,187.56,2919.3,1,"	3989,3994" 
2021-08-23T14:00:00Z,"TQQQ",2021-08-23T19:59:00Z,Buy,33.275128526,33.9113551065,16470,10478.65,164.7,3427.23,1,"	3990,3995" 
2021-08-23T14:30:00Z,"SPXL",2021-08-23T19:59:00Z,Buy,116.331861248,116.534900567,4737,961.8,47.37,3847.19,1,"	3992,3996" 
2021-08-24T14:00:00Z,"AMD",2021-08-24T14:30:00Z,Sell,107.45,108.7,5192,-6490,51.92,7476.48,0,"	3997,3998" 
2021-08-25T14:00:00Z,"AMD",2021-08-25T14:30:00Z,Buy,109.62,108.38,4911,-6089.64,49.11,6089.64,0,"	3999,4001" 
2021-08-25T14:00:00Z,"NVDA",2021-08-25T18:30:00Z,Buy,22.394126163,22.1776180152,19241,-4165.83,192.41,4396.2,0,"	4000,4002" 
2021-08-26T15:00:00Z,"SPXL",2021-08-26T15:30:00Z,Sell,116.31252417,116.776614042,4739,-2199.32,47.39,5635.76,0,"	4003,4004" 
2021-08-26T19:30:00Z,"TSLA",2021-08-26T19:59:00Z,Sell,233.473309986,233.683309965,1855,-389.55,18.55,1088.27,0,"	4005,4006" 
2021-08-27T14:30:00Z,"AMD",2021-08-27T19:59:00Z,Buy,110.82,111.32,4964,2482,49.64,5112.92,1,"	4007,4010" 
2021-08-27T14:30:00Z,"TQQQ",2021-08-27T19:59:00Z,Buy,34.471043151,34.71261790525,14072,3399.44,140.72,3029.2,1,"	4008,4011" 
2021-08-27T14:30:00Z,"SPXL",2021-08-27T19:59:00Z,Buy,118.188220736,118.768333076,4654,2699.84,46.54,2114.88,1,"	4009,4012" 
2021-08-30T14:00:00Z,"SPXL",2021-08-30T19:30:00Z,Buy,119.851209444,120.837400422,4618,4554.23,46.18,2321.76,1,"	4014,4017" 
2021-08-30T14:00:00Z,"TQQQ",2021-08-30T19:59:00Z,Buy,35.41581570475,35.87026326225,14287,6492.69,142.87,2767.94,1,"	4013,4018" 
2021-08-30T14:30:00Z,"TSLA",2021-08-30T17:30:00Z,Buy,240.723309261,240.719975928,2310,-7.7,23.1,5790.4,0,"	4015,4016" 
2021-08-31T14:00:00Z,"TQQQ",2021-08-31T14:30:00Z,Sell,35.3655872905,35.5377989965,13084,-2253.22,130.84,2472.28,0,"	4021,4023" 
2021-08-31T14:00:00Z,"SPXL",2021-08-31T14:30:00Z,Sell,119.551484735,119.98656899,4664,-2029.23,46.64,3066.4,0,"	4022,4024" 
2021-08-31T14:00:00Z,"AMD",2021-08-31T15:30:00Z,Sell,109.69,110.48,4351,-3437.29,43.51,6095.75,0,"	4019,4027" 
2021-08-31T14:00:00Z,"NVDA",2021-08-31T15:30:00Z,Sell,22.20348415,22.3262270062,25115,-3082.69,251.15,6115.25,0,"	4020,4028" 
2021-08-31T15:00:00Z,"TSLA",2021-08-31T15:30:00Z,Buy,246.556642011,245.326642134,2253,-2771.19,22.53,2771.19,0,"	4025,4026" 
2021-09-01T14:00:00Z,"TSLA",2021-09-01T14:30:00Z,Buy,246.359975364,245.859975414,2241,-1120.5,22.41,3593.07,0,"	4029,4031" 
2021-09-01T14:00:00Z,"TQQQ",2021-09-01T14:30:00Z,Buy,36.36776374625,36.37254740475,12367,59.16,123.67,1686.05,1,"	4030,4032" 
2021-09-02T14:00:00Z,"AMD",2021-09-02T14:30:00Z,Sell,108.99,109.86,4405,-3832.35,44.05,4052.6,0,"	4033,4034" 
2021-09-03T14:00:00Z,"AMD",2021-09-03T15:00:00Z,Buy,110.74,109.88,3654,-3142.44,36.54,4640.58,0,"	4035,4037" 
2021-09-03T14:00:00Z,"NVDA",2021-09-03T19:59:00Z,Buy,22.5747064468,22.8112109746,24370,5763.62,243.7,3903.21,1,"	4036,4040" 
2021-09-03T18:00:00Z,"TSLA",2021-09-03T18:30:00Z,Sell,242.136642453,242.376642429,2277,-546.48,22.77,1221.99,0,"	4038,4039" 
2021-09-07T14:00:00Z,"NVDA",2021-09-07T15:00:00Z,Sell,22.5816918126,22.7343719508,18593,-2838.78,185.93,4397.33,0,"	4042,4044" 
2021-09-07T14:00:00Z,"SPXL",2021-09-07T15:00:00Z,Sell,120.025243146,119.98656899,4589,177.48,45.89,3216.75,1,"	4043,4045" 
2021-09-07T14:00:00Z,"TSLA",2021-09-07T15:30:00Z,Buy,251.446641522,250.073308326,1649,-2264.63,16.49,5507.66,0,"	4041,4046" 
2021-09-07T16:00:00Z,"AMD",2021-09-07T16:30:00Z,Sell,109.26,109.41,5022,-753.3,50.22,1255.5,0,"	4047,4048" 
2021-09-08T14:30:00Z,"AMD",2021-09-08T19:59:00Z,Sell,107.13,106.07,5119,5426.14,51.19,5579.71,1,"	4049,4058" 
2021-09-08T15:00:00Z,"NVDA",2021-09-08T16:30:00Z,Sell,21.9599942564,22.2424026166,14547,-4108.19,145.47,4369.49,0,"	4051,4054" 
2021-09-08T15:00:00Z,"TQQQ",2021-09-08T16:30:00Z,Sell,35.51148887475,35.858304116,15515,-5380.84,155.15,7681.61,0,"	4052,4055" 
2021-09-08T15:00:00Z,"SPXL",2021-09-08T16:30:00Z,Sell,118.168883658,119.222754409,4662,-4913.15,46.62,5814.64,0,"	4053,4056" 
2021-09-08T15:00:00Z,"TSLA",2021-09-08T17:30:00Z,Sell,248.63330847,250.449974955,1365,-2479.75,13.65,4572.75,0,"	4050,4057" 
2021-09-09T14:00:00Z,"SPXL",2021-09-09T15:30:00Z,Buy,120.063917302,119.300102721,4529,-3459.32,45.29,5955.28,0,"	4059,4060" 
2021-09-10T14:00:00Z,"NVDA",2021-09-10T14:30:00Z,Buy,22.5208193392,22.3751245668,19341,-2817.88,193.41,3281.1,0,"	4061,4062" 
2021-09-10T15:30:00Z,"SPXL",2021-09-10T16:30:00Z,Sell,116.631585957,117.675788169,4639,-4844.05,46.39,5198.39,0,"	4063,4064" 
2021-09-10T18:30:00Z,"TSLA",2021-09-10T19:00:00Z,Sell,249.016641765,249.609975039,1958,-1161.75,19.58,1886.21,0,"	4065,4066" 
2021-09-10T19:30:00Z,"TQQQ",2021-09-10T19:59:00Z,Sell,35.04269034175,34.767629978,15372,4228.23,153.72,878.74,1,"	4067,4068" 
2021-09-13T14:00:00Z,"TSLA",2021-09-13T15:00:00Z,Sell,239.669976033,241.243309209,1565,-2462.27,15.65,7759.79,0,"	4069,4073" 
2021-09-13T14:00:00Z,"AMD",2021-09-13T15:00:00Z,Sell,103.69,103.89,5132,-1026.4,51.32,5542.56,0,"	4070,4074" 
2021-09-13T14:00:00Z,"NVDA",2021-09-13T19:59:00Z,Sell,22.1675594116,22.093714116,20369,1504.15,203.69,5569.44,1,"	4071,4076" 
2021-09-13T14:30:00Z,"TQQQ",2021-09-13T15:00:00Z,Sell,34.4279902245,34.65999766175,15607,-3620.94,156.07,6793.93,0,"	4072,4075" 
2021-09-14T17:00:00Z,"SPXL",2021-09-14T18:00:00Z,Sell,114.533512994,114.66887254,4696,-635.65,46.96,3632.28,0,"	4077,4079" 
2021-09-14T18:00:00Z,"AMD",2021-09-14T18:30:00Z,Buy,106.63,106.18,5042,-2268.9,50.42,2924.36,0,"	4078,4080" 
2021-09-14T19:30:00Z,"TQQQ",2021-09-14T19:59:00Z,Sell,34.1983746165,34.394504615,15693,-3077.87,156.93,3340.61,0,"	4081,4082" 
2021-09-15T14:00:00Z,"AMD",2021-09-15T14:30:00Z,Sell,104.84,104.71,4158,540.54,41.58,2744.28,1,"	4083,4084" 
2021-09-15T17:00:00Z,"SPXL",2021-09-15T19:59:00Z,Buy,116.109484851,116.660591574,4410,2430.38,44.1,2600.93,1,"	4085,4088" 
2021-09-15T18:00:00Z,"TSLA",2021-09-15T19:59:00Z,Buy,250.69997493,251.993308134,1803,2331.88,18.03,1244.07,1,"	4086,4087" 
2021-09-16T14:30:00Z,"SPXL",2021-09-16T16:30:00Z,Sell,114.794563547,115.103956795,2841,-878.99,28.41,3927.97,0,"	4089,4092" 
2021-09-16T15:00:00Z,"TQQQ",2021-09-16T15:30:00Z,Sell,34.4423412,34.404071932,11186,428.08,111.86,1765.83,1,"	4090,4091" 
2021-09-16T19:00:00Z,"AMD",2021-09-16T19:59:00Z,Buy,106.44,106.13,5048,-1564.88,50.48,2877.36,0,"	4093,4094" 
2021-09-17T14:00:00Z,"SPXL",2021-09-17T14:30:00Z,Sell,114.47550176,114.28213098,3017,583.4,30.17,1487.67,1,"	4096,4097" 
2021-09-17T14:00:00Z,"TQQQ",2021-09-17T19:59:00Z,Sell,34.5714999795,34.078783154,11528,5680.04,115.28,5459.46,1,"	4095,4102" 
2021-09-17T15:30:00Z,"AMD",2021-09-17T19:59:00Z,Sell,104.36,103.9,5164,2375.44,51.64,3459.88,1,"	4098,4100" 
2021-09-17T18:00:00Z,"NVDA",2021-09-17T19:59:00Z,Sell,21.9350465214,21.8522200412,24646,2041.34,246.46,4033.49,1,"	4099,4101" 
2021-09-20T15:00:00Z,"TSLA",2021-09-20T15:30:00Z,Sell,242.06664246,243.613308972,2233,-3453.71,22.33,4354.35,0,"	4103,4104" 
2021-09-20T16:00:00Z,"TQQQ",2021-09-20T19:59:00Z,Sell,31.591280734,31.89504304875,9048,-2748.44,90.48,11556.44,0,"	4105,4111" 
2021-09-20T16:00:00Z,"SPXL",2021-09-20T19:59:00Z,Sell,106.344260461,107.51415368,2736,-3200.83,27.36,11507.11,0,"	4106,4112" 
2021-09-20T16:30:00Z,"NVDA",2021-09-20T17:30:00Z,Sell,20.8393420002,20.8692792822,25909,-775.65,259.09,3025.02,0,"	4107,4110" 
2021-09-20T17:00:00Z,"AMD",2021-09-20T17:30:00Z,Sell,100.42,100.77,4910,-1718.5,49.1,2700.5,0,"	4108,4109" 
2021-09-21T14:30:00Z,"TSLA",2021-09-21T15:00:00Z,Buy,247.076641959,245.6666421,2168,-3056.88,21.68,4126.43,0,"	4113,4114" 
2021-09-21T19:30:00Z,"AMD",2021-09-21T19:59:00Z,Buy,103.16,103,5181,-828.96,51.81,2538.69,0,"	4115,4116" 
2021-09-22T14:00:00Z,"AMD",2021-09-22T19:00:00Z,Buy,103.65,103.44,5154,-1082.34,51.54,6854.82,0,"	4117,4125" 
2021-09-22T14:30:00Z,"SPXL",2021-09-22T17:30:00Z,Buy,109.679906416,110.337367068,3690,2426.03,36.9,3674.72,1,"	4118,4123" 
2021-09-22T15:00:00Z,"TSLA",2021-09-22T19:00:00Z,Buy,249.389975061,249.043308429,2141,-742.21,21.41,4039.35,0,"	4119,4124" 
2021-09-22T15:00:00Z,"NVDA",2021-09-22T19:59:00Z,Buy,21.5478576742,21.8671886822,24836,7930.9,248.36,6666.92,1,"	4120,4126" 
2021-09-22T15:30:00Z,"TQQQ",2021-09-22T17:30:00Z,Buy,32.758493408,32.78958718825,10556,328.23,105.56,3837.72,1,"	4121,4122" 
2021-09-23T14:00:00Z,"TQQQ",2021-09-23T18:30:00Z,Buy,33.638686572,33.9783263255,11232,3814.83,112.32,4567.05,1,"	4127,4132" 
2021-09-23T14:00:00Z,"SPXL",2021-09-23T19:59:00Z,Buy,113.305608541,113.943732115,3982,2541.01,39.82,5390.02,1,"	4128,4134" 
2021-09-23T14:30:00Z,"NVDA",2021-09-23T16:30:00Z,Buy,22.288306449,22.2913001772,23771,71.16,237.71,3230.84,1,"	4130,4131" 
2021-09-23T14:30:00Z,"AMD",2021-09-23T19:59:00Z,Buy,106.17,106.09,5088,-407.04,50.88,4324.8,0,"	4129,4133" 
2021-09-24T15:00:00Z,"TSLA",2021-09-24T19:59:00Z,Buy,254.419974558,257.996640867,2121,7586.11,21.21,3160.29,1,"	4135,4136" 
2021-09-27T14:00:00Z,"AMD",2021-09-27T14:30:00Z,Sell,103.84,105.25,5226,-7368.66,52.26,8100.3,0,"	4137,4140" 
2021-09-27T14:00:00Z,"NVDA",2021-09-27T14:30:00Z,Sell,21.4031608112,21.529895305,23204,-2940.75,232.04,4978.43,0,"	4138,4141" 
2021-09-27T14:00:00Z,"TQQQ",2021-09-27T14:30:00Z,Sell,32.64129377475,33.0885658445,11886,-5316.28,118.86,6282.87,0,"	4139,4142" 
2021-09-27T15:00:00Z,"TSLA",2021-09-27T19:59:00Z,Buy,261.539973846,263.916640275,2051,4874.54,20.51,6016.27,1,"	4143,4144" 
2021-09-28T14:00:00Z,"TQQQ",2021-09-28T19:00:00Z,Sell,31.51713402725,30.835462691,11191,7628.58,111.91,8404.83,1,"	4146,4152" 
2021-09-28T14:00:00Z,"SPXL",2021-09-28T19:00:00Z,Sell,109.998968203,108.393990729,3594,5768.29,35.94,8648.96,1,"	4147,4153" 
2021-09-28T14:00:00Z,"AMD",2021-09-28T19:59:00Z,Sell,105.6,101.55,5097,20642.85,50.97,4638.27,1,"	4145,4154" 
2021-09-28T14:30:00Z,"NVDA",2021-09-28T19:00:00Z,Sell,20.8503190036,20.8622939164,15916,-190.59,159.16,4526.58,0,"	4148,4151" 
2021-09-28T18:00:00Z,"TSLA",2021-09-28T19:00:00Z,Sell,257.836640883,260.19997398,2156,-5095.35,21.56,9924.79,0,"	4149,4150" 
2021-09-29T14:00:00Z,"TQQQ",2021-09-29T14:30:00Z,Buy,31.0220253725,30.86655647125,11694,-1818.05,116.94,3552.2,0,"	4156,4157" 
2021-09-29T14:00:00Z,"TSLA",2021-09-29T15:30:00Z,Buy,262.83330705,260.806640586,2091,-4237.76,20.91,7430.02,0,"	4155,4158" 
2021-09-30T14:00:00Z,"AMD",2021-09-30T14:30:00Z,Buy,103.81,103.17,4440,-2841.6,44.4,4662,0,"	4159,4160" 
2021-09-30T16:30:00Z,"SPXL",2021-09-30T18:30:00Z,Sell,104.236518959,105.957518901,4112,-7076.75,41.12,9342.9,0,"	4161,4162" 
2021-10-01T14:00:00Z,"TSLA",2021-10-01T15:00:00Z,Sell,256.026641064,256.993307634,2121,-2050.3,21.21,4934.86,0,"	4163,4167" 
2021-10-01T14:00:00Z,"TQQQ",2021-10-01T15:00:00Z,Sell,29.45537721375,29.409932458,13678,621.59,136.78,6673.95,1,"	4165,4169" 
2021-10-01T14:00:00Z,"NVDA",2021-10-01T15:30:00Z,Sell,20.3992639548,20.447163606,26620,-1275.09,266.2,8022.43,0,"	4164,4170" 
2021-10-01T14:30:00Z,"AMD",2021-10-01T15:00:00Z,Sell,100.87,101.34,3958,-1860.26,39.58,2691.44,0,"	4166,4168" 
2021-10-01T18:30:00Z,"SPXL",2021-10-01T19:59:00Z,Buy,106.83735595,106.692327865,4506,-653.5,45.06,7057.76,0,"	4171,4172" 
2021-10-04T14:00:00Z,"TSLA",2021-10-04T14:30:00Z,Buy,268.023306531,264.883306845,2018,-6336.52,20.18,8374.7,0,"	4173,4177" 
2021-10-04T14:00:00Z,"AMD",2021-10-04T14:30:00Z,Sell,100.51,100.79,3886,-1088.08,38.86,3458.54,0,"	4174,4178" 
2021-10-04T14:00:00Z,"NVDA",2021-10-04T19:59:00Z,Sell,20.023052111,19.6877545526,27001,9053.37,270.01,5604.47,1,"	4175,4180" 
2021-10-04T14:00:00Z,"TQQQ",2021-10-04T19:59:00Z,Sell,29.247288069,28.42689063625,12321,10108.12,123.21,9680.81,1,"	4176,4181" 
2021-10-04T14:30:00Z,"SPXL",2021-10-04T19:59:00Z,Sell,103.801434704,102.911929116,3576,3180.87,35.76,7229.57,1,"	4179,4182" 
2021-10-05T14:00:00Z,"TSLA",2021-10-05T14:30:00Z,Buy,265.129973487,262.919973708,2062,-4557.02,20.62,4557.02,0,"	4183,4186" 
2021-10-05T14:00:00Z,"TQQQ",2021-10-05T19:59:00Z,Buy,29.13008843575,29.59888696875,10296,4826.75,102.96,5467.03,1,"	4184,4189" 
2021-10-05T14:00:00Z,"SPXL",2021-10-05T19:59:00Z,Buy,104.71027737,106.141221142,3145,4500.32,31.45,4926.02,1,"	4185,4190" 
2021-10-05T15:00:00Z,"NVDA",2021-10-05T19:59:00Z,Buy,20.387289042,20.4032555924,23260,371.38,232.6,5013.66,1,"	4187,4188" 
2021-10-06T16:00:00Z,"TSLA",2021-10-06T16:30:00Z,Buy,261.663307167,259.186640748,2096,-5191.09,20.96,5491.52,0,"	4191,4192" 
2021-10-07T14:00:00Z,"TQQQ",2021-10-07T14:30:00Z,Buy,31.38079976,31.53626866125,7089,1102.12,70.89,644.32,1,"	4194,4196" 
2021-10-07T14:00:00Z,"SPXL",2021-10-07T15:00:00Z,Buy,111.642619833,112.097041166,2210,1004.27,22.1,1153.84,1,"	4195,4197" 
2021-10-07T14:00:00Z,"AMD",2021-10-07T19:00:00Z,Buy,106.14,106.71,4364,2487.48,43.64,5760.48,1,"	4193,4199" 
2021-10-07T19:00:00Z,"TSLA",2021-10-07T19:59:00Z,Buy,267.963306537,264.283306905,2046,-7529.28,20.46,7767.98,0,"	4198,4200" 
2021-10-08T14:00:00Z,"TSLA",2021-10-08T14:30:00Z,Sell,261.079973892,262.559973744,2088,-3090.24,20.88,3243.36,0,"	4201,4202" 
2021-10-11T14:00:00Z,"TSLA",2021-10-11T14:30:00Z,Buy,265.819973418,264.916640175,2046,-1848.22,20.46,4248.86,0,"	4203,4206" 
2021-10-11T14:00:00Z,"SPXL",2021-10-11T14:30:00Z,Buy,110.656428855,111.217204117,3569,2001.41,35.69,862.68,1,"	4205,4207" 
2021-10-11T14:00:00Z,"AMD",2021-10-11T16:00:00Z,Buy,106.19,106.48,4961,1438.69,49.61,3621.53,1,"	4204,4208" 
2021-10-12T15:30:00Z,"TSLA",2021-10-12T19:00:00Z,Buy,268.643306469,269.73330636,2027,2209.43,20.27,2371.59,1,"	4209,4210" 
2021-10-13T14:00:00Z,"AMD",2021-10-13T18:00:00Z,Buy,109.21,108.61,4627,-2776.2,46.27,5922.56,0,"	4211,4214" 
2021-10-13T14:30:00Z,"SPXL",2021-10-13T15:00:00Z,Sell,105.106687469,105.696468348,4209,-2482.39,42.09,4150.88,0,"	4212,4213" 
2021-10-14T15:00:00Z,"NVDA",2021-10-14T19:59:00Z,Buy,21.4560500094,21.6835733526,25323,5761.57,253.23,2122.69,1,"	4215,4220" 
2021-10-14T15:00:00Z,"SPXL",2021-10-14T19:59:00Z,Buy,111.932676003,112.715827662,4259,3335.44,42.59,2697.18,1,"	4216,4222" 
2021-10-14T16:00:00Z,"TQQQ",2021-10-14T19:59:00Z,Buy,31.734790489,31.8065453665,11762,843.98,117.62,2138.08,1,"	4217,4221" 
2021-10-14T19:30:00Z,"AMD",2021-10-14T19:59:00Z,Buy,111.94,111.99,3521,176.05,35.21,1056.3,1,"	4218,4219" 
2021-10-15T15:00:00Z,"TSLA",2021-10-15T19:59:00Z,Buy,277.639972236,280.86663858,1971,6359.76,19.71,2417.76,1,"	4223,4226" 
2021-10-15T18:30:00Z,"SPXL",2021-10-15T19:30:00Z,Buy,115.597052284,115.403681504,3247,-627.87,32.47,1726.66,0,"	4224,4225" 
2021-10-18T14:00:00Z,"TSLA",2021-10-18T16:00:00Z,Buy,286.793304654,286.613304672,1916,-344.88,19.16,3397.71,0,"	4227,4230" 
2021-10-18T14:00:00Z,"AMD",2021-10-18T19:59:00Z,Buy,113.89,116.48,4648,12038.32,46.48,3671.92,1,"	4228,4232" 
2021-10-18T14:00:00Z,"NVDA",2021-10-18T19:59:00Z,Buy,21.9500151624,22.1805322338,25027,5769.15,250.27,3121.83,1,"	4229,4233" 
2021-10-18T16:00:00Z,"TQQQ",2021-10-18T19:59:00Z,Buy,32.94744791875,33.46408303675,9826,5076.46,98.26,940.08,1,"	4231,4234" 
2021-10-19T14:00:00Z,"TSLA",2021-10-19T14:30:00Z,Sell,288.186637848,289.649971035,1937,-2834.48,19.37,4848.96,0,"	4235,4238" 
2021-10-19T14:00:00Z,"AMD",2021-10-19T14:30:00Z,Sell,114.8,115.56,4484,-3407.84,44.84,4618.52,0,"	4236,4239" 
2021-10-19T14:00:00Z,"NVDA",2021-10-19T14:30:00Z,Sell,22.0617810152,22.1016973912,25303,-1010,253.03,2525.01,0,"	4237,4240" 
2021-10-20T17:30:00Z,"NVDA",2021-10-20T18:00:00Z,Sell,22.00390227,22.063776834,25231,-1510.7,252.31,2077.21,0,"	4241,4242" 
2021-10-21T14:00:00Z,"AMD",2021-10-21T17:30:00Z,Buy,117.67,118.08,4699,1926.59,46.99,3806.19,1,"	4244,4248" 
2021-10-21T14:00:00Z,"TSLA",2021-10-21T19:59:00Z,Buy,293.996637267,298.036636863,1886,7619.44,18.86,7072.5,1,"	4243,4249" 
2021-10-21T14:00:00Z,"NVDA",2021-10-21T19:59:00Z,Buy,22.2324235226,22.657532927,24940,10602.23,249.4,3098.54,1,"	4245,4250" 
2021-10-21T14:30:00Z,"TQQQ",2021-10-21T15:30:00Z,Buy,34.37297815175,34.21033376275,13915,-2263.2,139.15,3727.62,0,"	4246,4247" 
2021-10-22T14:00:00Z,"NVDA",2021-10-22T15:00:00Z,Buy,22.9499203812,22.8930395454,22561,-1283.29,225.61,4592.82,0,"	4251,4254" 
2021-10-22T14:30:00Z,"TSLA",2021-10-22T15:00:00Z,Buy,303.09996969,301.689969831,1210,-1706.1,12.1,1875.5,0,"	4252,4253" 
2021-10-22T15:30:00Z,"TQQQ",2021-10-22T18:30:00Z,Sell,33.75588620525,33.88504498475,16597,-2143.65,165.97,11194.61,0,"	4255,4258" 
2021-10-22T16:00:00Z,"SPXL",2021-10-22T16:30:00Z,Sell,120.034911685,120.46999594,4674,-2033.58,46.74,3479.69,0,"	4256,4257" 
2021-10-25T14:30:00Z,"TSLA",2021-10-25T19:59:00Z,Buy,325.223300811,341.343299199,1449,23357.88,14.49,11017.23,1,"	4259,4266" 
2021-10-25T16:30:00Z,"AMD",2021-10-25T19:59:00Z,Buy,122.91,122.28,3903,-2458.89,39.03,4800.69,0,"	4260,4267" 
2021-10-25T16:30:00Z,"NVDA",2021-10-25T19:59:00Z,Buy,23.1704583586,23.0826423314,24229,-2127.69,242.29,5657.73,0,"	4261,4268" 
2021-10-25T17:00:00Z,"TQQQ",2021-10-25T18:00:00Z,Buy,34.8011155875,34.758062661,10759,-463.21,107.59,1181.18,0,"	4262,4264" 
2021-10-25T17:30:00Z,"SPXL",2021-10-25T19:30:00Z,Buy,123.109507087,122.925804846,4565,-838.6,45.65,2736.49,0,"	4263,4265" 
2021-10-26T14:00:00Z,"TSLA",2021-10-26T15:30:00Z,Buy,357.276630939,349.079965092,467,-3827.84,4.67,8443.36,0,"	4269,4274" 
2021-10-26T14:00:00Z,"AMD",2021-10-26T15:30:00Z,Buy,125.1,125.1,4519,0,45.19,8540.91,0,"	4270,4275" 
2021-10-26T14:00:00Z,"NVDA",2021-10-26T16:00:00Z,Buy,24.5795064314,24.6144332604,22996,803.18,229.96,13355.69,1,"	4271,4276" 
2021-10-26T14:00:00Z,"TQQQ",2021-10-26T16:00:00Z,Buy,35.753063629,35.4229911925,11181,-3690.54,111.81,8370.57,0,"	4272,4277" 
2021-10-26T14:30:00Z,"SPXL",2021-10-26T16:00:00Z,Buy,125.197911511,124.327743001,4569,-3975.8,45.69,4717.95,0,"	4273,4278" 
2021-10-27T14:00:00Z,"TSLA",2021-10-27T14:30:00Z,Buy,353.603297973,351.806631486,464,-833.65,4.64,3459.89,0,"	4279,4282" 
2021-10-27T14:00:00Z,"TQQQ",2021-10-27T14:30:00Z,Buy,35.78176558,35.599986557,11612,-2110.82,116.12,5804.75,0,"	4280,4284" 
2021-10-27T14:00:00Z,"SPXL",2021-10-27T14:30:00Z,Buy,124.231057611,123.27387225,4515,-4321.69,45.15,4452.65,0,"	4281,4285" 
2021-10-27T14:30:00Z,"AMD",2021-10-27T16:30:00Z,Buy,125.09,123.61,4460,-6600.8,44.6,12309.6,0,"	4283,4286" 
2021-10-28T14:00:00Z,"SPXL",2021-10-28T17:00:00Z,Buy,123.999012675,123.941001441,4478,-259.77,44.78,4935.71,0,"	4287,4290" 
2021-10-28T15:00:00Z,"TQQQ",2021-10-28T16:00:00Z,Buy,36.26013143,36.3223189905,13850,861.3,138.5,3478.32,1,"	4288,4289" 
2021-10-28T19:00:00Z,"AMD",2021-10-28T19:59:00Z,Sell,120.51,121.04,4608,-2442.24,46.08,3409.92,0,"	4291,4292" 
2021-10-29T14:00:00Z,"NVDA",2021-10-29T14:30:00Z,Buy,25.3478966694,25.2810367396,15321,-1024.36,153.21,2247.48,0,"	4293,4294" 
2021-10-29T17:30:00Z,"TSLA",2021-10-29T18:00:00Z,Buy,367.329963267,365.519963448,606,-1096.86,6.06,1310.98,0,"	4295,4296" 
2021-11-01T15:30:00Z,"TSLA",2021-11-01T18:30:00Z,Buy,387.279961272,388.839961116,499,778.44,4.99,4615.75,1,"	4297,4299" 
2021-11-01T15:30:00Z,"AMD",2021-11-01T19:59:00Z,Buy,123.12,125.32,4495,9889,44.95,5349.05,1,"	4298,4300" 
2021-11-02T14:00:00Z,"NVDA",2021-11-02T14:30:00Z,Buy,26.1432304612,26.0284708802,13595,-1560.16,135.95,3717.24,0,"	4301,4303" 
2021-11-02T14:00:00Z,"TQQQ",2021-11-02T15:30:00Z,Buy,37.95115470975,37.94158739275,14695,-140.59,146.95,5412.78,0,"	4302,4304" 
2021-11-02T15:30:00Z,"SPXL",2021-11-02T17:30:00Z,Buy,128.079136133,127.876096814,4347,-882.61,43.47,3946.54,0,"	4305,4307" 
2021-11-02T16:00:00Z,"AMD",2021-11-02T19:59:00Z,Buy,127.53,127.65,3728,447.36,37.28,4212.64,1,"	4306,4308" 
2021-11-03T19:00:00Z,"AMD",2021-11-03T19:59:00Z,Buy,130.12,130.56,3169,1394.36,31.69,1014.08,1,"	4309,4314" 
2021-11-03T19:00:00Z,"TQQQ",2021-11-03T19:59:00Z,Buy,38.85526616625,39.2403506755,14326,5516.72,143.26,1781.8,1,"	4310,4315" 
2021-11-03T19:00:00Z,"SPXL",2021-11-03T19:59:00Z,Buy,129.858147309,130.573619195,4286,3066.51,42.86,1736.31,1,"	4311,4316" 
2021-11-03T19:30:00Z,"TSLA",2021-11-03T19:59:00Z,Buy,399.403293393,404.483292885,554,2814.32,5.54,518.91,1,"	4312,4313" 
2021-11-04T14:00:00Z,"SPXL",2021-11-04T15:00:00Z,Buy,131.898209038,132.004562967,4258,452.86,42.58,1930.81,1,"	4319,4321" 
2021-11-04T14:00:00Z,"TQQQ",2021-11-04T15:30:00Z,Buy,40.04639713275,40.058356279,14026,167.74,140.26,8420.5,1,"	4318,4323" 
2021-11-04T14:00:00Z,"NVDA",2021-11-04T19:59:00Z,Buy,27.9793837572,29.7786144054,20078,36124.95,200.78,35363.58,1,"	4317,4324" 
2021-11-04T14:30:00Z,"AMD",2021-11-04T15:30:00Z,Buy,134.65,133.75,2478,-2230.2,24.78,4671.03,0,"	4320,4322" 
2021-11-05T14:30:00Z,"NVDA",2021-11-05T16:30:00Z,Buy,30.7036764192,30.605881298,5651,-552.64,56.51,3950.25,0,"	4325,4326" 
2021-11-05T17:30:00Z,"AMD",2021-11-05T18:00:00Z,Sell,134.7,136.3,2599,-4158.4,25.99,4288.35,0,"	4327,4328" 
2021-11-08T15:00:00Z,"AMD",2021-11-08T20:59:00Z,Buy,140.31,149.95,2352,22673.28,23.52,11383.68,1,"	4329,4330" 
2021-11-09T15:00:00Z,"AMD",2021-11-09T16:00:00Z,Sell,145.81,149.67,1506,-5813.16,15.06,7951.68,0,"	4332,4335" 
2021-11-09T15:00:00Z,"SPXL",2021-11-09T20:00:00Z,Sell,132.333293293,132.497658456,4399,-723.04,43.99,5656.74,0,"	4334,4336" 
2021-11-09T15:00:00Z,"TSLA",2021-11-09T20:59:00Z,Sell,352.516631415,340.63329927,775,9209.58,7.75,12087.42,1,"	4331,4337" 
2021-11-09T15:00:00Z,"TQQQ",2021-11-09T20:59:00Z,Sell,39.847875305,39.79286323225,12977,713.89,129.77,7666.58,1,"	4333,4338" 
2021-11-10T15:00:00Z,"TSLA",2021-11-10T17:30:00Z,Buy,351.183298215,350.303298303,720,-633.6,7.2,6139.2,0,"	4339,4340" 
2021-11-10T19:00:00Z,"SPXL",2021-11-10T20:59:00Z,Sell,129.993506855,129.84847877,4488,650.89,44.88,8157.77,1,"	4341,4344" 
2021-11-10T19:30:00Z,"TQQQ",2021-11-10T20:59:00Z,Sell,37.723930931,38.154460196,15521,-6682.24,155.21,11731.05,0,"	4342,4343" 
2021-11-12T16:30:00Z,"SPXL",2021-11-12T19:30:00Z,Buy,132.188265208,131.907877577,4396,-1232.58,43.96,3187.72,0,"	4346,4347" 
2021-11-12T16:30:00Z,"TQQQ",2021-11-12T20:59:00Z,Buy,39.493884576,39.56324762425,14712,1020.47,147.12,4363.39,1,"	4345,4348" 
2021-11-15T17:00:00Z,"NVDA",2021-11-15T18:30:00Z,Sell,29.53811824,29.6059760792,19658,-1333.95,196.58,8199.87,0,"	4349,4352" 
2021-11-15T17:30:00Z,"TQQQ",2021-11-15T18:00:00Z,Sell,38.92223738525,39.159028481,14957,-3541.68,149.57,4936.89,0,"	4350,4351" 
2021-11-16T15:00:00Z,"SPXL",2021-11-16T15:30:00Z,Buy,133.590203363,133.23246742,4333,-1550.07,43.33,3351.5,0,"	4353,4354" 
2021-11-16T16:00:00Z,"AMD",2021-11-16T20:59:00Z,Buy,150.59,152.35,2861,5035.36,28.61,3805.13,1,"	4355,4358" 
2021-11-16T16:30:00Z,"TQQQ",2021-11-16T17:30:00Z,Buy,40.33341664275,40.2736209115,14255,-852.39,142.55,3034.5,0,"	4356,4357" 
2021-11-17T15:00:00Z,"AMD",2021-11-17T15:30:00Z,Sell,150.38,151.98,2444,-3910.4,24.44,4888,0,"	4359,4361" 
2021-11-17T15:00:00Z,"SPXL",2021-11-17T15:30:00Z,Sell,132.768377548,133.155119108,4362,-1686.97,43.62,2526.23,0,"	4360,4363" 
2021-11-17T15:30:00Z,"NVDA",2021-11-17T16:00:00Z,Sell,29.5660597032,29.7855997712,19523,-4286.08,195.23,4286.08,0,"	4362,4365" 
2021-11-17T16:00:00Z,"TSLA",2021-11-17T17:00:00Z,Buy,370.203296313,365.096630157,1258,-6424.19,12.58,8172.81,0,"	4364,4366" 
2021-11-18T15:30:00Z,"SPXL",2021-11-18T16:00:00Z,Sell,132.110916896,132.700697775,4339,-2559.06,43.39,2978.58,0,"	4367,4368" 
2021-11-19T15:00:00Z,"TQQQ",2021-11-19T15:30:00Z,Buy,42.67023382,42.182300653,13406,-6541.23,134.06,6541.23,0,"	4369,4370" 
2021-11-19T17:30:00Z,"NVDA",2021-11-19T18:00:00Z,Buy,32.88111473,32.7753363336,7841,-829.41,78.41,1322.36,0,"	4371,4372" 
2021-11-19T20:00:00Z,"TSLA",2021-11-19T20:59:00Z,Buy,377.849962215,378.846628782,969,965.77,9.69,3326.9,1,"	4373,4374" 
2021-11-22T15:00:00Z,"TSLA",2021-11-22T15:30:00Z,Buy,395.329960467,395.736627093,952,387.15,9.52,2973.41,1,"	4375,4380" 
2021-11-22T15:00:00Z,"TQQQ",2021-11-22T16:00:00Z,Buy,43.502590399,43.32798686375,13086,-2284.86,130.86,6166,0,"	4378,4381" 
2021-11-22T15:00:00Z,"AMD",2021-11-22T16:30:00Z,Buy,160.59,157.72,2760,-7921.2,27.6,11564.4,0,"	4376,4382" 
2021-11-22T15:00:00Z,"NVDA",2021-11-22T16:30:00Z,Buy,34.058647822,33.100654798,6244,-5981.71,62.44,9290.34,0,"	4377,4383" 
2021-11-22T15:00:00Z,"SPXL",2021-11-22T16:30:00Z,Buy,137.138557176,136.674467304,4151,-1926.44,41.51,4816.09,0,"	4379,4384" 
2021-11-23T15:30:00Z,"TQQQ",2021-11-23T20:00:00Z,Sell,39.85505079275,39.8909282315,10203,-366.06,102.03,10005.57,0,"	4385,4391" 
2021-11-23T16:00:00Z,"SPXL",2021-11-23T16:30:00Z,Sell,130.583287734,131.898209038,4323,-5684.4,43.23,8860.98,0,"	4388,4389" 
2021-11-23T16:00:00Z,"AMD",2021-11-23T20:00:00Z,Sell,146.2,148.68,2972,-7370.56,29.72,9985.92,0,"	4387,4390" 
2021-11-23T16:00:00Z,"TSLA",2021-11-23T20:59:00Z,Sell,371.306629536,369.783296355,1519,2313.94,15.19,24795.14,1,"	4386,4392" 
2021-11-24T15:00:00Z,"AMD",2021-11-24T20:59:00Z,Buy,151.47,157.74,3683,23092.41,36.83,6371.59,1,"	4393,4397" 
2021-11-24T16:30:00Z,"NVDA",2021-11-24T19:00:00Z,Buy,32.307316825,32.3512248386,6514,286.02,65.14,1644.6,1,"	4394,4395" 
2021-11-24T20:30:00Z,"SPXL",2021-11-24T20:59:00Z,Buy,134.237995476,134.315343788,4216,326.1,42.16,1712.03,1,"	4396,4398" 
2021-11-26T15:30:00Z,"NVDA",2021-11-26T17:59:00Z,Sell,31.9670297196,31.5598826844,7975,3247,79.75,4209.96,1,"	4399,4403" 
2021-11-26T15:30:00Z,"TQQQ",2021-11-26T17:59:00Z,Sell,39.36233396725,38.5419365345,10999,9023.55,109.99,8576.32,1,"	4400,4404" 
2021-11-26T16:00:00Z,"SPXL",2021-11-26T17:30:00Z,Sell,126.348467652,126.725540673,4507,-1699.47,45.07,9543.17,0,"	4401,4402" 
2021-11-29T15:00:00Z,"TSLA",2021-11-29T15:30:00Z,Buy,379.729962027,374.606629206,1449,-7423.71,14.49,7805.28,0,"	4405,4407" 
2021-11-29T15:00:00Z,"TQQQ",2021-11-29T15:30:00Z,Buy,40.18512322925,39.924413841,14212,-3705.2,142.12,4657,0,"	4406,4408" 
2021-11-29T17:30:00Z,"SPXL",2021-11-29T20:59:00Z,Buy,130.766989975,130.225551791,4334,-2346.59,43.34,5447.45,0,"	4409,4414" 
2021-11-29T20:30:00Z,"AMD",2021-11-29T20:59:00Z,Buy,161.77,161.91,3505,490.7,35.05,2243.2,1,"	4410,4412" 
2021-11-29T20:30:00Z,"NVDA",2021-11-29T20:59:00Z,Buy,33.050759328,33.3072220438,15596,3999.79,155.96,1665.28,1,"	4411,4413" 
2021-11-30T15:00:00Z,"TSLA",2021-11-30T15:30:00Z,Buy,388.626627804,387.49996125,1460,-1644.93,14.6,5022.4,0,"	4415,4416" 
2021-11-30T16:00:00Z,"NVDA",2021-11-30T19:00:00Z,Sell,32.1167161296,32.5178757084,17135,-6873.87,171.35,12054.92,0,"	4418,4421" 
2021-11-30T16:00:00Z,"AMD",2021-11-30T20:59:00Z,Sell,158.02,158.55,3586,-1900.58,35.86,10829.72,0,"	4417,4422" 
2021-11-30T16:00:00Z,"TQQQ",2021-11-30T20:59:00Z,Sell,38.996384092,39.159028481,12726,-2069.81,127.26,14397.37,0,"	4419,4423" 
2021-11-30T16:00:00Z,"SPXL",2021-11-30T20:59:00Z,Sell,124.318074462,123.264203711,4558,4803.54,45.58,13529.24,1,"	4420,4424" 
2021-12-01T16:30:00Z,"SPXL",2021-12-01T17:00:00Z,Buy,129.316709125,128.01145636,3910,-5103.54,39.1,6086.44,0,"	4425,4426" 
2021-12-01T18:00:00Z,"AMD",2021-12-01T18:30:00Z,Sell,154.38,154.73,3641,-1274.35,36.41,4041.51,0,"	4427,4428" 
2021-12-01T20:30:00Z,"TSLA",2021-12-01T20:59:00Z,Sell,368.369963163,365.603296773,1524,4216.4,15.24,5339.08,1,"	4429,4432" 
2021-12-01T20:30:00Z,"NVDA",2021-12-01T20:59:00Z,Sell,31.547775715,31.4130414625,17798,2398,177.98,6625.59,1,"	4430,4433" 
2021-12-01T20:30:00Z,"TQQQ",2021-12-01T20:59:00Z,Sell,37.80764495475,37.20490398375,12914,7783.8,129.14,6949.82,1,"	4431,4434" 
2021-12-02T15:00:00Z,"AMD",2021-12-02T15:30:00Z,Buy,151.85,150.12,3454,-5975.42,34.54,12261.7,0,"	4435,4440" 
2021-12-02T15:00:00Z,"TQQQ",2021-12-02T15:30:00Z,Buy,37.88418349075,37.293401666,13057,-7713.84,130.57,16833.03,0,"	4437,4441" 
2021-12-02T15:00:00Z,"NVDA",2021-12-02T16:00:00Z,Buy,32.03681115,31.8262265035,17707,-3728.82,177.07,15038.99,0,"	4436,4443" 
2021-12-02T15:00:00Z,"SPXL",2021-12-02T20:59:00Z,Buy,122.442377896,122.713096988,4610,1248.02,46.1,15778.48,1,"	4438,4444" 
2021-12-02T15:30:00Z,"TSLA",2021-12-02T16:00:00Z,Sell,358.836630783,361.489963851,1556,-4128.59,15.56,13272.68,0,"	4439,4442" 
2021-12-03T15:00:00Z,"TSLA",2021-12-03T20:59:00Z,Sell,351.83329815,338.386632828,1588,21353.3,15.88,12381.11,1,"	4445,4450" 
2021-12-03T15:00:00Z,"AMD",2021-12-03T20:59:00Z,Sell,146.64,144.03,3811,9946.71,38.11,12233.31,1,"	4446,4451" 
2021-12-03T15:00:00Z,"NVDA",2021-12-03T20:59:00Z,Sell,31.0976635085,30.663519806,17971,7802,179.71,10043.95,1,"	4447,4452" 
2021-12-03T15:00:00Z,"TQQQ",2021-12-03T20:59:00Z,Sell,36.82221130375,35.8917897255,12753,11865.67,127.53,15251.5,1,"	4448,4453" 
2021-12-03T15:00:00Z,"SPXL",2021-12-03T20:59:00Z,Sell,121.833259939,120.508670096,3769,4992.38,37.69,13993.24,1,"	4449,4454" 
2021-12-06T15:00:00Z,"TSLA",2021-12-06T15:30:00Z,Sell,324.563300877,330.9999669,1789,-11515.2,17.89,17353.3,0,"	4455,4457" 
2021-12-06T15:00:00Z,"AMD",2021-12-06T15:30:00Z,Sell,136.37,137.98,4259,-6856.99,42.59,17206.36,0,"	4456,4458" 
2021-12-07T15:00:00Z,"SPXL",2021-12-07T16:30:00Z,Buy,131.579147251,132.420310144,3020,2540.31,30.2,1664.34,1,"	4459,4462" 
2021-12-07T15:30:00Z,"TQQQ",2021-12-07T16:30:00Z,Buy,39.48670908825,39.7952550615,12004,3703.79,120.04,2612.75,1,"	4460,4461" 
2021-12-07T17:30:00Z,"NVDA",2021-12-07T20:59:00Z,Buy,31.881118236,32.2773367415,18079,7163.23,180.79,6098.67,1,"	4463,4464" 
2021-12-09T15:30:00Z,"AMD",2021-12-09T16:00:00Z,Sell,142.19,142.27,4071,-325.68,40.71,2116.92,0,"	4466,4467" 
2021-12-09T15:30:00Z,"TSLA",2021-12-09T20:59:00Z,Sell,345.49996545,334.83329985,1675,17866.66,16.75,5577.75,1,"	4465,4469" 
2021-12-09T19:30:00Z,"NVDA",2021-12-09T20:59:00Z,Sell,30.6924627195,30.4469469705,15796,3878.17,157.96,4855.59,1,"	4468,4470" 
2021-12-10T15:00:00Z,"TSLA",2021-12-10T15:30:00Z,Sell,328.339967166,333.203300013,1710,-8316.3,17.1,10379.7,0,"	4471,4472" 
2021-12-13T15:00:00Z,"TSLA",2021-12-13T20:00:00Z,Sell,326.206634046,323.6666343,1790,4546.6,17.9,11998.97,1,"	4473,4478" 
2021-12-13T15:00:00Z,"SPXL",2021-12-13T20:00:00Z,Sell,132.613680924,132.26561352,4405,1533.24,44.05,5792.23,1,"	4474,4479" 
2021-12-13T15:30:00Z,"NVDA",2021-12-13T20:59:00Z,Sell,29.5726713765,28.218342631,16339,22128.38,163.39,8365.41,1,"	4475,4481" 
2021-12-13T15:30:00Z,"TQQQ",2021-12-13T20:59:00Z,Sell,39.2594853095,38.41038592575,12256,10406.56,122.56,8383.88,1,"	4476,4482" 
2021-12-13T16:30:00Z,"AMD",2021-12-13T20:59:00Z,Sell,135.3,133.99,4410,5777.1,44.1,10275.3,1,"	4477,4480" 
2021-12-14T15:30:00Z,"AMD",2021-12-14T16:00:00Z,Buy,136.7,133.75,4403,-12988.85,44.03,16643.34,0,"	4483,4484" 
2021-12-14T17:00:00Z,"TQQQ",2021-12-14T19:30:00Z,Sell,36.17163374775,36.49213886725,12975,-4158.55,129.75,9403.3,0,"	4485,4487" 
2021-12-14T17:00:00Z,"SPXL",2021-12-14T19:30:00Z,Sell,126.145428333,126.889905836,4729,-3520.63,47.29,7315.6,0,"	4486,4488" 
2021-12-15T15:00:00Z,"TQQQ",2021-12-15T15:30:00Z,Sell,36.5902038665,36.700228012,13769,-1514.92,137.69,4709.43,0,"	4489,4491" 
2021-12-15T15:00:00Z,"SPXL",2021-12-15T16:00:00Z,Sell,126.715872134,127.073608077,4683,-1675.28,46.83,5116.39,0,"	4490,4492" 
2021-12-15T17:00:00Z,"TSLA",2021-12-15T17:30:00Z,Sell,310.896635577,312.753302058,1557,-2890.83,15.57,5044.68,0,"	4493,4494" 
2021-12-15T19:30:00Z,"AMD",2021-12-15T20:59:00Z,Buy,139.44,146.14,4238,28394.6,42.38,7967.44,1,"	4495,4497" 
2021-12-15T20:00:00Z,"NVDA",2021-12-15T20:59:00Z,Buy,29.1275493275,30.3032304345,20364,23941.57,203.64,6320.74,1,"	4496,4498" 
2021-12-16T15:00:00Z,"TSLA",2021-12-16T15:30:00Z,Sell,319.59996804,321.183301215,1913,-3028.92,19.13,4565.69,0,"	4499,4503" 
2021-12-16T15:00:00Z,"AMD",2021-12-16T20:59:00Z,Sell,143.5,138.85,3640,16926,36.4,8481.2,1,"	4500,4504" 
2021-12-16T15:00:00Z,"NVDA",2021-12-16T20:59:00Z,Sell,29.6884430305,28.378027671,16390,21477.71,163.9,8473.31,1,"	4501,4505" 
2021-12-16T15:00:00Z,"TQQQ",2021-12-16T20:59:00Z,Sell,38.8193887275,36.661958744,13685,29524.43,136.85,13845.71,1,"	4502,4506" 
2021-12-17T15:30:00Z,"SPXL",2021-12-17T16:00:00Z,Sell,125.98106317,129.239360813,5059,-16483.73,50.59,20690.26,0,"	4507,4509" 
2021-12-17T16:00:00Z,"TSLA",2021-12-17T17:00:00Z,Buy,318.146634852,315.503301783,1983,-5241.73,19.83,11329.54,0,"	4508,4510" 
2021-12-20T15:30:00Z,"SPXL",2021-12-20T19:00:00Z,Sell,120.160602692,121.040439741,5232,-4603.31,52.32,11179.46,0,"	4511,4512" 
2021-12-21T17:00:00Z,"SPXL",2021-12-21T20:59:00Z,Buy,126.202008366,128.66004917,4967,12209.09,49.67,5960.34,1,"	4513,4518" 
2021-12-21T18:30:00Z,"AMD",2021-12-21T20:59:00Z,Buy,142.03,144.32,3781,8658.49,37.81,4877.49,1,"	4514,4517" 
2021-12-21T19:30:00Z,"TQQQ",2021-12-21T20:30:00Z,Buy,37.08052886275,37.10444715525,13789,329.81,137.89,4848.2,1,"	4515,4516" 
2021-12-22T15:00:00Z,"TSLA",2021-12-22T20:59:00Z,Buy,327.779967222,336.309966369,1938,16531.14,19.38,15103.48,1,"	4519,4523" 
2021-12-22T16:00:00Z,"TQQQ",2021-12-22T17:30:00Z,Buy,38.1688111715,38.2644843415,13624,1303.45,136.24,4496.91,1,"	4520,4522" 
2021-12-22T16:00:00Z,"SPXL",2021-12-22T20:59:00Z,Buy,131.408409754,132.695494112,4863,6259.09,48.63,6259.09,1,"	4521,4524" 
2021-12-23T15:00:00Z,"SPXL",2021-12-23T20:59:00Z,Buy,134.80515118,135.540627956,4782,3517.05,47.82,4350.04,1,"	4525,4532" 
2021-12-23T15:30:00Z,"TQQQ",2021-12-23T16:00:00Z,Buy,39.36953826,39.563276571,13765,2666.81,137.65,1619.84,1,"	4527,4529" 
2021-12-23T15:30:00Z,"TSLA",2021-12-23T20:59:00Z,Buy,343.826632284,355.83329775,1693,20327.28,16.93,7601.57,1,"	4526,4531" 
2021-12-23T16:00:00Z,"AMD",2021-12-23T19:30:00Z,Buy,146.74,147.48,4429,3277.46,44.29,6643.5,1,"	4528,4530" 
2021-12-27T15:00:00Z,"TSLA",2021-12-27T16:30:00Z,Buy,364.153296918,368.723296461,1449,6621.93,14.49,6090.63,1,"	4533,4538" 
2021-12-27T15:00:00Z,"AMD",2021-12-27T20:59:00Z,Buy,150.77,154.23,4355,15068.3,43.55,5361,1,"	4534,4539" 
2021-12-27T15:00:00Z,"NVDA",2021-12-27T20:59:00Z,Buy,30.4349705925,30.8601320115,21575,9172.86,215.75,6761.21,1,"	4535,4540" 
2021-12-27T15:00:00Z,"TQQQ",2021-12-27T20:59:00Z,Buy,40.596547563,41.469565878,14620,12763.53,146.2,3846.54,1,"	4536,4541" 
2021-12-27T15:00:00Z,"SPXL",2021-12-27T20:59:00Z,Buy,137.36964257,140.727674692,3623,12166.15,36.23,2454.27,1,"	4537,4542" 
2021-12-28T16:30:00Z,"NVDA",2021-12-28T20:00:00Z,Sell,30.2193957885,30.38007886,22455,-3608.14,224.55,10577.9,0,"	4543,4544" 
2021-12-29T15:00:00Z,"NVDA",2021-12-29T16:00:00Z,Sell,29.8082068105,29.6864469675,22419,2729.73,224.19,7831.2,1,"	4546,4547" 
2021-12-29T15:00:00Z,"AMD",2021-12-29T20:59:00Z,Sell,150.41,148.33,3857,8022.56,38.57,7212.59,1,"	4545,4548" 
2022-01-03T15:00:00Z,"AMD",2022-01-03T20:59:00Z,Buy,147.95,150.07,3118,6610.16,31.18,7233.76,1,"	4549,4555" 
2022-01-03T16:00:00Z,"NVDA",2022-01-03T16:30:00Z,Buy,30.4569272855,30.348141852,20250,-2202.91,202.5,4547.28,0,"	4550,4551" 
2022-01-03T18:00:00Z,"TSLA",2022-01-03T20:59:00Z,Buy,391.436627523,399.846626682,1745,14675.45,17.45,6596.1,1,"	4552,4554" 
2022-01-03T20:00:00Z,"TQQQ",2022-01-03T20:59:00Z,Buy,40.835730663,40.864432635,14697,421.83,146.97,4569.86,1,"	4553,4556" 
2022-01-04T15:00:00Z,"NVDA",2022-01-04T20:30:00Z,Sell,29.6525138965,29.1016005085,23223,12793.86,232.23,17452.5,1,"	4557,4563" 
2022-01-04T15:30:00Z,"TQQQ",2022-01-04T20:30:00Z,Sell,40.319095167,39.450860514,17140,14881.54,171.4,17997.24,1,"	4559,4564" 
2022-01-04T15:30:00Z,"AMD",2022-01-04T20:59:00Z,Sell,146.67,144.64,3169,6433.07,31.69,12470.02,1,"	4558,4566" 
2022-01-04T16:00:00Z,"TSLA",2022-01-04T20:59:00Z,Sell,383.826628284,383.439961656,564,218.08,5.64,6882.68,1,"	4560,4565" 
2022-01-04T16:30:00Z,"SPXL",2022-01-04T17:00:00Z,Sell,140.505096194,140.979285168,5104,-2420.26,51.04,4593.56,0,"	4561,4562" 
2022-01-05T15:00:00Z,"TSLA",2022-01-05T15:30:00Z,Buy,387.349961265,386.306628036,560,-584.27,5.6,2768.27,0,"	4567,4568" 
2022-01-05T18:00:00Z,"AMD",2022-01-05T18:30:00Z,Sell,138.76,139.41,3322,-2159.3,33.22,3923.28,0,"	4569,4573" 
2022-01-05T18:00:00Z,"NVDA",2022-01-05T19:00:00Z,Sell,28.1394981425,28.326130033,24917,-4650.31,249.17,7510.12,0,"	4570,4574" 
2022-01-05T18:00:00Z,"TQQQ",2022-01-05T20:59:00Z,Sell,37.747876842,35.815277394,16205,31317.77,162.05,7984.48,1,"	4571,4575" 
2022-01-05T18:00:00Z,"SPXL",2022-01-05T20:59:00Z,Sell,139.605104876,133.266456346,5023,31839.03,50.23,4472.05,1,"	4572,4576" 
2022-01-06T15:00:00Z,"AMD",2022-01-06T15:30:00Z,Sell,135.01,134.83,5331,959.58,53.31,16686.03,1,"	4578,4580" 
2022-01-06T15:00:00Z,"SPXL",2022-01-06T15:30:00Z,Sell,131.727761512,132.298723746,5490,-3134.58,54.9,12432.07,0,"	4579,4581" 
2022-01-06T15:00:00Z,"TSLA",2022-01-06T16:00:00Z,Sell,349.346631732,355.229964477,1036,-6095.13,10.36,15184.31,0,"	4577,4582" 
2022-01-06T16:00:00Z,"NVDA",2022-01-06T16:30:00Z,Buy,28.1714351505,28.0137461735,25581,-4033.84,255.81,10020.78,0,"	4583,4584" 
2022-01-07T15:00:00Z,"TQQQ",2022-01-07T15:30:00Z,Buy,35.867897676,34.961393727,17742,-16083.19,177.42,16380.24,0,"	4585,4589" 
2022-01-07T15:00:00Z,"SPXL",2022-01-07T15:30:00Z,Buy,133.121296456,131.698729534,5397,-7677.59,53.97,8408.79,0,"	4586,4590" 
2022-01-07T15:30:00Z,"NVDA",2022-01-07T18:00:00Z,Sell,27.4588406595,27.4827934155,25804,-618.08,258.04,14859.6,0,"	4588,4593" 
2022-01-07T15:30:00Z,"TSLA",2022-01-07T20:59:00Z,Sell,349.703298363,342.373299096,1053,7718.49,10.53,9340.11,1,"	4587,4594" 
2022-01-07T16:00:00Z,"AMD",2022-01-07T16:30:00Z,Sell,132.3,133.4,5391,-5930.1,53.91,7439.58,0,"	4591,4592" 
2022-01-10T15:00:00Z,"NVDA",2022-01-10T16:00:00Z,Sell,25.88893711,25.8440256925,27387,1229.99,273.87,8022.26,1,"	4595,4598" 
2022-01-10T15:00:00Z,"TQQQ",2022-01-10T16:30:00Z,Sell,32.294502162,32.72024808,19764,-8414.44,197.64,20941.56,0,"	4596,4599" 
2022-01-10T15:00:00Z,"SPXL",2022-01-10T16:30:00Z,Sell,125.214921114,125.843947304,5663,-3562.18,56.63,16002.39,0,"	4597,4600" 
2022-01-11T15:00:00Z,"SPXL",2022-01-11T15:30:00Z,Sell,128.17618287,129.250366056,5498,-5905.86,54.98,7714.86,0,"	4601,4602" 
2022-01-11T16:30:00Z,"TQQQ",2022-01-11T17:30:00Z,Buy,35.552175984,35.537824998,15315,-219.79,153.15,7875.64,0,"	4604,4605" 
2022-01-11T16:30:00Z,"AMD",2022-01-11T19:30:00Z,Buy,136.81,137.29,5134,2464.32,51.34,8881.82,1,"	4603,4606" 
2022-01-12T15:00:00Z,"AMD",2022-01-12T15:30:00Z,Buy,139.43,139.64,4932,1035.72,49.32,4882.68,1,"	4607,4609" 
2022-01-12T15:30:00Z,"TSLA",2022-01-12T16:00:00Z,Buy,366.276630039,362.963297037,1921,-6364.91,19.21,9560.18,0,"	4608,4611" 
2022-01-12T15:30:00Z,"NVDA",2022-01-12T16:00:00Z,Buy,28.3440946,27.8820060155,24823,-11470.42,248.23,12015.46,0,"	4610,4612" 
2022-01-13T15:30:00Z,"NVDA",2022-01-13T20:59:00Z,Sell,27.495767825,26.529673333,25321,24462.48,253.21,9906.29,1,"	4613,4621" 
2022-01-13T16:00:00Z,"TQQQ",2022-01-13T16:30:00Z,Sell,35.600012604,35.92530162,16116,-5242.36,161.16,8249,0,"	4615,4616" 
2022-01-13T16:00:00Z,"TSLA",2022-01-13T20:59:00Z,Sell,357.809964219,343.919965608,1372,19057.08,13.72,8533.84,1,"	4614,4619" 
2022-01-13T17:30:00Z,"AMD",2022-01-13T20:59:00Z,Sell,133.4,132.45,4715,4479.25,47.15,10231.55,1,"	4617,4620" 
2022-01-13T17:30:00Z,"SPXL",2022-01-13T20:59:00Z,Sell,132.211627812,129.085851514,5326,16647.88,53.26,9432.08,1,"	4618,4622" 
2022-01-14T15:00:00Z,"TSLA",2022-01-14T15:30:00Z,Buy,345.759965424,347.146631952,1517,2103.57,15.17,6103.4,1,"	4623,4627" 
2022-01-14T15:00:00Z,"AMD",2022-01-14T15:30:00Z,Buy,135.56,134.53,5309,-5468.27,53.09,8069.68,0,"	4624,4628" 
2022-01-14T15:00:00Z,"NVDA",2022-01-14T15:30:00Z,Buy,27.036673335,26.835070972,26622,-5367.06,266.22,6881.52,0,"	4625,4629" 
2022-01-14T15:00:00Z,"TQQQ",2022-01-14T15:30:00Z,Buy,34.308423864,33.877894284,15445,-6649.53,154.45,9087.69,0,"	4626,4630" 
2022-01-18T16:30:00Z,"SPXL",2022-01-18T17:00:00Z,Sell,123.53106639,124.053641994,5775,-3017.87,57.75,8830.08,0,"	4631,4632" 
2022-01-19T15:00:00Z,"NVDA",2022-01-19T15:30:00Z,Buy,26.4448406555,26.000716638,26937,-11963.37,269.37,11963.37,0,"	4633,4635" 
2022-01-19T15:00:00Z,"TQQQ",2022-01-19T15:30:00Z,Buy,32.806353996,32.299285824,15182,-7698.31,151.82,7698.31,0,"	4634,4636" 
2022-01-19T16:00:00Z,"TSLA",2022-01-19T17:00:00Z,Sell,337.773299556,336.689966331,1927,2087.58,19.27,10187.41,1,"	4637,4639" 
2022-01-19T16:30:00Z,"AMD",2022-01-19T17:00:00Z,Sell,128.84,128.98,5483,-767.62,54.83,6140.96,0,"	4638,4640" 
2022-01-20T15:00:00Z,"TSLA",2022-01-20T15:30:00Z,Buy,340.396632627,342.019965798,1595,2589.22,15.95,3854.58,1,"	4641,4644" 
2022-01-20T15:00:00Z,"TQQQ",2022-01-20T18:00:00Z,Buy,32.227530894,32.036184414,16535,-3163.91,165.35,9887.23,0,"	4642,4645" 
2022-01-20T15:00:00Z,"SPXL",2022-01-20T18:30:00Z,Buy,122.80526694,121.973016904,5738,-4775.45,57.38,14548.47,0,"	4643,4646" 
2022-01-20T20:30:00Z,"NVDA",2022-01-20T20:59:00Z,Sell,24.300070962,24.126413481,28906,5019.74,289.06,3433.04,1,"	4647,4648" 
2022-01-21T15:00:00Z,"TSLA",2022-01-21T16:00:00Z,Sell,323.006634366,324.513300882,1839,-2770.76,18.39,18901.85,0,"	4649,4652" 
2022-01-21T15:00:00Z,"TQQQ",2022-01-21T16:00:00Z,Sell,28.424519604,29.113366932,19061,-13130.12,190.61,31138.44,0,"	4650,4653" 
2022-01-21T15:00:00Z,"SPXL",2022-01-21T16:00:00Z,Sell,112.489237424,114.424702624,6261,-12117.95,62.61,28961.89,0,"	4651,4654" 
2022-01-24T15:00:00Z,"TSLA",2022-01-24T16:00:00Z,Sell,288.003304533,297.29997027,2386,-22181.84,23.86,29840.9,0,"	4655,4660" 
2022-01-24T15:00:00Z,"AMD",2022-01-24T16:00:00Z,Sell,111.26,112.68,5501,-7811.42,55.01,19858.61,0,"	4656,4661" 
2022-01-24T15:00:00Z,"NVDA",2022-01-24T16:00:00Z,Sell,21.826948905,21.958689063,31750,-4182.75,317.5,20026.5,0,"	4657,4662" 
2022-01-24T15:00:00Z,"SPXL",2022-01-24T19:00:00Z,Sell,101.495795088,103.169972486,6827,-11429.61,68.27,51922.14,0,"	4658,4664" 
2022-01-24T15:30:00Z,"TQQQ",2022-01-24T19:00:00Z,Sell,25.13814381,25.68826494,19387,-10665.2,193.87,51100.21,0,"	4659,4663" 
2022-01-25T15:00:00Z,"AMD",2022-01-25T15:30:00Z,Sell,112.48,113.22,5960,-4410.4,59.6,11145.2,0,"	4665,4668" 
2022-01-25T15:00:00Z,"TQQQ",2022-01-25T15:30:00Z,Sell,25.23381705,25.860476772,13354,-8368.41,133.54,12456.8,0,"	4666,4669" 
2022-01-25T15:00:00Z,"SPXL",2022-01-25T15:30:00Z,Sell,101.428053806,104.050609152,4482,-11754.29,44.82,17002.52,0,"	4667,4670" 
2022-01-25T18:00:00Z,"NVDA",2022-01-25T18:30:00Z,Sell,22.118374103,22.3469233165,29861,-6824.71,298.61,9775.13,0,"	4671,4672" 
2022-01-26T15:30:00Z,"NVDA",2022-01-26T16:00:00Z,Buy,23.3210020605,23.1293800125,28212,-5406.04,282.12,8812.97,0,"	4673,4674" 
2022-01-27T15:00:00Z,"TSLA",2022-01-27T20:59:00Z,Sell,294.823303851,277.193305614,2222,39173.86,22.22,12402.46,1,"	4675,4683" 
2022-01-27T15:30:00Z,"NVDA",2022-01-27T16:00:00Z,Sell,22.5664902465,22.539543396,28975,780.78,289.75,7316.24,1,"	4677,4678" 
2022-01-27T15:30:00Z,"AMD",2022-01-27T20:59:00Z,Sell,107.77,102.65,6118,31324.16,61.18,10767.68,1,"	4676,4684" 
2022-01-27T18:30:00Z,"SPXL",2022-01-27T19:00:00Z,Sell,102.453850362,103.69254809,6178,-7652.67,61.78,8609.26,0,"	4680,4681" 
2022-01-27T18:30:00Z,"TQQQ",2022-01-27T20:00:00Z,Sell,24.645426624,24.75545085,17333,-1907.05,173.33,13432.26,0,"	4679,4682" 
2022-01-28T15:00:00Z,"TSLA",2022-01-28T15:30:00Z,Sell,268.089973191,274.813305852,1618,-10878.35,16.18,20785.9,0,"	4685,4690" 
2022-01-28T15:00:00Z,"AMD",2022-01-28T15:30:00Z,Sell,100.03,101.38,6792,-9169.2,67.92,18678,0,"	4686,4691" 
2022-01-28T15:00:00Z,"NVDA",2022-01-28T15:30:00Z,Sell,21.4267382735,21.555484337,31711,-4082.67,317.11,14368.45,0,"	4687,4692" 
2022-01-28T15:00:00Z,"TQQQ",2022-01-28T15:30:00Z,Sell,24.176627748,24.559320708,21585,-8260.43,215.85,19618.52,0,"	4688,4693" 
2022-01-28T15:00:00Z,"SPXL",2022-01-28T15:30:00Z,Sell,101.118379374,102.782879446,6717,-11180.45,67.17,19370.77,0,"	4689,4694" 
2022-01-31T15:00:00Z,"NVDA",2022-01-31T20:59:00Z,Buy,23.587476471,24.401870175,28073,22862.47,280.73,9329.91,1,"	4695,4702" 
2022-01-31T15:00:00Z,"TQQQ",2022-01-31T20:59:00Z,Buy,28.094446926,29.61086778,17247,26153.71,172.47,9652.95,1,"	4696,4703" 
2022-01-31T15:30:00Z,"AMD",2022-01-31T18:30:00Z,Buy,110.17,111.3,6025,6808.25,60.25,8013.25,1,"	4698,4700" 
2022-01-31T15:30:00Z,"TSLA",2022-01-31T20:59:00Z,Buy,300.9999699,311.673302166,1780,18998.53,17.8,9944.27,1,"	4697,4701" 
2022-01-31T15:30:00Z,"SPXL",2022-01-31T20:59:00Z,Buy,112.653751966,116.844034124,5893,24693.33,58.93,10664.33,1,"	4699,4704" 
2022-02-04T16:00:00Z,"SPXL",2022-02-04T16:30:00Z,Sell,112.460205446,113.36987409,5853,-5324.29,58.53,9515.75,0,"	4705,4706" 
2022-02-04T18:00:00Z,"TQQQ",2022-02-04T20:59:00Z,Buy,27.96050439,28.19968749,15018,3592.05,150.18,10201.43,1,"	4707,4714" 
2022-02-04T18:30:00Z,"TSLA",2022-02-04T20:59:00Z,Buy,308.829969117,308.159969184,2222,-1488.74,22.22,9213.89,0,"	4708,4711" 
2022-02-04T20:00:00Z,"AMD",2022-02-04T20:59:00Z,Buy,124.43,123.65,5662,-4416.36,56.62,8832.72,0,"	4709,4712" 
2022-02-04T20:00:00Z,"NVDA",2022-02-04T20:59:00Z,Buy,24.4567619075,24.3050611195,28808,-4370.2,288.08,8079.11,0,"	4710,4713" 
2022-02-07T15:00:00Z,"TSLA",2022-02-07T15:30:00Z,Buy,314.206635246,308.9999691,2028,-10559.12,20.28,11688.04,0,"	4715,4718" 
2022-02-07T15:00:00Z,"AMD",2022-02-07T15:30:00Z,Buy,126.34,126.42,5514,441.12,55.14,7774.74,1,"	4716,4719" 
2022-02-07T15:00:00Z,"NVDA",2022-02-07T15:30:00Z,Buy,24.7501831685,24.625429231,28139,-3510.45,281.39,8565.5,0,"	4717,4720" 
2022-02-08T16:30:00Z,"TQQQ",2022-02-08T19:30:00Z,Buy,27.998773686,27.836129178,13003,-2114.87,130.03,8646.07,0,"	4721,4725" 
2022-02-08T16:30:00Z,"SPXL",2022-02-08T20:00:00Z,Buy,115.750496286,115.518240462,4918,-1142.23,49.18,11041.6,0,"	4722,4726" 
2022-02-08T17:00:00Z,"AMD",2022-02-08T19:30:00Z,Buy,126.48,126.31,5481,-931.77,54.81,8440.74,0,"	4723,4724" 
2022-02-09T16:00:00Z,"SPXL",2022-02-09T17:00:00Z,Buy,121.779470384,121.06334826,4789,-3429.51,47.89,4588.13,0,"	4728,4729" 
2022-02-09T16:00:00Z,"NVDA",2022-02-09T20:59:00Z,Buy,26.0017146695,26.6165020735,26508,16296.78,265.08,5714.46,1,"	4727,4730" 
2022-02-11T15:00:00Z,"AMD",2022-02-11T20:59:00Z,Sell,123.03,113.3,5270,51277.1,52.7,12226.4,1,"	4731,4737" 
2022-02-11T15:00:00Z,"NVDA",2022-02-11T20:59:00Z,Sell,25.288122147,23.97271663,27451,36109.2,274.51,10109.48,1,"	4732,4738" 
2022-02-11T15:30:00Z,"TSLA",2022-02-11T20:59:00Z,Sell,297.3333036,287.906637876,2341,22067.82,23.41,10940.27,1,"	4733,4736" 
2022-02-11T16:00:00Z,"TQQQ",2022-02-11T20:59:00Z,Sell,27.639999036,25.61651001,17558,35528.42,175.58,12766.71,1,"	4734,4739" 
2022-02-11T18:00:00Z,"SPXL",2022-02-11T20:59:00Z,Sell,113.698903174,109.460234386,6183,26207.69,61.83,15257.9,1,"	4735,4740" 
2022-02-14T15:00:00Z,"AMD",2022-02-14T15:30:00Z,Buy,117.86,116.78,4949,-5344.92,49.49,7621.46,0,"	4742,4744" 
2022-02-14T15:00:00Z,"NVDA",2022-02-14T18:00:00Z,Buy,24.53161427,24.567543404,27178,976.48,271.78,9954.69,1,"	4743,4749" 
2022-02-14T15:00:00Z,"TSLA",2022-02-14T19:00:00Z,Buy,290.9999709,287.509971249,2620,-9143.8,26.2,31099.4,0,"	4741,4750" 
2022-02-14T16:00:00Z,"SPXL",2022-02-14T16:30:00Z,Sell,106.953806952,108.395728526,7148,-10306.86,71.48,12520.41,0,"	4745,4747" 
2022-02-14T16:30:00Z,"TQQQ",2022-02-14T17:00:00Z,Buy,26.114010858,26.008770294,20412,-2148.17,204.12,5663.36,0,"	4746,4748" 
2022-02-15T15:00:00Z,"TSLA",2022-02-15T16:00:00Z,Buy,304.953302838,305.476636119,2466,1290.54,24.66,3896.28,1,"	4751,4753" 
2022-02-15T15:00:00Z,"NVDA",2022-02-15T20:59:00Z,Buy,25.493716636,26.4208878995,26943,24980.78,269.43,13310.53,1,"	4752,4756" 
2022-02-15T20:30:00Z,"AMD",2022-02-15T20:59:00Z,Buy,121.54,121.36,4925,-886.5,49.25,3989.25,0,"	4754,4755" 
2022-02-16T15:00:00Z,"TQQQ",2022-02-16T15:30:00Z,Sell,26.319708324,26.458434522,21680,-3007.58,216.8,4148.39,0,"	4757,4759" 
2022-02-16T15:00:00Z,"SPXL",2022-02-16T15:30:00Z,Sell,110.486030942,110.892478634,6893,-2801.64,68.93,3935.64,0,"	4758,4760" 
2022-02-16T16:30:00Z,"AMD",2022-02-16T19:30:00Z,Sell,116.44,116.93,5461,-2675.89,54.61,14362.43,0,"	4761,4762" 
2022-02-17T15:00:00Z,"NVDA",2022-02-17T16:30:00Z,Sell,24.6264272625,24.884917421,26310,-6800.88,263.1,18118.16,0,"	4763,4770" 
2022-02-17T15:00:00Z,"SPXL",2022-02-17T16:30:00Z,Sell,108.957013434,109.508621016,6956,-3836.98,69.56,9895.38,0,"	4764,4772" 
2022-02-17T15:30:00Z,"AMD",2022-02-17T16:00:00Z,Sell,113.53,114.5,5675,-5504.75,56.75,5958.75,0,"	4765,4768" 
2022-02-17T15:30:00Z,"TQQQ",2022-02-17T16:30:00Z,Sell,25.95136635,26.26230438,23573,-7329.74,235.73,10487.17,0,"	4766,4771" 
2022-02-17T16:00:00Z,"TSLA",2022-02-17T16:30:00Z,Sell,297.573303576,299.089970091,2539,-3850.82,25.39,9792.08,0,"	4767,4769" 
2022-02-18T15:00:00Z,"SPXL",2022-02-18T15:30:00Z,Buy,107.069934864,105.9667197,6976,-7696.03,69.76,8364.37,0,"	4773,4777" 
2022-02-18T15:30:00Z,"TSLA",2022-02-18T19:30:00Z,Sell,285.606638106,285.79997142,2604,-503.44,26.04,16622.2,0,"	4774,4778" 
2022-02-18T15:30:00Z,"NVDA",2022-02-18T19:30:00Z,Sell,23.5206083605,23.862933165,25502,-8729.97,255.02,20208.73,0,"	4775,4779" 
2022-02-18T15:30:00Z,"TQQQ",2022-02-18T19:30:00Z,Sell,24.592806342,24.530618736,24121,1500.03,241.21,22038.86,1,"	4776,4780" 
2022-02-22T15:00:00Z,"AMD",2022-02-22T16:00:00Z,Buy,117.09,116.68,6328,-2594.48,63.28,15946.56,0,"	4781,4784" 
2022-02-22T15:30:00Z,"TQQQ",2022-02-22T16:00:00Z,Buy,24.621508314,23.779583802,24109,-20297.96,241.09,20297.96,0,"	4782,4785" 
2022-02-22T15:30:00Z,"SPXL",2022-02-22T16:00:00Z,Buy,104.911891166,102.269981168,7099,-18754.92,70.99,18754.92,0,"	4783,4786" 
2022-02-22T17:30:00Z,"TSLA",2022-02-22T20:00:00Z,Sell,269.353306398,274.679972532,2686,-14307.43,26.86,22490.77,0,"	4787,4788" 
2022-02-23T15:00:00Z,"TSLA",2022-02-23T20:59:00Z,Sell,269.573306376,254.959974504,2663,38915.3,26.63,12054.51,1,"	4789,4797" 
2022-02-23T16:00:00Z,"TQQQ",2022-02-23T17:00:00Z,Sell,22.942442952,23.109871122,25485,-4266.91,254.85,13105.5,0,"	4790,4794" 
2022-02-23T16:00:00Z,"SPXL",2022-02-23T17:00:00Z,Sell,99.666780474,100.170001426,7241,-3643.82,72.41,11351.91,0,"	4791,4795" 
2022-02-23T16:30:00Z,"AMD",2022-02-23T17:00:00Z,Sell,113.5,114.32,6432,-5274.24,64.32,7075.2,0,"	4792,4793" 
2022-02-23T19:30:00Z,"NVDA",2022-02-23T20:59:00Z,Sell,22.653318987,22.399818986,24653,6249.54,246.53,3444.63,1,"	4796,4798" 
2022-02-24T19:30:00Z,"AMD",2022-02-24T20:59:00Z,Buy,112.84,116.33,6127,21383.23,61.27,7536.21,1,"	4799,4802" 
2022-02-24T20:00:00Z,"NVDA",2022-02-24T20:59:00Z,Buy,23.0754863115,23.703248125,31823,19977.26,318.23,3366.6,1,"	4800,4803" 
2022-02-24T20:00:00Z,"TQQQ",2022-02-24T20:59:00Z,Buy,22.846769712,23.6791269,26925,22411.22,269.25,5023.2,1,"	4801,4804" 
2022-02-25T16:00:00Z,"SPXL",2022-02-25T20:59:00Z,Buy,103.073199226,106.01510633,7343,21602.42,73.43,12435.61,1,"	4805,4808" 
2022-02-25T16:30:00Z,"AMD",2022-02-25T19:00:00Z,Buy,120.51,119.82,6305,-4350.45,63.05,12610,0,"	4806,4807" 
2022-02-28T15:00:00Z,"TSLA",2022-02-28T20:59:00Z,Buy,281.079971892,290.129970987,2713,24552.65,27.13,19958.63,1,"	4809,4810" 
2022-03-01T16:30:00Z,"AMD",2022-03-01T20:59:00Z,Sell,118.4,113.76,6524,30271.36,65.24,9720.76,1,"	4811,4816" 
2022-03-01T17:00:00Z,"SPXL",2022-03-01T18:00:00Z,Sell,100.35387062,101.534504392,7484,-8835.86,74.84,15716.25,0,"	4813,4814" 
2022-03-01T17:00:00Z,"NVDA",2022-03-01T20:30:00Z,Sell,23.445755998,23.286070958,33132,5290.68,331.32,16632.59,1,"	4812,4815" 
2022-03-02T17:30:00Z,"SPXL",2022-03-02T19:00:00Z,Buy,105.811882484,106.682841824,7402,6446.84,74.02,4512.79,1,"	4817,4818" 
2022-03-03T15:30:00Z,"NVDA",2022-03-03T16:30:00Z,Sell,23.7691764992,23.7542034752,33041,494.72,330.41,9630.62,1,"	4820,4822" 
2022-03-03T15:30:00Z,"AMD",2022-03-03T20:30:00Z,Sell,114.37,112.19,5378,11724.04,53.78,11347.58,1,"	4819,4825" 
2022-03-03T16:00:00Z,"TQQQ",2022-03-03T16:30:00Z,Sell,24.119223804,24.391892538,26265,-7161.64,262.65,11056.57,0,"	4821,4823" 
2022-03-03T20:00:00Z,"TSLA",2022-03-03T20:59:00Z,Sell,281.516638515,279.149972085,2792,6607.73,27.92,4699.87,1,"	4824,4826" 
2022-03-04T15:30:00Z,"SPXL",2022-03-04T16:00:00Z,Sell,100.199033404,99.299042086,6989,6290.04,69.89,6357.67,1,"	4830,4831" 
2022-03-04T15:30:00Z,"AMD",2022-03-04T16:30:00Z,Sell,109.88,109.04,5529,4644.36,55.29,8238.21,1,"	4827,4832" 
2022-03-04T15:30:00Z,"TQQQ",2022-03-04T17:00:00Z,Sell,22.966361262,22.760663796,31363,6451.29,313.63,13652.73,1,"	4829,4833" 
2022-03-04T15:30:00Z,"NVDA",2022-03-04T20:59:00Z,Sell,23.0824137984,22.9027375104,34204,6145.65,342.04,16046.97,1,"	4828,4834" 
2022-03-07T15:00:00Z,"AMD",2022-03-07T16:30:00Z,Sell,106.44,106.34,6036,603.6,60.36,12796.32,1,"	4835,4839" 
2022-03-07T15:00:00Z,"NVDA",2022-03-07T20:59:00Z,Sell,22.2628902848,21.3685016512,35882,32092.45,358.82,16117.86,1,"	4836,4842" 
2022-03-07T15:00:00Z,"TQQQ",2022-03-07T20:59:00Z,Sell,22.186624356,20.512342656,33616,56282.65,336.16,15115.91,1,"	4837,4843" 
2022-03-07T15:00:00Z,"SPXL",2022-03-07T20:59:00Z,Sell,98.80549846,93.33780927,8070,44124.25,80.7,11089.63,1,"	4838,4844" 
2022-03-07T18:30:00Z,"TSLA",2022-03-07T20:59:00Z,Sell,272.693306064,268.756639791,2699,10625.06,26.99,6459.61,1,"	4840,4841" 
2022-03-08T15:00:00Z,"AMD",2022-03-08T15:30:00Z,Sell,101.61,101.95,7695,-2616.3,76.95,15005.25,0,"	4845,4847" 
2022-03-08T15:00:00Z,"NVDA",2022-03-08T16:00:00Z,Sell,21.0331059136,21.56115456,40679,-21480.49,406.79,37357.38,0,"	4846,4849" 
2022-03-08T15:30:00Z,"SPXL",2022-03-08T16:00:00Z,Sell,90.82170451,92.834588318,7377,-14849.04,73.77,18561.3,0,"	4848,4850" 
2022-03-08T17:00:00Z,"TSLA",2022-03-08T20:59:00Z,Buy,273.939972606,274.496639217,3068,1707.85,30.68,26589.33,1,"	4851,4854" 
2022-03-08T17:30:00Z,"TQQQ",2022-03-08T19:00:00Z,Buy,21.31121421,20.579313924,28330,-20734.74,283.3,39572.17,0,"	4852,4853" 
2022-03-09T15:00:00Z,"NVDA",2022-03-09T16:00:00Z,Buy,22.5353993216,22.6831331584,36939,5457.14,369.39,9550,1,"	4855,4858" 
2022-03-09T15:30:00Z,"TSLA",2022-03-09T16:00:00Z,Buy,284.393304894,285.679971432,2943,3786.66,29.43,4473.36,1,"	4856,4857" 
2022-03-10T15:00:00Z,"TSLA",2022-03-10T19:30:00Z,Sell,280.193305314,276.79997232,2983,10122.31,29.83,19011.65,1,"	4859,4865" 
2022-03-10T15:00:00Z,"AMD",2022-03-10T19:30:00Z,Sell,106.91,105.51,7818,10945.2,78.18,18763.2,1,"	4860,4866" 
2022-03-10T16:30:00Z,"TQQQ",2022-03-10T17:00:00Z,Sell,20.732391108,20.990708856,27071,-6992.92,270.71,8028.91,0,"	4862,4863" 
2022-03-10T16:30:00Z,"NVDA",2022-03-10T17:30:00Z,Sell,21.9075305152,22.1530881088,39009,-9578.96,390.09,11370.14,0,"	4861,4864" 
2022-03-11T15:00:00Z,"TSLA",2022-03-11T16:00:00Z,Sell,274.336639233,273.503305983,3050,2541.67,30.5,7096.33,1,"	4867,4868" 
2022-03-11T17:30:00Z,"TQQQ",2022-03-11T18:00:00Z,Sell,20.794578714,20.92852125,25301,-3388.88,253.01,6051.57,0,"	4869,4870" 
2022-03-11T20:30:00Z,"SPXL",2022-03-11T20:59:00Z,Sell,94.315219196,93.066844142,7376,9208.01,73.76,2426.92,1,"	4871,4872" 
2022-03-14T15:00:00Z,"SPXL",2022-03-14T15:30:00Z,Buy,95.863591356,94.479733738,7538,-10431.52,75.38,10869.2,0,"	4873,4874" 
2022-03-14T17:30:00Z,"TQQQ",2022-03-14T19:00:00Z,Sell,19.08681138,19.220753916,28217,-3779.46,282.17,9853.58,0,"	4875,4878" 
2022-03-14T18:30:00Z,"NVDA",2022-03-14T19:00:00Z,Sell,21.1508937024,21.331568192,39571,-7149.47,395.71,7610.83,0,"	4876,4877" 
2022-03-15T14:00:00Z,"AMD",2022-03-15T19:59:00Z,Buy,103.98,109.28,8002,42410.6,80.02,12483.12,1,"	4879,4887" 
2022-03-15T14:00:00Z,"NVDA",2022-03-15T19:59:00Z,Buy,21.7248596224,22.9207051392,38287,45785.34,382.87,11885.84,1,"	4880,4888" 
2022-03-15T14:30:00Z,"TQQQ",2022-03-15T17:00:00Z,Buy,20.010058146,20.373616458,27572,10024.03,275.72,13717.09,1,"	4881,4885" 
2022-03-15T14:30:00Z,"SPXL",2022-03-15T17:30:00Z,Buy,94.092640698,94.295864544,8592,1746.1,85.92,12971.02,1,"	4882,4886" 
2022-03-15T15:30:00Z,"TSLA",2022-03-15T16:00:00Z,Buy,266.296640037,263.383306995,3258,-9491.64,32.58,13879.08,0,"	4883,4884" 
2022-03-16T14:00:00Z,"TSLA",2022-03-16T17:00:00Z,Buy,274.729972527,274.793305854,3159,200.07,31.59,19554.21,1,"	4889,4895" 
2022-03-16T14:00:00Z,"NVDA",2022-03-16T17:00:00Z,Buy,23.6763437504,23.8709930624,36648,7133.51,366.48,25387.97,1,"	4890,4896" 
2022-03-16T14:00:00Z,"TQQQ",2022-03-16T17:00:00Z,Buy,22.090951116,22.114869426,25780,616.61,257.8,17265.19,1,"	4891,4897" 
2022-03-16T14:00:00Z,"SPXL",2022-03-16T17:00:00Z,Buy,100.93451018,100.731286334,8592,-1746.1,85.92,18209.32,0,"	4892,4898" 
2022-03-16T14:30:00Z,"AMD",2022-03-16T15:30:00Z,Buy,114.53,114.73,7795,1559,77.95,8574.5,1,"	4893,4894" 
2022-03-17T14:00:00Z,"TSLA",2022-03-17T14:30:00Z,Buy,284.176638249,283.589971641,3063,-1796.96,30.63,7269.52,0,"	4899,4901" 
2022-03-17T14:00:00Z,"NVDA",2022-03-17T14:30:00Z,Buy,24.700498592,24.4599320064,35240,-8477.57,352.4,14176.18,0,"	4900,4902" 
2022-03-17T17:30:00Z,"SPXL",2022-03-17T18:30:00Z,Buy,105.647367942,105.366725488,8199,-2300.99,81.99,8965.92,0,"	4903,4904" 
2022-03-18T14:00:00Z,"NVDA",2022-03-18T19:59:00Z,Buy,25.843439424,26.3145905792,33477,15772.73,334.77,18847.07,1,"	4905,4911" 
2022-03-18T14:30:00Z,"TSLA",2022-03-18T15:00:00Z,Buy,298.949970105,297.976636869,2903,-2825.59,29.03,9357.34,0,"	4906,4907" 
2022-03-18T16:00:00Z,"AMD",2022-03-18T16:30:00Z,Buy,114.32,113.88,7571,-3331.24,75.71,4618.31,0,"	4908,4909" 
2022-03-18T17:00:00Z,"TQQQ",2022-03-18T19:59:00Z,Buy,24.913311696,25.42516353,22676,11606.75,226.76,5304.39,1,"	4910,4912" 
2022-03-21T14:00:00Z,"TQQQ",2022-03-21T15:00:00Z,Sell,24.918095358,25.147711134,23003,-5281.85,230.03,14745.17,0,"	4913,4914" 
2022-03-21T16:00:00Z,"AMD",2022-03-21T16:30:00Z,Buy,117.26,116.15,7329,-8135.19,73.29,11433.24,0,"	4915,4916" 
2022-03-22T14:30:00Z,"SPXL",2022-03-22T16:30:00Z,Buy,113.882772368,113.51503398,7069,-2599.54,70.69,8886.33,0,"	4918,4919" 
2022-03-22T14:30:00Z,"TQQQ",2022-03-22T19:59:00Z,Buy,26.40581424,26.726319594,17719,5679.03,177.19,9832.36,1,"	4917,4922" 
2022-03-22T17:30:00Z,"TSLA",2022-03-22T19:59:00Z,Buy,317.583301575,331.269966873,2732,37391.97,27.32,8123.15,1,"	4920,4921" 
2022-03-23T14:00:00Z,"AMD",2022-03-23T14:30:00Z,Sell,112.77,114.72,7079,-13804.05,70.79,18334.61,0,"	4923,4925" 
2022-03-23T14:30:00Z,"TSLA",2022-03-23T17:30:00Z,Buy,342.053299128,332.669966733,2568,-24096.4,25.68,39384.56,0,"	4924,4926" 
2022-03-24T14:30:00Z,"NVDA",2022-03-24T19:59:00Z,Buy,26.6310204864,28.0604451776,26877,38418.65,268.77,11858.27,1,"	4927,4933" 
2022-03-24T15:00:00Z,"AMD",2022-03-24T19:59:00Z,Buy,116.77,120.39,7478,27070.36,74.78,10319.64,1,"	4928,4932" 
2022-03-24T15:30:00Z,"SPXL",2022-03-24T16:30:00Z,Buy,113.495679328,112.731170574,7572,-5788.86,75.72,9745.8,0,"	4929,4930" 
2022-03-24T19:30:00Z,"TQQQ",2022-03-24T19:59:00Z,Buy,27.085094244,27.238171428,22551,3452.04,225.51,2589.03,1,"	4931,4934" 
2022-03-25T15:00:00Z,"SPXL",2022-03-25T15:30:00Z,Buy,116.56339167,114.027932258,7670,-19446.97,76.7,22341.75,0,"	4935,4937" 
2022-03-25T15:30:00Z,"TQQQ",2022-03-25T16:30:00Z,Sell,26.377112268,26.688050298,24643,-7662.45,246.43,10020.12,0,"	4936,4938" 
2022-03-25T17:30:00Z,"AMD",2022-03-25T18:00:00Z,Sell,118.09,118.92,7475,-6204.25,74.75,6204.25,0,"	4939,4940" 
2022-03-28T14:00:00Z,"TSLA",2022-03-28T14:30:00Z,Buy,359.109964089,357.443297589,2452,-4086.67,24.52,14973.55,0,"	4941,4946" 
2022-03-28T14:00:00Z,"AMD",2022-03-28T14:30:00Z,Buy,120.21,118.81,7322,-10250.8,73.22,14131.46,0,"	4942,4947" 
2022-03-28T14:00:00Z,"NVDA",2022-03-28T14:30:00Z,Buy,28.0854002176,27.7130710208,22153,-8248.21,221.53,12272.8,0,"	4943,4948" 
2022-03-28T14:00:00Z,"TQQQ",2022-03-28T14:30:00Z,Buy,27.970071714,27.635215374,24980,-8364.71,249.8,13742.03,0,"	4944,4949" 
2022-03-28T14:00:00Z,"SPXL",2022-03-28T14:30:00Z,Buy,117.511769618,116.979516688,7489,-3986.04,74.89,8189.5,0,"	4945,4950" 
2022-03-30T14:00:00Z,"AMD",2022-03-30T15:00:00Z,Buy,124.63,123.76,6951,-6047.37,69.51,10426.5,0,"	4951,4952" 
2022-03-30T18:00:00Z,"SPXL",2022-03-30T19:59:00Z,Sell,121.392377344,121.01496163,7114,2684.94,71.14,9218.28,1,"	4953,4958" 
2022-03-30T18:30:00Z,"TQQQ",2022-03-30T19:59:00Z,Sell,29.151636228,28.888534818,24000,6314.43,240,8151.36,1,"	4954,4957" 
2022-03-30T19:00:00Z,"NVDA",2022-03-30T19:59:00Z,Sell,27.6990961984,27.60027424,22249,2198.69,222.49,6329.56,1,"	4955,4956" 
2022-03-31T14:00:00Z,"AMD",2022-03-31T19:59:00Z,Sell,113.41,109.75,7651,28002.66,76.51,14613.41,1,"	4959,4964" 
2022-03-31T14:30:00Z,"SPXL",2022-03-31T15:00:00Z,Sell,120.211743572,121.266572106,7214,-7609.53,72.14,8726.53,0,"	4960,4961" 
2022-03-31T16:30:00Z,"TQQQ",2022-03-31T19:00:00Z,Sell,28.55846214,28.697188338,26616,-3692.34,266.16,9294.5,0,"	4962,4963" 
2022-04-01T14:00:00Z,"NVDA",2022-04-01T15:00:00Z,Sell,26.7597884928,26.891551104,32660,-4303.37,326.6,11410.44,0,"	4966,4968" 
2022-04-01T14:00:00Z,"AMD",2022-04-01T19:30:00Z,Sell,107.77,106.87,6603,5942.7,66.03,13668.21,1,"	4965,4972" 
2022-04-01T14:30:00Z,"SPXL",2022-04-01T15:00:00Z,Sell,115.363403246,116.089202696,7594,-5511.72,75.94,7642.92,0,"	4967,4969" 
2022-04-01T16:00:00Z,"TQQQ",2022-04-01T18:30:00Z,Sell,27.190334808,27.515623824,25558,-8313.74,255.58,13436.47,0,"	4970,4971" 
2022-04-04T14:00:00Z,"NVDA",2022-04-04T18:30:00Z,Buy,27.2688713088,27.1450943104,31877,-3945.64,318.77,14541.59,0,"	4973,4977" 
2022-04-04T14:00:00Z,"TQQQ",2022-04-04T19:59:00Z,Buy,28.778510592,29.362117356,24013,14014.15,240.13,7673.32,1,"	4974,4979" 
2022-04-04T14:00:00Z,"SPXL",2022-04-04T19:59:00Z,Buy,118.034345222,119.46658947,7364,10547.05,73.64,6057.43,1,"	4975,4980" 
2022-04-04T14:30:00Z,"TSLA",2022-04-04T19:59:00Z,Buy,369.373296396,381.219961878,2105,24937.23,21.05,8532.27,1,"	4976,4978" 
2022-04-05T14:00:00Z,"NVDA",2022-04-05T19:59:00Z,Sell,26.7557956864,25.8713890688,33153,29320.73,331.53,10556.79,1,"	4981,4989" 
2022-04-05T14:30:00Z,"TQQQ",2022-04-05T19:59:00Z,Sell,28.27144242,27.376897626,22183,19843.69,221.83,10823.83,1,"	4982,4990" 
2022-04-05T15:00:00Z,"AMD",2022-04-05T15:30:00Z,Sell,108.07,108.58,6178,-3150.78,61.78,4757.06,0,"	4983,4985" 
2022-04-05T15:30:00Z,"TSLA",2022-04-05T19:59:00Z,Sell,371.989962801,363.536630313,2402,20304.9,24.02,13235.02,1,"	4984,4988" 
2022-04-05T16:00:00Z,"SPXL",2022-04-05T17:00:00Z,Sell,117.19241786,117.231127164,7665,-296.71,76.65,5859.96,0,"	4986,4987" 
2022-04-06T14:00:00Z,"TQQQ",2022-04-06T16:00:00Z,Sell,25.673913954,25.626077334,25330,1211.7,253.3,9572.44,1,"	4992,4998" 
2022-04-06T14:00:00Z,"SPXL",2022-04-06T16:00:00Z,Sell,111.037638524,111.318280978,8223,-2307.72,82.23,10185.81,0,"	4993,4999" 
2022-04-06T14:00:00Z,"TSLA",2022-04-06T18:00:00Z,Sell,349.243298409,350.426631624,2428,-2873.13,24.28,21803.44,0,"	4991,5000" 
2022-04-06T14:30:00Z,"AMD",2022-04-06T15:00:00Z,Sell,102.3,103.12,8235,-6752.7,82.35,9882,0,"	4994,4996" 
2022-04-06T14:30:00Z,"NVDA",2022-04-06T15:30:00Z,Sell,24.425993152,24.3930524992,37633,1239.66,376.33,10368.03,1,"	4995,4997" 
2022-04-07T14:00:00Z,"TSLA",2022-04-07T14:30:00Z,Buy,357.303297603,354.926631174,2297,-5459.2,22.97,9593.8,0,"	5001,5002" 
2022-04-07T16:30:00Z,"NVDA",2022-04-07T17:30:00Z,Sell,23.6843293632,23.9009391104,38289,-8293.77,382.89,17810.59,0,"	5003,5004" 
2022-04-07T19:00:00Z,"SPXL",2022-04-07T19:59:00Z,Buy,113.834385738,113.437615372,7937,-3149.17,79.37,12135.81,0,"	5005,5006" 
2022-04-08T14:00:00Z,"AMD",2022-04-08T14:30:00Z,Sell,100.87,101.59,8944,-6439.68,89.44,10196.16,0,"	5007,5011" 
2022-04-08T14:00:00Z,"TQQQ",2022-04-08T14:30:00Z,Sell,24.70761423,25.16206212,22012,-10003.31,220.12,10108.6,0,"	5009,5012" 
2022-04-08T14:00:00Z,"SPXL",2022-04-08T14:30:00Z,Sell,111.405376912,112.440850794,8096,-8383.2,80.96,8383.2,0,"	5010,5013" 
2022-04-08T14:00:00Z,"NVDA",2022-04-08T15:00:00Z,Sell,23.1952105792,23.4687178176,37540,-10267.46,375.4,14239.55,0,"	5008,5014" 
2022-04-11T14:00:00Z,"AMD",2022-04-11T17:00:00Z,Sell,97.08,97.42,9144,-3108.96,91.44,12618.72,0,"	5015,5019" 
2022-04-11T14:30:00Z,"SPXL",2022-04-11T19:00:00Z,Sell,108.8699175,108.666693654,8160,1658.31,81.6,8370.5,1,"	5016,5020" 
2022-04-11T15:00:00Z,"TQQQ",2022-04-11T15:30:00Z,Sell,23.282082954,23.334703236,23187,-1220.11,231.87,2107.46,0,"	5017,5018" 
2022-04-12T14:00:00Z,"TSLA",2022-04-12T14:30:00Z,Buy,339.319966068,336.586633008,2323,-6349.53,23.23,7944.66,0,"	5021,5023" 
2022-04-12T14:00:00Z,"SPXL",2022-04-12T14:30:00Z,Buy,110.495708268,109.411847756,6814,-7385.43,68.14,7517.31,0,"	5022,5024" 
2022-04-12T18:00:00Z,"AMD",2022-04-12T19:59:00Z,Sell,95.87,95.13,9190,6800.6,91.9,6846.55,1,"	5025,5027" 
2022-04-12T19:00:00Z,"NVDA",2022-04-12T19:59:00Z,Sell,21.4034387072,21.4922786496,41241,-3663.85,412.41,12432.38,0,"	5026,5028" 
2022-04-13T14:30:00Z,"NVDA",2022-04-13T15:00:00Z,Buy,22.0392931264,21.9694190144,40034,-2797.34,400.34,8032.36,0,"	5030,5032" 
2022-04-13T14:30:00Z,"AMD",2022-04-13T16:30:00Z,Buy,97.47,96.95,9051,-4706.52,90.51,12490.38,0,"	5029,5035" 
2022-04-13T14:30:00Z,"TQQQ",2022-04-13T19:59:00Z,Buy,23.377756194,24.095305494,25406,18230.06,254.06,8750.43,1,"	5031,5037" 
2022-04-13T15:00:00Z,"SPXL",2022-04-13T19:59:00Z,Buy,106.673164498,109.102173324,7380,17926.09,73.8,5920.61,1,"	5033,5038" 
2022-04-13T15:30:00Z,"TSLA",2022-04-13T19:59:00Z,Buy,335.523299781,340.879965912,2076,11120.44,20.76,6255.68,1,"	5034,5036" 
2022-04-14T14:00:00Z,"AMD",2022-04-14T19:59:00Z,Sell,96.25,92.99,9324,30396.24,93.24,8951.04,1,"	5039,5047" 
2022-04-14T14:00:00Z,"TQQQ",2022-04-14T19:59:00Z,Sell,23.554751688,22.421023794,25766,29211.63,257.66,10230.23,1,"	5040,5048" 
2022-04-14T14:30:00Z,"NVDA",2022-04-14T15:30:00Z,Sell,21.7019009856,21.76079488,41446,-2440.92,414.46,10053.27,0,"	5041,5045" 
2022-04-14T14:30:00Z,"SPXL",2022-04-14T15:30:00Z,Sell,107.650574424,108.211859332,8382,-4704.69,83.82,7949.3,0,"	5042,5046" 
2022-04-14T15:00:00Z,"TSLA",2022-04-14T15:30:00Z,Sell,328.443300489,330.56663361,2695,-5722.38,26.95,5722.38,0,"	5043,5044" 
2022-04-18T14:30:00Z,"NVDA",2022-04-18T15:00:00Z,Buy,21.7528092672,21.6519909056,42111,-4245.56,421.11,5590.69,0,"	5050,5051" 
2022-04-18T14:30:00Z,"TSLA",2022-04-18T15:30:00Z,Buy,334.913299842,332.56663341,2731,-6408.75,27.31,10309.52,0,"	5049,5052" 
2022-04-19T14:00:00Z,"TSLA",2022-04-19T14:30:00Z,Buy,339.906632676,338.773299456,2683,-3040.73,26.83,5866.83,0,"	5053,5057" 
2022-04-19T14:00:00Z,"AMD",2022-04-19T14:30:00Z,Buy,95.09,95.71,9584,5942.08,95.84,2779.36,1,"	5054,5058" 
2022-04-19T14:00:00Z,"TQQQ",2022-04-19T19:59:00Z,Buy,23.03333253,23.961362958,27372,25402.05,273.72,11391.64,1,"	5055,5061" 
2022-04-19T14:00:00Z,"SPXL",2022-04-19T19:59:00Z,Buy,107.679606402,110.098937902,8464,20477.22,84.64,10238.61,1,"	5056,5062" 
2022-04-19T15:30:00Z,"NVDA",2022-04-19T16:00:00Z,Buy,22.2389334464,22.2209658176,40678,-730.89,406.78,4019.88,0,"	5059,5060" 
2022-04-20T14:00:00Z,"AMD",2022-04-20T14:30:00Z,Sell,95.67,95.78,9720,-1069.2,97.2,8553.6,0,"	5064,5067" 
2022-04-20T14:00:00Z,"NVDA",2022-04-20T14:30:00Z,Sell,21.7518110656,21.6769459456,42748,3200.33,427.48,12246.61,1,"	5065,5068" 
2022-04-20T14:00:00Z,"TQQQ",2022-04-20T14:30:00Z,Sell,23.334703236,23.454294786,25361,-3032.96,253.61,9341.52,0,"	5066,5069" 
2022-04-20T14:00:00Z,"TSLA",2022-04-20T19:59:00Z,Sell,334.439966556,325.39996746,2781,25140.24,27.81,12268.84,1,"	5063,5070" 
2022-04-21T16:00:00Z,"AMD",2022-04-21T17:30:00Z,Sell,91.46,91.67,10274,-2157.54,102.74,9657.56,0,"	5071,5073" 
2022-04-21T16:30:00Z,"NVDA",2022-04-21T19:59:00Z,Sell,20.8234835776,20.1806417472,45160,29030.74,451.6,17265.17,1,"	5072,5076" 
2022-04-21T18:00:00Z,"SPXL",2022-04-21T19:59:00Z,Sell,107.80541164,105.182856294,8789,23049.64,87.89,10716.81,1,"	5074,5078" 
2022-04-21T19:00:00Z,"TQQQ",2022-04-21T19:59:00Z,Sell,21.71782548,21.564748296,28466,4357.5,284.66,9804.36,1,"	5075,5077" 
2022-04-22T14:00:00Z,"SPXL",2022-04-22T19:59:00Z,Sell,102.366754428,96.43455359,9396,55738.96,93.96,23459.46,1,"	5079,5082" 
2022-04-22T14:30:00Z,"TQQQ",2022-04-22T15:00:00Z,Sell,20.914170264,21.014627166,33328,-3348.03,333.28,11000.66,0,"	5080,5081" 
2022-04-25T14:00:00Z,"SPXL",2022-04-25T14:30:00Z,Sell,92.476527256,94.11199535,8430,-13787,84.3,15989.65,0,"	5083,5084" 
2022-04-26T14:00:00Z,"AMD",2022-04-26T16:30:00Z,Sell,87.3,86.89,11180,4583.8,111.8,14645.8,1,"	5086,5090" 
2022-04-26T14:00:00Z,"NVDA",2022-04-26T16:30:00Z,Sell,19.0906056,19.0846163904,51100,306.05,511,22341.55,1,"	5087,5091" 
2022-04-26T14:00:00Z,"TQQQ",2022-04-26T16:30:00Z,Sell,19.39774941,19.125080676,32305,8808.56,323.05,16535.37,1,"	5088,5092" 
2022-04-26T14:00:00Z,"TSLA",2022-04-26T19:59:00Z,Sell,314.336635233,292.656637401,3104,67294.71,31.04,14878.51,1,"	5085,5094" 
2022-04-26T14:30:00Z,"SPXL",2022-04-26T16:30:00Z,Sell,93.91844883,93.599097072,8415,2687.35,84.15,15969.34,1,"	5089,5093" 
2022-04-27T14:00:00Z,"AMD",2022-04-27T14:30:00Z,Buy,87.24,84.92,11568,-26837.76,115.68,31002.24,0,"	5095,5098" 
2022-04-27T14:00:00Z,"TQQQ",2022-04-27T14:30:00Z,Buy,18.909815886,18.01048743,40835,-36724.08,408.35,41705.27,0,"	5096,5099" 
2022-04-27T14:00:00Z,"SPXL",2022-04-27T14:30:00Z,Buy,92.573300516,89.41849224,10058,-31731.06,100.58,34553.76,0,"	5097,5100" 
2022-04-28T14:00:00Z,"TSLA",2022-04-28T16:30:00Z,Sell,280.409971959,283.63330497,2560,-8251.73,25.6,23133.86,0,"	5101,5102" 
2022-04-28T17:00:00Z,"NVDA",2022-04-28T19:59:00Z,Buy,19.4329887488,19.7005067776,49789,13319.46,497.89,16052.93,1,"	5103,5108" 
2022-04-28T18:00:00Z,"AMD",2022-04-28T19:59:00Z,Buy,89.14,89.46,10935,3499.2,109.35,13450.05,1,"	5104,5107" 
2022-04-28T18:00:00Z,"TQQQ",2022-04-28T19:59:00Z,Buy,20.04354378,20.010058146,35901,-1202.17,359.01,17517.3,0,"	5105,5109" 
2022-04-28T19:00:00Z,"SPXL",2022-04-28T19:59:00Z,Buy,97.702283296,96.734550696,9091,-8797.66,90.91,17419.36,0,"	5106,5110" 
2022-04-29T14:00:00Z,"TSLA",2022-04-29T14:30:00Z,Buy,310.976635569,305.6666361,3119,-16561.89,31.19,17809.49,0,"	5111,5114" 
2022-04-29T14:00:00Z,"AMD",2022-04-29T14:30:00Z,Buy,91.57,89.06,10592,-26585.92,105.92,28121.76,0,"	5112,5115" 
2022-04-29T14:00:00Z,"NVDA",2022-04-29T14:30:00Z,Buy,20.0548683456,19.4439689664,48359,-29542.48,483.59,30797.56,0,"	5113,5116" 
2022-04-29T16:30:00Z,"TQQQ",2022-04-29T17:30:00Z,Sell,18.565392222,18.498420954,32198,2156.34,321.98,9087.44,1,"	5117,5119" 
2022-04-29T16:30:00Z,"SPXL",2022-04-29T19:59:00Z,Sell,90.995896378,86.17658803,8311,40053.27,83.11,13592.38,1,"	5118,5120" 
2022-05-02T14:00:00Z,"AMD",2022-05-02T15:00:00Z,Buy,87.87,87.1,10899,-8392.23,108.99,16784.46,0,"	5121,5124" 
2022-05-02T14:00:00Z,"NVDA",2022-05-02T15:00:00Z,Buy,18.91592032,18.7971343296,49788,-5914.12,497.88,16301.1,0,"	5122,5125" 
2022-05-02T14:30:00Z,"SPXL",2022-05-02T15:00:00Z,Buy,87.908829384,86.592713048,7924,-10428.91,79.24,17169.35,0,"	5123,5126" 
2022-05-03T15:30:00Z,"SPXL",2022-05-03T16:30:00Z,Buy,90.124937038,89.263655024,7631,-6572.44,76.31,13580.59,0,"	5127,5128" 
2022-05-04T14:00:00Z,"NVDA",2022-05-04T16:30:00Z,Sell,19.1784473408,19.2063969856,35716,-998.25,357.16,16221.55,0,"	5129,5131" 
2022-05-04T14:30:00Z,"TQQQ",2022-05-04T16:30:00Z,Sell,17.809573626,18.216184896,24319,-9888.38,243.19,17682.75,0,"	5130,5132" 
2022-05-04T19:00:00Z,"TSLA",2022-05-04T19:59:00Z,Buy,308.96663577,317.673301566,3044,26503.09,30.44,9233.47,1,"	5133,5135" 
2022-05-04T19:00:00Z,"SPXL",2022-05-04T19:59:00Z,Buy,93.831352896,97.16035304,5927,19730.98,59.27,5104.82,1,"	5134,5136" 
2022-05-05T14:00:00Z,"NVDA",2022-05-05T19:59:00Z,Sell,19.3421524032,18.8081145472,45964,24546.52,459.64,27161.75,1,"	5137,5144" 
2022-05-05T14:00:00Z,"TQQQ",2022-05-05T19:59:00Z,Sell,18.60844518,17.12550996,26352,39078.31,263.52,18341.59,1,"	5138,5145" 
2022-05-05T14:00:00Z,"SPXL",2022-05-05T19:59:00Z,Sell,92.147498172,86.699163634,6522,35534.04,65.22,22406.01,1,"	5139,5146" 
2022-05-05T14:30:00Z,"AMD",2022-05-05T16:30:00Z,Sell,94.44,95.43,9888,-9789.12,98.88,25511.04,0,"	5141,5142" 
2022-05-05T14:30:00Z,"TSLA",2022-05-05T19:59:00Z,Sell,300.169969983,290.753304258,3258,30679.5,32.58,15823.02,1,"	5140,5143" 
2022-05-06T14:00:00Z,"TSLA",2022-05-06T14:30:00Z,Sell,284.019971598,289.586637708,3539,-19700.43,35.39,30282.04,0,"	5147,5150" 
2022-05-06T14:00:00Z,"TQQQ",2022-05-06T14:30:00Z,Sell,15.948729108,16.613658126,32147,-21375.47,321.47,34293.03,0,"	5148,5151" 
2022-05-06T14:00:00Z,"SPXL",2022-05-06T14:30:00Z,Sell,82.131465762,84.124994918,7860,-15669.14,78.6,25785.62,0,"	5149,5152" 
2022-05-06T15:00:00Z,"AMD",2022-05-06T16:00:00Z,Buy,96.89,95.44,9060,-13137,90.6,25368,0,"	5153,5154" 
2022-05-09T14:30:00Z,"SPXL",2022-05-09T16:00:00Z,Sell,79.74116624,79.421814482,9612,3069.61,96.12,16185.21,1,"	5157,5161" 
2022-05-09T14:30:00Z,"TSLA",2022-05-09T19:59:00Z,Sell,271.063306227,262.86664038,3606,29557.18,36.06,28763.86,1,"	5155,5162" 
2022-05-09T14:30:00Z,"NVDA",2022-05-09T19:59:00Z,Sell,17.4815046208,16.9654343936,55914,28855.55,559.14,24167.22,1,"	5156,5164" 
2022-05-09T15:00:00Z,"TQQQ",2022-05-09T16:00:00Z,Sell,14.99678037,15.097237272,39197,-3937.61,391.97,16219.2,0,"	5159,5160" 
2022-05-09T15:00:00Z,"AMD",2022-05-09T19:59:00Z,Sell,89.02,86.42,11085,28821,110.85,23611.05,1,"	5158,5163" 
2022-05-11T14:00:00Z,"SPXL",2022-05-11T15:00:00Z,Buy,79.470201112,78.96698016,8819,-4437.91,88.19,14756.04,0,"	5166,5167" 
2022-05-11T14:00:00Z,"AMD",2022-05-11T15:30:00Z,Buy,90.91,91.57,8545,5639.7,85.45,25293.2,1,"	5165,5168" 
2022-05-11T17:00:00Z,"TSLA",2022-05-11T19:59:00Z,Sell,254.363307897,244.403308893,3634,36194.64,36.34,15432.39,1,"	5169,5173" 
2022-05-11T17:30:00Z,"TQQQ",2022-05-11T18:30:00Z,Sell,14.178774168,14.145288534,38765,1298.07,387.65,16318.6,1,"	5170,5171" 
2022-05-11T19:00:00Z,"NVDA",2022-05-11T19:59:00Z,Sell,16.774777888,16.600092608,55868,9759.32,558.68,8978.57,1,"	5172,5174" 
2022-05-12T14:00:00Z,"AMD",2022-05-12T14:30:00Z,Sell,84.49,86.37,12197,-22930.36,121.97,34029.63,0,"	5175,5177" 
2022-05-12T14:00:00Z,"NVDA",2022-05-12T14:30:00Z,Sell,15.89636048,16.360524224,64802,-30078.74,648.02,41786.81,0,"	5176,5178" 
2022-05-12T15:00:00Z,"TSLA",2022-05-12T15:30:00Z,Buy,251.86664148,248.19997518,4008,-14696,40.08,26239.04,0,"	5179,5180" 
2022-05-13T14:00:00Z,"TQQQ",2022-05-13T18:30:00Z,Buy,14.671491354,14.68584234,54300,779.26,543,37144.66,1,"	5183,5186" 
2022-05-13T14:00:00Z,"AMD",2022-05-13T19:59:00Z,Buy,90.64,94.96,11072,47831.04,110.72,26462.08,1,"	5181,5187" 
2022-05-13T14:00:00Z,"NVDA",2022-05-13T19:59:00Z,Buy,17.1980153664,17.6292384576,58075,25043.28,580.75,31130.19,1,"	5182,5188" 
2022-05-13T14:30:00Z,"SPXL",2022-05-13T18:00:00Z,Buy,78.502468512,77.573445216,12981,-12059.65,129.81,28001,0,"	5184,5185" 
2022-05-16T14:00:00Z,"TSLA",2022-05-16T14:30:00Z,Sell,250.969974903,254.989974501,3580,-14391.6,35.8,23126.8,0,"	5189,5191" 
2022-05-16T14:00:00Z,"TQQQ",2022-05-16T14:30:00Z,Sell,14.657140368,15.078102624,42534,-17905.21,425.34,22584.98,0,"	5190,5193" 
2022-05-16T14:30:00Z,"AMD",2022-05-16T15:00:00Z,Buy,98.01,95.48,8539,-21603.67,85.39,22457.57,0,"	5192,5194" 
2022-05-17T15:30:00Z,"AMD",2022-05-17T16:30:00Z,Buy,101.13,101.42,9944,2883.76,99.44,10640.08,1,"	5195,5196" 
2022-05-18T14:00:00Z,"SPXL",2022-05-18T14:30:00Z,Sell,78.376663274,77.970215582,12843,5220.01,128.43,7581.44,1,"	5197,5198" 
2022-05-18T15:30:00Z,"NVDA",2022-05-18T17:00:00Z,Sell,17.3617204288,17.313806752,51653,2474.89,516.53,10415.14,1,"	5199,5202" 
2022-05-18T15:30:00Z,"TQQQ",2022-05-18T19:59:00Z,Sell,14.20747614,13.427739234,49398,38517.44,493.98,12996.68,1,"	5200,5206" 
2022-05-18T16:00:00Z,"TSLA",2022-05-18T19:59:00Z,Sell,242.796642387,237.249976275,3693,20483.84,36.93,16347.68,1,"	5201,5204" 
2022-05-18T19:00:00Z,"AMD",2022-05-18T19:59:00Z,Sell,96.25,96.33,10775,-862,107.75,11098.25,0,"	5203,5205" 
2022-05-19T15:00:00Z,"AMD",2022-05-19T15:30:00Z,Buy,99.42,99.16,8654,-2250.04,86.54,8740.54,0,"	5207,5209" 
2022-05-19T15:00:00Z,"NVDA",2022-05-19T17:30:00Z,Buy,17.413626912,17.1830423424,49932,-11513.55,499.32,26665.58,0,"	5208,5212" 
2022-05-19T16:00:00Z,"TSLA",2022-05-19T16:30:00Z,Buy,242.783309055,241.036642563,4042,-7060.03,40.42,13500.28,0,"	5210,5211" 
2022-05-20T14:00:00Z,"TSLA",2022-05-20T19:59:00Z,Sell,232.836643383,221.279977872,4167,48156.63,41.67,42545.07,1,"	5213,5219" 
2022-05-20T14:00:00Z,"NVDA",2022-05-20T19:59:00Z,Sell,16.874598048,16.6789505344,53141,10396.9,531.41,50021.84,1,"	5214,5221" 
2022-05-20T15:30:00Z,"SPXL",2022-05-20T16:00:00Z,Sell,69.754165808,69.570296614,11065,2034.51,110.65,7602.65,1,"	5216,5218" 
2022-05-20T15:30:00Z,"AMD",2022-05-20T19:59:00Z,Sell,93.2,93.49,9591,-2781.39,95.91,50065.02,0,"	5215,5220" 
2022-05-20T16:00:00Z,"TQQQ",2022-05-20T19:59:00Z,Sell,12.734108244,13.08331557,46440,-16217.19,464.4,52428.17,0,"	5217,5222" 
2022-05-24T14:00:00Z,"TSLA",2022-05-24T14:30:00Z,Sell,211.039978896,213.406645326,4924,-11653.47,49.24,19236.42,0,"	5223,5228" 
2022-05-24T14:00:00Z,"AMD",2022-05-24T14:30:00Z,Sell,90.08,91.34,11493,-14481.18,114.93,18733.59,0,"	5224,5229" 
2022-05-24T14:00:00Z,"NVDA",2022-05-24T15:30:00Z,Sell,15.8933658752,16.0580691392,65380,-10768.3,653.8,24930.24,0,"	5225,5230" 
2022-05-24T14:00:00Z,"TQQQ",2022-05-24T16:00:00Z,Sell,12.50927613,12.619300356,54174,-5960.45,541.74,25526.29,0,"	5226,5231" 
2022-05-24T14:00:00Z,"SPXL",2022-05-24T16:00:00Z,Sell,71.941241484,71.670276356,11077,3001.48,110.77,21867.93,1,"	5227,5232" 
2022-05-25T14:30:00Z,"NVDA",2022-05-25T15:00:00Z,Buy,16.659984704,16.500272448,61429,-9810.96,614.29,17843.69,0,"	5234,5237" 
2022-05-25T14:30:00Z,"TQQQ",2022-05-25T15:00:00Z,Buy,13.212474444,13.17898881,47122,-1577.91,471.22,12172.45,0,"	5235,5238" 
2022-05-25T14:30:00Z,"SPXL",2022-05-25T15:00:00Z,Buy,75.154113716,75.09604976,9482,-550.56,94.82,9084.28,0,"	5236,5239" 
2022-05-25T14:30:00Z,"TSLA",2022-05-25T19:59:00Z,Buy,216.256645041,219.446644722,4733,15098.27,47.33,21598.25,1,"	5233,5240" 
2022-05-26T14:00:00Z,"TSLA",2022-05-26T19:59:00Z,Buy,224.323310901,235.836643083,3292,37901.89,32.92,19345.98,1,"	5241,5247" 
2022-05-26T14:00:00Z,"AMD",2022-05-26T19:59:00Z,Buy,95.32,98.68,10746,36106.56,107.46,22942.71,1,"	5242,5248" 
2022-05-26T14:00:00Z,"TQQQ",2022-05-26T19:59:00Z,Buy,13.963509378,14.51841417,59376,32948.03,593.76,19314.36,1,"	5243,5249" 
2022-05-26T14:00:00Z,"SPXL",2022-05-26T19:59:00Z,Buy,78.657305728,80.186323236,13022,19910.87,130.22,15878.29,1,"	5244,5250" 
2022-05-26T15:00:00Z,"NVDA",2022-05-26T15:30:00Z,Buy,17.468528,17.5014686528,60365,1988.46,603.65,7411.54,1,"	5245,5246" 
2022-05-27T14:00:00Z,"TSLA",2022-05-27T15:00:00Z,Buy,247.389975261,249.013308432,3089,5014.48,30.89,7979.92,1,"	5251,5254" 
2022-05-27T14:00:00Z,"TQQQ",2022-05-27T15:00:00Z,Buy,15.374689668,15.408175302,57124,1912.83,571.24,12296.79,1,"	5252,5255" 
2022-05-27T14:00:00Z,"SPXL",2022-05-27T15:00:00Z,Buy,83.61209664,83.534678032,12855,-995.22,128.55,9454.55,0,"	5253,5256" 
2022-05-31T14:00:00Z,"TQQQ",2022-05-31T14:30:00Z,Sell,15.45122826,15.508632204,51237,-2941.21,512.37,20465.89,0,"	5257,5259" 
2022-05-31T14:00:00Z,"SPXL",2022-05-31T14:30:00Z,Sell,83.534678032,83.892739094,12891,-4615.77,128.91,22829.32,0,"	5258,5260" 
2022-06-01T15:30:00Z,"SPXL",2022-06-01T18:00:00Z,Sell,82.06372448,82.7411373,13110,-8880.88,131.1,26262.04,0,"	5261,5264" 
2022-06-01T16:30:00Z,"TQQQ",2022-06-01T17:00:00Z,Sell,15.183343188,15.255098118,52770,-3786.51,527.7,8077.88,0,"	5262,5263" 
2022-06-02T14:00:00Z,"AMD",2022-06-02T19:59:00Z,Buy,103.28,108.32,10348,52153.92,103.48,19764.68,1,"	5265,5272" 
2022-06-02T14:30:00Z,"NVDA",2022-06-02T19:59:00Z,Buy,18.8829796672,19.4519545792,56777,32304.69,567.77,12865.2,1,"	5266,5273" 
2022-06-02T15:00:00Z,"TSLA",2022-06-02T19:59:00Z,Buy,256.063307727,257.996640867,3776,7300.27,37.76,25160.74,1,"	5267,5271" 
2022-06-02T16:30:00Z,"SPXL",2022-06-02T17:00:00Z,Buy,85.228210082,85.412079276,11824,2174.07,118.24,5263.54,1,"	5269,5270" 
2022-06-02T16:30:00Z,"TQQQ",2022-06-02T19:59:00Z,Buy,16.250099814,16.565821506,50909,16073.08,509.09,9132.43,1,"	5268,5274" 
2022-06-07T19:30:00Z,"SPXL",2022-06-07T19:59:00Z,Buy,85.586271144,86.195942682,12994,7922.07,129.94,2389.2,1,"	5275,5276" 
2022-06-08T14:00:00Z,"NVDA",2022-06-08T14:30:00Z,Buy,19.1176044648,18.9708378126,58318,-8559.14,583.18,11528.63,0,"	5278,5280" 
2022-06-08T14:00:00Z,"TQQQ",2022-06-08T14:30:00Z,Buy,16.149642912,16.015700376,54929,-7357.33,549.29,13138.09,0,"	5279,5281" 
2022-06-08T14:00:00Z,"TSLA",2022-06-08T15:30:00Z,Buy,247.436641923,247.193308614,3774,-918.34,37.74,11397.48,0,"	5277,5282" 
2022-06-08T16:00:00Z,"AMD",2022-06-08T18:00:00Z,Sell,102.2,102.19,10839,108.39,108.39,18968.25,1,"	5283,5284" 
2022-06-09T14:30:00Z,"AMD",2022-06-09T15:00:00Z,Buy,103.62,102.03,10692,-17000.28,106.92,21384,0,"	5285,5286" 
2022-06-09T19:30:00Z,"TQQQ",2022-06-09T19:59:00Z,Sell,14.671491354,14.355769662,61846,19526.12,618.46,3402.28,1,"	5287,5289" 
2022-06-09T19:30:00Z,"SPXL",2022-06-09T19:59:00Z,Sell,79.179881332,77.437962652,13886,24188.28,138.86,4770.47,1,"	5288,5290" 
2022-06-10T14:00:00Z,"SPXL",2022-06-10T18:30:00Z,Sell,72.62833163,71.738017638,9805,8729.53,98.05,15940.88,1,"	5294,5297" 
2022-06-10T14:00:00Z,"NVDA",2022-06-10T19:00:00Z,Sell,17.3464205124,17.1457395798,64421,12928.07,644.21,23669.3,1,"	5292,5298" 
2022-06-10T14:00:00Z,"TQQQ",2022-06-10T19:00:00Z,Sell,13.236392754,13.150286838,46011,3961.82,460.11,19148.79,1,"	5293,5299" 
2022-06-10T14:00:00Z,"AMD",2022-06-10T19:59:00Z,Sell,97.15,94.89,11507,26005.82,115.07,22323.58,1,"	5291,5300" 
2022-06-10T15:30:00Z,"TSLA",2022-06-10T18:00:00Z,Sell,229.036643763,231.693310164,2987,-7935.46,29.87,13093.02,0,"	5295,5296" 
2022-06-13T14:00:00Z,"TSLA",2022-06-13T15:30:00Z,Sell,219.503311383,220.586644608,5170,-5600.83,51.7,37224,0,"	5301,5305" 
2022-06-13T14:00:00Z,"AMD",2022-06-13T16:30:00Z,Sell,89.47,89.58,12681,-1394.91,126.81,20035.98,0,"	5302,5308" 
2022-06-13T14:30:00Z,"SPXL",2022-06-13T16:00:00Z,Sell,63.667127754,64.276799292,9686,-5905.28,96.86,22027.63,0,"	5303,5307" 
2022-06-13T15:00:00Z,"TQQQ",2022-06-13T15:30:00Z,Sell,11.246389362,11.351629926,47370,-4985.25,473.7,15069.04,0,"	5304,5306" 
2022-06-13T19:30:00Z,"NVDA",2022-06-13T19:59:00Z,Sell,15.6491190924,15.6191667144,70081,2099.09,700.81,5597.58,1,"	5309,5310" 
2022-06-14T16:00:00Z,"TSLA",2022-06-14T19:00:00Z,Buy,221.623311171,220.386644628,5091,-6295.87,50.91,28815.06,0,"	5311,5314" 
2022-06-14T17:30:00Z,"NVDA",2022-06-14T18:00:00Z,Buy,15.9686111244,15.7918920942,70959,-12539.81,709.59,13389.96,0,"	5312,5313" 
2022-06-15T14:00:00Z,"TSLA",2022-06-15T14:30:00Z,Buy,224.883310845,225.169977483,4984,1428.75,49.84,21206.92,1,"	5315,5317" 
2022-06-15T14:00:00Z,"SPXL",2022-06-15T14:30:00Z,Buy,64.267121966,64.218735336,16128,-780.38,161.28,9832.78,0,"	5316,5318" 
2022-06-15T16:30:00Z,"NVDA",2022-06-15T17:00:00Z,Buy,16.2871047438,16.164299994,68806,-8449.7,688.06,8999.28,0,"	5319,5321" 
2022-06-15T16:30:00Z,"TQQQ",2022-06-15T17:00:00Z,Buy,11.734322886,11.519058096,61756,-13293.89,617.56,14180.15,0,"	5320,5322" 
2022-06-15T19:30:00Z,"AMD",2022-06-15T19:59:00Z,Buy,90.25,89.24,12315,-12438.15,123.15,19088.25,0,"	5323,5324" 
2022-06-16T14:00:00Z,"TSLA",2022-06-16T14:30:00Z,Sell,219.183311415,220.379977962,5044,-6035.99,50.44,10979.11,0,"	5325,5330" 
2022-06-16T14:00:00Z,"NVDA",2022-06-16T14:30:00Z,Sell,15.5982000498,15.6461238546,70883,-3396.98,708.83,10544.8,0,"	5327,5331" 
2022-06-16T14:00:00Z,"TQQQ",2022-06-16T14:30:00Z,Sell,10.801508796,10.724970204,64124,4907.96,641.24,7361.94,1,"	5328,5332" 
2022-06-16T14:00:00Z,"SPXL",2022-06-16T14:30:00Z,Sell,59.205880468,59.292976402,16114,-1403.46,161.14,12631.17,0,"	5329,5333" 
2022-06-16T14:00:00Z,"AMD",2022-06-16T19:59:00Z,Sell,84.2,82.12,13135,27320.8,131.35,19045.75,1,"	5326,5334" 
2022-06-17T14:00:00Z,"TSLA",2022-06-17T14:30:00Z,Buy,218.853311448,215.046645162,4726,-17990.3,47.26,21739.6,0,"	5335,5339" 
2022-06-17T14:00:00Z,"NVDA",2022-06-17T14:30:00Z,Buy,15.864776214,15.4843810134,70233,-26716.3,702.33,30012.01,0,"	5336,5341" 
2022-06-17T14:00:00Z,"TQQQ",2022-06-17T14:30:00Z,Buy,10.90674936,10.586244006,61944,-19853.38,619.44,21334.98,0,"	5337,5342" 
2022-06-17T14:00:00Z,"SPXL",2022-06-17T14:30:00Z,Buy,59.70910142,57.851054828,15776,-29312.54,157.76,30228.56,0,"	5338,5343" 
2022-06-17T14:30:00Z,"AMD",2022-06-17T15:00:00Z,Sell,80.34,80.73,13399,-5225.61,133.99,15676.83,0,"	5340,5344" 
2022-06-21T14:00:00Z,"AMD",2022-06-21T14:30:00Z,Buy,85.38,84.4,12579,-12327.42,125.79,15597.96,0,"	5346,5350" 
2022-06-21T14:00:00Z,"NVDA",2022-06-21T16:00:00Z,Buy,16.8851538912,16.7194173996,63593,-10539.68,635.93,15746.03,0,"	5347,5351" 
2022-06-21T14:00:00Z,"TQQQ",2022-06-21T16:00:00Z,Buy,11.810861478,11.739106548,53218,-3818.65,532.18,10692.23,0,"	5348,5352" 
2022-06-21T14:00:00Z,"SPXL",2022-06-21T16:00:00Z,Buy,62.786491088,62.46713933,14278,-4559.7,142.78,13679.11,0,"	5349,5353" 
2022-06-21T14:00:00Z,"TSLA",2022-06-21T19:59:00Z,Buy,235.363309797,236.676642999,4103,5388.61,41.03,27722.6,1,"	5345,5354" 
2022-06-22T14:00:00Z,"TSLA",2022-06-22T15:30:00Z,Buy,242.409975759,241.859975814,3654,-2009.7,36.54,16589.16,0,"	5355,5361" 
2022-06-22T14:30:00Z,"AMD",2022-06-22T15:00:00Z,Buy,85.91,85.4,12426,-6337.26,124.26,12301.74,0,"	5356,5359" 
2022-06-22T14:30:00Z,"SPXL",2022-06-22T15:00:00Z,Buy,63.772418784,63.723974224,14496,-702.25,144.96,9831.53,0,"	5358,5360" 
2022-06-22T14:30:00Z,"TQQQ",2022-06-22T16:00:00Z,Buy,12.059611902,11.691269928,60660,-22343.62,606.6,29017.69,0,"	5357,5362" 
2022-06-23T14:00:00Z,"AMD",2022-06-23T14:30:00Z,Sell,82.8,83.19,12684,-4946.76,126.84,12240.06,0,"	5363,5364" 
2022-06-23T16:00:00Z,"NVDA",2022-06-23T19:30:00Z,Sell,16.1383412664,16.094411112,64948,2853.18,649.48,17313.59,1,"	5365,5366" 
2022-06-24T14:00:00Z,"AMD",2022-06-24T19:59:00Z,Buy,85.15,86.95,12322,22179.6,123.22,19099.1,1,"	5367,5374" 
2022-06-24T14:00:00Z,"TQQQ",2022-06-24T19:59:00Z,Buy,12.824997822,13.336849656,55097,28201.5,550.97,17922.45,1,"	5368,5375" 
2022-06-24T14:30:00Z,"TSLA",2022-06-24T15:00:00Z,Buy,244.976642169,243.043309029,3521,-6807.27,35.21,11419.78,0,"	5369,5372" 
2022-06-24T14:30:00Z,"NVDA",2022-06-24T18:00:00Z,Buy,16.9570395984,16.7992904076,62742,-9897.5,627.42,16850.81,0,"	5370,5373" 
2022-06-24T14:30:00Z,"SPXL",2022-06-24T19:59:00Z,Buy,68.675008256,70.05083376,12877,17716.51,128.77,6862.03,1,"	5371,5376" 
2022-06-27T14:00:00Z,"NVDA",2022-06-27T15:00:00Z,Sell,16.7713348548,17.0488935576,63733,-17689.65,637.33,24943.68,0,"	5377,5378" 
2022-06-28T15:00:00Z,"AMD",2022-06-28T19:59:00Z,Sell,82.76,80.8,12827,25140.92,128.27,10774.68,1,"	5379,5385" 
2022-06-28T15:00:00Z,"NVDA",2022-06-28T19:59:00Z,Sell,16.4708126622,15.9586269984,64443,33006.78,644.43,10294.51,1,"	5380,5386" 
2022-06-28T15:30:00Z,"TQQQ",2022-06-28T19:59:00Z,Sell,12.471006834,11.873049084,64034,38289.63,640.34,15009.53,1,"	5381,5387" 
2022-06-28T16:00:00Z,"TSLA",2022-06-28T17:00:00Z,Sell,236.339976366,236.56664301,4189,-949.51,41.89,7763.61,0,"	5382,5384" 
2022-06-28T16:00:00Z,"SPXL",2022-06-28T19:59:00Z,Sell,67.231360368,65.487356208,13708,23906.81,137.08,13148.74,1,"	5383,5388" 
2022-06-29T14:00:00Z,"AMD",2022-06-29T14:30:00Z,Sell,77.63,77.82,14278,-2712.82,142.78,19846.42,0,"	5389,5391" 
2022-06-29T14:30:00Z,"NVDA",2022-06-29T15:30:00Z,Sell,15.4035095928,15.4364572086,71884,-2368.41,718.84,12057.34,0,"	5392,5393" 
2022-06-29T14:30:00Z,"TSLA",2022-06-29T17:30:00Z,Sell,225.719977428,224.736644193,4906,4824.23,49.06,14325.52,1,"	5390,5394" 
2022-06-30T14:00:00Z,"AMD",2022-06-30T15:00:00Z,Sell,76.46,76.35,14493,1594.23,144.93,11739.33,1,"	5395,5401" 
2022-06-30T14:00:00Z,"NVDA",2022-06-30T15:00:00Z,Sell,14.9991524898,15.061054071,73880,-4573.29,738.8,15416.41,0,"	5396,5402" 
2022-06-30T14:00:00Z,"TQQQ",2022-06-30T15:00:00Z,Sell,11.021557248,11.308576968,63655,-18270.24,636.55,26035.09,0,"	5397,5403" 
2022-06-30T14:00:00Z,"SPXL",2022-06-30T15:00:00Z,Sell,61.602102496,62.88103888,14541,-18597.01,145.41,23668.93,0,"	5398,5404" 
2022-06-30T14:30:00Z,"TSLA",2022-06-30T15:00:00Z,Sell,219.79997802,222.053311128,5075,-11435.67,50.75,15326.5,0,"	5399,5400" 
2022-07-01T14:30:00Z,"AMD",2022-07-01T15:30:00Z,Sell,72.94,73.62,14904,-10134.72,149.04,18182.88,0,"	5405,5406" 
2022-07-01T16:00:00Z,"NVDA",2022-07-01T16:30:00Z,Sell,14.5398826938,14.611768401,74473,-5353.54,744.73,9963.54,0,"	5407,5408" 
2022-07-05T14:00:00Z,"TSLA",2022-07-05T14:30:00Z,Sell,218.3333115,219.316644735,4948,-4865.53,49.48,12848.31,0,"	5409,5411" 
2022-07-05T14:00:00Z,"SPXL",2022-07-05T16:00:00Z,Sell,61.757125088,62.512860224,12074,-9124.75,120.74,19302.35,0,"	5410,5412" 
2022-07-05T19:00:00Z,"TQQQ",2022-07-05T19:59:00Z,Buy,12.117015846,12.24617472,49718,6421.52,497.18,6183.69,1,"	5413,5416" 
2022-07-05T19:30:00Z,"NVDA",2022-07-05T19:59:00Z,Buy,14.8843350408,14.9222747196,72339,2744.52,723.39,3286.2,1,"	5414,5415" 
2022-07-07T14:00:00Z,"AMD",2022-07-07T14:30:00Z,Buy,78.59,79,13591,5572.31,135.91,8426.42,1,"	5418,5421" 
2022-07-07T14:00:00Z,"TSLA",2022-07-07T19:59:00Z,Buy,240.26664264,244.619975538,4488,19537.76,44.88,7367.8,1,"	5417,5424" 
2022-07-07T14:00:00Z,"TQQQ",2022-07-07T19:59:00Z,Buy,12.978075006,13.317715008,64292,21836.14,642.92,8611.43,1,"	5419,5425" 
2022-07-07T14:00:00Z,"SPXL",2022-07-07T19:59:00Z,Buy,68.781586288,69.66327728,15669,13815.22,156.69,10171.64,1,"	5420,5426" 
2022-07-07T16:00:00Z,"NVDA",2022-07-07T17:30:00Z,Buy,15.7279936878,15.7579460658,56140,1681.53,561.4,2746.49,1,"	5422,5423" 
2022-07-08T14:30:00Z,"TSLA",2022-07-08T17:00:00Z,Buy,251.36664153,249.469975053,4386,-8318.78,43.86,25117.16,0,"	5427,5430" 
2022-07-08T15:30:00Z,"TQQQ",2022-07-08T16:00:00Z,Buy,13.518628812,13.461224868,69880,-4011.39,698.8,12034.16,0,"	5428,5429" 
2022-07-11T14:00:00Z,"AMD",2022-07-11T14:30:00Z,Sell,76.35,76.69,11225,-3816.5,112.25,8643.25,0,"	5432,5435" 
2022-07-11T14:00:00Z,"NVDA",2022-07-11T15:30:00Z,Sell,15.1239540648,15.2018302476,53716,-4183.2,537.16,11745.13,0,"	5433,5438" 
2022-07-11T14:00:00Z,"TQQQ",2022-07-11T15:30:00Z,Sell,12.471006834,12.648002328,87911,-15559.85,879.11,28806.75,0,"	5434,5439" 
2022-07-11T14:00:00Z,"TSLA",2022-07-11T19:59:00Z,Sell,241.786642488,233.989976601,4535,35357.88,45.35,21571.48,1,"	5431,5440" 
2022-07-11T14:30:00Z,"SPXL",2022-07-11T15:00:00Z,Sell,67.056959952,66.969759744,16324,1423.46,163.24,9015.22,1,"	5436,5437" 
2022-07-12T14:00:00Z,"TSLA",2022-07-12T14:30:00Z,Sell,229.673310366,230.406643626,3745,-2746.33,37.45,13631.8,0,"	5441,5444" 
2022-07-12T14:00:00Z,"NVDA",2022-07-12T14:30:00Z,Sell,14.9971556646,14.9881699512,73442,659.93,734.42,13125.25,1,"	5443,5445" 
2022-07-12T14:00:00Z,"AMD",2022-07-12T15:00:00Z,Sell,74.91,75.91,14706,-14706,147.06,24411.96,0,"	5442,5446" 
2022-07-12T19:30:00Z,"SPXL",2022-07-12T19:59:00Z,Sell,64.925399312,65.148244288,16861,-3757.39,168.61,15683.02,0,"	5447,5448" 
2022-07-13T15:00:00Z,"AMD",2022-07-13T19:59:00Z,Buy,78.65,77.59,13900,-14734,139,19182,0,"	5449,5454" 
2022-07-13T17:00:00Z,"NVDA",2022-07-13T17:30:00Z,Buy,15.2577413532,15.2277889752,71671,-2146.72,716.71,6869.49,0,"	5450,5452" 
2022-07-13T17:30:00Z,"TSLA",2022-07-13T19:00:00Z,Buy,241.146642552,240.546642612,3637,-2182.2,36.37,9419.83,0,"	5451,5453" 
2022-07-14T14:00:00Z,"SPXL",2022-07-14T15:00:00Z,Sell,60.875434096,60.89481192,17814,-345.2,178.14,16396.84,0,"	5455,5456" 
2022-07-15T14:30:00Z,"SPXL",2022-07-15T15:00:00Z,Buy,66.882559536,66.620958912,16222,-4243.69,162.22,10373.45,0,"	5457,5458" 
2022-07-15T18:00:00Z,"AMD",2022-07-15T19:59:00Z,Buy,80.63,81.11,13434,6448.32,134.34,7187.19,1,"	5459,5460" 
2022-07-18T14:00:00Z,"NVDA",2022-07-18T14:30:00Z,Buy,16.5896237616,16.4498459976,65456,-9149.29,654.56,16599.43,0,"	5461,5462" 
2022-07-18T15:30:00Z,"AMD",2022-07-18T17:00:00Z,Buy,83.54,83.49,12951,-647.55,129.51,13339.53,0,"	5463,5464" 
2022-07-19T14:30:00Z,"SPXL",2022-07-19T19:59:00Z,Buy,68.820341936,71.01972496,6764,14876.63,67.64,3801.08,1,"	5465,5472" 
2022-07-19T15:30:00Z,"AMD",2022-07-19T19:59:00Z,Buy,84.96,85.85,12749,11346.61,127.49,9179.28,1,"	5466,5469" 
2022-07-19T15:30:00Z,"TQQQ",2022-07-19T19:59:00Z,Buy,13.32249867,13.647787686,37410,12169.06,374.1,5458.18,1,"	5467,5471" 
2022-07-19T17:00:00Z,"NVDA",2022-07-19T19:59:00Z,Buy,16.793299932,16.9650268992,64813,11130.14,648.13,15336.3,1,"	5468,5470" 
2022-07-20T14:30:00Z,"TQQQ",2022-07-20T18:00:00Z,Buy,14.054398956,14.001778674,31925,-1679.9,319.25,16035.43,0,"	5475,5478" 
2022-07-20T14:30:00Z,"AMD",2022-07-20T19:59:00Z,Buy,87.97,89.39,11595,16464.9,115.95,19943.4,1,"	5473,5479" 
2022-07-20T14:30:00Z,"NVDA",2022-07-20T19:59:00Z,Buy,17.5311268434,17.7737411052,61003,14800.2,610.03,26676.9,1,"	5474,5480" 
2022-07-20T15:00:00Z,"SPXL",2022-07-20T17:00:00Z,Buy,72.976885184,72.269594608,5923,-4189.28,59.23,8435.95,0,"	5476,5477" 
2022-07-21T14:00:00Z,"TSLA",2022-07-21T19:59:00Z,Buy,262.373307096,271.546639512,4233,38830.72,42.33,18201.9,1,"	5481,5488" 
2022-07-21T14:30:00Z,"TQQQ",2022-07-21T15:00:00Z,Sell,14.054398956,14.336635014,31653,-8933.62,316.53,9842.12,0,"	5482,5484" 
2022-07-21T14:30:00Z,"SPXL",2022-07-21T15:00:00Z,Sell,70.82594672,72.114572016,6152,-7927.62,61.52,8523.68,0,"	5483,5485" 
2022-07-21T16:30:00Z,"AMD",2022-07-21T17:00:00Z,Buy,91.54,91.19,10239,-3583.65,102.39,7064.91,0,"	5486,5487" 
2022-07-22T14:00:00Z,"AMD",2022-07-22T14:30:00Z,Sell,88.94,89.03,12563,-1130.67,125.63,12563,0,"	5489,5494" 
2022-07-22T14:00:00Z,"TQQQ",2022-07-22T14:30:00Z,Sell,14.666707692,14.695409664,52067,-1494.43,520.67,9713.77,0,"	5491,5495" 
2022-07-22T14:00:00Z,"SPXL",2022-07-22T14:30:00Z,Sell,74.02328768,74.352710688,10474,-3450.38,104.74,8625.94,0,"	5492,5496" 
2022-07-22T14:00:00Z,"NVDA",2022-07-22T15:00:00Z,Sell,17.4802078008,17.6080046136,63912,-8167.75,639.12,20387.47,0,"	5490,5498" 
2022-07-22T14:30:00Z,"TSLA",2022-07-22T15:00:00Z,Buy,280.316638635,278.236638843,2737,-5692.96,27.37,5692.96,0,"	5493,5497" 
2022-07-25T14:00:00Z,"TQQQ",2022-07-25T15:30:00Z,Sell,13.996995012,13.906105434,57563,5231.88,575.63,13905.78,1,"	5499,5500" 
2022-07-26T14:00:00Z,"TSLA",2022-07-26T15:00:00Z,Sell,263.589973641,263.403306993,4057,757.31,40.57,7153.84,1,"	5501,5503" 
2022-07-26T14:00:00Z,"TQQQ",2022-07-26T17:30:00Z,Sell,13.480359516,13.212474444,62260,16678.52,622.6,11317.57,1,"	5502,5508" 
2022-07-26T15:30:00Z,"SPXL",2022-07-26T16:30:00Z,Sell,70.34150112,70.283367648,15896,924.09,158.96,7546.73,1,"	5504,5507" 
2022-07-26T16:00:00Z,"NVDA",2022-07-26T16:30:00Z,Sell,16.488784089,16.5626666214,68138,-5034.21,681.38,5782.54,0,"	5505,5506" 
2022-07-27T14:00:00Z,"NVDA",2022-07-27T14:30:00Z,Buy,17.2815236934,17.37237924,64559,5865.54,645.59,7541.41,1,"	5510,5514" 
2022-07-27T14:00:00Z,"AMD",2022-07-27T15:30:00Z,Buy,88.37,88.37,12626,0,126.26,12499.74,0,"	5509,5515" 
2022-07-27T14:00:00Z,"SPXL",2022-07-27T16:30:00Z,Buy,72.482750672,73.267552544,15372,12063.97,153.72,6851.15,1,"	5512,5517" 
2022-07-27T14:00:00Z,"TQQQ",2022-07-27T17:00:00Z,Buy,13.958725716,14.092668252,57503,7702.1,575.03,7839.64,1,"	5511,5518" 
2022-07-27T14:30:00Z,"TSLA",2022-07-27T16:00:00Z,Buy,269.279973072,268.859973114,3039,-1276.38,30.39,5500.59,0,"	5513,5516" 
2022-07-28T14:00:00Z,"TQQQ",2022-07-28T15:00:00Z,Sell,14.260096422,14.571034452,50056,-15564.31,500.56,21790.04,0,"	5519,5521" 
2022-07-28T14:00:00Z,"SPXL",2022-07-28T15:00:00Z,Sell,74.575555664,75.825425312,15086,-18855.53,150.86,27040.88,0,"	5520,5522" 
2022-07-29T14:00:00Z,"AMD",2022-07-29T15:00:00Z,Buy,93.1,92.55,11934,-6563.7,119.34,16480.85,0,"	5524,5527" 
2022-07-29T14:00:00Z,"SPXL",2022-07-29T15:30:00Z,Buy,80.185435712,79.623478816,13321,-7485.83,133.21,21941.22,0,"	5525,5529" 
2022-07-29T14:00:00Z,"TSLA",2022-07-29T19:59:00Z,Buy,286.023304731,296.73330366,3883,41586.93,38.83,11040.66,1,"	5523,5530" 
2022-07-29T14:30:00Z,"TQQQ",2022-07-29T15:00:00Z,Buy,15.771733614,15.575603472,42134,-8263.75,421.34,9674.63,0,"	5526,5528" 
2022-08-01T14:00:00Z,"TSLA",2022-08-01T14:30:00Z,Buy,308.553302478,304.416636225,3593,-14863.04,35.93,22288.57,0,"	5531,5533" 
2022-08-01T14:00:00Z,"NVDA",2022-08-01T17:30:00Z,Buy,18.3438346998,18.315879147,60949,-1703.86,609.49,29269.93,0,"	5532,5538" 
2022-08-01T15:00:00Z,"TQQQ",2022-08-01T16:30:00Z,Buy,16.398393336,16.187912208,41538,-8742.97,415.38,11922.23,0,"	5535,5536" 
2022-08-01T15:00:00Z,"AMD",2022-08-01T17:00:00Z,Buy,98.08,96.44,11444,-18768.16,114.44,21858.04,0,"	5534,5537" 
2022-08-02T15:00:00Z,"TSLA",2022-08-02T18:00:00Z,Buy,305.346636132,302.509969749,3603,-10220.51,36.03,28908.07,0,"	5539,5545" 
2022-08-02T15:00:00Z,"AMD",2022-08-02T19:59:00Z,Buy,98.36,99.3,11185,10513.9,111.85,21978.52,1,"	5540,5546" 
2022-08-02T16:30:00Z,"NVDA",2022-08-02T17:30:00Z,Buy,18.8420425872,18.6124076892,58941,-13534.91,589.41,17242.3,0,"	5541,5543" 
2022-08-02T16:30:00Z,"TQQQ",2022-08-02T17:30:00Z,Buy,16.350556716,16.0252677,40540,-13187.22,405.4,16290.09,0,"	5542,5544" 
2022-08-03T14:00:00Z,"TQQQ",2022-08-03T19:59:00Z,Buy,16.498850238,17.063322354,32259,18209.31,322.59,11573.71,1,"	5547,5549" 
2022-08-03T15:30:00Z,"SPXL",2022-08-03T19:59:00Z,Buy,81.987573344,83.198687344,8706,10543.96,87.06,5398.51,1,"	5548,5550" 
2022-08-04T14:00:00Z,"AMD",2022-08-04T19:59:00Z,Buy,100.36,103.87,9503,33355.53,95.03,16535.22,1,"	5551,5552" 
2022-08-05T15:30:00Z,"TSLA",2022-08-05T19:59:00Z,Sell,293.443303989,287.929971207,2680,14775.73,26.8,13015.87,1,"	5553,5554" 
2022-08-08T14:00:00Z,"TQQQ",2022-08-08T14:30:00Z,Buy,17.512986582,17.374260384,39224,-5441.4,392.24,10226.07,0,"	5556,5558" 
2022-08-08T14:00:00Z,"SPXL",2022-08-08T15:00:00Z,Buy,84.719846528,84.2935344,12664,-5398.82,126.64,8834.43,0,"	5557,5559" 
2022-08-08T14:00:00Z,"TSLA",2022-08-08T16:30:00Z,Buy,301.319969868,298.339970166,2637,-7858.26,26.37,17527.26,0,"	5555,5560" 
2022-08-09T14:00:00Z,"TSLA",2022-08-09T14:30:00Z,Sell,284.096638257,286.666638,3673,-9439.61,36.73,13332.99,0,"	5561,5563" 
2022-08-09T14:00:00Z,"TQQQ",2022-08-09T14:30:00Z,Sell,16.020484038,16.116157278,55815,-5340,558.15,10413,0,"	5562,5564" 
2022-08-09T16:00:00Z,"NVDA",2022-08-09T17:30:00Z,Sell,16.8292427856,16.9200983322,64532,-5863.09,645.32,13787.93,0,"	5566,5567" 
2022-08-09T16:00:00Z,"AMD",2022-08-09T18:00:00Z,Sell,94.92,95.03,11190,-1230.9,111.9,14770.8,0,"	5565,5568" 
2022-08-10T16:00:00Z,"NVDA",2022-08-10T16:30:00Z,Buy,17.926498233,17.806688721,58813,-7046.36,588.13,14151.43,0,"	5569,5570" 
2022-08-11T14:00:00Z,"NVDA",2022-08-11T15:30:00Z,Buy,18.42071247,18.2529791532,50633,-8492.84,506.33,25326.87,0,"	5571,5574" 
2022-08-11T15:00:00Z,"AMD",2022-08-11T15:30:00Z,Buy,101.9,100.39,10066,-15199.66,100.66,19427.38,0,"	5572,5573" 
2022-08-11T19:00:00Z,"TQQQ",2022-08-11T19:59:00Z,Sell,17.187697566,17.139860946,55444,2652.25,554.44,8487.21,1,"	5575,5578" 
2022-08-11T19:30:00Z,"TSLA",2022-08-11T19:59:00Z,Sell,286.666638,286.526638014,3801,532.14,38.01,4257.12,1,"	5576,5577" 
2022-08-12T14:00:00Z,"AMD",2022-08-12T15:30:00Z,Buy,100.63,100.32,10841,-3360.71,108.41,12792.38,0,"	5579,5581" 
2022-08-12T14:30:00Z,"NVDA",2022-08-12T19:59:00Z,Buy,18.4666394496,18.6693172074,47992,9726.91,479.92,9535.25,1,"	5580,5587" 
2022-08-12T15:30:00Z,"TQQQ",2022-08-12T16:00:00Z,Buy,17.761737006,17.709116724,48586,-2556.61,485.86,5578.06,0,"	5582,5584" 
2022-08-12T15:30:00Z,"SPXL",2022-08-12T19:59:00Z,Buy,88.372566352,90.54288264,12319,26736.13,123.19,3342.02,1,"	5583,5588" 
2022-08-12T18:00:00Z,"TSLA",2022-08-12T19:59:00Z,Buy,295.56663711,299.946636672,3476,15224.88,34.76,3406.48,1,"	5585,5586" 
2022-08-15T16:00:00Z,"TQQQ",2022-08-15T16:30:00Z,Buy,18.493637292,18.484069968,46825,-447.99,468.25,3135.93,0,"	5590,5592" 
2022-08-15T16:00:00Z,"SPXL",2022-08-15T16:30:00Z,Buy,91.192039744,91.405195808,12157,2591.34,121.57,1884.61,1,"	5591,5593" 
2022-08-15T16:00:00Z,"TSLA",2022-08-15T19:59:00Z,Buy,308.803302453,309.216635745,3591,1484.28,35.91,13585.95,1,"	5589,5595" 
2022-08-15T19:30:00Z,"NVDA",2022-08-15T19:59:00Z,Buy,18.994799715,19.0057822536,44219,485.64,442.19,5386.15,1,"	5594,5596" 
2022-08-16T14:30:00Z,"TSLA",2022-08-16T15:00:00Z,Sell,304.3333029,305.449969455,3646,-4071.37,36.46,14875.68,0,"	5597,5600" 
2022-08-16T14:30:00Z,"TQQQ",2022-08-16T15:30:00Z,Sell,18.125295318,18.383613066,46587,-12034.25,465.87,19611.37,0,"	5599,5603" 
2022-08-16T14:30:00Z,"AMD",2022-08-16T16:00:00Z,Sell,99.14,100.16,11194,-11417.88,111.94,19477.56,0,"	5598,5604" 
2022-08-16T15:00:00Z,"NVDA",2022-08-16T15:30:00Z,Sell,18.6223918152,18.7891267194,55370,-9232.11,553.7,10669.45,0,"	5601,5602" 
2022-08-16T18:00:00Z,"SPXL",2022-08-16T19:00:00Z,Buy,93.081377584,91.860574672,11761,-14357.86,117.61,26436.7,0,"	5605,5606" 
2022-08-17T14:30:00Z,"AMD",2022-08-17T18:30:00Z,Sell,97.42,98.58,11176,-12964.16,111.76,20563.84,0,"	5607,5613" 
2022-08-17T15:00:00Z,"SPXL",2022-08-17T15:30:00Z,Sell,89.535235792,89.96154792,12175,-5190.35,121.75,6841.83,0,"	5610,5611" 
2022-08-17T15:00:00Z,"TQQQ",2022-08-17T16:30:00Z,Sell,17.57995785,17.72346771,43838,-6291.19,438.38,10149.78,0,"	5609,5612" 
2022-08-17T15:00:00Z,"NVDA",2022-08-17T18:30:00Z,Sell,18.1800950334,18.4486680228,57765,-15514.12,577.65,19262.88,0,"	5608,5614" 
2022-08-18T14:00:00Z,"TQQQ",2022-08-18T14:30:00Z,Sell,17.666063766,17.737818696,44259,-3175.8,442.59,12068.05,0,"	5615,5616" 
2022-08-18T15:00:00Z,"NVDA",2022-08-18T19:59:00Z,Buy,18.680299746,18.7272251382,54127,2539.93,541.27,12645.61,1,"	5617,5620" 
2022-08-18T15:30:00Z,"AMD",2022-08-18T19:59:00Z,Buy,100,100.37,10729,3969.73,107.29,11533.68,1,"	5618,5619" 
2022-08-19T14:00:00Z,"TSLA",2022-08-19T17:00:00Z,Sell,295.493303784,295.706637096,3628,-773.97,36.28,11670.07,0,"	5621,5626" 
2022-08-19T14:00:00Z,"SPXL",2022-08-19T17:00:00Z,Sell,87.965632048,88.07221008,12186,-1298.76,121.86,14640.57,0,"	5625,5627" 
2022-08-19T14:00:00Z,"AMD",2022-08-19T19:59:00Z,Sell,97.34,95.99,11025,14883.75,110.25,18687.38,1,"	5622,5628" 
2022-08-19T14:00:00Z,"NVDA",2022-08-19T19:59:00Z,Sell,18.076260123,17.8356426864,54553,13126.4,545.53,8496.76,1,"	5623,5629" 
2022-08-19T14:00:00Z,"TQQQ",2022-08-19T19:59:00Z,Sell,17.096807988,16.938947142,47571,7509.6,475.71,11833.31,1,"	5624,5630" 
2022-08-22T14:00:00Z,"TSLA",2022-08-22T16:00:00Z,Sell,287.113304622,289.353304398,3782,-8471.68,37.82,11018.23,0,"	5631,5636" 
2022-08-22T14:00:00Z,"TQQQ",2022-08-22T19:59:00Z,Sell,16.010916714,15.527766852,51980,25114.13,519.8,9324.55,1,"	5632,5640" 
2022-08-22T14:30:00Z,"NVDA",2022-08-22T16:00:00Z,Sell,17.2435840146,17.277530043,51840,-1759.76,518.4,7556.63,0,"	5633,5638" 
2022-08-22T14:30:00Z,"SPXL",2022-08-22T16:00:00Z,Sell,82.79175304,83.159931696,13148,-4840.81,131.48,11082.91,0,"	5634,5639" 
2022-08-22T15:30:00Z,"AMD",2022-08-22T16:00:00Z,Sell,92.91,93.48,11743,-6693.51,117.43,7515.52,0,"	5635,5637" 
2022-08-23T14:00:00Z,"NVDA",2022-08-23T15:00:00Z,Buy,17.247577665,17.1637110066,41062,-3443.73,410.62,10823.16,0,"	5641,5642" 
2022-08-23T15:30:00Z,"TSLA",2022-08-23T19:59:00Z,Buy,294.306637236,296.3333037,3689,7476.37,36.89,12358.15,1,"	5643,5644" 
2022-08-24T14:00:00Z,"TSLA",2022-08-24T15:00:00Z,Buy,302.996636367,301.163303217,3593,-6587.17,35.93,9449.59,0,"	5645,5646" 
2022-08-24T15:30:00Z,"TQQQ",2022-08-24T17:00:00Z,Buy,15.848272206,15.69041136,50520,-7975.13,505.2,13291.88,0,"	5647,5649" 
2022-08-24T15:30:00Z,"SPXL",2022-08-24T17:00:00Z,Buy,82.472018944,81.6290836,12756,-10752.48,127.56,16993.87,0,"	5648,5650" 
2022-08-25T14:00:00Z,"SPXL",2022-08-25T15:30:00Z,Buy,83.61531056,83.169620608,11556,-5150.39,115.56,18362.27,0,"	5652,5657" 
2022-08-25T14:00:00Z,"AMD",2022-08-25T19:00:00Z,Buy,95.48,96.24,11292,8581.92,112.92,16655.7,1,"	5651,5659" 
2022-08-25T14:30:00Z,"TQQQ",2022-08-25T15:00:00Z,Buy,16.235748828,16.163993898,46578,-3342.2,465.78,6684.4,0,"	5654,5655" 
2022-08-25T14:30:00Z,"NVDA",2022-08-25T19:59:00Z,Buy,17.6659125444,17.8805712534,51998,11161.82,519.98,15055.48,1,"	5653,5660" 
2022-08-25T15:30:00Z,"TSLA",2022-08-25T16:00:00Z,Sell,293.05,294.31,3680,-4636.8,36.8,6440,0,"	5656,5658" 
2022-08-26T14:30:00Z,"NVDA",2022-08-26T19:59:00Z,Sell,17.3484173376,16.2471682398,53920,59379.35,539.2,5706.45,1,"	5661,5668" 
2022-08-26T14:30:00Z,"TQQQ",2022-08-26T19:59:00Z,Sell,15.819570234,14.489712198,42667,56741.05,426.67,10205.23,1,"	5662,5669" 
2022-08-26T14:30:00Z,"SPXL",2022-08-26T19:59:00Z,Sell,82.578596976,76.97840584,10530,58970.01,105.3,10712.55,1,"	5663,5670" 
2022-08-26T15:00:00Z,"AMD",2022-08-26T19:59:00Z,Sell,94.21,91.31,10686,30989.4,106.86,8976.24,1,"	5664,5667" 
2022-08-26T15:30:00Z,"TSLA",2022-08-26T19:59:00Z,Sell,291,288.52,3825,9486,38.25,9084.38,1,"	5665,5666" 
2022-08-29T15:00:00Z,"AMD",2022-08-29T15:30:00Z,Sell,88.52,88.67,12814,-1922.1,128.14,6278.86,0,"	5671,5672" 
2022-08-30T14:00:00Z,"SPXL",2022-08-30T19:59:00Z,Sell,74.730578256,72.724973472,10931,21923.27,109.31,20864.17,1,"	5673,5682" 
2022-08-30T14:30:00Z,"AMD",2022-08-30T19:30:00Z,Sell,86.85,86.76,12376,1113.84,123.76,22895.6,1,"	5674,5679" 
2022-08-30T14:30:00Z,"TQQQ",2022-08-30T19:59:00Z,Sell,13.709975292,13.547330784,49213,8004.22,492.13,21069.94,1,"	5675,5681" 
2022-08-30T16:30:00Z,"TSLA",2022-08-30T19:59:00Z,Sell,279.17,277.65,4223,6418.96,42.23,20903.85,1,"	5676,5680" 
2022-08-30T17:30:00Z,"NVDA",2022-08-30T18:30:00Z,Sell,15.205823898,15.2617350036,58856,-3290.7,588.56,10636.03,0,"	5677,5678" 
2022-08-31T15:00:00Z,"AMD",2022-08-31T15:30:00Z,Sell,84.15,84.29,10947,-1532.58,109.47,5911.38,0,"	5683,5684" 
2022-09-01T14:00:00Z,"AMD",2022-09-01T14:30:00Z,Sell,80.9,80.66,10265,2463.6,102.65,6466.95,1,"	5685,5687" 
2022-09-01T14:00:00Z,"NVDA",2022-09-01T18:30:00Z,Sell,13.8869208534,13.688236746,51121,10156.93,511.21,23886.65,1,"	5686,5690" 
2022-09-01T15:30:00Z,"TSLA",2022-09-01T16:30:00Z,Sell,266.52,268.39,4466,-8351.42,44.66,9959.18,0,"	5688,5689" 
2022-09-02T14:00:00Z,"TSLA",2022-09-02T14:30:00Z,Sell,275.42,279.13,4279,-15875.09,42.79,19298.29,0,"	5691,5693" 
2022-09-02T14:00:00Z,"NVDA",2022-09-02T14:30:00Z,Sell,13.7311684878,13.987760526,61634,-15814.79,616.34,22829.92,0,"	5692,5694" 
2022-09-02T18:00:00Z,"TQQQ",2022-09-02T18:30:00Z,Sell,12.671920638,12.86805078,46632,-9145.94,466.32,9145.94,0,"	5695,5696" 
2022-09-02T19:00:00Z,"AMD",2022-09-02T19:59:00Z,Sell,80.15,80.15,14497,0,144.97,9857.96,0,"	5697,5698" 
2022-09-06T14:00:00Z,"TQQQ",2022-09-06T15:00:00Z,Sell,12.547545426,12.729324582,64307,-11689.67,643.07,35991.89,0,"	5699,5707" 
2022-09-06T14:30:00Z,"TSLA",2022-09-06T15:00:00Z,Sell,267.08,270.51,3897,-13366.71,38.97,16211.52,0,"	5700,5704" 
2022-09-06T14:30:00Z,"AMD",2022-09-06T15:00:00Z,Sell,78.75,79.78,14807,-15251.21,148.07,19989.45,0,"	5701,5705" 
2022-09-06T14:30:00Z,"NVDA",2022-09-06T15:00:00Z,Sell,13.418665344,13.633324053,41921,-8998.71,419.21,11175.14,0,"	5702,5706" 
2022-09-06T14:30:00Z,"SPXL",2022-09-06T15:00:00Z,Sell,68.345585248,69.80861096,10977,-16059.63,109.77,20207.49,0,"	5703,5708" 
2022-09-07T14:00:00Z,"TSLA",2022-09-07T15:00:00Z,Buy,278.77,278.34,2741,-1178.63,27.41,6057.61,0,"	5709,5710" 
2022-09-07T15:00:00Z,"SPXL",2022-09-07T19:59:00Z,Buy,69.61483272,72.104883104,10858,27036.97,108.58,8626.58,1,"	5711,5714" 
2022-09-07T16:00:00Z,"TQQQ",2022-09-07T16:30:00Z,Buy,12.84413247,12.762810216,66531,-5410.45,665.31,9388.72,0,"	5712,5713" 
2022-09-08T14:00:00Z,"AMD",2022-09-08T16:30:00Z,Buy,81.31,81.49,14064,2531.52,140.64,31784.64,1,"	5715,5719" 
2022-09-08T15:00:00Z,"TQQQ",2022-09-08T16:00:00Z,Buy,13.470792192,13.384686276,58358,-5024.97,583.58,11724.93,0,"	5716,5718" 
2022-09-08T15:00:00Z,"SPXL",2022-09-08T16:30:00Z,Buy,73.383819488,71.339459056,11960,-24450.55,119.6,34879.7,0,"	5717,5720" 
2022-09-09T14:00:00Z,"SPXL",2022-09-09T17:30:00Z,Buy,75.757602928,76.852449984,14141,15482.23,141.41,13016.04,1,"	5723,5724" 
2022-09-09T14:00:00Z,"TSLA",2022-09-09T19:59:00Z,Buy,296.38,299.59,3820,12262.2,38.2,7410.8,1,"	5721,5725" 
2022-09-09T14:00:00Z,"TQQQ",2022-09-09T19:59:00Z,Buy,13.996995012,14.293582056,64983,19273.12,649.83,13366.84,1,"	5722,5726" 
2022-09-12T14:00:00Z,"TQQQ",2022-09-12T15:00:00Z,Buy,14.78151558,14.66192403,48996,-5859.51,489.96,8672.07,0,"	5727,5729" 
2022-09-12T14:00:00Z,"SPXL",2022-09-12T15:00:00Z,Buy,79.555656432,79.25530016,11604,-3485.33,116.04,7870.11,0,"	5728,5730" 
2022-09-12T16:00:00Z,"AMD",2022-09-12T16:30:00Z,Sell,83.66,83.92,13706,-3563.56,137.06,5756.52,0,"	5731,5732" 
2022-09-13T14:00:00Z,"AMD",2022-09-13T19:59:00Z,Sell,79.94,77.09,10446,29771.1,104.46,5066.31,1,"	5733,5739" 
2022-09-13T15:00:00Z,"TQQQ",2022-09-13T17:30:00Z,Sell,13.006776978,13.097666556,46538,-4229.82,465.38,11131.1,0,"	5735,5737" 
2022-09-13T15:00:00Z,"SPXL",2022-09-13T17:30:00Z,Sell,72.192083312,72.81217368,11568,-7173.21,115.68,12541.9,0,"	5736,5738" 
2022-09-13T15:00:00Z,"NVDA",2022-09-13T19:59:00Z,Sell,13.4636000733,13.0920802137,85415,31733.37,854.15,8957,1,"	5734,5740" 
2022-09-14T14:00:00Z,"TSLA",2022-09-14T14:30:00Z,Buy,299.15,296.64,3893,-9771.43,38.93,16370.06,0,"	5741,5742" 
2022-09-14T14:30:00Z,"NVDA",2022-09-14T15:00:00Z,Sell,12.9143099583,13.1070608532,89849,-17318.48,898.49,21625.66,0,"	5743,5744" 
2022-09-15T15:00:00Z,"NVDA",2022-09-15T15:30:00Z,Sell,12.7954635516,12.9213009234,90122,-11340.72,901.22,12150.77,0,"	5745,5747" 
2022-09-15T15:00:00Z,"TQQQ",2022-09-15T15:30:00Z,Sell,12.011775282,12.131366832,54868,-6561.75,548.68,10761.27,0,"	5746,5748" 
2022-09-15T16:30:00Z,"SPXL",2022-09-15T17:00:00Z,Sell,67.744872704,68.568430224,12348,-10169.29,123.48,10169.29,0,"	5749,5750" 
2022-09-16T14:00:00Z,"AMD",2022-09-16T14:30:00Z,Sell,74.85,75.88,15251,-15708.53,152.51,17996.18,0,"	5751,5754" 
2022-09-16T14:00:00Z,"TQQQ",2022-09-16T14:30:00Z,Sell,11.365980912,11.52862542,54738,-8902.84,547.38,14139.8,0,"	5752,5755" 
2022-09-16T14:00:00Z,"SPXL",2022-09-16T14:30:00Z,Sell,64.305308944,65.25482232,12564,-11929.69,125.64,17164.14,0,"	5753,5756" 
2022-09-19T15:00:00Z,"NVDA",2022-09-19T15:30:00Z,Buy,13.3857007479,13.2448827366,82190,-11573.83,821.9,11573.83,0,"	5758,5759" 
2022-09-19T15:00:00Z,"TSLA",2022-09-19T16:00:00Z,Buy,307.76,306.53,3661,-4503.03,36.61,11788.42,0,"	5757,5760" 
2022-09-20T17:30:00Z,"SPXL",2022-09-20T19:00:00Z,Sell,64.33437568,64.702554336,13072,-4812.83,130.72,15831.68,0,"	5761,5766" 
2022-09-20T18:00:00Z,"AMD",2022-09-20T18:30:00Z,Sell,74.82,75.25,15009,-6453.87,150.09,7504.5,0,"	5762,5764" 
2022-09-20T18:00:00Z,"TQQQ",2022-09-20T18:30:00Z,Sell,11.490356124,11.633865984,56792,-8150.21,567.92,10187.76,0,"	5763,5765" 
2022-09-21T14:30:00Z,"NVDA",2022-09-21T15:00:00Z,Buy,13.4156620269,13.3707201084,82876,-3724.61,828.76,5628.29,0,"	5768,5769" 
2022-09-21T14:30:00Z,"AMD",2022-09-21T18:30:00Z,Buy,76.6,75.73,14516,-12628.92,145.16,30193.28,0,"	5767,5771" 
2022-09-21T18:00:00Z,"TQQQ",2022-09-21T18:30:00Z,Buy,12.083530212,11.538192744,49962,-27246.15,499.62,35850.2,0,"	5770,5772" 
2022-09-21T18:30:00Z,"SPXL",2022-09-21T19:00:00Z,Sell,63.908063552,66.824426064,11114,-32412.45,111.14,43396.07,0,"	5773,5774" 
2022-09-22T14:00:00Z,"SPXL",2022-09-22T14:30:00Z,Sell,60.439433056,60.7979228,10380,-3721.12,103.8,10751.03,0,"	5778,5780" 
2022-09-22T14:00:00Z,"TSLA",2022-09-22T19:59:00Z,Sell,295.73,289.43,3654,23020.2,36.54,17831.52,1,"	5775,5782" 
2022-09-22T14:00:00Z,"AMD",2022-09-22T19:59:00Z,Sell,72.15,69.83,14977,34746.64,149.77,19170.56,1,"	5776,5783" 
2022-09-22T14:00:00Z,"NVDA",2022-09-22T19:59:00Z,Sell,12.743530668,12.6017139474,84198,11940.68,841.98,25100.66,1,"	5777,5784" 
2022-09-22T14:30:00Z,"TQQQ",2022-09-22T16:30:00Z,Sell,10.815859782,10.744104852,52637,3776.96,526.37,12841.68,1,"	5779,5781" 
2022-09-23T14:00:00Z,"TSLA",2022-09-23T14:30:00Z,Sell,275.41,278.4,4023,-12028.77,40.23,12028.77,0,"	5785,5788" 
2022-09-23T14:00:00Z,"TQQQ",2022-09-23T14:30:00Z,Sell,10.131796116,10.275305976,102612,-14725.83,1026.12,17916.43,0,"	5786,5789" 
2022-09-23T14:00:00Z,"SPXL",2022-09-23T19:59:00Z,Sell,56.97080256,56.796402144,19060,3324.07,190.6,41920.24,1,"	5787,5790" 
2022-09-26T14:00:00Z,"TSLA",2022-09-26T15:00:00Z,Buy,280.73,280.44,3912,-1134.48,39.12,16978.08,0,"	5791,5794" 
2022-09-26T14:00:00Z,"TQQQ",2022-09-26T15:00:00Z,Buy,10.504921752,10.409248512,94351,-9026.87,943.51,24327.4,0,"	5792,5795" 
2022-09-26T14:30:00Z,"SPXL",2022-09-26T15:00:00Z,Buy,57.900938112,57.26146992,17526,-11207.32,175.26,16301.56,0,"	5793,5796" 
2022-09-26T16:30:00Z,"AMD",2022-09-26T17:00:00Z,Sell,66.62,66.9,16349,-4577.72,163.49,8501.48,0,"	5797,5798" 
2022-09-27T16:30:00Z,"SPXL",2022-09-27T17:30:00Z,Sell,54.35479632,54.228840464,20003,2519.49,200.03,12035.43,1,"	5799,5800" 
2022-09-28T14:00:00Z,"AMD",2022-09-28T15:00:00Z,Buy,67.88,67.92,13732,549.28,137.32,13594.68,1,"	5801,5805" 
2022-09-28T14:00:00Z,"NVDA",2022-09-28T16:30:00Z,Buy,12.5727513777,12.613698459,79735,3264.92,797.35,12661.5,1,"	5802,5807" 
2022-09-28T14:30:00Z,"TQQQ",2022-09-28T15:00:00Z,Buy,10.265738652,10.232253018,106473,-3565.32,1064.73,8658.62,0,"	5803,5806" 
2022-09-28T14:30:00Z,"SPXL",2022-09-28T19:59:00Z,Buy,56.263511984,58.18191656,19413,37241.99,194.13,14388.95,1,"	5804,5808" 
2022-09-29T14:00:00Z,"NVDA",2022-09-29T16:00:00Z,Sell,12.2261992506,12.2102199018,90135,1440.3,901.35,14312.97,1,"	5811,5814" 
2022-09-29T14:00:00Z,"TQQQ",2022-09-29T16:00:00Z,Sell,9.844776396,9.844776396,96148,0,961.48,28976.19,0,"	5812,5815" 
2022-09-29T14:00:00Z,"SPXL",2022-09-29T16:00:00Z,Sell,54.626085856,55.023331248,17433,-6925.18,174.33,30909.94,0,"	5813,5816" 
2022-09-29T14:00:00Z,"TSLA",2022-09-29T19:59:00Z,Sell,275.89,268.49,3995,29563,39.95,19975,1,"	5809,5817" 
2022-09-29T14:00:00Z,"AMD",2022-09-29T19:59:00Z,Sell,65.4,64.21,16854,20056.26,168.54,24269.76,1,"	5810,5818" 
2022-09-30T14:00:00Z,"NVDA",2022-09-30T16:30:00Z,Buy,12.3450456573,12.4199488548,90655,6790.35,906.55,20099.43,1,"	5819,5826" 
2022-09-30T14:30:00Z,"AMD",2022-09-30T16:00:00Z,Buy,65.03,64.59,17260,-7594.4,172.6,21402.4,0,"	5820,5824" 
2022-09-30T15:30:00Z,"TSLA",2022-09-30T16:00:00Z,Buy,274.43,270.7,3806,-14196.38,38.06,15947.14,0,"	5821,5823" 
2022-09-30T15:30:00Z,"TQQQ",2022-09-30T16:00:00Z,Buy,10.016988228,9.796939776,79674,-17532.14,796.74,20200.07,0,"	5822,5825" 
2022-10-03T14:00:00Z,"TSLA",2022-10-03T14:30:00Z,Sell,246.4,247.61,4483,-5424.43,44.83,11117.84,0,"	5827,5828" 
2022-10-03T14:30:00Z,"AMD",2022-10-03T16:00:00Z,Buy,65.95,65.65,16728,-5018.4,167.28,13215.12,0,"	5829,5832" 
2022-10-03T14:30:00Z,"SPXL",2022-10-03T16:30:00Z,Buy,55.023331248,54.722974976,15869,-4766.35,158.69,13069.03,0,"	5830,5834" 
2022-10-03T15:30:00Z,"TQQQ",2022-10-03T16:00:00Z,Buy,9.725184846,9.596025972,77647,-10028.8,776.47,13743.17,0,"	5831,5833" 
2022-10-03T19:00:00Z,"NVDA",2022-10-03T19:59:00Z,Buy,12.613698459,12.4848649593,86793,-11181.85,867.93,15949.3,0,"	5835,5836" 
2022-10-04T14:00:00Z,"TQQQ",2022-10-04T16:30:00Z,Buy,10.744104852,10.81107612,68435,4583.18,684.35,9330.04,1,"	5837,5841" 
2022-10-04T14:00:00Z,"SPXL",2022-10-04T17:00:00Z,Buy,60.294099376,60.352232848,13176,765.97,131.76,9829.91,1,"	5838,5842" 
2022-10-04T15:00:00Z,"NVDA",2022-10-04T15:30:00Z,Buy,13.1949472716,13.1090582718,83075,-7135.23,830.75,7467.1,0,"	5839,5840" 
2022-10-05T14:00:00Z,"AMD",2022-10-05T15:00:00Z,Sell,65.38,65.04,16643,5658.62,166.43,8321.5,1,"	5844,5846" 
2022-10-05T14:00:00Z,"TSLA",2022-10-05T17:30:00Z,Sell,241.05,238.58,4515,11152.05,45.15,31379.25,1,"	5843,5848" 
2022-10-05T14:30:00Z,"NVDA",2022-10-05T15:00:00Z,Sell,12.6206894241,12.6546455403,87243,-2962.43,872.43,5227.82,0,"	5845,5847" 
2022-10-06T14:00:00Z,"AMD",2022-10-06T14:30:00Z,Buy,69.67,67.7,15697,-30923.09,156.97,30923.09,0,"	5849,5850" 
2022-10-07T14:00:00Z,"TSLA",2022-10-07T14:30:00Z,Sell,230.14,230.11,4044,121.32,40.44,6106.44,1,"	5851,5855" 
2022-10-07T14:00:00Z,"AMD",2022-10-07T19:59:00Z,Sell,62.45,58.4,17310,70105.5,173.1,11164.95,1,"	5852,5857" 
2022-10-07T14:00:00Z,"TQQQ",2022-10-07T19:59:00Z,Sell,9.66299724,9.332924562,65451,21603.59,654.51,11584.53,1,"	5853,5859" 
2022-10-07T14:00:00Z,"SPXL",2022-10-07T19:59:00Z,Sell,55.158976016,54.044751136,11170,12445.89,111.7,11309.53,1,"	5854,5860" 
2022-10-07T16:00:00Z,"NVDA",2022-10-07T19:59:00Z,Sell,12.2811282621,12.0664057626,89275,19169.35,892.75,8648.5,1,"	5856,5858" 
2022-10-10T14:00:00Z,"TQQQ",2022-10-10T14:30:00Z,Sell,9.098525124,9.165496392,84480,-5657.73,844.8,13740.21,0,"	5862,5863" 
2022-10-10T14:00:00Z,"NVDA",2022-10-10T16:00:00Z,Sell,11.6309685078,11.644950438,97096,-1357.59,970.96,24436.61,0,"	5861,5866" 
2022-10-10T15:00:00Z,"SPXL",2022-10-10T15:30:00Z,Sell,52.697992368,52.775503664,16166,-1253.05,161.66,12060.58,0,"	5864,5865" 
2022-10-11T14:00:00Z,"NVDA",2022-10-11T15:00:00Z,Sell,11.3573221596,11.3343518457,99092,2276.17,990.92,22068.99,1,"	5867,5869" 
2022-10-11T14:00:00Z,"TQQQ",2022-10-11T15:00:00Z,Sell,8.620158924,8.68234653,93948,-5842.4,939.48,22920.19,0,"	5868,5870" 
2022-10-11T19:00:00Z,"TSLA",2022-10-11T19:59:00Z,Sell,215.76,216.5,5207,-3853.18,52.07,8487.41,0,"	5871,5872" 
2022-10-12T14:30:00Z,"AMD",2022-10-12T15:00:00Z,Sell,56.69,56.77,11318,-905.44,113.18,5772.18,0,"	5873,5874" 
2022-10-13T15:30:00Z,"TQQQ",2022-10-13T16:30:00Z,Buy,8.864125686,8.868909348,104890,501.76,1048.9,47667.04,1,"	5876,5882" 
2022-10-13T15:30:00Z,"NVDA",2022-10-13T19:59:00Z,Buy,11.7468187866,11.9595438675,95477,20310.35,954.77,33945.94,1,"	5875,5883" 
2022-10-13T15:30:00Z,"SPXL",2022-10-13T19:59:00Z,Buy,52.678614544,55.188042752,21288,53420.71,212.88,38363.91,1,"	5877,5884" 
2022-10-13T16:00:00Z,"TSLA",2022-10-13T16:30:00Z,Buy,219.68,216.86,5203,-14672.46,52.03,30125.37,0,"	5878,5880" 
2022-10-13T16:00:00Z,"AMD",2022-10-13T16:30:00Z,Buy,59.11,57.8,11138,-14590.78,111.38,16929.76,0,"	5879,5881" 
2022-10-14T14:00:00Z,"TSLA",2022-10-14T19:59:00Z,Sell,218.27,204.87,5215,69881,52.15,13193.95,1,"	5885,5891" 
2022-10-14T14:00:00Z,"AMD",2022-10-14T19:59:00Z,Sell,57.53,55.87,15258,25328.28,152.58,17012.67,1,"	5886,5892" 
2022-10-14T14:00:00Z,"NVDA",2022-10-14T19:59:00Z,Sell,11.5610588568,11.1975286716,98447,35788.46,984.47,25563.18,1,"	5887,5893" 
2022-10-14T14:30:00Z,"SPXL",2022-10-14T15:30:00Z,Sell,53.279327088,53.38590512,18560,-1978.09,185.6,26344.54,0,"	5889,5890" 
2022-10-14T14:30:00Z,"TQQQ",2022-10-14T19:59:00Z,Sell,8.835423714,8.366624838,98630,46237.63,986.3,26893.32,1,"	5888,5894" 
2022-10-17T14:00:00Z,"TSLA",2022-10-17T19:59:00Z,Buy,214.72,218.98,5624,23958.24,56.24,22945.92,1,"	5895,5898" 
2022-10-17T14:30:00Z,"SPXL",2022-10-17T15:00:00Z,Buy,55.236487312,54.664841504,16216,-9269.81,162.16,13826.15,0,"	5896,5897" 
2022-10-18T15:30:00Z,"AMD",2022-10-18T16:00:00Z,Sell,56.76,57.16,21375,-8550,213.75,16031.25,0,"	5899,5900" 
2022-10-19T14:30:00Z,"NVDA",2022-10-19T15:00:00Z,Buy,12.3100908318,12.0873786579,98278,-21887.71,982.78,21887.71,0,"	5901,5902" 
2022-10-20T14:00:00Z,"TSLA",2022-10-20T14:30:00Z,Sell,204.13,209.27,5581,-28686.34,55.81,37839.18,0,"	5903,5906" 
2022-10-20T14:00:00Z,"AMD",2022-10-20T15:30:00Z,Buy,59.1,59.3,20321,4064.2,203.21,19304.95,1,"	5904,5908" 
2022-10-20T14:00:00Z,"NVDA",2022-10-20T15:30:00Z,Buy,12.5507797731,12.5377965522,95652,-1241.87,956.52,20060.99,0,"	5905,5909" 
2022-10-20T14:30:00Z,"TQQQ",2022-10-20T15:30:00Z,Buy,9.744319494,9.624727944,83737,-10014.24,837.37,14019.93,0,"	5907,5910" 
2022-10-21T14:00:00Z,"SPXL",2022-10-21T14:30:00Z,Buy,56.176311776,55.37213208,18076,-14536.35,180.76,23643.46,0,"	5911,5912" 
2022-10-21T17:00:00Z,"TQQQ",2022-10-21T19:59:00Z,Buy,9.548189352,9.844776396,86732,25723.59,867.32,8671.34,1,"	5913,5914" 
2022-10-24T14:00:00Z,"AMD",2022-10-24T15:00:00Z,Sell,57.26,57.8,20771,-11216.34,207.71,22224.97,0,"	5915,5918" 
2022-10-24T14:30:00Z,"TSLA",2022-10-24T15:00:00Z,Sell,199.81,204.45,3699,-17163.36,36.99,17163.36,0,"	5916,5917" 
2022-10-25T14:00:00Z,"TQQQ",2022-10-25T14:30:00Z,Buy,10.629296964,10.61972964,47658,-455.96,476.58,4787.58,0,"	5922,5924" 
2022-10-25T14:00:00Z,"TSLA",2022-10-25T18:00:00Z,Buy,217.47,219.01,2227,3429.58,22.27,12693.9,1,"	5919,5925" 
2022-10-25T14:00:00Z,"AMD",2022-10-25T19:59:00Z,Buy,60.55,61.38,19457,16149.31,194.57,16538.45,1,"	5920,5926" 
2022-10-25T14:00:00Z,"NVDA",2022-10-25T19:59:00Z,Buy,13.043143458,13.2209137134,90325,16057.1,903.25,17139.6,1,"	5921,5927" 
2022-10-25T14:00:00Z,"SPXL",2022-10-25T19:59:00Z,Buy,62.319081984,63.36548448,7077,7405.39,70.77,6095.73,1,"	5923,5928" 
2022-10-26T14:30:00Z,"TSLA",2022-10-26T17:00:00Z,Buy,227.91,226.02,3364,-6357.96,33.64,15777.16,0,"	5929,5930" 
2022-10-27T14:00:00Z,"TQQQ",2022-10-27T14:30:00Z,Sell,9.648646254,10.02177189,81271,-30324.29,812.71,34212.02,0,"	5931,5932" 
2022-10-28T14:00:00Z,"TSLA",2022-10-28T14:30:00Z,Sell,220.13,220.78,5358,-3482.7,53.58,22932.24,0,"	5933,5936" 
2022-10-28T14:00:00Z,"AMD",2022-10-28T19:59:00Z,Buy,60.96,62.01,19351,20318.55,193.51,29800.54,1,"	5934,5939" 
2022-10-28T14:00:00Z,"SPXL",2022-10-28T19:59:00Z,Buy,62.290015248,65.25482232,15834,46944.76,158.34,16553.4,1,"	5935,5942" 
2022-10-28T14:30:00Z,"TQQQ",2022-10-28T19:59:00Z,Buy,9.873478368,10.370979216,63815,31748.02,638.15,9463.35,1,"	5937,5941" 
2022-10-28T15:00:00Z,"NVDA",2022-10-28T19:59:00Z,Buy,13.432640085,13.8191405841,88954,34380.77,889.54,12970.52,1,"	5938,5940" 
2022-10-31T14:30:00Z,"NVDA",2022-10-31T15:30:00Z,Sell,13.3817059107,13.4436258873,91940,-5692.92,919.4,14783.23,0,"	5943,5944" 
2022-11-02T17:00:00Z,"TSLA",2022-11-02T18:00:00Z,Sell,222.32,221.89,5522,2374.46,55.22,4528.04,1,"	5945,5946" 
2022-11-02T18:30:00Z,"NVDA",2022-11-02T19:00:00Z,Buy,14.1467172345,13.6593470961,58632,-28575.49,586.32,33552.77,0,"	5947,5948" 
2022-11-02T19:00:00Z,"TQQQ",2022-11-02T19:59:00Z,Sell,9.265953294,8.768452446,45700,22735.79,457,8963.15,1,"	5949,5951" 
2022-11-02T19:30:00Z,"SPXL",2022-11-02T19:59:00Z,Sell,59.402719472,58.588850864,11259,9163.35,112.59,6217.99,1,"	5950,5952" 
2022-11-03T14:00:00Z,"TQQQ",2022-11-03T14:30:00Z,Sell,8.194413006,8.476649064,81242,-22929.42,812.42,24573.34,0,"	5953,5958" 
2022-11-03T14:00:00Z,"SPXL",2022-11-03T14:30:00Z,Sell,55.594977056,57.251781008,16368,-27118.57,163.68,28704.45,0,"	5954,5959" 
2022-11-03T14:30:00Z,"TSLA",2022-11-03T15:30:00Z,Buy,218.88,216.6,5528,-12603.84,55.28,23162.32,0,"	5955,5960" 
2022-11-03T14:30:00Z,"NVDA",2022-11-03T18:00:00Z,Buy,13.5614735847,13.4076723525,89202,-13719.38,892.02,30289.53,0,"	5957,5961" 
2022-11-03T14:30:00Z,"AMD",2022-11-03T19:59:00Z,Buy,61.17,60.13,19777,-20568.08,197.77,40938.39,0,"	5956,5962" 
2022-11-04T16:00:00Z,"TSLA",2022-11-04T19:59:00Z,Sell,211.33,206.99,5630,24434.2,56.3,30852.4,1,"	5963,5964" 
2022-11-07T15:00:00Z,"TSLA",2022-11-07T20:59:00Z,Sell,202.39,197.12,5928,31240.56,59.28,20985.12,1,"	5965,5966" 
2022-11-08T15:00:00Z,"TSLA",2022-11-08T16:00:00Z,Sell,188.65,190.34,6424,-10856.56,64.24,23062.16,0,"	5967,5968" 
2022-11-08T16:30:00Z,"TQQQ",2022-11-08T17:00:00Z,Buy,9.285087942,9.30422259,67488,1291.36,674.88,7263.9,1,"	5969,5971" 
2022-11-08T16:30:00Z,"SPXL",2022-11-08T18:30:00Z,Buy,62.512860224,61.42770208,13116,-14232.93,131.16,20332.76,0,"	5970,5972" 
2022-11-09T15:00:00Z,"AMD",2022-11-09T16:00:00Z,Sell,61.39,61.05,19588,6659.92,195.88,10381.64,1,"	5973,5975" 
2022-11-09T15:30:00Z,"NVDA",2022-11-09T19:30:00Z,Sell,13.9180128048,13.8630837933,86560,4754.66,865.6,14393.64,1,"	5974,5981" 
2022-11-09T16:00:00Z,"TQQQ",2022-11-09T16:30:00Z,Sell,8.70626484,8.782803432,63817,-4884.46,638.17,7631.97,0,"	5976,5978" 
2022-11-09T16:00:00Z,"SPXL",2022-11-09T16:30:00Z,Sell,59.703075744,60.148765696,12367,-5511.85,123.67,8147.95,0,"	5977,5979" 
2022-11-09T18:00:00Z,"TSLA",2022-11-09T20:59:00Z,Sell,183.86,177.72,6523,40051.22,65.23,23287.11,1,"	5980,5982" 
2022-11-10T15:00:00Z,"NVDA",2022-11-10T15:30:00Z,Buy,14.9586678954,14.9356975815,77835,-1787.89,778.35,9950.02,0,"	5984,5987" 
2022-11-10T15:00:00Z,"TQQQ",2022-11-10T18:00:00Z,Buy,9.85434372,9.792156114,88619,-5511,886.19,20772.24,0,"	5985,5988" 
2022-11-10T15:00:00Z,"SPXL",2022-11-10T18:00:00Z,Buy,64.973843872,64.615354128,16462,-5901.46,164.62,22154.39,0,"	5986,5989" 
2022-11-10T15:00:00Z,"AMD",2022-11-10T20:59:00Z,Buy,66.01,68.41,18453,44287.2,184.53,17161.29,1,"	5983,5990" 
2022-11-11T15:30:00Z,"SPXL",2022-11-11T16:00:00Z,Buy,68.35527416,68.01616224,12392,-4202.27,123.92,6723.64,0,"	5994,5995" 
2022-11-11T15:30:00Z,"AMD",2022-11-11T16:30:00Z,Buy,70.97,70.77,13163,-2632.6,131.63,17440.98,0,"	5991,5996" 
2022-11-11T15:30:00Z,"NVDA",2022-11-11T16:30:00Z,Buy,16.0722287649,15.7945875795,58613,-16273.38,586.13,17678.28,0,"	5992,5997" 
2022-11-11T15:30:00Z,"TQQQ",2022-11-11T16:30:00Z,Buy,10.600594992,10.337493582,61838,-16269.66,618.38,20115.22,0,"	5993,5998" 
2022-11-14T15:00:00Z,"TSLA",2022-11-14T15:30:00Z,Sell,188.7,190.5,6023,-10841.4,60.23,14214.28,0,"	5999,6000" 
2022-11-15T15:00:00Z,"NVDA",2022-11-15T15:30:00Z,Buy,16.8741923328,16.9011574839,54680,1474.45,546.8,9775.09,1,"	6002,6003" 
2022-11-15T15:00:00Z,"TSLA",2022-11-15T16:00:00Z,Buy,199.47,197.84,6002,-9783.26,60.02,18366.12,0,"	6001,6004" 
2022-11-16T15:00:00Z,"TQQQ",2022-11-16T16:30:00Z,Sell,10.648431612,10.610162316,57393,2196.39,573.93,10158.3,1,"	6006,6009" 
2022-11-16T15:00:00Z,"TSLA",2022-11-16T18:00:00Z,Sell,188.68,188.9,6388,-1405.36,63.88,17439.24,0,"	6005,6010" 
2022-11-16T16:00:00Z,"NVDA",2022-11-16T16:30:00Z,Sell,15.9034468932,16.1441358345,58200,-14008.1,582,14008.1,0,"	6007,6008" 
2022-11-17T15:30:00Z,"NVDA",2022-11-17T16:00:00Z,Buy,16.2280274157,15.9513849396,58998,-16321.35,589.98,16321.35,0,"	6011,6012" 
2022-11-17T18:00:00Z,"AMD",2022-11-17T18:30:00Z,Buy,74.23,74.03,12983,-2596.6,129.83,4803.71,0,"	6013,6014" 
2022-11-18T15:00:00Z,"TSLA",2022-11-18T18:30:00Z,Sell,179.56,179.5,6637,398.22,66.37,17787.16,1,"	6015,6017" 
2022-11-18T16:00:00Z,"NVDA",2022-11-18T20:59:00Z,Sell,15.3172045341,15.3831193479,78144,-5150.85,781.44,24271.42,0,"	6016,6018" 
2022-11-21T16:00:00Z,"TSLA",2022-11-21T20:59:00Z,Sell,171.02,167.94,6955,21421.4,69.55,12866.75,1,"	6019,6022" 
2022-11-21T16:30:00Z,"SPXL",2022-11-21T17:30:00Z,Sell,66.504691968,66.485314144,17858,346.05,178.58,10208.45,1,"	6020,6021" 
2022-11-22T15:00:00Z,"TQQQ",2022-11-22T15:30:00Z,Sell,10.016988228,10.184416398,103026,-17249.45,1030.26,17988.72,0,"	6023,6025" 
2022-11-22T15:30:00Z,"NVDA",2022-11-22T20:59:00Z,Buy,15.5828612079,16.0222932999,76463,33600.3,764.63,12600.11,1,"	6024,6029" 
2022-11-22T17:30:00Z,"AMD",2022-11-22T18:00:00Z,Buy,74.03,73.86,13350,-2269.5,133.5,3070.5,0,"	6026,6027" 
2022-11-22T19:30:00Z,"SPXL",2022-11-22T20:59:00Z,Buy,68.917231056,69.61483272,17382,12125.71,173.82,3873.49,1,"	6028,6030" 
2022-11-23T15:00:00Z,"NVDA",2022-11-23T16:00:00Z,Buy,16.3239035085,16.4077950897,66633,5589.95,666.33,4658.29,1,"	6033,6036" 
2022-11-23T15:00:00Z,"AMD",2022-11-23T16:30:00Z,Buy,77.5,76.48,14479,-14768.58,144.79,26206.99,0,"	6032,6037" 
2022-11-23T15:00:00Z,"TQQQ",2022-11-23T17:00:00Z,Buy,10.777590486,10.648431612,106346,-13735.53,1063.46,31540.85,0,"	6034,6038" 
2022-11-23T15:00:00Z,"SPXL",2022-11-23T17:00:00Z,Buy,70.370567856,69.818299872,17163,-9478.58,171.63,22282.97,0,"	6035,6039" 
2022-11-23T15:00:00Z,"TSLA",2022-11-23T18:00:00Z,Buy,177.33,178.08,6812,5109,68.12,24250.72,1,"	6031,6040" 
2022-11-28T17:00:00Z,"TSLA",2022-11-28T17:30:00Z,Buy,187.56,187.02,3371,-1820.34,33.71,5090.21,0,"	6041,6042" 
2022-11-28T18:00:00Z,"SPXL",2022-11-28T18:30:00Z,Sell,68.316518512,68.40371872,17491,-1525.22,174.91,3728.31,0,"	6043,6044" 
2022-11-28T20:30:00Z,"TQQQ",2022-11-28T20:59:00Z,Sell,10.088743158,10.193983722,105795,-11133.93,1057.95,12146.1,0,"	6045,6046" 
2022-11-29T15:30:00Z,"SPXL",2022-11-29T16:00:00Z,Buy,67.958028768,67.599539024,17511,-6277.51,175.11,6786.5,0,"	6047,6048" 
2022-11-29T16:30:00Z,"NVDA",2022-11-29T17:00:00Z,Sell,15.5838599172,15.6837308472,76172,-7607.37,761.72,8063.81,0,"	6049,6051" 
2022-11-29T16:30:00Z,"TQQQ",2022-11-29T19:30:00Z,Sell,9.859127382,9.916531326,108883,-6250.31,1088.83,19011.37,0,"	6050,6052" 
2022-11-30T15:30:00Z,"SPXL",2022-11-30T16:00:00Z,Sell,66.475625232,66.504691968,17577,-510.91,175.77,5960.57,0,"	6053,6054" 
2022-11-30T19:00:00Z,"AMD",2022-11-30T20:59:00Z,Buy,74.85,77.49,15777,41651.28,157.77,11674.98,1,"	6055,6060" 
2022-11-30T19:00:00Z,"NVDA",2022-11-30T20:59:00Z,Buy,16.1602535696,16.8605278944,73082,51177.45,730.82,12374.58,1,"	6056,6061" 
2022-11-30T19:00:00Z,"TQQQ",2022-11-30T20:59:00Z,Buy,10.538407386,11.236822038,96743,67566.73,967.43,14114.97,1,"	6057,6062" 
2022-11-30T19:30:00Z,"TSLA",2022-11-30T20:59:00Z,Buy,190.56,194.11,5683,20174.65,56.83,15628.25,1,"	6058,6059" 
2022-12-01T15:00:00Z,"NVDA",2022-12-01T15:30:00Z,Buy,17.1462318272,16.7266666112,73042,-30645.88,730.42,38015.49,0,"	6063,6066" 
2022-12-01T15:00:00Z,"TQQQ",2022-12-01T15:30:00Z,Buy,11.4807888,11.059826544,69914,-29431.16,699.14,29431.16,0,"	6064,6067" 
2022-12-01T15:30:00Z,"AMD",2022-12-01T16:00:00Z,Sell,76.75,77.54,16000,-12640,160,17440,0,"	6065,6069" 
2022-12-01T15:30:00Z,"SPXL",2022-12-01T16:00:00Z,Sell,72.03706072,73.306308192,15367,-19504.53,153.67,23375.65,0,"	6068,6070" 
2022-12-02T15:00:00Z,"NVDA",2022-12-02T15:30:00Z,Sell,16.5248757216,16.6107866944,72922,-6264.8,729.22,10854.13,0,"	6071,6072" 
2022-12-02T17:30:00Z,"AMD",2022-12-02T19:00:00Z,Sell,74.51,74.54,16261,-487.83,162.61,14716.2,0,"	6073,6074" 
2022-12-05T15:00:00Z,"SPXL",2022-12-05T15:30:00Z,Sell,70.893769104,70.63216848,14775,3865.15,147.75,11022.83,1,"	6076,6078" 
2022-12-05T15:00:00Z,"TSLA",2022-12-05T20:59:00Z,Sell,185.86,182.4,6517,22548.82,65.17,19811.68,1,"	6075,6082" 
2022-12-05T15:30:00Z,"AMD",2022-12-05T16:00:00Z,Sell,73.87,74.51,16451,-10528.64,164.51,12667.27,0,"	6077,6079" 
2022-12-05T17:00:00Z,"TQQQ",2022-12-05T20:30:00Z,Sell,10.744104852,10.50013809,71017,17325.79,710.17,6250.87,1,"	6080,6081" 
2022-12-06T15:00:00Z,"TSLA",2022-12-06T16:30:00Z,Sell,176.71,179.37,6534,-17380.44,65.34,27377.46,0,"	6083,6088" 
2022-12-06T15:00:00Z,"AMD",2022-12-06T20:59:00Z,Sell,70.97,70.32,17251,11213.15,172.51,15784.66,1,"	6084,6089" 
2022-12-06T15:00:00Z,"NVDA",2022-12-06T20:59:00Z,Sell,16.1812318304,15.9674533632,75648,16171.91,756.48,14962.8,1,"	6085,6090" 
2022-12-06T15:00:00Z,"TQQQ",2022-12-06T20:59:00Z,Sell,10.246604004,9.959584284,78468,22521.86,784.68,15014.58,1,"	6086,6091" 
2022-12-06T15:00:00Z,"SPXL",2022-12-06T20:59:00Z,Sell,67.647983584,65.83615704,16098,29166.78,160.98,20120.4,1,"	6087,6092" 
2022-12-07T16:30:00Z,"TSLA",2022-12-07T17:30:00Z,Sell,173.02,173.21,7213,-1370.47,72.13,10458.85,0,"	6093,6094" 
2022-12-08T15:00:00Z,"SPXL",2022-12-08T15:30:00Z,Buy,67.056959952,67.43482752,17591,6647.07,175.91,6306.19,1,"	6095,6098" 
2022-12-08T15:30:00Z,"TQQQ",2022-12-08T16:30:00Z,Buy,10.193983722,10.127012454,98818,-6617.97,988.18,19381.19,0,"	6097,6099" 
2022-12-08T15:30:00Z,"NVDA",2022-12-08T20:59:00Z,Buy,16.6467494272,17.152225616,75105,37963.79,751.05,13654.96,1,"	6096,6100" 
2022-12-09T15:00:00Z,"TSLA",2022-12-09T18:30:00Z,Buy,178.06,178.95,7089,6309.21,70.89,26654.64,1,"	6101,6104" 
2022-12-09T16:30:00Z,"NVDA",2022-12-09T18:00:00Z,Buy,17.4299378304,17.371997872,54851,-3178.06,548.51,9972.55,0,"	6102,6103" 
2022-12-12T15:00:00Z,"TSLA",2022-12-12T20:59:00Z,Sell,173.12,167.55,6334,35280.38,63.34,14504.86,1,"	6105,6109" 
2022-12-12T17:30:00Z,"AMD",2022-12-12T19:00:00Z,Buy,70.17,69.46,18084,-12839.64,180.84,13924.68,0,"	6106,6107" 
2022-12-12T20:00:00Z,"SPXL",2022-12-12T20:59:00Z,Buy,67.250738192,68.268073952,18864,19191.02,188.64,6945.32,1,"	6108,6110" 
2022-12-13T15:30:00Z,"TSLA",2022-12-13T20:59:00Z,Sell,163.8,161.03,7809,21630.93,78.09,46385.46,1,"	6111,6112" 
2022-12-14T15:00:00Z,"TQQQ",2022-12-14T16:00:00Z,Buy,10.839778092,10.88283105,116329,5008.31,1163.29,10016.62,1,"	6113,6115" 
2022-12-14T15:00:00Z,"SPXL",2022-12-14T16:00:00Z,Buy,70.87439128,71.06816952,18167,3520.37,181.67,6864.72,1,"	6114,6116" 
2022-12-14T19:30:00Z,"AMD",2022-12-14T20:59:00Z,Sell,69.61,69.01,18542,11125.2,185.42,36898.58,1,"	6117,6118" 
2022-12-15T15:00:00Z,"AMD",2022-12-15T17:30:00Z,Sell,66.62,66.68,19442,-1166.52,194.42,12054.04,0,"	6119,6123" 
2022-12-15T15:00:00Z,"NVDA",2022-12-15T17:30:00Z,Sell,16.8595289296,16.9054813104,68975,-3169.57,689.75,16261.25,0,"	6120,6124" 
2022-12-15T15:00:00Z,"SPXL",2022-12-15T20:30:00Z,Sell,64.460331536,63.966197024,20082,9923.21,200.82,27629.33,1,"	6122,6125" 
2022-12-15T15:00:00Z,"TQQQ",2022-12-15T20:59:00Z,Sell,9.691699212,9.390328506,133595,40261.62,1335.95,30419.89,1,"	6121,6126" 
2022-12-16T15:30:00Z,"TSLA",2022-12-16T16:00:00Z,Sell,152.46,151.94,8609,4476.68,86.09,9426.86,1,"	6127,6131" 
2022-12-16T15:30:00Z,"AMD",2022-12-16T16:00:00Z,Sell,65.41,65.45,20066,-802.64,200.66,8227.06,0,"	6128,6132" 
2022-12-16T15:30:00Z,"SPXL",2022-12-16T16:00:00Z,Sell,60.836678448,61.059523424,18376,-4095,183.76,9614.35,0,"	6130,6133" 
2022-12-16T15:30:00Z,"NVDA",2022-12-16T20:00:00Z,Sell,16.5118891792,16.617779448,79481,-8416.26,794.81,17229.52,0,"	6129,6134" 
2022-12-19T15:00:00Z,"NVDA",2022-12-19T15:30:00Z,Sell,16.2441666128,16.323084832,80541,-6356.15,805.41,12792.76,0,"	6136,6138" 
2022-12-19T15:00:00Z,"TQQQ",2022-12-19T15:30:00Z,Sell,8.931096954,9.012419208,94007,-7644.86,940.07,15739.42,0,"	6137,6139" 
2022-12-19T15:00:00Z,"AMD",2022-12-19T16:00:00Z,Sell,64.37,64.26,20325,2235.75,203.25,8943,1,"	6135,6140" 
2022-12-19T19:30:00Z,"SPXL",2022-12-19T20:59:00Z,Sell,58.937651696,59.712764656,16841,-13053.68,168.41,15582.83,0,"	6141,6142" 
2022-12-20T15:00:00Z,"AMD",2022-12-20T15:30:00Z,Buy,65.34,65.38,19868,794.72,198.68,9139.28,1,"	6143,6144" 
2022-12-21T15:30:00Z,"AMD",2022-12-21T20:59:00Z,Buy,66.82,67.63,19426,15735.06,194.26,10975.69,1,"	6145,6151" 
2022-12-21T15:30:00Z,"NVDA",2022-12-21T20:59:00Z,Buy,16.3840216848,16.4819202352,79222,7755.72,792.22,14957.46,1,"	6146,6152" 
2022-12-21T16:00:00Z,"TQQQ",2022-12-21T17:00:00Z,Buy,9.117659772,9.06503949,84609,-4452.15,846.09,11697.01,0,"	6147,6149" 
2022-12-21T16:00:00Z,"SPXL",2022-12-21T17:00:00Z,Buy,62.648376183,62.337707031,15434,-4794.87,154.34,11537.65,0,"	6148,6150" 
2022-12-22T15:00:00Z,"SPXL",2022-12-22T20:00:00Z,Sell,60.1921482,58.677636084,16864,25540.73,168.64,30124.97,1,"	6157,6158" 
2022-12-22T15:00:00Z,"AMD",2022-12-22T20:30:00Z,Sell,64.17,63.89,20300,5684,203,33495,1,"	6154,6159" 
2022-12-22T15:00:00Z,"NVDA",2022-12-22T20:30:00Z,Sell,15.7027276912,15.329114856,82949,30990.81,829.49,41182.98,1,"	6155,6160" 
2022-12-22T15:00:00Z,"TQQQ",2022-12-22T20:30:00Z,Sell,8.5735011185,8.3811623385,101075,19440.64,1010.75,41797.38,1,"	6156,6161" 
2022-12-22T15:00:00Z,"TSLA",2022-12-22T20:59:00Z,Sell,133.35,125.11,9094,74934.56,90.94,36739.76,1,"	6153,6162" 
2022-12-23T15:00:00Z,"TSLA",2022-12-23T15:30:00Z,Sell,121.95,124.74,10186,-28418.94,101.86,36058.44,0,"	6163,6167" 
2022-12-23T15:00:00Z,"NVDA",2022-12-23T15:30:00Z,Sell,14.969487528,15.2072411504,91109,-21661.49,911.09,28396.58,0,"	6164,6168" 
2022-12-23T15:00:00Z,"TQQQ",2022-12-23T15:30:00Z,Sell,8.1407388635,8.376353869,146728,-34571.32,1467.28,41273.92,0,"	6165,6169" 
2022-12-23T15:00:00Z,"SPXL",2022-12-23T15:30:00Z,Sell,58.63880244,60.036813624,23248,-32500.96,232.48,35435.08,0,"	6166,6170" 
2022-12-27T15:00:00Z,"NVDA",2022-12-27T15:30:00Z,Sell,14.554917136,14.7207452928,90428,-14995.51,904.28,23577.28,0,"	6172,6175" 
2022-12-27T15:00:00Z,"TQQQ",2022-12-27T15:30:00Z,Sell,8.116696516,8.2561421315,139945,-19514.72,1399.45,33646.06,0,"	6173,6176" 
2022-12-27T15:00:00Z,"SPXL",2022-12-27T15:30:00Z,Sell,59.580518307,60.493108941,22079,-20149.09,220.79,32581.5,0,"	6174,6177" 
2022-12-27T15:00:00Z,"TSLA",2022-12-27T20:59:00Z,Sell,115.05,108.84,10072,62547.12,100.72,18028.88,1,"	6171,6178" 
2022-12-28T15:00:00Z,"TSLA",2022-12-28T15:30:00Z,Buy,113.81,111.67,9551,-20439.14,95.51,30849.73,0,"	6179,6180" 
2022-12-28T16:30:00Z,"SPXL",2022-12-28T18:00:00Z,Sell,58.93005477,59.017430469,22254,-1944.46,222.54,21173,0,"	6181,6184" 
2022-12-28T17:00:00Z,"TQQQ",2022-12-28T17:30:00Z,Sell,7.8137629375,7.828188346,152464,-2199.36,1524.64,8430.86,0,"	6182,6183" 
2022-12-29T15:00:00Z,"TQQQ",2022-12-29T20:59:00Z,Buy,8.184015089,8.3426945825,152317,24169.58,1523.17,17944.09,1,"	6185,6189" 
2022-12-29T15:00:00Z,"SPXL",2022-12-29T20:59:00Z,Buy,60.007688391,60.784361271,21798,16929.92,217.98,11004.45,1,"	6186,6190" 
2022-12-29T16:00:00Z,"AMD",2022-12-29T17:00:00Z,Buy,64.72,64.78,20437,1226.22,204.37,5517.99,1,"	6187,6188" 
2023-01-03T15:00:00Z,"TSLA",2023-01-03T20:59:00Z,Sell,111.62,108.08,5966,21119.64,59.66,27085.64,1,"	6191,6200" 
2023-01-03T15:30:00Z,"TQQQ",2023-01-03T16:00:00Z,Sell,8.145547333,8.212865906,129493,-8717.28,1294.93,17434.57,0,"	6193,6195" 
2023-01-03T15:30:00Z,"SPXL",2023-01-03T16:00:00Z,Sell,59.580518307,60.114480912,22243,-11876.93,222.43,19866.87,0,"	6194,6196" 
2023-01-03T15:30:00Z,"NVDA",2023-01-03T20:30:00Z,Sell,14.33514488,14.3311490208,84177,336.36,841.77,24344.01,1,"	6192,6199" 
2023-01-03T16:30:00Z,"AMD",2023-01-03T19:00:00Z,Sell,64.2,64.14,20682,1240.92,206.82,9100.08,1,"	6197,6198" 
2023-01-04T17:00:00Z,"TSLA",2023-01-04T17:30:00Z,Buy,113.2,112.73,4813,-2262.11,48.13,2791.54,0,"	6201,6202" 
2023-01-05T15:00:00Z,"AMD",2023-01-05T15:30:00Z,Sell,63.35,63.33,20884,417.68,208.84,6369.62,1,"	6203,6206" 
2023-01-05T15:00:00Z,"NVDA",2023-01-05T15:30:00Z,Sell,14.3061749008,14.3281521264,92474,-2032.32,924.74,11547.28,0,"	6204,6207" 
2023-01-05T15:00:00Z,"SPXL",2023-01-05T15:30:00Z,Sell,59.133931401,59.192181867,21024,-1224.66,210.24,16920.69,0,"	6205,6208" 
2023-01-06T15:00:00Z,"AMD",2023-01-06T15:30:00Z,Sell,60.16,60.97,21967,-17793.27,219.67,22626.01,0,"	6209,6211" 
2023-01-06T15:00:00Z,"NVDA",2023-01-06T15:30:00Z,Sell,14.0774119616,14.240243224,93851,-15281.88,938.51,22032.15,0,"	6210,6212" 
2023-01-06T16:00:00Z,"SPXL",2023-01-06T20:59:00Z,Buy,61.483366863,62.677501416,21279,25409.99,212.79,15287.31,1,"	6213,6216" 
2023-01-06T17:00:00Z,"TQQQ",2023-01-06T20:59:00Z,Buy,8.299418357,8.491757137,132524,25489.5,1325.24,14656.47,1,"	6214,6215" 
2023-01-09T15:00:00Z,"TSLA",2023-01-09T15:30:00Z,Buy,122.44,121.6,5917,-4970.28,59.17,14555.82,0,"	6217,6221" 
2023-01-09T15:00:00Z,"TQQQ",2023-01-09T19:00:00Z,Buy,8.9485617395,8.8812431665,115745,-7791.79,1157.45,28940.93,0,"	6220,6224" 
2023-01-09T15:00:00Z,"AMD",2023-01-09T20:00:00Z,Buy,67.53,67.93,19658,7863.2,196.58,26538.3,1,"	6218,6225" 
2023-01-09T15:00:00Z,"NVDA",2023-01-09T20:00:00Z,Buy,15.6977328672,15.7956314176,84559,8278.2,845.59,20779.98,1,"	6219,6226" 
2023-01-09T16:00:00Z,"SPXL",2023-01-09T17:30:00Z,Buy,64.968686412,65.094895755,19286,2434.07,192.86,10485.24,1,"	6222,6223" 
2023-01-11T15:30:00Z,"TSLA",2023-01-11T16:00:00Z,Buy,125.05,122.67,10241,-24373.58,102.41,24475.99,0,"	6227,6228" 
2023-01-11T20:30:00Z,"TQQQ",2023-01-11T20:59:00Z,Buy,9.2563037875,9.3236223605,116337,7831.64,1163.37,3915.82,1,"	6229,6230" 
2023-01-12T15:00:00Z,"TSLA",2023-01-12T15:30:00Z,Sell,118.11,119.6,11190,-16673.1,111.9,30324.9,0,"	6231,6236" 
2023-01-12T15:00:00Z,"AMD",2023-01-12T15:30:00Z,Sell,67.66,68.57,19529,-17771.39,195.29,26559.44,0,"	6232,6237" 
2023-01-12T15:00:00Z,"NVDA",2023-01-12T15:30:00Z,Sell,15.628804296,15.948473032,84529,-27021.28,845.29,36647.61,0,"	6233,6238" 
2023-01-12T15:00:00Z,"TQQQ",2023-01-12T15:30:00Z,Sell,9.0543480685,9.318813891,114292,-30226.33,1142.92,39019.44,0,"	6234,6239" 
2023-01-12T15:00:00Z,"SPXL",2023-01-12T15:30:00Z,Sell,65.424981729,66.551157405,18943,-21333.15,189.43,28505.5,0,"	6235,6240" 
2023-01-17T15:00:00Z,"AMD",2023-01-17T15:30:00Z,Buy,72.09,71.95,16606,-2324.84,166.06,10793.9,0,"	6242,6244" 
2023-01-17T15:00:00Z,"TSLA",2023-01-17T16:00:00Z,Buy,128.5,128.82,5702,1824.64,57.02,12322.02,1,"	6241,6245" 
2023-01-17T15:00:00Z,"NVDA",2023-01-17T16:30:00Z,Buy,17.33203928,17.3180537728,73596,-1029.28,735.96,28158.09,0,"	6243,6246" 
2023-01-18T16:30:00Z,"TQQQ",2023-01-18T20:59:00Z,Sell,9.559237366,9.338047769,119755,26488.56,1197.55,17563.07,1,"	6247,6253" 
2023-01-18T16:30:00Z,"SPXL",2023-01-18T20:59:00Z,Sell,66.153112554,64.143471477,18093,36360.44,180.93,12822.76,1,"	6248,6254" 
2023-01-18T17:00:00Z,"AMD",2023-01-18T18:00:00Z,Sell,70.99,71.02,17995,-539.85,179.95,6928.08,0,"	6249,6251" 
2023-01-18T18:00:00Z,"TSLA",2023-01-18T20:00:00Z,Sell,127.85,128.57,4188,-3015.36,41.88,7161.48,0,"	6250,6252" 
2023-01-19T16:00:00Z,"TQQQ",2023-01-19T16:30:00Z,Sell,8.9966464345,8.991837965,116988,562.53,1169.88,12375.73,1,"	6255,6258" 
2023-01-19T16:00:00Z,"SPXL",2023-01-19T16:30:00Z,Sell,62.386249086,62.32799862,16907,984.84,169.07,9848.41,1,"	6256,6259" 
2023-01-19T16:30:00Z,"AMD",2023-01-19T19:00:00Z,Sell,67.64,68.2,19189,-10745.84,191.89,17941.72,0,"	6257,6260" 
2023-01-20T15:30:00Z,"TQQQ",2023-01-20T16:00:00Z,Buy,9.366898586,9.309196952,138066,-7966.63,1380.66,11286.06,0,"	6261,6262" 
2023-01-20T16:30:00Z,"AMD",2023-01-20T17:00:00Z,Buy,68.84,68.51,18738,-6183.54,187.38,7682.58,0,"	6263,6265" 
2023-01-20T16:30:00Z,"SPXL",2023-01-20T17:00:00Z,Buy,64.492974273,64.201721943,20005,-5826.5,200.05,6797.59,0,"	6264,6267" 
2023-01-20T17:00:00Z,"NVDA",2023-01-20T20:59:00Z,Buy,17.3090630896,17.7885661936,61173,29332.64,611.73,10144.21,1,"	6266,6270" 
2023-01-20T19:30:00Z,"TSLA",2023-01-20T20:59:00Z,Buy,132.27,133.24,7333,7113.01,73.33,6379.71,1,"	6268,6269" 
2023-01-23T15:00:00Z,"TSLA",2023-01-23T15:30:00Z,Buy,138.77,138.78,8411,84.11,84.11,7738.12,1,"	6271,6276" 
2023-01-23T15:00:00Z,"SPXL",2023-01-23T20:00:00Z,Buy,67.18220412,68.007419055,19330,15951.4,193.3,35656.08,1,"	6275,6277" 
2023-01-23T15:00:00Z,"AMD",2023-01-23T20:59:00Z,Buy,74.81,76.51,17364,29518.8,173.64,19100.4,1,"	6272,6278" 
2023-01-23T15:00:00Z,"NVDA",2023-01-23T20:59:00Z,Buy,18.4838456944,19.1541510752,63689,42691.08,636.89,20295.76,1,"	6273,6279" 
2023-01-23T15:00:00Z,"TQQQ",2023-01-23T20:59:00Z,Buy,10.1314452365,10.4488042235,102751,32608.95,1027.51,30138.58,1,"	6274,6280" 
2023-01-24T15:00:00Z,"SPXL",2023-01-24T15:30:00Z,Sell,67.37637234,67.871501301,19978,-9891.69,199.78,18813.6,0,"	6281,6282" 
2023-01-25T15:00:00Z,"TQQQ",2023-01-25T15:30:00Z,Sell,9.655406756,9.7179168595,119872,-7493.21,1198.72,10663.42,0,"	6284,6286" 
2023-01-25T15:00:00Z,"TSLA",2023-01-25T16:00:00Z,Sell,138.9,141.68,9664,-26865.92,96.64,34113.92,0,"	6283,6287" 
2023-01-25T15:00:00Z,"SPXL",2023-01-25T16:00:00Z,Sell,65.318189208,65.609441538,20542,-5982.91,205.42,14558.4,0,"	6285,6288" 
2023-01-27T15:30:00Z,"NVDA",2023-01-27T16:00:00Z,Buy,20.0851862688,19.974301176,66002,-7318.64,660.02,13648.27,0,"	6290,6292" 
2023-01-27T15:30:00Z,"TQQQ",2023-01-27T16:00:00Z,Buy,11.078713728,10.934459643,102687,-14813.02,1026.87,21231.99,0,"	6291,6293" 
2023-01-27T15:30:00Z,"TSLA",2023-01-27T20:59:00Z,Buy,165.7,178.05,6142,75853.7,61.42,23953.8,1,"	6289,6296" 
2023-01-27T20:00:00Z,"SPXL",2023-01-27T20:30:00Z,Buy,71.978159154,72.046118031,18750,1274.23,187.5,7827.41,1,"	6294,6295" 
2023-01-30T15:30:00Z,"TSLA",2023-01-30T17:00:00Z,Sell,172.78,172.68,4473,447.3,44.73,21112.56,1,"	6297,6298" 
2023-01-30T18:00:00Z,"NVDA",2023-01-30T18:30:00Z,Sell,19.4238715712,19.4788146352,69342,-3809.86,693.42,9836.37,0,"	6299,6300" 
2023-01-31T15:30:00Z,"TQQQ",2023-01-31T20:30:00Z,Buy,10.77097168,10.809439436,90629,3486.29,906.29,11330.46,1,"	6302,6308" 
2023-01-31T15:30:00Z,"AMD",2023-01-31T20:59:00Z,Buy,73.72,75,18248,23357.44,182.48,13594.76,1,"	6301,6309" 
2023-01-31T15:30:00Z,"SPXL",2023-01-31T20:59:00Z,Buy,69.405430239,71.201486274,19388,34821.93,193.88,10728.92,1,"	6303,6310" 
2023-01-31T16:00:00Z,"TSLA",2023-01-31T17:00:00Z,Buy,173.28,171.04,3305,-7403.2,33.05,8130.3,0,"	6304,6306" 
2023-01-31T16:00:00Z,"NVDA",2023-01-31T17:00:00Z,Buy,19.5976914464,19.3829140144,62999,-13530.76,629.99,18817.2,0,"	6305,6307" 
2023-02-01T15:00:00Z,"AMD",2023-02-01T16:00:00Z,Buy,79.67,79.88,17083,3587.43,170.83,24599.52,1,"	6311,6313" 
2023-02-01T15:00:00Z,"NVDA",2023-02-01T16:00:00Z,Buy,20.0082659792,19.9163612176,68007,-6250.17,680.07,18546.69,0,"	6312,6314" 
2023-02-01T20:00:00Z,"TQQQ",2023-02-01T20:59:00Z,Buy,11.521092922,11.7182401715,94571,18644.41,945.71,27739.25,1,"	6315,6319" 
2023-02-01T20:00:00Z,"SPXL",2023-02-01T20:59:00Z,Buy,72.745123623,73.453837626,18686,13243.03,186.86,31384.17,1,"	6316,6320" 
2023-02-01T20:30:00Z,"TSLA",2023-02-01T20:59:00Z,Buy,182.24,181.32,3900,-3588,39,9828,0,"	6317,6318" 
2023-02-02T15:00:00Z,"AMD",2023-02-02T20:00:00Z,Buy,85.73,86.35,12585,7802.7,125.85,32217.6,1,"	6321,6328" 
2023-02-02T16:00:00Z,"TSLA",2023-02-02T17:00:00Z,Buy,193.79,192.54,4916,-6145,49.16,24776.64,0,"	6322,6325" 
2023-02-02T16:00:00Z,"SPXL",2023-02-02T17:00:00Z,Buy,76.6964469,76.278985227,17969,-7501.37,179.69,11339.28,0,"	6324,6326" 
2023-02-02T16:00:00Z,"TQQQ",2023-02-02T20:00:00Z,Buy,12.828996626,12.5837646815,103913,-25482.79,1039.13,62957.47,0,"	6323,6330" 
2023-02-02T17:30:00Z,"NVDA",2023-02-02T20:00:00Z,Buy,21.467753552,21.2969305712,64084,-10947.02,640.84,40075.06,0,"	6327,6329" 
2023-02-03T15:00:00Z,"TSLA",2023-02-03T18:00:00Z,Buy,193.21,194.47,5681,7158.06,56.81,22837.62,1,"	6331,6332" 
2023-02-07T18:00:00Z,"NVDA",2023-02-07T18:30:00Z,Buy,22.0451552064,21.5356831584,53240,-27124.29,532.4,27124.29,0,"	6333,6336" 
2023-02-07T18:00:00Z,"TQQQ",2023-02-07T18:30:00Z,Buy,12.6126154985,12.050024567,54728,-30789.48,547.28,33157.9,0,"	6334,6337" 
2023-02-07T18:00:00Z,"SPXL",2023-02-07T18:30:00Z,Buy,75.298435716,72.842207733,16511,-40554.78,165.11,44562.17,0,"	6335,6338" 
2023-02-08T15:00:00Z,"TSLA",2023-02-08T16:00:00Z,Buy,201.12,200.2,6542,-6018.64,65.42,25579.22,0,"	6339,6340" 
2023-02-08T16:00:00Z,"TQQQ",2023-02-08T20:59:00Z,Sell,12.2183209995,12.0163652805,56473,11405.05,564.73,16157.15,1,"	6341,6344" 
2023-02-08T16:30:00Z,"SPXL",2023-02-08T17:30:00Z,Sell,73.317919872,73.822757244,17939,-9056.28,179.39,14629.37,0,"	6342,6343" 
2023-02-09T16:00:00Z,"NVDA",2023-02-09T16:30:00Z,Buy,22.9731935056,22.8403311872,47927,-6367.69,479.27,7851.89,0,"	6345,6346" 
2023-02-09T19:00:00Z,"SPXL",2023-02-09T20:59:00Z,Sell,72.482996526,71.191777863,12876,16625.73,128.76,14388.13,1,"	6347,6352" 
2023-02-09T20:30:00Z,"AMD",2023-02-09T20:59:00Z,Sell,83.07,83.21,13011,-1821.54,130.11,9888.36,0,"	6348,6350" 
2023-02-09T20:30:00Z,"TQQQ",2023-02-09T20:59:00Z,Sell,11.6124538425,11.665347007,42163,-2230.13,421.63,9832.87,0,"	6349,6351" 
2023-02-10T15:00:00Z,"AMD",2023-02-10T15:30:00Z,Sell,81.03,81.94,15085,-13727.35,150.85,21269.85,0,"	6353,6354" 
2023-02-10T16:00:00Z,"NVDA",2023-02-10T20:59:00Z,Sell,21.3059212544,21.2489802608,44100,2511.1,441,22952.32,1,"	6355,6358" 
2023-02-10T17:00:00Z,"TSLA",2023-02-10T20:59:00Z,Sell,196.42,196.94,6697,-3482.44,66.97,30069.53,0,"	6356,6357" 
2023-02-13T15:00:00Z,"TSLA",2023-02-13T15:30:00Z,Sell,189.87,191.86,6397,-12730.03,63.97,19734.74,0,"	6359,6362" 
2023-02-13T15:00:00Z,"TQQQ",2023-02-13T20:00:00Z,Buy,11.7759418055,11.905770482,78083,10137.41,780.83,16144.77,1,"	6360,6366" 
2023-02-13T15:00:00Z,"SPXL",2023-02-13T20:30:00Z,Buy,72.919875021,73.774215189,17959,15343.1,179.59,15343.1,1,"	6361,6367" 
2023-02-13T16:00:00Z,"AMD",2023-02-13T20:59:00Z,Buy,82.16,82.97,15959,12926.79,159.59,18193.26,1,"	6363,6368" 
2023-02-13T16:30:00Z,"NVDA",2023-02-13T17:00:00Z,Buy,21.872334296,21.8833229088,52664,578.7,526.64,6786.62,1,"	6364,6365" 
2023-02-14T15:00:00Z,"TQQQ",2023-02-14T15:30:00Z,Buy,12.126960079,12.1413854875,70936,1023.28,709.36,15690.31,1,"	6372,6373" 
2023-02-14T15:00:00Z,"AMD",2023-02-14T16:00:00Z,Buy,85.19,84.45,15489,-11461.86,154.89,35005.14,0,"	6370,6374" 
2023-02-14T15:00:00Z,"TSLA",2023-02-14T20:59:00Z,Buy,201.48,209.01,6549,49313.97,65.49,48331.62,1,"	6369,6375" 
2023-02-14T15:00:00Z,"NVDA",2023-02-14T20:59:00Z,Buy,22.5606210432,22.9582090336,52481,20865.82,524.81,30512.32,1,"	6371,6376" 
2023-02-15T15:00:00Z,"AMD",2023-02-15T17:00:00Z,Sell,83.98,84.24,15984,-4155.84,159.84,18141.84,0,"	6377,6378" 
2023-02-16T20:30:00Z,"TSLA",2023-02-16T20:59:00Z,Sell,204.72,201.98,4213,11543.62,42.13,8257.48,1,"	6379,6381" 
2023-02-16T20:30:00Z,"AMD",2023-02-16T20:59:00Z,Sell,80.5,80.19,16657,5163.67,166.57,7828.79,1,"	6380,6382" 
2023-02-17T15:00:00Z,"TQQQ",2023-02-17T15:30:00Z,Sell,11.3816473065,11.453774349,110233,-7950.78,1102.33,19081.87,0,"	6384,6386" 
2023-02-17T15:00:00Z,"SPXL",2023-02-17T15:30:00Z,Sell,69.745224624,70.376271339,19310,-12185.51,193.1,20434.17,0,"	6385,6387" 
2023-02-17T15:00:00Z,"AMD",2023-02-17T20:00:00Z,Sell,78.01,78.56,17271,-9499.05,172.71,19861.65,0,"	6383,6391" 
2023-02-17T16:00:00Z,"NVDA",2023-02-17T19:00:00Z,Sell,21.1400930976,21.1700620416,58341,-1748.42,583.41,12821.73,0,"	6388,6389" 
2023-02-17T20:00:00Z,"TSLA",2023-02-17T20:30:00Z,Buy,207.61,205.28,4526,-10545.58,45.26,12491.76,0,"	6390,6392" 
2023-02-21T15:30:00Z,"SPXL",2023-02-21T20:59:00Z,Sell,68.133628398,66.735617214,19522,27291.97,195.22,12129.77,1,"	6393,6398" 
2023-02-21T16:30:00Z,"TSLA",2023-02-21T18:00:00Z,Sell,200.83,203.32,5000,-12450,50,17300,0,"	6394,6396" 
2023-02-21T17:30:00Z,"TQQQ",2023-02-21T18:00:00Z,Sell,10.8719495395,10.9488850515,109861,-8452.21,1098.61,9244.61,0,"	6395,6397" 
2023-02-22T15:30:00Z,"TSLA",2023-02-22T16:00:00Z,Sell,193.33,195.05,4586,-7887.92,45.86,13253.54,0,"	6399,6400" 
2023-02-23T15:00:00Z,"NVDA",2023-02-23T16:00:00Z,Buy,23.6944460912,23.5196272512,56088,-9805.24,560.88,20058.72,0,"	6401,6403" 
2023-02-23T16:00:00Z,"TSLA",2023-02-23T17:30:00Z,Sell,198.04,199.39,4127,-5571.45,41.27,11679.41,0,"	6402,6405" 
2023-02-23T17:00:00Z,"SPXL",2023-02-23T18:00:00Z,Sell,65.386148085,65.949235923,18856,-10617.58,188.56,11899.02,0,"	6404,6406" 
2023-02-24T15:00:00Z,"SPXL",2023-02-24T16:00:00Z,Sell,64.279389231,64.143471477,20494,2785.5,204.94,9351.32,1,"	6407,6408" 
2023-02-27T15:00:00Z,"TQQQ",2023-02-27T15:30:00Z,Buy,10.857524131,10.876758009,112216,2158.35,1122.16,7014.63,1,"	6410,6411" 
2023-02-27T15:00:00Z,"TSLA",2023-02-27T16:00:00Z,Buy,205.93,205.21,6406,-4612.32,64.06,22100.7,0,"	6409,6412" 
2023-02-28T17:30:00Z,"NVDA",2023-02-28T20:00:00Z,Buy,23.645496816,23.55059516,30512,-2895.64,305.12,6827.61,0,"	6413,6416" 
2023-02-28T18:00:00Z,"TQQQ",2023-02-28T20:00:00Z,Buy,10.8527156615,10.7950140275,105789,-6104.2,1057.89,12717.08,0,"	6414,6417" 
2023-02-28T18:30:00Z,"AMD",2023-02-28T20:30:00Z,Buy,79.69,79.03,16572,-10937.52,165.72,19140.66,0,"	6415,6418" 
2023-03-01T15:00:00Z,"AMD",2023-03-01T15:30:00Z,Buy,79.99,78.76,16372,-20137.56,163.72,23657.54,0,"	6420,6422" 
2023-03-01T15:00:00Z,"TSLA",2023-03-01T17:30:00Z,Sell,202.72,201.98,5934,4391.16,59.34,19641.54,1,"	6419,6427" 
2023-03-01T15:00:00Z,"NVDA",2023-03-01T20:59:00Z,Sell,22.9751914352,22.6755019952,24418,7317.82,244.18,7366.6,1,"	6421,6428" 
2023-03-01T15:30:00Z,"TQQQ",2023-03-01T16:00:00Z,Sell,10.395911059,10.4968889185,116261,-11739.79,1162.61,22641.02,0,"	6423,6425" 
2023-03-01T15:30:00Z,"SPXL",2023-03-01T16:00:00Z,Sell,64.347348108,64.958978001,20336,-12438.11,203.36,18163.58,0,"	6424,6426" 
2023-03-02T19:00:00Z,"NVDA",2023-03-02T20:59:00Z,Buy,23.0621013728,23.2798756992,23506,5119,235.06,2911.73,1,"	6429,6434" 
2023-03-02T19:30:00Z,"AMD",2023-03-02T20:59:00Z,Buy,79.81,80.39,16248,9423.84,162.48,10317.48,1,"	6430,6433" 
2023-03-02T19:30:00Z,"TQQQ",2023-03-02T20:59:00Z,Buy,10.5834413695,10.626717595,110122,4765.66,1101.22,11119.88,1,"	6431,6435" 
2023-03-02T19:30:00Z,"SPXL",2023-03-02T20:59:00Z,Buy,65.454106962,65.774484525,19803,6344.44,198.03,11150.83,1,"	6432,6436" 
2023-03-03T15:00:00Z,"TQQQ",2023-03-03T20:59:00Z,Buy,10.9681189295,11.2854779165,90013,28566.43,900.13,12119.09,1,"	6437,6445" 
2023-03-03T15:00:00Z,"SPXL",2023-03-03T20:59:00Z,Buy,67.191912531,68.958843333,19421,34315.56,194.21,12444.11,1,"	6438,6446" 
2023-03-03T16:00:00Z,"AMD",2023-03-03T16:30:00Z,Sell,79.78,79.87,16354,-1471.86,163.54,6541.6,0,"	6439,6440" 
2023-03-03T17:00:00Z,"TSLA",2023-03-03T20:59:00Z,Buy,198.33,197.87,3839,-1765.94,38.39,13129.38,0,"	6441,6443" 
2023-03-03T19:30:00Z,"NVDA",2023-03-03T20:59:00Z,Buy,23.67546576,23.8692649312,56160,10883.76,561.6,5105.27,1,"	6442,6444" 
2023-03-06T15:00:00Z,"SPXL",2023-03-06T18:00:00Z,Buy,69.793766679,69.832600323,18056,701.18,180.56,16127.15,1,"	6447,6455" 
2023-03-06T15:30:00Z,"AMD",2023-03-06T16:30:00Z,Buy,82.63,82.34,16168,-4688.72,161.68,15682.96,0,"	6448,6451" 
2023-03-06T15:30:00Z,"NVDA",2023-03-06T16:30:00Z,Buy,24.1030226944,24.0390889472,55406,-3542.31,554.06,10848.33,0,"	6449,6452" 
2023-03-06T15:30:00Z,"TQQQ",2023-03-06T18:00:00Z,Buy,11.6316877205,11.5259013915,81170,-8586.68,811.7,21466.69,0,"	6450,6454" 
2023-03-06T18:00:00Z,"TSLA",2023-03-06T18:30:00Z,Sell,193.39,194.3,3512,-3195.92,35.12,5162.64,0,"	6453,6456" 
2023-03-07T15:30:00Z,"TQQQ",2023-03-07T17:30:00Z,Sell,11.0931391365,11.213350874,85325,-10257.07,853.25,22155.26,0,"	6457,6461" 
2023-03-07T15:30:00Z,"SPXL",2023-03-07T20:59:00Z,Sell,67.677333081,65.958944334,18533,31846.9,185.33,17452.82,1,"	6458,6464" 
2023-03-07T16:30:00Z,"AMD",2023-03-07T19:00:00Z,Buy,82.11,82.63,16220,8434.4,162.2,35359.6,1,"	6459,6463" 
2023-03-07T17:00:00Z,"NVDA",2023-03-07T18:30:00Z,Buy,23.9382634855,23.7923898485,55595,-8109.84,555.95,16719.61,0,"	6460,6462" 
2023-03-08T15:00:00Z,"TSLA",2023-03-08T15:30:00Z,Sell,181.41,181.88,5285,-2483.95,52.85,12049.8,0,"	6465,6468" 
2023-03-08T15:00:00Z,"AMD",2023-03-08T18:30:00Z,Buy,83.45,84.25,15961,12768.8,159.61,24260.72,1,"	6466,6469" 
2023-03-08T15:00:00Z,"NVDA",2023-03-08T20:30:00Z,Buy,23.729444375,23.9262738715,56130,11048.04,561.3,14637.25,1,"	6467,6470" 
2023-03-09T15:00:00Z,"NVDA",2023-03-09T15:30:00Z,Buy,24.344911227,24.1280990405,55051,-11935.73,550.51,18646.14,0,"	6472,6475" 
2023-03-09T15:00:00Z,"TQQQ",2023-03-09T15:30:00Z,Buy,11.328754142,11.280669447,88783,-4269.1,887.83,16009.14,0,"	6473,6476" 
2023-03-09T15:00:00Z,"SPXL",2023-03-09T15:30:00Z,Buy,67.123953654,66.774450858,15588,-5448.05,155.88,13014.79,0,"	6474,6477" 
2023-03-09T15:00:00Z,"AMD",2023-03-09T16:00:00Z,Buy,87.25,86.61,15360,-9830.4,153.6,17664,0,"	6471,6478" 
2023-03-09T19:00:00Z,"TSLA",2023-03-09T20:59:00Z,Sell,176.74,172.93,5737,21857.97,57.37,10355.28,1,"	6479,6480" 
2023-03-10T15:00:00Z,"AMD",2023-03-10T16:00:00Z,Sell,82.77,83.81,16135,-16780.4,161.35,26461.4,0,"	6481,6486" 
2023-03-10T15:00:00Z,"NVDA",2023-03-10T16:00:00Z,Sell,22.984090038,23.3267931715,58109,-19914.14,581.09,26881.18,0,"	6482,6487" 
2023-03-10T15:00:00Z,"TQQQ",2023-03-10T16:00:00Z,Sell,10.203572279,10.48246351,91549,-25532.21,915.49,26632.74,0,"	6483,6488" 
2023-03-10T15:30:00Z,"SPXL",2023-03-10T16:00:00Z,Sell,61.1629893,62.337707031,16397,-19261.85,163.97,20694.55,0,"	6484,6489" 
2023-03-10T16:00:00Z,"TSLA",2023-03-10T17:00:00Z,Buy,176.86,175.88,7085,-6943.3,70.85,18775.25,0,"	6485,6490" 
2023-03-13T14:00:00Z,"TQQQ",2023-03-13T14:30:00Z,Buy,10.1506791145,10.078552072,108034,-7792.17,1080.34,20779.13,0,"	6491,6492" 
2023-03-13T15:00:00Z,"SPXL",2023-03-13T17:00:00Z,Buy,60.609609873,60.065938857,18485,-10049.76,184.85,31046.58,0,"	6493,6496" 
2023-03-13T15:30:00Z,"NVDA",2023-03-13T16:00:00Z,Buy,23.1049853125,23.1409541545,52694,1895.34,526.94,7476.07,1,"	6494,6495" 
2023-03-13T18:30:00Z,"TSLA",2023-03-13T19:30:00Z,Buy,176.26,174.23,7334,-14888.02,73.34,24715.58,0,"	6497,6498" 
2023-03-14T14:00:00Z,"TSLA",2023-03-14T15:00:00Z,Buy,180.57,179.17,7125,-9975,71.25,16601.25,0,"	6499,6504" 
2023-03-14T14:00:00Z,"NVDA",2023-03-14T18:00:00Z,Buy,23.789392445,23.8443448425,54076,2971.61,540.76,19288.42,1,"	6501,6507" 
2023-03-14T14:00:00Z,"AMD",2023-03-14T19:00:00Z,Buy,86.41,86.46,14890,744.5,148.9,26653.1,1,"	6500,6508" 
2023-03-14T14:30:00Z,"SPXL",2023-03-14T15:00:00Z,Buy,62.667793005,62.551292073,20498,-2388.04,204.98,9154.14,0,"	6503,6505" 
2023-03-14T14:30:00Z,"TQQQ",2023-03-14T17:30:00Z,Buy,10.895991887,10.809439436,93133,-8060.89,931.33,27541.37,0,"	6502,6506" 
2023-03-15T14:30:00Z,"NVDA",2023-03-15T15:00:00Z,Sell,23.431702294,23.523622668,54582,-5017.2,545.82,9461.78,0,"	6509,6510" 
2023-03-15T17:00:00Z,"TSLA",2023-03-15T17:30:00Z,Sell,176.62,178.45,7229,-13229.07,72.29,18867.69,0,"	6511,6512" 
2023-03-15T19:00:00Z,"AMD",2023-03-15T19:59:00Z,Buy,89.55,89.23,14201,-4544.32,142.01,20804.46,0,"	6513,6514" 
2023-03-16T14:00:00Z,"AMD",2023-03-16T19:59:00Z,Buy,92.82,96.59,13681,51577.37,136.81,27362,1,"	6515,6521" 
2023-03-16T14:30:00Z,"NVDA",2023-03-16T19:59:00Z,Buy,24.4817926535,25.5348804165,52112,54878.51,521.12,9632.38,1,"	6516,6522" 
2023-03-16T15:00:00Z,"TQQQ",2023-03-16T19:59:00Z,Buy,11.473008227,12.001939872,84687,44793.63,846.87,14822.62,1,"	6517,6523" 
2023-03-16T15:00:00Z,"SPXL",2023-03-16T19:59:00Z,Buy,62.269748154,64.395890163,19036,40473.24,190.36,19774.6,1,"	6518,6524" 
2023-03-16T15:30:00Z,"TSLA",2023-03-16T18:00:00Z,Buy,183.85,184.41,7096,3973.76,70.96,11992.24,1,"	6519,6520" 
2023-03-17T14:30:00Z,"SPXL",2023-03-17T16:30:00Z,Sell,62.696918238,62.463916374,18449,4298.65,184.49,17731.94,1,"	6526,6527" 
2023-03-17T14:30:00Z,"TSLA",2023-03-17T18:00:00Z,Sell,180.87,180.4,7446,3499.62,74.46,21965.7,1,"	6525,6528" 
2023-03-20T14:00:00Z,"NVDA",2023-03-20T14:30:00Z,Sell,25.2451314115,25.453950522,53458,-11163.05,534.58,11163.05,0,"	6530,6533" 
2023-03-20T14:00:00Z,"TQQQ",2023-03-20T14:30:00Z,Sell,11.578794556,11.6990062935,97598,-11732.43,975.98,12671.02,0,"	6531,6534" 
2023-03-20T14:00:00Z,"AMD",2023-03-20T15:30:00Z,Sell,93.34,95.31,13149,-25903.53,131.49,31426.11,0,"	6529,6537" 
2023-03-20T14:30:00Z,"SPXL",2023-03-20T15:00:00Z,Buy,63.221172432,63.541549995,17934,5745.65,179.34,5745.65,1,"	6535,6536" 
2023-03-20T14:30:00Z,"TSLA",2023-03-20T16:00:00Z,Buy,185.12,183.95,7226,-8454.42,72.26,16041.72,0,"	6532,6538" 
2023-03-21T14:00:00Z,"TSLA",2023-03-21T14:30:00Z,Buy,191.97,190.85,6922,-7752.64,69.22,18066.42,0,"	6539,6540" 
2023-03-22T14:00:00Z,"AMD",2023-03-22T15:00:00Z,Buy,98.46,96.8,12023,-19958.18,120.23,27412.44,0,"	6541,6544" 
2023-03-22T14:00:00Z,"NVDA",2023-03-22T19:59:00Z,Buy,26.860731898,26.547003665,49359,-15485.31,493.59,49464.23,0,"	6542,6546" 
2023-03-22T14:30:00Z,"TQQQ",2023-03-22T15:00:00Z,Buy,12.613498112,12.55062408,93712,-5892.05,937.12,6798.52,0,"	6543,6545" 
2023-03-23T14:00:00Z,"SPXL",2023-03-23T17:00:00Z,Buy,64.789797928,65.169939664,15461,5877.37,154.61,17933.52,1,"	6547,6549" 
2023-03-23T14:30:00Z,"TQQQ",2023-03-23T17:30:00Z,Buy,12.59898872,12.55062408,76962,-3722.24,769.62,25497.34,0,"	6548,6550" 
2023-03-24T14:30:00Z,"NVDA",2023-03-24T16:00:00Z,Sell,26.6918781675,26.664901536,49029,1322.64,490.29,15038.88,1,"	6551,6555" 
2023-03-24T15:00:00Z,"AMD",2023-03-24T16:00:00Z,Sell,97.57,97.86,13454,-3901.66,134.54,15472.1,0,"	6552,6554" 
2023-03-24T15:30:00Z,"TQQQ",2023-03-24T16:00:00Z,Sell,12.076650608,12.303964416,61259,-13925.02,612.59,15406.4,0,"	6553,6556" 
2023-03-24T19:30:00Z,"SPXL",2023-03-24T19:59:00Z,Buy,64.516875656,64.497381208,10195,-198.75,101.95,5664.26,0,"	6557,6558" 
2023-03-27T16:00:00Z,"AMD",2023-03-27T16:30:00Z,Sell,95.72,96.34,13598,-8430.76,135.98,9382.62,0,"	6559,6561" 
2023-03-27T16:00:00Z,"TQQQ",2023-03-27T19:00:00Z,Sell,12.16370696,12.391020768,83464,-18972.52,834.64,21798.21,0,"	6560,6562" 
2023-03-28T14:00:00Z,"AMD",2023-03-28T14:30:00Z,Sell,93.05,94.05,13865,-13865,138.65,17469.9,0,"	6564,6567" 
2023-03-28T14:00:00Z,"TSLA",2023-03-28T15:30:00Z,Sell,188.44,189.22,4426,-3452.28,44.26,6550.48,0,"	6563,6568" 
2023-03-28T14:00:00Z,"NVDA",2023-03-28T15:30:00Z,Sell,25.89756624,26.2102953385,49800,-15573.91,498,18260.78,0,"	6565,6569" 
2023-03-28T14:00:00Z,"TQQQ",2023-03-28T15:30:00Z,Sell,11.912210832,11.950902544,81127,-3138.94,811.27,12555.77,0,"	6566,6570" 
2023-03-28T17:30:00Z,"SPXL",2023-03-28T19:00:00Z,Sell,64.175722816,64.146481144,15994,467.69,159.94,9042.03,1,"	6571,6572" 
2023-03-29T19:30:00Z,"TQQQ",2023-03-29T19:59:00Z,Buy,12.724736784,12.67153568,72224,-3842.4,722.24,6462.21,0,"	6573,6574" 
2023-03-30T14:30:00Z,"NVDA",2023-03-30T15:00:00Z,Buy,27.414252411,27.404261066,46468,-464.28,464.68,6267.75,0,"	6575,6576" 
2023-03-31T14:00:00Z,"TQQQ",2023-03-31T19:59:00Z,Buy,13.198710256,13.692029584,58788,29001.26,587.88,8387.62,1,"	6577,6583" 
2023-03-31T14:00:00Z,"SPXL",2023-03-31T19:59:00Z,Buy,69.361245984,71.437404696,18367,38132.81,183.67,10294.07,1,"	6578,6584" 
2023-03-31T14:30:00Z,"TSLA",2023-03-31T19:59:00Z,Buy,199.73,207.1,6380,47020.6,63.8,12441,1,"	6579,6581" 
2023-03-31T16:30:00Z,"NVDA",2023-03-31T19:59:00Z,Buy,27.700004878,27.7609520825,46991,2863.97,469.91,10094.32,1,"	6580,6582" 
2023-04-03T14:00:00Z,"AMD",2023-04-03T14:30:00Z,Sell,94.87,96.16,13905,-17937.45,139.05,18215.55,0,"	6586,6588" 
2023-04-03T14:00:00Z,"SPXL",2023-04-03T15:00:00Z,Buy,71.710326968,71.076757408,17329,-10979.13,173.29,20590.09,0,"	6587,6589" 
2023-04-03T14:00:00Z,"TSLA",2023-04-03T19:59:00Z,Sell,198.22,194.98,4892,15850.08,48.92,14333.56,1,"	6585,6590" 
2023-04-04T14:00:00Z,"NVDA",2023-04-04T15:00:00Z,Sell,27.618075849,27.733975451,47580,-5514.5,475.8,10838.85,0,"	6591,6592" 
2023-04-04T15:00:00Z,"SPXL",2023-04-04T19:59:00Z,Sell,71.44715192,70.784340688,16764,11111.37,167.64,16830.45,1,"	6593,6600" 
2023-04-04T15:30:00Z,"TSLA",2023-04-04T16:00:00Z,Sell,191.21,191.63,2936,-1233.12,29.36,2877.28,0,"	6594,6595" 
2023-04-04T18:30:00Z,"TQQQ",2023-04-04T19:30:00Z,Sell,13.353477104,13.319621856,59922,2028.67,599.22,4492.06,1,"	6596,6598" 
2023-04-04T19:30:00Z,"AMD",2023-04-04T19:59:00Z,Sell,95.21,95.88,13852,-9280.84,138.52,10111.96,0,"	6597,6599" 
2023-04-05T14:00:00Z,"TSLA",2023-04-05T18:00:00Z,Sell,187.8,186.6,3351,4021.2,33.51,8880.15,1,"	6601,6607" 
2023-04-05T14:00:00Z,"TQQQ",2023-04-05T19:00:00Z,Sell,13.174527936,12.990742304,71782,13192.5,717.82,17393.27,1,"	6602,6608" 
2023-04-05T15:00:00Z,"NVDA",2023-04-05T16:00:00Z,Sell,26.439097139,26.6479162495,50136,-10469.35,501.36,14376.58,0,"	6603,6605" 
2023-04-05T15:00:00Z,"SPXL",2023-04-05T16:00:00Z,Sell,69.64391548,70.024057216,16835,-6399.69,168.35,10173.86,0,"	6604,6606" 
2023-04-06T18:00:00Z,"TQQQ",2023-04-06T19:30:00Z,Buy,13.271257216,13.27609368,65713,317.82,657.13,6356.37,1,"	6609,6610" 
2023-04-10T14:00:00Z,"TSLA",2023-04-10T14:30:00Z,Sell,177.1,177.91,3518,-2849.58,35.18,5241.82,0,"	6611,6613" 
2023-04-10T14:00:00Z,"TQQQ",2023-04-10T15:00:00Z,Sell,12.715063856,12.8166296,72845,-7398.56,728.45,14797.11,0,"	6612,6615" 
2023-04-10T14:30:00Z,"AMD",2023-04-10T19:59:00Z,Buy,93.33,95.29,14039,27516.44,140.39,9406.13,1,"	6614,6618" 
2023-04-10T15:30:00Z,"NVDA",2023-04-10T16:30:00Z,Buy,27.318335499,27.2713761775,48060,-2256.86,480.6,7106.72,0,"	6616,6617" 
2023-04-11T14:00:00Z,"NVDA",2023-04-11T14:30:00Z,Sell,27.382280107,27.31633723,48098,3171.72,480.98,4661.47,1,"	6620,6622" 
2023-04-11T14:00:00Z,"TQQQ",2023-04-11T16:30:00Z,Sell,13.072962192,13.019761088,98727,5252.39,987.27,13369.71,1,"	6621,6623" 
2023-04-11T14:00:00Z,"AMD",2023-04-11T18:00:00Z,Sell,94.32,94.21,10266,1129.26,102.66,14269.74,1,"	6619,6624" 
2023-04-12T14:00:00Z,"AMD",2023-04-12T14:30:00Z,Sell,92.51,93.6,9587,-10449.83,95.87,14380.5,0,"	6625,6627" 
2023-04-12T14:00:00Z,"NVDA",2023-04-12T16:00:00Z,Sell,26.6918781675,26.866726705,46467,-8124.69,464.67,17038.63,0,"	6626,6632" 
2023-04-12T15:00:00Z,"TQQQ",2023-04-12T15:30:00Z,Sell,12.782774352,12.84081192,88092,-5112.65,880.92,12355.56,0,"	6629,6630" 
2023-04-12T15:00:00Z,"TSLA",2023-04-12T16:00:00Z,Sell,183.18,184.09,6669,-6068.79,66.69,15938.91,0,"	6628,6631" 
2023-04-12T19:30:00Z,"SPXL",2023-04-12T19:59:00Z,Sell,70.160518352,70.296979488,18648,-2544.73,186.48,7634.18,0,"	6633,6634" 
2023-04-13T14:30:00Z,"SPXL",2023-04-13T15:00:00Z,Buy,71.749315864,71.49588804,18214,-4615.93,182.14,5521.37,0,"	6636,6637" 
2023-04-13T14:30:00Z,"TQQQ",2023-04-13T19:59:00Z,Buy,13.13099976,13.353477104,79181,17615.98,791.81,5744.34,1,"	6635,6640" 
2023-04-13T15:30:00Z,"TSLA",2023-04-13T16:00:00Z,Buy,186.03,185.16,5516,-4798.92,55.16,5240.2,0,"	6638,6639" 
2023-04-14T14:00:00Z,"NVDA",2023-04-14T14:30:00Z,Buy,26.8117743075,26.4081239695,48864,-19723.97,488.64,20651.58,0,"	6641,6643" 
2023-04-14T14:00:00Z,"SPXL",2023-04-14T14:30:00Z,Buy,73.844969024,72.480357664,17760,-24235.5,177.6,24927.94,0,"	6642,6644" 
2023-04-17T14:00:00Z,"TSLA",2023-04-17T14:30:00Z,Buy,188.29,186.5,6422,-11495.38,64.22,17467.84,0,"	6645,6646" 
2023-04-17T16:30:00Z,"AMD",2023-04-17T17:00:00Z,Sell,88.46,88.86,14553,-5821.2,145.53,8004.15,0,"	6647,6649" 
2023-04-17T16:30:00Z,"TQQQ",2023-04-17T17:00:00Z,Sell,13.019761088,13.068125728,65172,-3152.02,651.72,3782.42,0,"	6648,6650" 
2023-04-18T14:00:00Z,"TSLA",2023-04-18T15:30:00Z,Sell,185.05,185.22,4737,-805.29,47.37,9616.11,0,"	6651,6653" 
2023-04-18T15:00:00Z,"NVDA",2023-04-18T16:00:00Z,Buy,27.851873322,27.785930445,46155,-3043.59,461.55,9591.93,0,"	6652,6654" 
2023-04-19T18:00:00Z,"NVDA",2023-04-19T18:30:00Z,Buy,27.8109088075,27.765947755,43617,-1961.07,436.17,4750.14,0,"	6655,6656" 
2023-04-20T14:00:00Z,"AMD",2023-04-20T15:30:00Z,Buy,90.79,90.64,14110,-2116.5,141.1,15097.7,0,"	6657,6658" 
2023-04-20T16:00:00Z,"TSLA",2023-04-20T19:59:00Z,Sell,163.81,162.67,5250,5985,52.5,13387.5,1,"	6659,6661" 
2023-04-20T18:30:00Z,"NVDA",2023-04-20T19:59:00Z,Sell,27.412254142,27.05656226,46810,16649.94,468.1,5565.57,1,"	6660,6662" 
2023-04-21T14:00:00Z,"TSLA",2023-04-21T14:30:00Z,Sell,161.82,163.58,2526,-4445.76,25.26,6264.48,0,"	6663,6667" 
2023-04-21T14:00:00Z,"AMD",2023-04-21T14:30:00Z,Sell,88.69,89.28,14532,-8573.88,145.32,10608.36,0,"	6664,6668" 
2023-04-21T14:00:00Z,"TQQQ",2023-04-21T14:30:00Z,Sell,12.729573248,12.932704736,101196,-20556.09,1011.96,26184.55,0,"	6665,6669" 
2023-04-21T14:00:00Z,"SPXL",2023-04-21T14:30:00Z,Sell,71.59336028,72.197688168,17989,-10871.25,179.89,15780.85,0,"	6666,6670" 
2023-04-24T14:30:00Z,"TSLA",2023-04-24T18:30:00Z,Sell,161.96,161.37,2491,1469.69,24.91,7348.45,1,"	6671,6678" 
2023-04-24T15:30:00Z,"AMD",2023-04-24T16:30:00Z,Sell,86.46,86.8,14727,-5007.18,147.27,6627.15,0,"	6672,6675" 
2023-04-24T15:30:00Z,"TQQQ",2023-04-24T17:00:00Z,Sell,12.734409712,12.782774352,99976,-4835.3,999.76,13055.32,0,"	6673,6677" 
2023-04-24T16:00:00Z,"NVDA",2023-04-24T17:00:00Z,Sell,26.6938764365,26.906692085,33835,-7200.62,338.35,7640.09,0,"	6674,6676" 
2023-04-25T14:00:00Z,"AMD",2023-04-25T15:30:00Z,Sell,85.91,85.82,14710,1323.9,147.1,11768,1,"	6679,6683" 
2023-04-25T14:00:00Z,"NVDA",2023-04-25T19:59:00Z,Sell,26.7778037345,26.213292742,29828,16838.23,298.28,6109.45,1,"	6680,6685" 
2023-04-25T14:30:00Z,"SPXL",2023-04-25T15:00:00Z,Sell,70.86231848,70.979285168,17921,-2096.16,179.21,6533.03,0,"	6681,6682" 
2023-04-25T16:30:00Z,"TQQQ",2023-04-25T19:59:00Z,Sell,12.47807712,12.202398672,101583,28004.24,1015.83,10317.35,1,"	6684,6686" 
2023-04-26T14:00:00Z,"TSLA",2023-04-26T16:00:00Z,Sell,156.23,156.14,4433,398.97,44.33,12545.39,1,"	6687,6690" 
2023-04-26T14:30:00Z,"SPXL",2023-04-26T15:00:00Z,Sell,68.610709736,69.068829264,18711,-8571.87,187.11,9119.02,0,"	6688,6689" 
2023-04-27T14:00:00Z,"AMD",2023-04-27T14:30:00Z,Sell,84.35,85.29,15143,-14234.42,151.43,17414.45,0,"	6691,6694" 
2023-04-27T14:00:00Z,"SPXL",2023-04-27T15:00:00Z,Buy,69.6926516,69.751134944,18323,1071.59,183.23,7858.33,1,"	6693,6696" 
2023-04-27T14:00:00Z,"NVDA",2023-04-27T15:30:00Z,Sell,26.6619041325,26.866726705,47898,-9810.59,478.98,15314.09,0,"	6692,6698" 
2023-04-27T14:30:00Z,"TQQQ",2023-04-27T19:59:00Z,Buy,12.96172352,13.406678208,91919,40899.79,919.19,8002.13,1,"	6695,6700" 
2023-04-27T15:30:00Z,"TSLA",2023-04-27T19:59:00Z,Buy,157.64,160.18,5039,12799.06,50.39,5089.39,1,"	6697,6699" 
2023-04-28T14:30:00Z,"TQQQ",2023-04-28T15:00:00Z,Buy,13.585627376,13.329294784,59321,-15205.91,593.21,17070.78,0,"	6701,6703" 
2023-04-28T14:30:00Z,"SPXL",2023-04-28T15:00:00Z,Buy,73.29912448,72.509599336,14238,-11241.26,142.38,12767.85,0,"	6702,6704" 
2023-04-28T17:00:00Z,"TSLA",2023-04-28T17:30:00Z,Buy,164.96,164.16,7480,-5984,74.8,7554.8,0,"	6705,6708" 
2023-04-28T17:00:00Z,"AMD",2023-04-28T19:59:00Z,Buy,88.55,89.32,14434,11114.18,144.34,7289.17,1,"	6706,6709" 
2023-04-28T17:00:00Z,"NVDA",2023-04-28T19:59:00Z,Buy,27.538145089,27.709996223,46405,7974.75,464.05,3616.46,1,"	6707,6710" 
2023-05-01T14:00:00Z,"NVDA",2023-05-01T19:59:00Z,Buy,28.223551356,28.9339359855,45475,32304.74,454.75,13176.34,1,"	6711,6714" 
2023-05-01T15:00:00Z,"SPXL",2023-05-01T15:30:00Z,Buy,74.449296912,73.854716248,14136,-8404.99,141.36,10885.15,0,"	6712,6713" 
2023-05-02T14:00:00Z,"TSLA",2023-05-02T14:30:00Z,Buy,164.35,164.03,7844,-2510.08,78.44,12785.72,0,"	6715,6717" 
2023-05-02T14:00:00Z,"SPXL",2023-05-02T17:30:00Z,Sell,72.753279936,70.86231848,15090,28534.61,150.9,18238.62,1,"	6716,6724" 
2023-05-02T14:30:00Z,"TQQQ",2023-05-02T17:30:00Z,Sell,13.334131248,13.271257216,67074,4217.21,670.74,15246.85,1,"	6718,6723" 
2023-05-02T15:00:00Z,"AMD",2023-05-02T15:30:00Z,Sell,88.22,88.72,14868,-7434,148.68,8177.4,0,"	6719,6721" 
2023-05-02T15:00:00Z,"NVDA",2023-05-02T16:00:00Z,Sell,28.1705972275,28.2165574145,46559,-2139.86,465.59,7303.44,0,"	6720,6722" 
2023-05-03T14:00:00Z,"AMD",2023-05-03T14:30:00Z,Sell,82.1,83.31,15825,-19148.25,158.25,23421,0,"	6726,6729" 
2023-05-03T14:00:00Z,"TQQQ",2023-05-03T14:30:00Z,Buy,13.406678208,13.285766608,55970,-6767.42,559.7,7850.21,0,"	6727,6730" 
2023-05-03T14:00:00Z,"SPXL",2023-05-03T14:30:00Z,Buy,71.885777,71.456899144,11635,-4989.99,116.35,6067.38,0,"	6728,6731" 
2023-05-03T14:00:00Z,"TSLA",2023-05-03T15:30:00Z,Buy,163.19,163.01,5421,-975.78,54.21,10842,0,"	6725,6732" 
2023-05-04T14:00:00Z,"AMD",2023-05-04T14:30:00Z,Buy,82.93,82.31,10953,-6790.86,109.53,10953,0,"	6733,6736" 
2023-05-04T14:00:00Z,"TQQQ",2023-05-04T15:00:00Z,Sell,12.826302528,12.84081192,76989,-1117.06,769.89,11356.81,0,"	6734,6737" 
2023-05-04T14:00:00Z,"SPXL",2023-05-04T15:30:00Z,Sell,68.406018032,68.211073552,16802,3275.46,168.02,18833.88,1,"	6735,6738" 
2023-05-05T14:00:00Z,"SPXL",2023-05-05T14:30:00Z,Buy,70.628385104,70.95979072,18178,6024.29,181.78,5492.74,1,"	6743,6744" 
2023-05-05T14:00:00Z,"TSLA",2023-05-05T19:59:00Z,Buy,166.4,169.99,7722,27721.98,77.22,9884.16,1,"	6739,6745" 
2023-05-05T14:00:00Z,"AMD",2023-05-05T19:59:00Z,Buy,87.82,89.78,5968,11697.28,59.68,4893.76,1,"	6740,6746" 
2023-05-05T14:00:00Z,"NVDA",2023-05-05T19:59:00Z,Buy,28.069684643,28.629199963,38805,21711.99,388.05,6125.88,1,"	6741,6747" 
2023-05-05T14:00:00Z,"TQQQ",2023-05-05T19:59:00Z,Buy,13.271257216,13.63882848,96760,35566.2,967.6,11231.43,1,"	6742,6748" 
2023-05-08T14:00:00Z,"TQQQ",2023-05-08T14:30:00Z,Sell,13.498571024,13.508243952,97937,-947.34,979.37,6157.69,0,"	6749,6750" 
2023-05-08T15:30:00Z,"AMD",2023-05-08T19:59:00Z,Buy,92.67,94.95,8633,19683.24,86.33,11136.57,1,"	6751,6752" 
2023-05-09T14:00:00Z,"NVDA",2023-05-09T15:00:00Z,Sell,28.6881488985,28.571250162,46426,5427.14,464.26,6470.82,1,"	6753,6754" 
2023-05-10T14:30:00Z,"AMD",2023-05-10T15:00:00Z,Buy,99.69,98.14,6820,-10571,68.2,12889.8,0,"	6755,6756" 
2023-05-10T17:30:00Z,"SPXL",2023-05-10T18:00:00Z,Sell,70.043551664,70.511418416,18979,-8879.64,189.79,13504.46,0,"	6757,6758" 
2023-05-11T14:00:00Z,"SPXL",2023-05-11T14:30:00Z,Sell,70.550407312,70.852571256,17456,-5274.57,174.56,8337.23,0,"	6760,6761" 
2023-05-11T14:00:00Z,"NVDA",2023-05-11T15:30:00Z,Sell,28.5162977645,28.5482700685,46501,-1486.74,465.01,14542.22,0,"	6759,6762" 
2023-05-12T14:00:00Z,"AMD",2023-05-12T14:30:00Z,Sell,95.58,95.76,13840,-2491.2,138.4,8926.8,0,"	6763,6764" 
2023-05-12T14:30:00Z,"TQQQ",2023-05-12T19:59:00Z,Sell,13.924179856,13.885488144,82381,3187.46,823.81,21913.8,1,"	6765,6772" 
2023-05-12T15:30:00Z,"SPXL",2023-05-12T16:00:00Z,Sell,70.76484624,71.096251856,18537,-6143.27,185.37,7064.76,0,"	6766,6767" 
2023-05-12T16:30:00Z,"NVDA",2023-05-12T17:30:00Z,Sell,28.1026560815,28.229546163,47133,-5980.71,471.33,12149.79,0,"	6769,6770" 
2023-05-12T16:30:00Z,"TSLA",2023-05-12T19:59:00Z,Sell,167.98,168.09,7676,-844.36,76.76,12665.4,0,"	6768,6771" 
2023-05-15T14:00:00Z,"TSLA",2023-05-15T14:30:00Z,Sell,165.27,166.26,7157,-7085.43,71.57,9089.39,0,"	6773,6774" 
2023-05-15T14:30:00Z,"AMD",2023-05-15T15:00:00Z,Sell,93.61,94.21,7899,-4739.4,78.99,6635.16,0,"	6775,6777" 
2023-05-15T14:30:00Z,"TQQQ",2023-05-15T15:00:00Z,Sell,13.793595328,13.85646936,78517,-4936.68,785.17,10215.13,0,"	6776,6778" 
2023-05-15T18:30:00Z,"NVDA",2023-05-15T19:59:00Z,Buy,28.817037249,28.9159515645,45477,4498.33,454.77,4316.58,1,"	6779,6780" 
2023-05-16T14:00:00Z,"TSLA",2023-05-16T14:30:00Z,Sell,164.8,167.47,7464,-19928.88,74.64,19928.88,0,"	6781,6784" 
2023-05-16T14:00:00Z,"NVDA",2023-05-16T19:30:00Z,Buy,29.256656429,29.370557762,41954,4778.62,419.54,22048.7,1,"	6783,6786" 
2023-05-16T14:00:00Z,"AMD",2023-05-16T19:59:00Z,Buy,100.9,101.46,12146,6801.76,121.46,22105.72,1,"	6782,6787" 
2023-05-16T14:30:00Z,"TQQQ",2023-05-16T19:59:00Z,Buy,14.233713552,14.161166592,71191,-5164.69,711.91,15321.92,0,"	6785,6788" 
2023-05-17T14:00:00Z,"TSLA",2023-05-17T19:59:00Z,Buy,169.73,173.74,7442,29842.42,74.42,10567.64,1,"	6789,6793" 
2023-05-17T17:00:00Z,"TQQQ",2023-05-17T19:59:00Z,Buy,14.548083712,14.65448592,90455,9624.61,904.55,11593.28,1,"	6790,6795" 
2023-05-17T17:00:00Z,"SPXL",2023-05-17T19:59:00Z,Buy,72.558335456,72.870246624,18134,5656.2,181.34,11754.28,1,"	6791,6796" 
2023-05-17T18:00:00Z,"NVDA",2023-05-17T19:59:00Z,Buy,30.0329839355,30.1488835375,44298,5134.12,442.98,5089.86,1,"	6792,6794" 
2023-05-18T14:00:00Z,"TQQQ",2023-05-18T18:00:00Z,Buy,14.89630912,15.070421824,88973,15491.33,889.73,25388.57,1,"	6798,6803" 
2023-05-18T14:00:00Z,"NVDA",2023-05-18T19:59:00Z,Buy,30.7703451965,31.6475852875,43082,37793.26,430.82,22297.16,1,"	6797,6804" 
2023-05-18T14:30:00Z,"AMD",2023-05-18T16:30:00Z,Buy,106.89,105.73,11182,-12971.12,111.82,25718.6,0,"	6799,6801" 
2023-05-18T14:30:00Z,"SPXL",2023-05-18T16:30:00Z,Buy,73.78648568,73.39659672,17871,-6967.71,178.71,18987,0,"	6800,6802" 
2023-05-19T14:00:00Z,"NVDA",2023-05-19T14:30:00Z,Sell,31.21296178,31.1400249615,42863,3126.29,428.63,10620.82,1,"	6806,6807" 
2023-05-19T14:00:00Z,"TSLA",2023-05-19T15:30:00Z,Buy,179.17,178.82,6887,-2410.45,68.87,18939.25,0,"	6805,6808" 
2023-05-22T14:00:00Z,"TQQQ",2023-05-22T14:30:00Z,Buy,15.592759936,15.50086712,81069,-7449.66,810.69,17839.97,0,"	6810,6812" 
2023-05-22T14:00:00Z,"TSLA",2023-05-22T19:59:00Z,Buy,183.81,188.81,7282,36410,72.82,10995.82,1,"	6809,6814" 
2023-05-22T14:30:00Z,"AMD",2023-05-22T15:30:00Z,Buy,108.46,107.76,11496,-8047.2,114.96,11840.88,0,"	6811,6813" 
2023-05-23T14:00:00Z,"TSLA",2023-05-23T14:30:00Z,Buy,191.18,191.67,7042,3450.58,70.42,8098.3,1,"	6815,6817" 
2023-05-23T14:00:00Z,"AMD",2023-05-23T14:30:00Z,Buy,110.47,109.72,11557,-8667.75,115.57,16526.51,0,"	6816,6818" 
2023-05-23T17:30:00Z,"SPXL",2023-05-23T19:59:00Z,Sell,73.065191104,72.236677064,18396,15241.34,183.96,12569.63,1,"	6819,6820" 
2023-05-24T14:00:00Z,"SPXL",2023-05-24T15:30:00Z,Sell,70.589396208,70.638132328,19124,-932.03,191.24,15098.88,0,"	6821,6824" 
2023-05-24T14:30:00Z,"TQQQ",2023-05-24T15:30:00Z,Sell,14.475536752,14.55775664,71726,-5897.3,717.26,14222.91,0,"	6822,6823" 
2023-05-25T16:00:00Z,"AMD",2023-05-25T17:30:00Z,Buy,119.61,119.17,11263,-4955.72,112.63,12276.67,0,"	6825,6826" 
2023-05-26T14:00:00Z,"TSLA",2023-05-26T19:59:00Z,Buy,189.18,193.23,7111,28799.55,71.11,45439.29,1,"	6827,6832" 
2023-05-26T14:00:00Z,"TQQQ",2023-05-26T19:59:00Z,Buy,16.2021544,16.932460464,73930,53991.53,739.3,9654.11,1,"	6828,6835" 
2023-05-26T14:00:00Z,"SPXL",2023-05-26T19:59:00Z,Buy,73.533057856,75.121855368,18322,29109.95,183.22,12858.38,1,"	6829,6836" 
2023-05-26T14:30:00Z,"AMD",2023-05-26T19:59:00Z,Buy,124.79,126.87,7932,16498.56,79.32,16776.18,1,"	6830,6833" 
2023-05-26T15:00:00Z,"NVDA",2023-05-26T19:59:00Z,Buy,38.518633244,38.890311278,11806,4388.03,118.06,4977.82,1,"	6831,6834" 
2023-05-30T14:00:00Z,"AMD",2023-05-30T15:00:00Z,Sell,125.17,126.82,10493,-17313.45,104.93,33157.88,0,"	6837,6838" 
2023-05-30T15:30:00Z,"NVDA",2023-05-30T16:30:00Z,Buy,41.080414102,40.2741125605,13535,-10913.29,135.35,13942.51,0,"	6839,6840" 
2023-05-31T14:30:00Z,"NVDA",2023-05-31T15:00:00Z,Sell,39.180060283,39.1510853825,14541,421.32,145.41,5825.89,1,"	6841,6842" 
2023-05-31T15:30:00Z,"TSLA",2023-05-31T16:00:00Z,Sell,195.97,196.79,7072,-5799.04,70.72,11244.48,0,"	6843,6845" 
2023-05-31T15:30:00Z,"SPXL",2023-05-31T16:00:00Z,Sell,73.045696656,73.308871704,18976,-4994.01,189.76,7953.42,0,"	6844,6847" 
2023-05-31T16:00:00Z,"AMD",2023-05-31T18:00:00Z,Sell,119.57,120.36,9740,-7694.6,97.4,17532,0,"	6846,6848" 
2023-06-01T14:00:00Z,"NVDA",2023-06-01T14:30:00Z,Buy,39.124108751,38.6495198635,12457,-5911.95,124.57,8587.89,0,"	6849,6850" 
2023-06-01T15:30:00Z,"TQQQ",2023-06-01T19:59:00Z,Buy,17.106573168,17.38708808,70240,19703.37,702.4,21571.79,1,"	6851,6855" 
2023-06-01T15:30:00Z,"SPXL",2023-06-01T19:59:00Z,Buy,75.073119248,75.716436032,18339,11797.79,183.39,18590.45,1,"	6852,6856" 
2023-06-01T18:30:00Z,"TSLA",2023-06-01T19:59:00Z,Buy,208.28,207.37,6692,-6089.72,66.92,18068.4,0,"	6853,6854" 
2023-06-02T14:00:00Z,"AMD",2023-06-02T14:30:00Z,Sell,118.11,118.65,5995,-3237.3,59.95,4975.85,0,"	6857,6860" 
2023-06-02T14:00:00Z,"NVDA",2023-06-02T14:30:00Z,Sell,39.234013546,39.6066907145,10476,-3904.17,104.76,4280.98,0,"	6858,6861" 
2023-06-02T14:30:00Z,"TSLA",2023-06-02T19:59:00Z,Buy,213.73,214.03,6472,1941.6,64.72,22004.8,1,"	6859,6863" 
2023-06-02T15:00:00Z,"SPXL",2023-06-02T19:59:00Z,Buy,78.61136156,79.196195,17664,10330.5,176.64,8436.57,1,"	6862,6864" 
2023-06-05T15:00:00Z,"TQQQ",2023-06-05T15:30:00Z,Buy,18.127067072,18.151249392,59396,1436.33,593.96,3734.47,1,"	6865,6866" 
2023-06-06T14:00:00Z,"TSLA",2023-06-06T14:30:00Z,Sell,213.81,214.8,6493,-6428.07,64.93,13115.86,0,"	6867,6869" 
2023-06-06T14:00:00Z,"AMD",2023-06-06T17:00:00Z,Buy,122.14,122.16,9417,188.34,94.17,21753.27,1,"	6868,6870" 
2023-06-07T14:00:00Z,"SPXL",2023-06-07T14:30:00Z,Buy,79.897995128,79.371645032,12531,-6595.69,125.31,8305.69,0,"	6871,6873" 
2023-06-07T14:30:00Z,"TQQQ",2023-06-07T19:59:00Z,Sell,17.70145824,16.917951072,62243,48767.84,622.43,14901.28,1,"	6872,6878" 
2023-06-07T15:00:00Z,"AMD",2023-06-07T15:30:00Z,Sell,120.94,121.27,5054,-1667.82,50.54,3360.91,0,"	6874,6875" 
2023-06-07T19:30:00Z,"NVDA",2023-06-07T19:59:00Z,Sell,37.6962497775,37.4964021975,16869,3371.23,168.69,2612.7,1,"	6876,6877" 
2023-06-08T14:00:00Z,"AMD",2023-06-08T14:30:00Z,Buy,120.66,119.88,5353,-4175.34,53.53,8270.38,0,"	6880,6883" 
2023-06-08T14:00:00Z,"TSLA",2023-06-08T19:59:00Z,Buy,227.05,234.94,6179,48752.31,61.79,13532.01,1,"	6879,6886" 
2023-06-08T14:00:00Z,"NVDA",2023-06-08T19:59:00Z,Buy,38.220849675,38.5076309523,20761,5953.87,207.61,11181.65,1,"	6881,6887" 
2023-06-08T14:00:00Z,"TQQQ",2023-06-08T19:59:00Z,Buy,17.082390848,17.532182,43369,19506.99,433.69,14892.44,1,"	6882,6888" 
2023-06-08T14:30:00Z,"SPXL",2023-06-08T15:00:00Z,Buy,78.777064368,79.088975536,13902,4336.19,139.02,4336.19,1,"	6884,6885" 
2023-06-09T14:00:00Z,"NVDA",2023-06-09T15:00:00Z,Buy,39.4728947637,39.1641302526,36286,-11203.83,362.86,21972.56,0,"	6889,6894" 
2023-06-09T14:00:00Z,"TQQQ",2023-06-09T15:00:00Z,Buy,18.073865968,17.836879232,53706,-12727.61,537.06,22598,0,"	6890,6895" 
2023-06-09T14:00:00Z,"SPXL",2023-06-09T15:00:00Z,Buy,80.677773048,80.75575084,17753,1384.34,177.53,12805.14,1,"	6891,6896" 
2023-06-09T14:30:00Z,"AMD",2023-06-09T15:00:00Z,Buy,126.43,125.78,6307,-4099.55,63.07,9208.22,0,"	6892,6893" 
2023-06-12T19:00:00Z,"TQQQ",2023-06-12T19:59:00Z,Buy,18.42692784,18.557512368,46358,6053.64,463.58,5605.22,1,"	6897,6899" 
2023-06-12T19:00:00Z,"SPXL",2023-06-12T19:59:00Z,Buy,81.53552876,82.042384408,17430,8834.49,174.3,5776.4,1,"	6898,6900" 
2023-06-13T14:30:00Z,"AMD",2023-06-13T15:00:00Z,Sell,126.19,128.47,5824,-13278.72,58.24,13278.72,0,"	6901,6902" 
2023-06-13T15:30:00Z,"SPXL",2023-06-13T16:00:00Z,Buy,83.884609744,83.494720784,16947,-6607.45,169.47,7268.19,0,"	6904,6905" 
2023-06-13T15:30:00Z,"NVDA",2023-06-13T16:30:00Z,Buy,40.688967288,40.6120259697,31040,-2388.26,310.4,9816.67,0,"	6903,6907" 
2023-06-13T16:30:00Z,"TSLA",2023-06-13T18:30:00Z,Buy,258.62,255.94,5482,-14691.76,54.82,19680.38,0,"	6906,6908" 
2023-06-14T14:00:00Z,"TSLA",2023-06-14T14:30:00Z,Sell,257.07,260.02,5491,-16198.45,54.91,27015.72,0,"	6909,6911" 
2023-06-14T14:00:00Z,"SPXL",2023-06-14T16:30:00Z,Buy,84.332982048,84.70337656,16740,6200.4,167.4,12563.98,1,"	6910,6915" 
2023-06-14T14:30:00Z,"NVDA",2023-06-14T19:59:00Z,Buy,41.4843606564,42.9032784744,26946,38234.16,269.46,21930.79,1,"	6912,6916" 
2023-06-14T15:30:00Z,"TQQQ",2023-06-14T16:00:00Z,Buy,19.423239424,19.331346608,39585,-3637.58,395.85,4882.01,0,"	6913,6914" 
2023-06-15T14:00:00Z,"SPXL",2023-06-15T19:59:00Z,Buy,84.976298832,86.94523808,16730,32940.35,167.3,15980.96,1,"	6917,6922" 
2023-06-15T14:30:00Z,"AMD",2023-06-15T16:00:00Z,Sell,123.17,123.94,6136,-4724.72,61.36,9418.76,0,"	6918,6920" 
2023-06-15T15:00:00Z,"TQQQ",2023-06-15T19:59:00Z,Buy,19.655389696,20.080998528,72490,30852.38,724.9,19107.44,1,"	6919,6921" 
2023-06-16T14:00:00Z,"AMD",2023-06-16T14:30:00Z,Sell,121.63,122.44,6765,-5479.65,67.65,6156.15,0,"	6924,6925" 
2023-06-16T14:00:00Z,"TSLA",2023-06-16T15:00:00Z,Buy,261.97,259.29,4741,-12705.88,47.41,20765.58,0,"	6923,6926" 
2023-06-20T14:00:00Z,"TSLA",2023-06-20T14:30:00Z,Buy,265.24,262.42,5419,-15281.58,54.19,19129.07,0,"	6927,6928" 
2023-06-20T14:30:00Z,"TQQQ",2023-06-20T15:30:00Z,Sell,19.210435008,19.345856,64471,-8730.73,644.71,13096.09,0,"	6929,6931" 
2023-06-20T14:30:00Z,"SPXL",2023-06-20T15:30:00Z,Sell,83.738401384,84.108795896,17091,-6330.41,170.91,11494.7,0,"	6930,6932" 
2023-06-20T17:30:00Z,"NVDA",2023-06-20T18:00:00Z,Buy,43.4908303596,43.3439423883,30796,-4523.56,307.96,6816.12,0,"	6933,6934" 
2023-06-21T14:00:00Z,"NVDA",2023-06-21T16:30:00Z,Sell,42.5935147254,42.7543920273,32121,-5167.54,321.21,24553.84,0,"	6937,6939" 
2023-06-21T14:00:00Z,"TQQQ",2023-06-21T18:00:00Z,Sell,19.1594008155,19.028404659,74226,9723.32,742.26,25748.79,1,"	6938,6940" 
2023-06-21T14:00:00Z,"TSLA",2023-06-21T19:59:00Z,Sell,268.05,259.52,4780,40773.4,47.8,29014.6,1,"	6935,6941" 
2023-06-21T14:00:00Z,"AMD",2023-06-21T19:59:00Z,Sell,116.53,112.15,11824,51789.12,118.24,25894.56,1,"	6936,6942" 
2023-06-22T14:30:00Z,"TQQQ",2023-06-22T15:00:00Z,Buy,19.1982144915,18.989590983,71047,-14822.07,710.47,21371.36,0,"	6943,6944" 
2023-06-26T14:00:00Z,"AMD",2023-06-26T14:30:00Z,Buy,112.43,111.73,12369,-8658.3,123.69,12863.76,0,"	6945,6948" 
2023-06-26T14:00:00Z,"TQQQ",2023-06-26T14:30:00Z,Buy,19.193362782,19.1399939775,54774,-2923.22,547.74,7175.18,0,"	6946,6949" 
2023-06-26T14:00:00Z,"SPXL",2023-06-26T14:30:00Z,Buy,82.99033158,82.82413584,17527,-2912.91,175.27,7196.61,0,"	6947,6950" 
2023-06-26T15:30:00Z,"NVDA",2023-06-26T19:59:00Z,Sell,41.3464658262,40.6150236834,35035,25626.08,350.35,34728.23,1,"	6951,6952" 
2023-06-27T15:00:00Z,"SPXL",2023-06-27T19:59:00Z,Buy,82.42331082,84.04616334,17699,28722.87,176.99,6748.14,1,"	6953,6960" 
2023-06-27T16:00:00Z,"TQQQ",2023-06-27T19:59:00Z,Buy,18.688784994,19.0429597875,55851,19781.02,558.51,7045.29,1,"	6954,6959" 
2023-06-27T18:00:00Z,"NVDA",2023-06-27T19:59:00Z,Buy,41.6532318615,41.8101122118,32988,5175.17,329.88,8965.9,1,"	6955,6958" 
2023-06-27T19:30:00Z,"AMD",2023-06-27T19:59:00Z,Buy,110.94,110.31,13390,-8435.7,133.9,11381.5,0,"	6956,6957" 
2023-06-28T14:30:00Z,"TSLA",2023-06-28T16:30:00Z,Buy,257.34,256.18,4000,-4640,40,18360,0,"	6961,6964" 
2023-06-28T15:00:00Z,"TQQQ",2023-06-28T15:30:00Z,Buy,19.319507229,19.1885110725,54781,-7176.1,547.81,13554.86,0,"	6962,6963" 
2023-06-29T15:30:00Z,"SPXL",2023-06-29T16:00:00Z,Buy,84.79893228,84.82826094,17354,508.97,173.54,4495.9,1,"	6965,6966" 
2023-06-30T14:00:00Z,"NVDA",2023-06-30T16:00:00Z,Buy,42.0019658886,42.207808896,35039,7212.53,350.39,17681.21,1,"	6967,6973" 
2023-06-30T14:00:00Z,"TQQQ",2023-06-30T16:00:00Z,Buy,19.8386401455,19.8192333075,54846,-1064.39,548.46,17828.49,0,"	6968,6974" 
2023-06-30T14:00:00Z,"SPXL",2023-06-30T16:00:00Z,Buy,87.46784034,87.497169,16820,493.31,168.2,12497.14,1,"	6969,6975" 
2023-06-30T15:00:00Z,"AMD",2023-06-30T15:30:00Z,Buy,114.05,114.03,12959,-259.18,129.59,6090.73,0,"	6970,6972" 
2023-06-30T15:30:00Z,"TSLA",2023-06-30T16:30:00Z,Buy,263.89,263.7,3581,-680.39,35.81,7305.24,0,"	6971,6976" 
2023-07-03T14:00:00Z,"TSLA",2023-07-03T15:00:00Z,Buy,282,279.2,3715,-10402,37.15,12853.9,0,"	6977,6978" 
2023-07-05T14:00:00Z,"NVDA",2023-07-05T15:30:00Z,Buy,42.7054293702,42.5035833144,26654,-5380,266.54,16512.89,0,"	6979,6981" 
2023-07-05T15:30:00Z,"AMD",2023-07-05T16:30:00Z,Sell,114.6,115.11,12800,-6528,128,8960,0,"	6980,6982" 
2023-07-06T14:00:00Z,"TSLA",2023-07-06T14:30:00Z,Sell,274.15,275.4,3869,-4836.25,38.69,8589.18,0,"	6983,6986" 
2023-07-06T14:00:00Z,"AMD",2023-07-06T14:30:00Z,Sell,110.84,111.57,13207,-9641.11,132.07,15055.98,0,"	6984,6987" 
2023-07-06T14:00:00Z,"SPXL",2023-07-06T16:30:00Z,Sell,84.97490424,85.20953352,17223,-4041.02,172.23,17511.09,0,"	6985,6990" 
2023-07-06T15:30:00Z,"TQQQ",2023-07-06T16:00:00Z,Sell,19.154549106,19.251583296,70202,-6811.99,702.02,10388.29,0,"	6988,6989" 
2023-07-07T14:00:00Z,"AMD",2023-07-07T14:30:00Z,Buy,114.75,114.05,12670,-8869,126.7,14190.4,0,"	6991,6992" 
2023-07-07T15:30:00Z,"NVDA",2023-07-07T19:30:00Z,Buy,42.777374499,42.7064286081,33905,-2405.42,339.05,15719.93,0,"	6993,6997" 
2023-07-07T16:00:00Z,"TQQQ",2023-07-07T19:00:00Z,Buy,19.717347408,19.7901230505,61828,4499.57,618.28,14848.59,1,"	6994,6996" 
2023-07-07T16:30:00Z,"SPXL",2023-07-07T19:30:00Z,Buy,86.46088968,86.00140734,16682,-7665.08,166.82,22913.71,0,"	6995,6998" 
2023-07-10T14:00:00Z,"TSLA",2023-07-10T14:30:00Z,Sell,270.68,272.04,3296,-4482.56,32.96,8470.72,0,"	6999,7003" 
2023-07-10T14:00:00Z,"NVDA",2023-07-10T14:30:00Z,Sell,41.9520039936,42.3307151577,34491,-13062.13,344.91,17197.89,0,"	7001,7004" 
2023-07-10T14:00:00Z,"TQQQ",2023-07-10T14:30:00Z,Sell,19.076921754,19.30980381,62330,-14515.54,623.3,19656.46,0,"	7002,7005" 
2023-07-10T14:00:00Z,"AMD",2023-07-10T15:30:00Z,Sell,110.08,112.23,13148,-28268.2,131.48,29714.48,0,"	7000,7006" 
2023-07-11T14:30:00Z,"AMD",2023-07-11T19:00:00Z,Sell,110.83,110.94,12735,-1400.85,127.35,16300.8,0,"	7007,7008" 
2023-07-12T14:00:00Z,"AMD",2023-07-12T15:00:00Z,Buy,114.83,113.69,12388,-14122.32,123.88,21926.76,0,"	7009,7012" 
2023-07-12T14:00:00Z,"NVDA",2023-07-12T16:00:00Z,Buy,43.5977488149,43.2430193604,32624,-11572.69,326.24,22330.41,0,"	7010,7014" 
2023-07-12T14:30:00Z,"TQQQ",2023-07-12T15:00:00Z,Buy,20.5178794755,20.4014384475,54826,-6384,548.26,9708.99,0,"	7011,7013" 
2023-07-13T16:30:00Z,"TQQQ",2023-07-13T19:59:00Z,Buy,21.1486017105,21.405742314,49532,12736.69,495.32,5887.71,1,"	7015,7021" 
2023-07-13T17:30:00Z,"NVDA",2023-07-13T19:59:00Z,Buy,45.0186651087,45.9649434,31330,29646.9,313.3,4570.69,1,"	7016,7020" 
2023-07-13T19:00:00Z,"TSLA",2023-07-13T19:59:00Z,Buy,278.39,277.66,5090,-3715.7,50.9,9060.2,0,"	7017,7019" 
2023-07-13T19:00:00Z,"SPXL",2023-07-13T19:59:00Z,Buy,91.17302772,91.39788078,13372,3006.74,133.72,5882.74,1,"	7018,7022" 
2023-07-14T14:00:00Z,"TSLA",2023-07-14T14:30:00Z,Buy,280.54,279.42,5082,-5691.84,50.82,10824.66,0,"	7023,7027" 
2023-07-14T14:00:00Z,"NVDA",2023-07-14T15:00:00Z,Buy,47.3658749358,47.1720227832,23658,-4586.15,236.58,17895.46,0,"	7025,7028" 
2023-07-14T14:00:00Z,"TQQQ",2023-07-14T15:00:00Z,Buy,21.8181376215,21.716251722,46648,-4752.77,466.48,17540,0,"	7026,7029" 
2023-07-14T14:00:00Z,"AMD",2023-07-14T16:30:00Z,Buy,120.47,119.45,11604,-11836.08,116.04,33187.44,0,"	7024,7030" 
2023-07-17T14:00:00Z,"TSLA",2023-07-17T14:30:00Z,Buy,290.46,287.01,4869,-16798.05,48.69,18112.68,0,"	7031,7033" 
2023-07-17T14:00:00Z,"AMD",2023-07-17T14:30:00Z,Sell,112.94,114.25,11797,-15454.07,117.97,19583.02,0,"	7032,7034" 
2023-07-17T14:30:00Z,"SPXL",2023-07-17T19:59:00Z,Buy,91.42720944,91.96490154,15330,8242.82,153.3,10340.99,1,"	7035,7038" 
2023-07-17T15:30:00Z,"TQQQ",2023-07-17T16:30:00Z,Buy,21.696844884,21.6628829175,48522,-1647.9,485.22,7533.27,0,"	7036,7037" 
2023-07-18T14:00:00Z,"SPXL",2023-07-18T19:59:00Z,Buy,92.4341601,94.03746018,15188,24350.92,151.88,8314.95,1,"	7039,7046" 
2023-07-18T14:30:00Z,"TSLA",2023-07-18T15:00:00Z,Sell,286.58,288.51,4899,-9455.07,48.99,13227.3,0,"	7040,7042" 
2023-07-18T14:30:00Z,"TQQQ",2023-07-18T15:00:00Z,Sell,21.63862437,21.7308068505,51121,-4712.46,511.21,9176.9,0,"	7041,7044" 
2023-07-18T15:00:00Z,"NVDA",2023-07-18T15:30:00Z,Sell,45.9429601662,45.9999167265,20364,-1159.86,203.64,4700.5,0,"	7043,7045" 
2023-07-19T14:00:00Z,"SPXL",2023-07-19T14:30:00Z,Buy,95.1715017,95.01508218,14781,-2312.04,147.81,4768.58,0,"	7047,7048" 
2023-07-19T15:30:00Z,"TSLA",2023-07-19T16:00:00Z,Buy,298.1,296.93,4717,-5518.89,47.17,11132.12,0,"	7049,7050" 
2023-07-19T16:30:00Z,"AMD",2023-07-19T19:30:00Z,Sell,116.2,116.96,12080,-9180.8,120.8,18844.8,0,"	7051,7052" 
2023-07-20T14:00:00Z,"TSLA",2023-07-20T19:59:00Z,Sell,275.57,262.81,5081,64833.56,50.81,20781.29,1,"	7053,7061" 
2023-07-20T14:30:00Z,"SPXL",2023-07-20T15:00:00Z,Sell,93.48999186,93.61708272,15034,-1910.68,150.34,9259.47,0,"	7057,7058" 
2023-07-20T14:30:00Z,"AMD",2023-07-20T15:30:00Z,Sell,111.76,112.91,12577,-14463.55,125.77,27543.63,0,"	7054,7059" 
2023-07-20T14:30:00Z,"NVDA",2023-07-20T15:30:00Z,Sell,45.7241270661,46.1258207019,19110,-7676.37,191.1,15371.83,0,"	7055,7060" 
2023-07-20T14:30:00Z,"TQQQ",2023-07-20T19:59:00Z,Sell,21.5755521465,20.8963128165,46582,31640.33,465.82,15820.16,1,"	7056,7062" 
2023-07-21T14:00:00Z,"NVDA",2023-07-21T17:30:00Z,Sell,44.9177420808,45.06562929,31803,-4703.26,318.03,19543.94,0,"	7063,7066" 
2023-07-21T14:30:00Z,"TSLA",2023-07-21T15:30:00Z,Sell,256.66,262.44,2890,-16704.2,28.9,17412.25,0,"	7064,7065" 
2023-07-24T14:00:00Z,"TQQQ",2023-07-24T14:30:00Z,Sell,20.561544861,20.8672025595,47149,-14411.45,471.49,16241.48,0,"	7067,7068" 
2023-07-24T15:30:00Z,"SPXL",2023-07-24T16:00:00Z,Buy,93.9005931,94.02768396,15057,1913.61,150.57,4121.62,1,"	7070,7071" 
2023-07-24T15:30:00Z,"TSLA",2023-07-24T19:59:00Z,Buy,263.95,268.97,2920,14658.4,29.2,6132,1,"	7069,7072" 
2023-07-25T14:00:00Z,"TQQQ",2023-07-25T14:30:00Z,Buy,21.1971188055,21.05641923,47194,-6640.18,471.94,7556.06,0,"	7074,7075" 
2023-07-25T14:00:00Z,"NVDA",2023-07-25T15:00:00Z,Buy,45.9629449242,45.6222048003,30907,-10531.26,309.07,16090.28,0,"	7073,7076" 
2023-07-25T16:00:00Z,"AMD",2023-07-25T16:30:00Z,Buy,112.54,112.55,12560,125.6,125.6,4647.2,1,"	7077,7079" 
2023-07-25T16:00:00Z,"SPXL",2023-07-25T19:59:00Z,Buy,94.55559984,94.70224314,14948,2192.02,149.48,11398.53,1,"	7078,7080" 
2023-07-26T15:00:00Z,"AMD",2023-07-26T16:00:00Z,Sell,109.7,110.4,11029,-7720.3,110.29,10698.13,0,"	7081,7084" 
2023-07-26T15:00:00Z,"TQQQ",2023-07-26T16:00:00Z,Sell,20.6828375985,20.8866093975,47387,-9656.13,473.87,15173.93,0,"	7083,7085" 
2023-07-26T15:00:00Z,"NVDA",2023-07-26T17:30:00Z,Sell,44.7818457264,45.1305797535,31574,-11010.93,315.74,17983.46,0,"	7082,7086" 
2023-07-27T15:30:00Z,"AMD",2023-07-27T18:00:00Z,Buy,113.2,113.15,10178,-508.9,101.78,20864.9,0,"	7087,7090" 
2023-07-27T16:30:00Z,"NVDA",2023-07-27T17:00:00Z,Buy,47.2869351417,47.2209854403,29764,-1962.93,297.64,5115.51,0,"	7088,7089" 
2023-07-27T18:30:00Z,"SPXL",2023-07-27T19:59:00Z,Sell,93.53887296,92.75677536,14985,11719.73,149.85,10401.26,1,"	7091,7092" 
2023-07-28T14:00:00Z,"TQQQ",2023-07-28T19:30:00Z,Buy,21.7016965935,21.920023521,64783,14143.87,647.83,29073.52,1,"	7093,7100" 
2023-07-28T15:00:00Z,"SPXL",2023-07-28T17:30:00Z,Buy,95.25948768,94.85866266,14791,-5928.6,147.91,14604.61,0,"	7094,7098" 
2023-07-28T15:30:00Z,"TSLA",2023-07-28T19:00:00Z,Buy,264.34,266.94,3543,9211.8,35.43,9459.81,1,"	7095,7099" 
2023-07-28T16:00:00Z,"AMD",2023-07-28T16:30:00Z,Buy,114.56,114.63,11539,807.73,115.39,5538.72,1,"	7096,7097" 
2023-08-01T14:00:00Z,"TSLA",2023-08-01T15:00:00Z,Sell,262.81,263.7,3667,-3263.63,36.67,7957.39,0,"	7101,7103" 
2023-08-01T14:30:00Z,"AMD",2023-08-01T19:59:00Z,Buy,115.98,117.66,12186,20472.48,121.86,16572.96,1,"	7102,7104" 
2023-08-02T14:00:00Z,"AMD",2023-08-02T19:59:00Z,Sell,113.69,109.44,11341,48199.25,113.41,39920.32,1,"	7105,7111" 
2023-08-02T14:00:00Z,"NVDA",2023-08-02T19:59:00Z,Sell,45.2335012572,44.3042100102,31384,29164.88,313.84,31297.36,1,"	7106,7112" 
2023-08-02T14:00:00Z,"TQQQ",2023-08-02T19:59:00Z,Sell,20.930274783,20.4305487045,45569,22772.02,455.69,18239.72,1,"	7107,7113" 
2023-08-02T14:30:00Z,"SPXL",2023-08-02T19:59:00Z,Sell,92.1408735,91.3098948,15483,12866.04,154.83,13320.14,1,"	7108,7114" 
2023-08-02T16:00:00Z,"TSLA",2023-08-02T17:30:00Z,Sell,251.76,253.88,3707,-7858.84,37.07,14123.67,0,"	7109,7110" 
2023-08-03T14:00:00Z,"NVDA",2023-08-03T14:30:00Z,Buy,44.7818457264,44.2632412563,32641,-16927.77,326.41,21396.18,0,"	7116,7117" 
2023-08-03T14:00:00Z,"AMD",2023-08-03T19:30:00Z,Buy,112.43,112.96,10435,5530.55,104.35,24417.9,1,"	7115,7120" 
2023-08-03T17:00:00Z,"TSLA",2023-08-03T17:30:00Z,Buy,257.69,257.69,5680,0,56.8,3408,0,"	7118,7119" 
2023-08-04T16:30:00Z,"SPXL",2023-08-04T17:30:00Z,Buy,92.30706924,91.77915336,15780,-8330.51,157.8,12958.58,0,"	7121,7124" 
2023-08-04T17:00:00Z,"AMD",2023-08-04T17:30:00Z,Buy,118.67,117.43,8998,-11157.52,89.98,12732.17,0,"	7122,7123" 
2023-08-04T18:30:00Z,"TSLA",2023-08-04T19:59:00Z,Sell,255.64,253.81,5665,10366.95,56.65,5891.6,1,"	7125,7126" 
2023-08-07T14:00:00Z,"TSLA",2023-08-07T18:00:00Z,Sell,246.01,248.4,5905,-14112.95,59.05,33776.6,0,"	7127,7130" 
2023-08-07T14:30:00Z,"SPXL",2023-08-07T15:00:00Z,Buy,90.50824476,90.17585328,15992,-5315.6,159.92,8598.77,0,"	7128,7129" 
2023-08-08T14:00:00Z,"SPXL",2023-08-08T16:30:00Z,Sell,88.61165808,88.54322454,16308,1116.01,163.08,12276.16,1,"	7132,7133" 
2023-08-08T14:00:00Z,"TQQQ",2023-08-08T17:30:00Z,Sell,19.69794057,19.668830313,60099,1749.5,600.99,18836.25,1,"	7131,7134" 
2023-08-09T14:00:00Z,"NVDA",2023-08-09T17:30:00Z,Sell,43.446863892,43.0521649215,33274,13133.21,332.74,32550.42,1,"	7135,7139" 
2023-08-09T14:00:00Z,"TQQQ",2023-08-09T17:30:00Z,Sell,19.649423475,19.5184273185,59364,7776.46,593.64,21601.27,1,"	7136,7140" 
2023-08-09T14:30:00Z,"TSLA",2023-08-09T18:30:00Z,Sell,246.68,246.07,5867,3578.87,58.67,20270.48,1,"	7137,7142" 
2023-08-09T15:00:00Z,"SPXL",2023-08-09T17:30:00Z,Sell,89.08091664,89.10046908,16505,-322.71,165.05,22831.95,0,"	7138,7141" 
2023-08-10T14:00:00Z,"AMD",2023-08-10T14:30:00Z,Buy,113.5,112.76,9811,-7260.14,98.11,10105.33,0,"	7144,7148" 
2023-08-10T14:00:00Z,"NVDA",2023-08-10T14:30:00Z,Buy,43.3329507714,42.9192662808,29517,-12210.73,295.17,19141.93,0,"	7145,7149" 
2023-08-10T14:00:00Z,"TSLA",2023-08-10T15:00:00Z,Buy,250.51,249.1,5808,-8189.28,58.08,17888.64,0,"	7143,7150" 
2023-08-10T14:00:00Z,"TQQQ",2023-08-10T15:00:00Z,Buy,20.1879632295,19.843491855,70985,-24452.3,709.85,33062.27,0,"	7146,7151" 
2023-08-10T14:00:00Z,"SPXL",2023-08-10T15:00:00Z,Buy,91.29034236,90.26383926,15937,-16359.38,159.37,25084.38,0,"	7147,7152" 
2023-08-11T14:00:00Z,"AMD",2023-08-11T14:30:00Z,Sell,107.21,108.54,12065,-16046.45,120.65,18761.08,0,"	7153,7154" 
2023-08-11T15:30:00Z,"NVDA",2023-08-11T19:59:00Z,Sell,40.9028041986,40.7958857433,29318,3134.64,293.18,13358.82,1,"	7155,7156" 
2023-08-14T14:00:00Z,"NVDA",2023-08-14T19:59:00Z,Buy,41.6102646318,43.6936756533,25591,53316.57,255.91,9589.31,1,"	7157,7163" 
2023-08-14T15:00:00Z,"AMD",2023-08-14T19:59:00Z,Buy,109.7,111.81,13060,27556.6,130.6,9664.4,1,"	7158,7162" 
2023-08-14T15:00:00Z,"TQQQ",2023-08-14T19:59:00Z,Buy,19.4602068045,19.571796123,58164,6490.48,581.64,15520.72,1,"	7159,7164" 
2023-08-14T15:30:00Z,"SPXL",2023-08-14T16:00:00Z,Buy,88.77785382,88.75830138,16170,-316.16,161.7,6323.26,0,"	7160,7161" 
2023-08-15T14:30:00Z,"TQQQ",2023-08-15T15:00:00Z,Sell,19.096328592,19.096328592,60718,0,607.18,10163.22,0,"	7166,7168" 
2023-08-15T14:30:00Z,"SPXL",2023-08-15T15:30:00Z,Sell,86.87149092,87.37007814,16753,-8352.83,167.53,13593.82,0,"	7167,7169" 
2023-08-15T14:30:00Z,"TSLA",2023-08-15T19:59:00Z,Sell,235.34,232.96,6186,14722.68,61.86,11908.05,1,"	7165,7170" 
2023-08-16T14:30:00Z,"AMD",2023-08-16T15:30:00Z,Sell,108.06,108.12,12381,-742.86,123.81,7800.03,0,"	7171,7172" 
2023-08-16T19:30:00Z,"TQQQ",2023-08-16T19:59:00Z,Sell,18.4510512285,18.3928307145,68880,4010.23,688.8,6015.34,1,"	7173,7175" 
2023-08-16T19:30:00Z,"SPXL",2023-08-16T19:59:00Z,Sell,84.55452678,84.40788348,17242,2528.42,172.42,6742.46,1,"	7174,7176" 
2023-08-17T14:30:00Z,"AMD",2023-08-17T16:30:00Z,Sell,104.41,105.62,11659,-14107.39,116.59,14107.39,0,"	7177,7182" 
2023-08-17T15:30:00Z,"TSLA",2023-08-17T16:00:00Z,Sell,223.39,224.02,6529,-4113.27,65.29,5484.36,0,"	7178,7180" 
2023-08-17T15:30:00Z,"TQQQ",2023-08-17T16:00:00Z,Sell,18.096876435,18.232724301,71211,-9673.86,712.11,11401.34,0,"	7179,7181" 
2023-08-17T19:00:00Z,"SPXL",2023-08-17T19:59:00Z,Sell,82.7557023,82.40375838,17499,6158.67,174.99,13942.54,1,"	7183,7184" 
2023-08-18T14:00:00Z,"NVDA",2023-08-18T15:00:00Z,Sell,41.8300969698,42.1768325211,17907,-6208.99,179.07,11147.56,0,"	7185,7186" 
2023-08-21T14:00:00Z,"AMD",2023-08-21T14:30:00Z,Buy,107.64,106.08,8280,-12916.8,82.8,12916.8,0,"	7188,7192" 
2023-08-21T14:00:00Z,"NVDA",2023-08-21T14:30:00Z,Buy,45.295454007,45.1205873745,18200,-3182.57,182,7601.8,0,"	7189,7193" 
2023-08-21T14:00:00Z,"TQQQ",2023-08-21T14:30:00Z,Buy,18.261834558,17.961028569,51857,-15598.9,518.57,18114.85,0,"	7190,7194" 
2023-08-21T14:00:00Z,"SPXL",2023-08-21T14:30:00Z,Buy,83.5377999,82.35487728,16117,-19065.16,161.17,19852.98,0,"	7191,7195" 
2023-08-21T14:00:00Z,"TSLA",2023-08-21T15:00:00Z,Buy,228.4,225.77,6342,-16679.46,63.42,25431.42,0,"	7187,7196" 
2023-08-22T14:00:00Z,"AMD",2023-08-22T15:00:00Z,Sell,106.94,106.78,13291,2126.56,132.91,11164.44,1,"	7197,7199" 
2023-08-22T14:00:00Z,"NVDA",2023-08-22T15:00:00Z,Sell,46.2327391572,46.514524245,24323,-6853.86,243.23,20172.7,0,"	7198,7200" 
2023-08-23T14:00:00Z,"AMD",2023-08-23T19:59:00Z,Buy,107.5,109.32,13205,24033.1,132.05,13469.1,1,"	7201,7208" 
2023-08-23T14:00:00Z,"TQQQ",2023-08-23T19:59:00Z,Buy,18.9168153405,19.261286715,66840,23024.47,668.4,13457.96,1,"	7202,7209" 
2023-08-23T14:00:00Z,"SPXL",2023-08-23T19:59:00Z,Buy,84.43721214,85.71789696,16807,21524.47,168.07,10860.82,1,"	7203,7210" 
2023-08-23T15:00:00Z,"NVDA",2023-08-23T15:30:00Z,Buy,46.6604129784,46.5405044304,20971,-2514.6,209.71,4358.64,0,"	7204,7205" 
2023-08-23T16:00:00Z,"TSLA",2023-08-23T16:30:00Z,Buy,236.97,236.48,4186,-2051.14,41.86,4981.34,0,"	7206,7207" 
2023-08-24T14:00:00Z,"AMD",2023-08-24T19:59:00Z,Sell,106.19,101.99,13599,57115.8,135.99,29101.86,1,"	7211,7216" 
2023-08-24T14:30:00Z,"TSLA",2023-08-24T16:30:00Z,Sell,229.25,232.73,5185,-18043.8,51.85,23436.2,0,"	7212,7215" 
2023-08-24T14:30:00Z,"TQQQ",2023-08-24T19:59:00Z,Sell,18.834336279,18.116283273,69162,49661.98,691.62,22817.67,1,"	7213,7217" 
2023-08-24T15:00:00Z,"SPXL",2023-08-24T19:59:00Z,Sell,84.75005118,82.7068212,17261,35268.19,172.61,15001.64,1,"	7214,7218" 
2023-08-25T15:00:00Z,"NVDA",2023-08-25T18:30:00Z,Sell,45.2684745837,45.914981505,30034,-19417.19,300.34,26589.84,0,"	7219,7221" 
2023-08-25T18:30:00Z,"TSLA",2023-08-25T19:59:00Z,Buy,238.46,238.65,6150,1168.5,61.5,7626,1,"	7220,7222" 
2023-08-29T14:00:00Z,"SPXL",2023-08-29T19:59:00Z,Buy,86.20670796,89.16890262,17243,51077.12,172.43,11800,1,"	7223,7232" 
2023-08-29T14:30:00Z,"NVDA",2023-08-29T15:00:00Z,Buy,48.1173018366,48.1862492517,31052,2140.96,310.52,9339.53,1,"	7225,7227" 
2023-08-29T14:30:00Z,"TSLA",2023-08-29T19:59:00Z,Buy,249.24,256.91,5994,45973.98,59.94,12587.4,1,"	7224,7230" 
2023-08-29T14:30:00Z,"TQQQ",2023-08-29T19:59:00Z,Buy,19.620313218,20.0618187825,54050,23863.38,540.5,6791.88,1,"	7226,7231" 
2023-08-29T17:00:00Z,"AMD",2023-08-29T18:00:00Z,Buy,105.92,106.13,11219,2355.99,112.19,4375.41,1,"	7228,7229" 
2023-08-30T14:00:00Z,"SPXL",2023-08-30T14:30:00Z,Buy,90.46913988,89.3057697,16975,-19748.21,169.75,27879.82,0,"	7233,7234" 
2023-08-31T14:00:00Z,"TQQQ",2023-08-31T14:30:00Z,Buy,20.697392727,20.7992786265,53604,5461.49,536.04,5331.46,1,"	7235,7237" 
2023-08-31T14:00:00Z,"SPXL",2023-08-31T14:30:00Z,Buy,91.09481796,91.24146126,16766,2458.62,167.66,5245.06,1,"	7236,7238" 
2023-09-01T14:00:00Z,"TSLA",2023-09-01T19:59:00Z,Sell,252.67,244.98,3727,28660.63,37.27,9839.28,1,"	7239,7244" 
2023-09-01T14:30:00Z,"AMD",2023-09-01T15:00:00Z,Buy,108.4,108.24,14120,-2259.2,141.2,11437.2,0,"	7240,7241" 
2023-09-01T15:00:00Z,"NVDA",2023-09-01T16:00:00Z,Sell,48.3041593239,48.2621913321,27428,1151.1,274.28,9948.78,1,"	7242,7243" 
2023-09-05T14:00:00Z,"SPXL",2023-09-05T14:30:00Z,Sell,89.28621726,89.5012941,17259,-3712.01,172.59,9786.21,0,"	7246,7248" 
2023-09-05T14:00:00Z,"AMD",2023-09-05T15:00:00Z,Sell,106.98,108,14404,-14692.08,144.04,25351.04,0,"	7245,7249" 
2023-09-05T14:30:00Z,"TSLA",2023-09-05T19:59:00Z,Buy,252.16,256.55,3125,13718.75,31.25,5468.75,1,"	7247,7250" 
2023-09-06T14:00:00Z,"TSLA",2023-09-06T16:00:00Z,Sell,249.62,248.63,3090,3059.1,30.9,9517.2,1,"	7251,7256" 
2023-09-06T14:00:00Z,"NVDA",2023-09-06T19:59:00Z,Sell,47.6805647026,46.998029006,32273,22027.47,322.73,17157.56,1,"	7252,7259" 
2023-09-06T14:30:00Z,"TQQQ",2023-09-06T15:30:00Z,Sell,19.98904314,20.0035982685,70906,-1032.05,709.06,11696.52,0,"	7253,7255" 
2023-09-06T14:30:00Z,"SPXL",2023-09-06T19:59:00Z,Sell,87.18432996,87.26253972,17826,-1394.17,178.26,24920.74,0,"	7254,7260" 
2023-09-06T17:00:00Z,"AMD",2023-09-06T17:30:00Z,Sell,108.44,108.85,14383,-5897.03,143.83,9924.27,0,"	7257,7258" 
2023-09-08T14:00:00Z,"AMD",2023-09-08T14:30:00Z,Buy,109.06,108.39,9509,-6371.03,95.09,7131.75,0,"	7261,7263" 
2023-09-08T14:00:00Z,"SPXL",2023-09-08T15:00:00Z,Buy,86.9105958,86.94970068,17779,695.25,177.79,11992.99,1,"	7262,7266" 
2023-09-08T14:30:00Z,"TQQQ",2023-09-08T15:00:00Z,Buy,19.9550811735,19.6542751845,77519,-23318.18,775.19,25950.88,0,"	7264,7265" 
2023-09-11T14:00:00Z,"AMD",2023-09-11T17:30:00Z,Sell,103.93,104.44,9789,-4992.39,97.89,13704.6,0,"	7267,7271" 
2023-09-11T14:00:00Z,"NVDA",2023-09-11T17:30:00Z,Sell,44.554691117,44.9304355122,34408,-12928.61,344.08,23759.77,0,"	7268,7272" 
2023-09-11T16:00:00Z,"TSLA",2023-09-11T17:00:00Z,Buy,271.58,270.76,2494,-2045.08,24.94,4863.3,0,"	7269,7270" 
2023-09-12T14:00:00Z,"TSLA",2023-09-12T14:30:00Z,Buy,277.53,273.55,1916,-7625.68,19.16,8698.64,0,"	7273,7274" 
2023-09-12T19:00:00Z,"TQQQ",2023-09-12T19:59:00Z,Sell,19.678533732,19.6542751845,56172,1362.65,561.72,5314.34,1,"	7275,7277" 
2023-09-12T19:30:00Z,"SPXL",2023-09-12T19:59:00Z,Sell,86.70529518,86.8617147,17565,-2747.51,175.65,5666.74,0,"	7276,7278" 
2023-09-13T14:00:00Z,"TQQQ",2023-09-13T14:30:00Z,Buy,19.8580469835,19.7610127935,42670,-4140.45,426.7,14491.57,0,"	7279,7282" 
2023-09-13T14:00:00Z,"SPXL",2023-09-13T14:30:00Z,Buy,87.45806412,86.96925312,16034,-7837.6,160.34,17242.71,0,"	7280,7283" 
2023-09-13T14:30:00Z,"AMD",2023-09-13T19:59:00Z,Buy,106.92,107.68,14183,10779.08,141.83,21416.33,1,"	7281,7286" 
2023-09-13T15:30:00Z,"NVDA",2023-09-13T16:30:00Z,Buy,45.628960332,45.598980726,33403,-1001.41,334.03,11382.68,0,"	7284,7285" 
2023-09-14T14:30:00Z,"TSLA",2023-09-14T16:30:00Z,Buy,273.21,274.28,2090,2236.3,20.9,4723.4,1,"	7287,7289" 
2023-09-14T16:00:00Z,"TQQQ",2023-09-14T16:30:00Z,Buy,20.3626247715,20.318959386,52865,-2308.37,528.65,5642.68,0,"	7288,7290" 
2023-09-14T17:00:00Z,"SPXL",2023-09-14T19:59:00Z,Buy,89.5501752,89.39375568,16974,-2655.06,169.74,9126.79,0,"	7291,7292" 
2023-09-15T14:00:00Z,"TSLA",2023-09-15T14:30:00Z,Sell,272.2,275.04,1991,-5654.44,19.91,6052.64,0,"	7293,7297" 
2023-09-15T14:00:00Z,"AMD",2023-09-15T19:59:00Z,Sell,104.01,101.52,14598,36349.02,145.98,12554.28,1,"	7294,7299" 
2023-09-15T14:00:00Z,"TQQQ",2023-09-15T19:59:00Z,Sell,19.7416059555,19.290396972,52736,23794.96,527.36,11001.97,1,"	7295,7301" 
2023-09-15T14:00:00Z,"SPXL",2023-09-15T19:59:00Z,Sell,87.85888914,86.1284982,17281,29902.89,172.81,10812.34,1,"	7296,7302" 
2023-09-15T14:30:00Z,"NVDA",2023-09-15T19:59:00Z,Sell,44.6466285754,43.8771520214,34115,26250.69,341.15,13926.5,1,"	7298,7300" 
2023-09-18T14:00:00Z,"TSLA",2023-09-18T15:30:00Z,Sell,266.1,267.92,3435,-6251.7,34.35,10614.15,0,"	7303,7304" 
2023-09-18T16:00:00Z,"SPXL",2023-09-18T17:00:00Z,Buy,86.8128336,86.69551896,17974,-2108.61,179.74,5095.82,0,"	7305,7306" 
2023-09-19T14:30:00Z,"TQQQ",2023-09-19T15:30:00Z,Sell,18.92166705,18.853743117,63135,4288.38,631.35,7657.82,1,"	7307,7309" 
2023-09-19T14:30:00Z,"SPXL",2023-09-19T17:30:00Z,Sell,85.015606047,84.721671717,18336,5389.58,183.36,13473.95,1,"	7308,7310" 
2023-09-20T17:30:00Z,"TSLA",2023-09-20T19:00:00Z,Buy,271.59,270.32,5753,-7306.31,57.53,16626.17,0,"	7311,7312" 
2023-09-20T19:30:00Z,"TQQQ",2023-09-20T19:59:00Z,Sell,18.7447106,18.374685144,66933,24766.91,669.33,4594.91,1,"	7313,7315" 
2023-09-20T19:30:00Z,"SPXL",2023-09-20T19:59:00Z,Sell,84.584502363,83.18341539,18435,25829.04,184.35,5238.06,1,"	7314,7316" 
2023-09-21T14:00:00Z,"TQQQ",2023-09-21T14:30:00Z,Sell,17.585946672,17.712534328,62320,-7888.94,623.2,17143.28,0,"	7318,7320" 
2023-09-21T14:00:00Z,"AMD",2023-09-21T17:30:00Z,Sell,97.13,97.3,16259,-2764.03,162.59,13982.74,0,"	7317,7321" 
2023-09-21T14:00:00Z,"SPXL",2023-09-21T17:30:00Z,Sell,80.645782341,80.900525427,17465,-4449.09,174.65,14048.85,0,"	7319,7322" 
2023-09-22T16:00:00Z,"TSLA",2023-09-22T19:59:00Z,Sell,254.16,245.18,6188,55568.24,61.88,13675.48,1,"	7323,7326" 
2023-09-22T17:00:00Z,"TQQQ",2023-09-22T17:30:00Z,Buy,17.839121984,17.610290452,63900,-14622.33,639,15555.68,0,"	7324,7325" 
2023-09-25T14:00:00Z,"NVDA",2023-09-25T15:00:00Z,Buy,42.1733110804,41.8545279366,37684,-12013.02,376.84,23122.25,0,"	7327,7330" 
2023-09-25T14:30:00Z,"AMD",2023-09-25T15:00:00Z,Sell,95.54,95.64,16621,-1662.1,166.21,5817.35,0,"	7328,7329" 
2023-09-25T16:30:00Z,"TSLA",2023-09-25T17:00:00Z,Buy,246.79,245.13,6415,-10648.9,64.15,13920.55,0,"	7331,7334" 
2023-09-25T16:30:00Z,"TQQQ",2023-09-25T17:00:00Z,Buy,17.561602892,17.396065188,67447,-11165.02,674.47,14777.23,0,"	7332,7335" 
2023-09-25T16:30:00Z,"SPXL",2023-09-25T17:00:00Z,Buy,79.274088801,78.813591684,19640,-9044.16,196.4,13470.03,0,"	7333,7336" 
2023-09-26T14:00:00Z,"TQQQ",2023-09-26T19:59:00Z,Sell,17.006564708,16.787470688,70625,15473.52,706.25,19084,1,"	7337,7341" 
2023-09-26T14:30:00Z,"SPXL",2023-09-26T19:59:00Z,Sell,77.049985704,75.991822116,19747,20895.56,197.47,13446.68,1,"	7338,7342" 
2023-09-26T17:30:00Z,"AMD",2023-09-26T18:00:00Z,Sell,95.88,96.12,16454,-3948.96,164.54,9872.4,0,"	7339,7340" 
2023-09-27T14:00:00Z,"AMD",2023-09-27T16:00:00Z,Buy,97.78,97.69,16193,-1457.37,161.93,21212.83,0,"	7343,7346" 
2023-09-27T15:00:00Z,"TSLA",2023-09-27T15:30:00Z,Sell,241.69,242.57,6547,-5761.36,65.47,10147.85,0,"	7344,7345" 
2023-09-27T16:30:00Z,"SPXL",2023-09-27T18:30:00Z,Sell,74.992445394,75.110019126,18602,-2187.11,186.02,20230.74,0,"	7347,7350" 
2023-09-27T17:30:00Z,"TQQQ",2023-09-27T18:30:00Z,Sell,16.475870304,16.670620544,70793,-13786.95,707.93,20508.09,0,"	7348,7349" 
2023-09-28T14:00:00Z,"TSLA",2023-09-28T14:30:00Z,Buy,242.68,239.6,6483,-19967.64,64.83,23598.12,0,"	7351,7354" 
2023-09-28T14:00:00Z,"NVDA",2023-09-28T14:30:00Z,Buy,42.755914757,42.531067712,36808,-8276.17,368.08,16956.95,0,"	7353,7355" 
2023-09-28T14:00:00Z,"AMD",2023-09-28T19:59:00Z,Buy,100.87,102.82,14622,28512.9,146.22,29682.66,1,"	7352,7359" 
2023-09-28T15:00:00Z,"SPXL",2023-09-28T18:00:00Z,Buy,76.628679831,77.040187893,17410,7164.36,174.1,23540.02,1,"	7356,7358" 
2023-09-28T15:30:00Z,"TQQQ",2023-09-28T19:59:00Z,Buy,17.201314948,17.327902604,67255,8513.65,672.55,29306.61,1,"	7357,7360" 
2023-09-29T14:00:00Z,"TSLA",2023-09-29T15:30:00Z,Buy,253.25,251.27,4667,-9240.66,46.67,15727.79,0,"	7361,7362" 
2023-09-29T18:00:00Z,"SPXL",2023-09-29T18:30:00Z,Sell,75.93303525,75.991822116,15991,-940.06,159.91,7677.16,0,"	7363,7364" 
2023-10-02T14:00:00Z,"TQQQ",2023-10-02T14:30:00Z,Buy,17.532390356,17.571340404,59358,2312,593.58,13149.48,1,"	7366,7367" 
2023-10-02T14:00:00Z,"NVDA",2023-10-02T16:00:00Z,Buy,44.5536917968,44.6726109006,35356,4204.5,353.56,16994.68,1,"	7365,7370" 
2023-10-02T15:30:00Z,"TSLA",2023-10-02T16:00:00Z,Buy,254.09,251.42,6232,-16639.44,62.32,17449.6,0,"	7368,7369" 
2023-10-03T14:30:00Z,"NVDA",2023-10-03T19:59:00Z,Sell,44.3518291164,43.4624341384,35404,31488.14,354.04,16734.71,1,"	7371,7378" 
2023-10-03T14:30:00Z,"TQQQ",2023-10-03T19:59:00Z,Sell,17.021170976,16.777733176,64147,15615.8,641.47,15459.65,1,"	7372,7379" 
2023-10-03T14:30:00Z,"SPXL",2023-10-03T19:59:00Z,Sell,73.914686184,73.258232847,18101,11882.46,181.01,18621.77,1,"	7373,7380" 
2023-10-03T15:00:00Z,"TSLA",2023-10-03T15:30:00Z,Sell,244.75,246.88,6476,-13793.88,64.76,17096.64,0,"	7374,7376" 
2023-10-03T15:00:00Z,"AMD",2023-10-03T15:30:00Z,Sell,100.2,100.66,12952,-5957.92,129.52,9066.4,0,"	7375,7377" 
2023-10-04T14:00:00Z,"TSLA",2023-10-04T14:30:00Z,Buy,252.66,251.34,6277,-8285.64,62.77,11863.53,0,"	7381,7382" 
2023-10-04T14:30:00Z,"SPXL",2023-10-04T15:00:00Z,Sell,72.89571384,73.121063493,21712,-4892.79,217.12,21485.74,0,"	7383,7384" 
2023-10-04T16:00:00Z,"AMD",2023-10-04T17:30:00Z,Buy,102.57,101.98,12570,-7416.3,125.7,8673.3,0,"	7385,7387" 
2023-10-04T16:00:00Z,"TQQQ",2023-10-04T17:30:00Z,Buy,17.420408968,17.206183704,67856,-14536.47,678.56,14536.47,0,"	7386,7388" 
2023-10-05T14:00:00Z,"AMD",2023-10-05T14:30:00Z,Sell,101.07,101.89,13533,-11097.06,135.33,20299.5,0,"	7389,7391" 
2023-10-05T14:00:00Z,"TQQQ",2023-10-05T16:30:00Z,Sell,17.215921216,17.167233656,69665,3391.82,696.65,24081.91,1,"	7390,7396" 
2023-10-05T14:30:00Z,"NVDA",2023-10-05T15:00:00Z,Buy,44.4577570576,44.1219854704,35318,-11858.78,353.18,14258.77,0,"	7392,7393" 
2023-10-05T15:00:00Z,"SPXL",2023-10-05T16:00:00Z,Sell,73.512975933,73.552167177,21373,-837.63,213.73,14449.19,0,"	7394,7395" 
2023-10-06T14:30:00Z,"AMD",2023-10-06T19:59:00Z,Buy,104.44,107.21,14962,41444.74,149.62,8977.2,1,"	7397,7401" 
2023-10-06T16:00:00Z,"NVDA",2023-10-06T19:59:00Z,Buy,45.449082696,45.7368869136,34685,9982.49,346.85,6308.38,1,"	7398,7402" 
2023-10-06T16:00:00Z,"TQQQ",2023-10-06T19:59:00Z,Buy,17.960840884,18.179934904,64307,14089.28,643.07,10332.14,1,"	7399,7403" 
2023-10-06T16:00:00Z,"SPXL",2023-10-06T19:59:00Z,Buy,77.10877257,77.412504711,20438,6207.68,204.38,17221.3,1,"	7400,7404" 
2023-10-10T14:00:00Z,"NVDA",2023-10-10T14:30:00Z,Buy,45.5420194746,45.578994322,34926,1291.38,349.26,6805.94,1,"	7406,7407" 
2023-10-10T14:00:00Z,"TSLA",2023-10-10T17:00:00Z,Buy,265.3,265.29,5826,-58.26,58.26,20216.22,0,"	7405,7411" 
2023-10-10T14:30:00Z,"TQQQ",2023-10-10T17:30:00Z,Buy,18.832348208,18.827479452,60166,-292.93,601.66,24752.89,0,"	7408,7413" 
2023-10-10T14:30:00Z,"SPXL",2023-10-10T17:30:00Z,Buy,80.420432688,80.606591097,19781,3682.4,197.81,23644.88,1,"	7409,7414" 
2023-10-10T16:00:00Z,"AMD",2023-10-10T17:30:00Z,Buy,109.62,108.78,13531,-11366.04,135.31,22055.53,0,"	7410,7412" 
2023-10-11T15:00:00Z,"NVDA",2023-10-11T15:30:00Z,Buy,46.5943036452,46.4054321274,34069,-6434.66,340.69,8647.64,0,"	7415,7416" 
2023-10-12T14:00:00Z,"SPXL",2023-10-12T14:30:00Z,Sell,80.518410798,80.802547317,19675,-5590.39,196.75,17735.02,0,"	7419,7420" 
2023-10-12T14:00:00Z,"AMD",2023-10-12T15:30:00Z,Buy,110,110.09,8947,805.23,89.47,11720.57,1,"	7417,7421" 
2023-10-12T14:00:00Z,"NVDA",2023-10-12T15:30:00Z,Buy,47.1419311148,47.1769073218,33444,1169.74,334.44,14003.51,1,"	7418,7422" 
2023-10-12T18:00:00Z,"TSLA",2023-10-12T18:30:00Z,Sell,258.54,259.1,6122,-3428.32,61.22,14631.58,0,"	7423,7424" 
2023-10-13T14:00:00Z,"AMD",2023-10-13T19:59:00Z,Sell,107.1,105.04,12165,25059.9,121.65,14354.7,1,"	7425,7433" 
2023-10-13T14:30:00Z,"NVDA",2023-10-13T15:00:00Z,Sell,46.5523321968,46.4094294082,33995,4857.98,339.95,6624.52,1,"	7427,7428" 
2023-10-13T14:30:00Z,"TSLA",2023-10-13T19:59:00Z,Sell,255.23,251.03,6201,26044.2,62.01,10913.76,1,"	7426,7432" 
2023-10-13T15:00:00Z,"TQQQ",2023-10-13T19:59:00Z,Sell,18.506141556,18.189672416,63204,20002.12,632.04,20002.12,1,"	7429,7434" 
2023-10-13T17:30:00Z,"SPXL",2023-10-13T18:00:00Z,Sell,77.569269687,78.255116457,17454,-11970.77,174.54,16930.09,0,"	7430,7431" 
2023-10-16T14:00:00Z,"TQQQ",2023-10-16T16:00:00Z,Buy,18.59864792,18.749579356,68157,10287.03,681.57,13771.35,1,"	7435,7441" 
2023-10-16T14:30:00Z,"AMD",2023-10-16T16:00:00Z,Buy,107.26,106.65,15042,-9175.62,150.42,12484.86,0,"	7436,7439" 
2023-10-16T14:30:00Z,"NVDA",2023-10-16T16:00:00Z,Buy,45.9907142444,45.7918495246,33243,-6610.86,332.43,12225.11,0,"	7437,7440" 
2023-10-16T14:30:00Z,"SPXL",2023-10-16T16:00:00Z,Buy,80.684973585,80.704569207,19998,391.87,199.98,16262.74,1,"	7438,7442" 
2023-10-17T14:00:00Z,"AMD",2023-10-17T14:30:00Z,Sell,102.48,104.69,15648,-34582.08,156.48,34738.56,0,"	7443,7446" 
2023-10-17T14:00:00Z,"NVDA",2023-10-17T14:30:00Z,Sell,42.9707686,43.7032703066,37313,-27331.84,373.13,29121.64,0,"	7444,7447" 
2023-10-17T14:00:00Z,"TQQQ",2023-10-17T14:30:00Z,Sell,18.048478492,18.437978972,67067,-26122.63,670.67,30367.56,0,"	7445,7448" 
2023-10-18T14:30:00Z,"TSLA",2023-10-18T19:59:00Z,Sell,250.44,242.73,6261,48272.31,62.61,19596.93,1,"	7449,7454" 
2023-10-18T17:00:00Z,"SPXL",2023-10-18T17:30:00Z,Sell,78.176733969,79.009547904,20286,-16894.46,202.86,24844.8,0,"	7450,7451" 
2023-10-18T19:00:00Z,"AMD",2023-10-18T19:30:00Z,Sell,102.06,102.17,15490,-1703.9,154.9,5808.75,0,"	7452,7453" 
2023-10-19T14:00:00Z,"TSLA",2023-10-19T19:59:00Z,Sell,223.66,221,7064,18790.24,70.64,28185.36,1,"	7455,7460" 
2023-10-19T14:30:00Z,"SPXL",2023-10-19T15:00:00Z,Sell,76.726657941,76.697264508,19587,575.73,195.87,8444.03,1,"	7456,7457" 
2023-10-19T19:00:00Z,"TQQQ",2023-10-19T19:30:00Z,Sell,17.396065188,17.410671456,76421,-1116.23,764.21,8185.65,0,"	7458,7459" 
2023-10-20T14:00:00Z,"AMD",2023-10-20T14:30:00Z,Buy,103.47,103.03,15338,-6748.72,153.38,18328.91,0,"	7461,7463" 
2023-10-20T14:00:00Z,"SPXL",2023-10-20T17:00:00Z,Sell,74.571139521,74.140035837,21268,9168.71,212.68,26464.24,1,"	7462,7470" 
2023-10-20T14:30:00Z,"TQQQ",2023-10-20T17:00:00Z,Sell,16.953008392,16.99195844,84093,-3275.43,840.93,33573.12,0,"	7464,7469" 
2023-10-20T15:00:00Z,"NVDA",2023-10-20T17:00:00Z,Sell,41.0740588604,41.6106938078,39081,-20972.23,390.81,20972.23,0,"	7465,7468" 
2023-10-20T15:30:00Z,"TSLA",2023-10-20T17:00:00Z,Sell,211.63,215.06,4962,-17019.66,49.62,22577.1,0,"	7466,7467" 
2023-10-23T14:00:00Z,"NVDA",2023-10-23T19:59:00Z,Buy,41.9084912274,42.9018155062,37491,37240.72,374.91,13599.98,1,"	7471,7478" 
2023-10-23T16:00:00Z,"TQQQ",2023-10-23T19:00:00Z,Buy,16.923795856,16.987089684,75808,4798.18,758.08,21776.35,1,"	7472,7477" 
2023-10-23T17:00:00Z,"TSLA",2023-10-23T17:30:00Z,Buy,216.74,213.61,4550,-14241.5,45.5,16198,0,"	7473,7475" 
2023-10-23T17:00:00Z,"SPXL",2023-10-23T17:30:00Z,Buy,74.149833648,73.346413146,18594,-14938.8,185.94,16396.24,0,"	7474,7476" 
2023-10-24T14:00:00Z,"TSLA",2023-10-24T15:00:00Z,Buy,220.31,217.85,3756,-9239.76,37.56,15737.64,0,"	7479,7482" 
2023-10-24T14:00:00Z,"TQQQ",2023-10-24T15:00:00Z,Buy,17.157496144,17.220789972,84089,5322.31,840.89,13305.79,1,"	7480,7483" 
2023-10-24T14:00:00Z,"SPXL",2023-10-24T15:00:00Z,Buy,73.806910263,73.983270861,21349,3765.12,213.49,11086.19,1,"	7481,7484" 
2023-10-25T14:00:00Z,"SPXL",2023-10-25T15:00:00Z,Sell,71.876741496,71.857145874,21904,429.22,219.04,22963.4,1,"	7487,7488" 
2023-10-25T14:00:00Z,"AMD",2023-10-25T19:59:00Z,Sell,99.91,96.07,15761,60522.24,157.61,15445.78,1,"	7485,7490" 
2023-10-25T14:00:00Z,"TQQQ",2023-10-25T19:59:00Z,Sell,16.548901644,15.940307144,80313,48878.05,803.13,21467.24,1,"	7486,7492" 
2023-10-25T15:30:00Z,"NVDA",2023-10-25T19:59:00Z,Sell,42.8688379396,41.7396061136,33791,38157.87,337.91,13135.76,1,"	7489,7491" 
2023-10-26T14:00:00Z,"TSLA",2023-10-26T14:30:00Z,Sell,208.46,210.98,5873,-14799.96,58.73,20573.12,0,"	7493,7497" 
2023-10-26T14:00:00Z,"SPXL",2023-10-26T14:30:00Z,Sell,69.358704069,69.36850188,23534,-230.58,235.34,14757.23,0,"	7496,7499" 
2023-10-26T14:00:00Z,"TQQQ",2023-10-26T15:00:00Z,Sell,15.463169056,15.541069152,84373,-6572.66,843.73,29166.2,0,"	7495,7500" 
2023-10-26T14:00:00Z,"NVDA",2023-10-26T19:00:00Z,Sell,41.1530051562,40.8911832638,39671,10386.74,396.71,38930.44,1,"	7494,7502" 
2023-10-26T14:30:00Z,"AMD",2023-10-26T19:00:00Z,Sell,94.36,95.14,17279,-13477.62,172.79,33348.47,0,"	7498,7501" 
2023-10-27T16:00:00Z,"AMD",2023-10-27T16:30:00Z,Buy,97.22,96.81,16693,-6844.13,166.93,9515.01,0,"	7503,7504" 
2023-10-27T18:30:00Z,"SPXL",2023-10-27T19:30:00Z,Sell,66.517338879,66.82107102,24365,-7400.43,243.65,16233.21,0,"	7505,7506" 
2023-10-30T14:00:00Z,"NVDA",2023-10-30T14:30:00Z,Buy,41.5237529504,40.907172387,34034,-20984.7,340.34,21120.75,0,"	7507,7512" 
2023-10-30T14:00:00Z,"TQQQ",2023-10-30T14:30:00Z,Buy,15.833194512,15.48264408,66498,-23310.9,664.98,24605.95,0,"	7508,7513" 
2023-10-30T14:00:00Z,"SPXL",2023-10-30T14:30:00Z,Buy,68.996185062,68.055595206,23429,-22037.08,234.29,26169.03,0,"	7509,7514" 
2023-10-30T14:30:00Z,"AMD",2023-10-30T15:30:00Z,Sell,95.16,95.04,14850,1782,148.5,12474,1,"	7511,7515" 
2023-10-30T14:30:00Z,"TSLA",2023-10-30T19:59:00Z,Sell,201.43,197.33,7895,32369.5,78.95,31106.3,1,"	7510,7516" 
2023-10-31T14:00:00Z,"NVDA",2023-10-31T14:30:00Z,Sell,39.6190486492,39.8648814184,40461,-9946.64,404.61,16496.87,0,"	7517,7519" 
2023-10-31T14:00:00Z,"TQQQ",2023-10-31T14:30:00Z,Sell,15.477775324,15.662788052,69227,-12807.88,692.27,18032.14,0,"	7518,7520" 
2023-10-31T15:00:00Z,"AMD",2023-10-31T15:30:00Z,Buy,97.1,96.31,16401,-12956.79,164.01,17385.06,0,"	7521,7522" 
2023-10-31T19:00:00Z,"TSLA",2023-10-31T19:59:00Z,Buy,201.54,200.88,7884,-5203.44,78.84,14585.4,0,"	7523,7524" 
2023-11-01T14:00:00Z,"AMD",2023-11-01T19:59:00Z,Buy,102.34,108.03,14221,80917.49,142.21,22895.81,1,"	7525,7532" 
2023-11-01T14:30:00Z,"TQQQ",2023-11-01T15:30:00Z,Buy,16.436920256,16.295726332,65360,-9228.43,653.6,13047.1,0,"	7527,7529" 
2023-11-01T14:30:00Z,"SPXL",2023-11-01T16:30:00Z,Buy,72.092293338,71.504424678,20885,-12277.64,208.85,19848.85,0,"	7528,7530" 
2023-11-01T14:30:00Z,"NVDA",2023-11-01T17:30:00Z,Buy,41.5857108028,41.62168633,38424,1382.32,384.24,16568.68,1,"	7526,7531" 
2023-11-02T14:00:00Z,"TSLA",2023-11-02T15:00:00Z,Buy,215.76,216.93,7464,8732.88,74.64,15450.48,1,"	7533,7535" 
2023-11-02T14:30:00Z,"SPXL",2023-11-02T19:59:00Z,Buy,75.678292164,76.863827295,21309,25262.57,213.09,11065.42,1,"	7534,7536" 
2023-11-03T14:00:00Z,"TSLA",2023-11-03T14:30:00Z,Buy,225.12,222.59,4681,-11842.93,46.81,15494.11,0,"	7537,7540" 
2023-11-03T14:00:00Z,"TQQQ",2023-11-03T14:30:00Z,Buy,18.131247344,17.951103372,89566,-16134.77,895.66,26382.54,0,"	7538,7541" 
2023-11-03T14:00:00Z,"SPXL",2023-11-03T14:30:00Z,Buy,79.048739148,78.598039842,19926,-8980.63,199.26,14622.82,0,"	7539,7542" 
2023-11-03T15:30:00Z,"NVDA",2023-11-03T19:59:00Z,Buy,44.4477638556,44.954419197,36195,18338.39,361.95,12243.68,1,"	7543,7546" 
2023-11-03T17:30:00Z,"AMD",2023-11-03T19:59:00Z,Buy,111.67,112.25,9191,5330.78,91.91,10339.88,1,"	7544,7545" 
2023-11-07T15:30:00Z,"TQQQ",2023-11-07T20:59:00Z,Buy,18.905379548,19.027098448,85581,10416.83,855.81,21250.32,1,"	7547,7552" 
2023-11-07T16:00:00Z,"AMD",2023-11-07T16:30:00Z,Buy,114.43,113.8,7793,-4909.59,77.93,6779.91,0,"	7548,7550" 
2023-11-07T16:00:00Z,"SPXL",2023-11-07T17:00:00Z,Buy,80.361645822,80.185285224,20204,-3563.19,202.04,8116.15,0,"	7549,7551" 
2023-11-08T15:00:00Z,"NVDA",2023-11-08T15:30:00Z,Buy,46.4374103738,46.1556020774,34855,-9822.43,348.55,11111.19,0,"	7553,7555" 
2023-11-08T15:30:00Z,"TSLA",2023-11-08T16:00:00Z,Sell,218.26,219.65,6004,-8345.56,60.04,9066.04,0,"	7554,7556" 
2023-11-08T17:30:00Z,"SPXL",2023-11-08T18:00:00Z,Sell,79.391662533,79.587618753,20284,-3974.78,202.84,6359.64,0,"	7557,7558" 
2023-11-09T15:00:00Z,"AMD",2023-11-09T15:30:00Z,Buy,114.9,114.21,13879,-9576.51,138.79,13879,0,"	7559,7562" 
2023-11-09T15:00:00Z,"NVDA",2023-11-09T16:00:00Z,Buy,47.8014824468,47.6715708208,33669,-4373.99,336.69,13693.97,0,"	7560,7564" 
2023-11-09T15:30:00Z,"SPXL",2023-11-09T16:00:00Z,Sell,79.881553083,80.155891791,16460,-4515.62,164.6,7579.78,0,"	7563,7565" 
2023-11-09T15:30:00Z,"TSLA",2023-11-09T20:59:00Z,Sell,213.98,210,5194,20672.12,51.94,18646.46,1,"	7561,7567" 
2023-11-09T20:00:00Z,"TQQQ",2023-11-09T20:59:00Z,Sell,18.6229917,18.593779164,80265,2344.74,802.65,8402,1,"	7566,7568" 
2023-11-10T15:00:00Z,"TQQQ",2023-11-10T15:30:00Z,Buy,19.046573472,18.885904524,66130,-10625.04,661.3,10625.04,0,"	7570,7571" 
2023-11-10T15:00:00Z,"AMD",2023-11-10T20:59:00Z,Buy,116.99,118.47,13467,19931.16,134.67,17641.77,1,"	7569,7577" 
2023-11-10T16:00:00Z,"NVDA",2023-11-10T16:30:00Z,Buy,47.8404559346,47.7545143974,33611,-2888.58,336.11,7691.69,0,"	7572,7573" 
2023-11-10T17:30:00Z,"SPXL",2023-11-10T20:59:00Z,Buy,80.293061145,81.988082448,20033,33956.36,200.33,8047.46,1,"	7574,7578" 
2023-11-10T19:00:00Z,"TSLA",2023-11-10T20:59:00Z,Buy,214.68,214.49,5106,-970.14,51.06,7710.06,0,"	7575,7576" 
2023-11-13T15:00:00Z,"TQQQ",2023-11-13T15:30:00Z,Sell,19.445811464,19.57239912,48570,-6148.36,485.7,7448.98,0,"	7580,7584" 
2023-11-13T15:00:00Z,"SPXL",2023-11-13T15:30:00Z,Sell,81.047492592,81.22385319,15578,-2747.35,155.78,5342.06,0,"	7581,7585" 
2023-11-13T15:00:00Z,"AMD",2023-11-13T16:00:00Z,Sell,116.64,117.01,13423,-4966.51,134.23,14496.84,0,"	7579,7586" 
2023-11-13T15:30:00Z,"NVDA",2023-11-13T18:30:00Z,Buy,48.8697557406,48.6878794642,33190,-6036.47,331.9,11923.69,0,"	7583,7587" 
2023-11-13T15:30:00Z,"TSLA",2023-11-13T20:59:00Z,Buy,220,223.81,4825,18383.25,48.25,17514.75,1,"	7582,7588" 
2023-11-14T15:00:00Z,"TQQQ",2023-11-14T16:30:00Z,Buy,20.86261946,20.88696324,46258,1126.09,462.58,6306.13,1,"	7589,7592" 
2023-11-14T15:00:00Z,"SPXL",2023-11-14T19:00:00Z,Buy,86.093365257,86.240332422,15560,2286.81,155.6,14940.49,1,"	7590,7594" 
2023-11-14T16:00:00Z,"AMD",2023-11-14T17:00:00Z,Buy,121.56,120.62,12454,-11706.76,124.54,15318.42,0,"	7591,7593" 
2023-11-15T15:00:00Z,"AMD",2023-11-15T15:30:00Z,Sell,117.28,118.5,13145,-16036.9,131.45,24909.78,0,"	7595,7597" 
2023-11-15T15:00:00Z,"NVDA",2023-11-15T16:30:00Z,Sell,48.821788371,49.2754797418,33192,-15058.92,331.92,18309.53,0,"	7596,7599" 
2023-11-15T16:00:00Z,"TSLA",2023-11-15T17:00:00Z,Buy,246.41,241.98,3341,-14800.63,33.41,15569.06,0,"	7598,7600" 
2023-11-16T15:00:00Z,"SPXL",2023-11-16T15:30:00Z,Buy,87.386676309,87.122135412,15484,-4096.15,154.84,10149.35,0,"	7601,7602" 
2023-11-16T17:30:00Z,"AMD",2023-11-16T18:00:00Z,Buy,120.52,120.4,13282,-1593.84,132.82,5644.85,0,"	7603,7604" 
2023-11-16T18:30:00Z,"TSLA",2023-11-16T20:30:00Z,Sell,233.72,232.74,4545,4454.1,45.45,10248.98,1,"	7605,7606" 
2023-11-20T15:00:00Z,"TQQQ",2023-11-20T15:30:00Z,Buy,21.403051376,21.261857452,57673,-8143.08,576.73,12355.01,0,"	7607,7610" 
2023-11-20T15:00:00Z,"SPXL",2023-11-20T20:59:00Z,Buy,88.366457409,89.434418808,15986,17072.43,159.86,10494.06,1,"	7608,7612" 
2023-11-20T15:30:00Z,"NVDA",2023-11-20T17:30:00Z,Buy,49.7401636348,49.7891303246,32116,1572.61,321.16,6627.45,1,"	7609,7611" 
2023-11-21T15:00:00Z,"TSLA",2023-11-21T15:30:00Z,Buy,241.33,240.16,3995,-4674.15,39.95,14421.95,0,"	7613,7614" 
2023-11-21T15:30:00Z,"SPXL",2023-11-21T16:00:00Z,Sell,88.297872732,88.621200495,16748,-5415.09,167.48,6727.84,0,"	7618,7619" 
2023-11-21T15:30:00Z,"NVDA",2023-11-21T17:30:00Z,Sell,49.246499456,49.6282397724,32556,-12427.94,325.56,18446.7,0,"	7616,7620" 
2023-11-21T15:30:00Z,"TQQQ",2023-11-21T17:30:00Z,Sell,21.115794772,21.305676256,58967,-11196.74,589.67,12058.03,0,"	7617,7621" 
2023-11-21T15:30:00Z,"AMD",2023-11-21T18:00:00Z,Sell,118.42,118.84,13540,-5686.8,135.4,13133.8,0,"	7615,7622" 
2023-11-22T15:00:00Z,"AMD",2023-11-22T15:30:00Z,Buy,123.22,122.7,12897,-6706.44,128.97,21409.02,0,"	7624,7626" 
2023-11-22T15:00:00Z,"NVDA",2023-11-22T17:30:00Z,Sell,48.596941326,48.8437734154,32690,-8068.94,326.9,35085.19,0,"	7625,7627" 
2023-11-22T15:00:00Z,"TSLA",2023-11-22T20:59:00Z,Sell,236.73,234.35,4199,9993.62,41.99,12974.91,1,"	7623,7628" 
2023-11-27T14:31:00Z,"NVDA",2023-11-27T15:00:00Z,Sell,47.76750556,48.1052757876,30380,-10261.46,303.8,14481.41,0,"	7629,7630" 
2023-11-27T18:00:00Z,"TQQQ",2023-11-27T18:30:00Z,Buy,21.71465176,21.69030798,58345,-1420.34,583.45,5681.35,0,"	7631,7632" 
2023-11-28T15:00:00Z,"NVDA",2023-11-28T15:30:00Z,Sell,47.7315300328,47.6795653824,28385,1475.02,283.85,5559.68,1,"	7633,7634" 
2023-11-28T16:30:00Z,"SPXL",2023-11-28T18:00:00Z,Buy,90.120265578,89.708757516,17560,-7226.08,175.6,15140.36,0,"	7635,7639" 
2023-11-28T17:00:00Z,"TQQQ",2023-11-28T17:30:00Z,Buy,21.651357932,21.59293286,60764,-3550.14,607.64,3993.91,0,"	7637,7638" 
2023-11-28T17:00:00Z,"TSLA",2023-11-28T20:59:00Z,Buy,241.95,246.74,5837,27959.23,58.37,8755.5,1,"	7636,7640" 
2023-11-29T15:00:00Z,"AMD",2023-11-29T15:30:00Z,Buy,125.33,125.14,9351,-1776.69,93.51,9444.51,0,"	7641,7644" 
2023-11-29T15:00:00Z,"TQQQ",2023-11-29T15:30:00Z,Buy,22.216133628,21.865583196,71538,-25077.68,715.38,31521.25,0,"	7642,7645" 
2023-11-29T15:00:00Z,"SPXL",2023-11-29T15:30:00Z,Buy,91.599735039,90.610156128,17347,-17166.23,173.47,21075.37,0,"	7643,7646" 
2023-11-30T15:00:00Z,"TQQQ",2023-11-30T20:59:00Z,Sell,21.344626304,21.383576352,73604,-2866.88,736.04,37269.43,0,"	7647,7656" 
2023-11-30T15:30:00Z,"AMD",2023-11-30T20:59:00Z,Sell,122.07,121.23,10118,8499.12,101.18,14671.1,1,"	7648,7654" 
2023-11-30T15:30:00Z,"NVDA",2023-11-30T20:59:00Z,Sell,47.342794475,46.803161567,23402,12628.49,234.02,9214.12,1,"	7649,7655" 
2023-11-30T17:00:00Z,"TSLA",2023-11-30T17:30:00Z,Sell,239.7,240.19,2627,-1287.23,26.27,3047.32,0,"	7650,7652" 
2023-11-30T17:00:00Z,"SPXL",2023-11-30T19:30:00Z,Sell,88.973921691,89.297249454,17985,-5815.05,179.85,11630.1,0,"	7651,7653" 
2023-12-01T15:30:00Z,"AMD",2023-12-01T16:00:00Z,Sell,118.86,120.01,9813,-11284.95,98.13,12069.99,0,"	7657,7659" 
2023-12-01T15:30:00Z,"TQQQ",2023-12-01T16:00:00Z,Sell,20.95999458,21.10605726,75139,-10975,751.39,14633.34,0,"	7658,7660" 
2023-12-01T17:00:00Z,"SPXL",2023-12-01T20:59:00Z,Buy,91.619330661,92.011243101,17093,6698.96,170.93,14067.81,1,"	7661,7662" 
2023-12-04T15:00:00Z,"AMD",2023-12-04T17:00:00Z,Sell,118.22,118.35,11604,-1508.52,116.04,21815.52,0,"	7663,7670" 
2023-12-04T15:30:00Z,"SPXL",2023-12-04T16:30:00Z,Sell,89.45401443,89.620577217,17589,-2929.67,175.89,7410.35,0,"	7666,7669" 
2023-12-04T15:30:00Z,"NVDA",2023-12-04T17:00:00Z,Sell,45.2472200156,45.4360915334,26785,-5058.92,267.85,12152.12,0,"	7664,7671" 
2023-12-04T15:30:00Z,"TQQQ",2023-12-04T17:00:00Z,Sell,20.443906444,20.745769316,76957,-23230.46,769.57,31848.21,0,"	7665,7672" 
2023-12-04T16:00:00Z,"TSLA",2023-12-04T16:30:00Z,Sell,233.71,235.46,3252,-5691,32.52,7056.84,0,"	7667,7668" 
2023-12-05T15:00:00Z,"NVDA",2023-12-05T16:30:00Z,Buy,46.0667169614,46.0207441888,33701,-1549.33,337.01,17952,0,"	7674,7676" 
2023-12-05T15:00:00Z,"TSLA",2023-12-05T18:00:00Z,Buy,238.15,241.25,4067,12607.7,40.67,22937.88,1,"	7673,7678" 
2023-12-05T16:00:00Z,"TQQQ",2023-12-05T16:30:00Z,Buy,21.242382428,20.945388312,73910,-21950.84,739.1,27348.58,0,"	7675,7677" 
2023-12-06T19:30:00Z,"AMD",2023-12-06T20:59:00Z,Sell,116.83,116.75,11958,956.64,119.58,11240.52,1,"	7679,7681" 
2023-12-06T19:30:00Z,"NVDA",2023-12-06T20:59:00Z,Sell,45.77289098,45.4141034721,22395,8035.05,223.95,4006.33,1,"	7680,7682" 
2023-12-07T15:30:00Z,"SPXL",2023-12-07T16:00:00Z,Buy,91.198024788,91.129440111,17007,-1166.42,170.07,4332.42,0,"	7684,7685" 
2023-12-07T15:30:00Z,"AMD",2023-12-07T20:59:00Z,Buy,123.42,128.3,12570,61341.6,125.7,15586.8,1,"	7683,7688" 
2023-12-07T17:00:00Z,"TQQQ",2023-12-07T18:30:00Z,Buy,21.529639032,21.524770276,65231,-317.59,652.31,8098.64,0,"	7686,7687" 
2023-12-08T15:00:00Z,"NVDA",2023-12-08T20:59:00Z,Buy,47.0941084882,47.4698859338,28492,10706.65,284.92,15504.71,1,"	7689,7692" 
2023-12-08T15:30:00Z,"SPXL",2023-12-08T16:30:00Z,Buy,92.29537962,91.580139417,17114,-12240.62,171.14,18444.77,0,"	7690,7691" 
2023-12-11T15:00:00Z,"TQQQ",2023-12-11T15:30:00Z,Buy,22.089545972,22.026252144,52257,-3307.55,522.57,5088.53,0,"	7695,7696" 
2023-12-11T15:00:00Z,"AMD",2023-12-11T17:00:00Z,Buy,131.83,132.16,4905,1618.65,49.05,14567.85,1,"	7693,7698" 
2023-12-11T15:00:00Z,"NVDA",2023-12-11T18:30:00Z,Sell,46.8612464009,46.522447055,26177,8868.75,261.77,19307.19,1,"	7694,7699" 
2023-12-11T17:00:00Z,"TSLA",2023-12-11T19:30:00Z,Sell,237.98,240.2,6651,-14765.22,66.51,16694.01,0,"	7697,7701" 
2023-12-11T19:00:00Z,"SPXL",2023-12-11T19:30:00Z,Buy,93.324149775,93.37313883,16864,826.15,168.64,2478.45,1,"	7700,7702" 
2023-12-12T15:00:00Z,"NVDA",2023-12-12T15:30:00Z,Buy,47.301985373,46.9721807,26698,-8805.13,266.98,9205.36,0,"	7703,7704" 
2023-12-12T16:00:00Z,"AMD",2023-12-12T18:30:00Z,Buy,138.48,136.45,4705,-9551.15,47.05,17737.85,0,"	7705,7707" 
2023-12-12T17:30:00Z,"TSLA",2023-12-12T19:00:00Z,Sell,234.35,236.27,6679,-12823.68,66.79,14560.22,0,"	7706,7708" 
2023-12-13T15:00:00Z,"NVDA",2023-12-13T15:30:00Z,Buy,48.331375716,48.3073899216,25814,-619.17,258.14,6243.29,0,"	7709,7710" 
2023-12-13T16:30:00Z,"TSLA",2023-12-13T19:30:00Z,Sell,229.39,234,6791,-31306.51,67.91,35177.38,0,"	7711,7712" 
2023-12-13T19:30:00Z,"SPXL",2023-12-13T20:59:00Z,Buy,96.812170491,98.536585227,15964,27528.56,159.64,24087.49,1,"	7713,7716" 
2023-12-13T20:00:00Z,"TQQQ",2023-12-13T20:30:00Z,Buy,23.749791768,23.530697748,55192,-12092.24,551.92,27140.35,0,"	7714,7715" 
2023-12-14T15:00:00Z,"AMD",2023-12-14T15:30:00Z,Buy,141.12,140.84,4296,-1202.88,42.96,6143.28,0,"	7718,7720" 
2023-12-14T15:00:00Z,"SPXL",2023-12-14T15:30:00Z,Buy,100.241404341,99.682929114,15479,-8644.64,154.79,12284.49,0,"	7719,7721" 
2023-12-14T15:00:00Z,"TSLA",2023-12-14T20:59:00Z,Buy,246.69,250.79,6288,25780.8,62.88,41752.32,1,"	7717,7722" 
2023-12-15T15:00:00Z,"TQQQ",2023-12-15T18:00:00Z,Buy,23.973754544,23.88124818,64977,-6010.79,649.77,22777.72,0,"	7723,7726" 
2023-12-15T15:30:00Z,"NVDA",2023-12-15T16:30:00Z,Buy,49.2448347194,49.0989211368,31719,-4628.23,317.19,11665.68,0,"	7724,7725" 
2023-12-18T15:00:00Z,"TSLA",2023-12-18T16:00:00Z,Buy,256.78,255.54,3978,-4932.72,39.78,12411.36,0,"	7727,7730" 
2023-12-18T15:00:00Z,"SPXL",2023-12-18T16:00:00Z,Buy,100.280595585,100.202213097,15485,-1213.75,154.85,7130.8,0,"	7728,7732" 
2023-12-18T15:30:00Z,"TQQQ",2023-12-18T16:00:00Z,Buy,24.329173732,24.187979808,63989,-9034.86,639.89,9502.18,0,"	7729,7731" 
2023-12-18T19:30:00Z,"NVDA",2023-12-18T20:59:00Z,Buy,50.2472410437,50.0963304206,30778,-4644.73,307.78,8828.06,0,"	7733,7734" 
2023-12-19T15:00:00Z,"AMD",2023-12-19T15:30:00Z,Buy,142.02,141.35,10876,-7286.92,108.76,15117.64,0,"	7735,7739" 
2023-12-19T15:00:00Z,"TQQQ",2023-12-19T15:30:00Z,Buy,24.669986652,24.713805456,57718,2529.13,577.18,5760.8,1,"	7736,7740" 
2023-12-19T15:00:00Z,"SPXL",2023-12-19T20:00:00Z,Buy,101.593502259,102.014808132,11902,5014.38,119.02,6180.52,1,"	7737,7742" 
2023-12-19T15:30:00Z,"TSLA",2023-12-19T17:00:00Z,Buy,256.97,256.39,3245,-1882.1,32.45,6035.7,0,"	7738,7741" 
2023-12-20T18:00:00Z,"SPXL",2023-12-20T18:30:00Z,Buy,103.023982665,102.867217689,9948,-1559.5,99.48,1851.9,0,"	7743,7744" 
2023-12-20T20:00:00Z,"TSLA",2023-12-20T20:59:00Z,Sell,249.37,247.2,3286,7130.62,32.86,9397.96,1,"	7745,7749" 
2023-12-20T20:00:00Z,"AMD",2023-12-20T20:59:00Z,Sell,136.21,135.56,11325,7361.25,113.25,16194.75,1,"	7746,7750" 
2023-12-20T20:00:00Z,"NVDA",2023-12-20T20:59:00Z,Sell,48.4902816039,48.1794656848,28437,8838.67,284.37,9776.54,1,"	7747,7751" 
2023-12-20T20:00:00Z,"TQQQ",2023-12-20T20:59:00Z,Sell,24.049870814,23.751570261,51633,15402.15,516.33,15149.66,1,"	7748,7752" 
2023-12-21T16:30:00Z,"AMD",2023-12-21T19:00:00Z,Buy,139.32,138.98,11182,-3801.88,111.82,11349.73,0,"	7753,7754" 
2023-12-22T15:00:00Z,"SPXL",2023-12-22T16:00:00Z,Buy,102.178170623,101.676960014,14098,-7066.07,140.98,10114.17,0,"	7755,7756" 
2023-12-22T19:30:00Z,"TSLA",2023-12-22T20:00:00Z,Sell,251.77,253.26,5937,-8846.13,59.37,9617.94,0,"	7757,7759" 
2023-12-22T19:30:00Z,"AMD",2023-12-22T20:00:00Z,Sell,138.67,139.33,11202,-7393.32,112.02,9969.78,0,"	7758,7760" 
2023-12-26T15:00:00Z,"TQQQ",2023-12-26T15:30:00Z,Buy,24.905651089,24.905651089,53565,0,535.65,3143.31,0,"	7763,7764" 
2023-12-26T15:00:00Z,"AMD",2023-12-26T16:00:00Z,Buy,142.13,141.44,10885,-7510.65,108.85,12300.05,0,"	7761,7765" 
2023-12-26T15:00:00Z,"NVDA",2023-12-26T16:00:00Z,Buy,49.4077382397,49.220848925,31313,-5852.07,313.13,10076.82,0,"	7762,7766" 
2023-12-26T16:00:00Z,"SPXL",2023-12-26T16:30:00Z,Buy,102.138859987,102.020928079,13997,-1650.69,139.97,3989.17,0,"	7767,7769" 
2023-12-26T16:30:00Z,"TSLA",2023-12-26T20:00:00Z,Buy,256.41,256.63,5729,1260.38,57.29,9166.4,1,"	7768,7770" 
2023-12-27T15:00:00Z,"TSLA",2023-12-27T20:00:00Z,Buy,262.54,261.5,5342,-5555.68,53.42,13087.9,0,"	7771,7772" 
2023-12-28T15:30:00Z,"AMD",2023-12-28T20:30:00Z,Buy,149.19,148.98,9555,-2006.55,95.55,14905.8,0,"	7773,7775" 
2023-12-28T16:30:00Z,"TSLA",2023-12-28T20:59:00Z,Sell,258.97,253.03,5394,32040.36,53.94,8954.04,1,"	7774,7776" 
2023-12-29T16:00:00Z,"NVDA",2023-12-29T18:30:00Z,Sell,49.2328418222,49.3957453425,31489,-5129.67,314.89,20141.03,0,"	7778,7781" 
2023-12-29T16:00:00Z,"TSLA",2023-12-29T19:00:00Z,Sell,249.61,250.76,3135,-3605.25,31.35,10784.4,0,"	7777,7782" 
2023-12-29T16:00:00Z,"TQQQ",2023-12-29T19:00:00Z,Sell,24.802957456,24.827408321,54935,-1343.21,549.35,22565.9,0,"	7779,7783" 
2023-12-29T16:00:00Z,"SPXL",2023-12-29T19:30:00Z,Sell,102.266619554,102.01110042,15144,3869.58,151.44,20092.06,1,"	7780,7784" 
2024-01-02T15:00:00Z,"NVDA",2024-01-02T16:30:00Z,Sell,47.8526592361,48.0935165882,32332,-7787.4,323.32,16479.56,0,"	7786,7789" 
2024-01-02T15:00:00Z,"TQQQ",2024-01-02T16:30:00Z,Sell,23.71733905,23.71733905,51845,0,518.45,16225.99,0,"	7787,7790" 
2024-01-02T15:00:00Z,"AMD",2024-01-02T20:59:00Z,Sell,140.93,138.69,6624,14837.76,66.24,11525.76,1,"	7785,7792" 
2024-01-02T16:00:00Z,"SPXL",2024-01-02T16:30:00Z,Sell,99.790049486,100.222466482,15626,-6756.95,156.26,7217.65,0,"	7788,7791" 
2024-01-03T15:00:00Z,"TSLA",2024-01-03T17:00:00Z,Sell,239.14,240.1,5575,-5352,55.75,19791.25,0,"	7793,7795" 
2024-01-03T15:00:00Z,"SPXL",2024-01-03T17:30:00Z,Sell,98.620558065,98.424004885,15688,3083.53,156.88,11871.58,1,"	7794,7796" 
2024-01-04T15:30:00Z,"SPXL",2024-01-04T17:00:00Z,Buy,98.443660203,98.394521908,15708,-771.86,157.08,13260.63,0,"	7797,7801" 
2024-01-04T16:30:00Z,"AMD",2024-01-04T17:00:00Z,Buy,137.53,136.62,6291,-5724.81,62.91,6416.82,0,"	7798,7800" 
2024-01-04T16:30:00Z,"NVDA",2024-01-04T18:00:00Z,Buy,48.2804059029,48.1764674605,32099,-3336.32,320.99,12992.4,0,"	7799,7802" 
2024-01-05T15:00:00Z,"SPXL",2024-01-05T16:30:00Z,Buy,97.431411326,97.991587889,15832,8868.72,158.32,12758.5,1,"	7804,7808" 
2024-01-05T15:00:00Z,"AMD",2024-01-05T17:30:00Z,Buy,138.31,139.23,5753,5292.76,57.53,9895.16,1,"	7803,7809" 
2024-01-05T15:30:00Z,"TQQQ",2024-01-05T16:30:00Z,Buy,22.793096353,22.709963412,56753,-4718.04,567.53,13044,0,"	7806,7807" 
2024-01-05T15:30:00Z,"NVDA",2024-01-05T20:00:00Z,Buy,48.9340188003,48.931020576,31700,-95.04,317,19040.42,0,"	7805,7810" 
2024-01-08T15:00:00Z,"AMD",2024-01-08T20:59:00Z,Buy,143.14,146.27,6168,19305.84,61.68,8481,1,"	7811,7817" 
2024-01-08T15:00:00Z,"NVDA",2024-01-08T20:59:00Z,Buy,51.0507651561,52.1920892063,27087,30915.04,270.87,13454.27,1,"	7812,7818" 
2024-01-08T15:00:00Z,"TQQQ",2024-01-08T20:59:00Z,Buy,23.164749501,23.898275451,56330,41319.52,563.3,6335.66,1,"	7813,7819" 
2024-01-08T15:00:00Z,"SPXL",2024-01-08T20:59:00Z,Buy,98.345383613,101.382130244,15711,47710.33,157.11,7720.12,1,"	7814,7820" 
2024-01-08T20:00:00Z,"TSLA",2024-01-08T20:59:00Z,Buy,240.71,240.57,6604,-924.56,66.04,4358.64,0,"	7815,7816" 
2024-01-09T15:00:00Z,"TSLA",2024-01-09T17:00:00Z,Sell,235.61,235.15,6791,3123.86,67.91,20169.27,1,"	7821,7822" 
2024-01-09T17:30:00Z,"NVDA",2024-01-09T20:59:00Z,Buy,53.4043712316,53.0875588639,26000,-8237.12,260,32090.99,0,"	7823,7824" 
2024-01-10T15:00:00Z,"AMD",2024-01-10T15:30:00Z,Sell,147.45,148.4,10161,-9652.95,101.61,16562.43,0,"	7825,7826" 
2024-01-10T16:00:00Z,"NVDA",2024-01-10T16:30:00Z,Buy,54.5406982413,54.2688592381,27711,-7532.93,277.11,9803.89,0,"	7827,7828" 
2024-01-10T19:30:00Z,"TQQQ",2024-01-10T20:30:00Z,Buy,24.519327422,24.465535519,49354,-2654.85,493.54,11222.76,0,"	7829,7831" 
2024-01-10T19:30:00Z,"SPXL",2024-01-10T20:59:00Z,Buy,102.590932301,102.60075996,15511,152.44,155.11,17819.86,1,"	7830,7832" 
2024-01-11T15:00:00Z,"TSLA",2024-01-11T19:00:00Z,Sell,228.07,227.68,6971,2718.69,69.71,16242.43,1,"	7833,7840" 
2024-01-11T15:30:00Z,"SPXL",2024-01-11T18:30:00Z,Sell,101.382130244,101.234715359,14751,2174.52,147.51,24644.53,1,"	7834,7839" 
2024-01-11T16:30:00Z,"AMD",2024-01-11T18:00:00Z,Sell,144.61,145.78,9689,-11336.13,96.89,18602.88,0,"	7835,7837" 
2024-01-11T16:30:00Z,"TQQQ",2024-01-11T18:00:00Z,Sell,23.854263894,24.044980641,46457,-8860.13,464.57,19537.72,0,"	7836,7838" 
2024-01-12T20:00:00Z,"TSLA",2024-01-12T20:30:00Z,Sell,217.74,218.54,7272,-5817.6,72.72,7199.28,0,"	7841,7842" 
2024-01-16T15:00:00Z,"NVDA",2024-01-16T20:30:00Z,Buy,55.7100057183,56.0597985533,25630,8965.19,256.3,18698.83,1,"	7844,7847" 
2024-01-16T15:00:00Z,"AMD",2024-01-16T20:59:00Z,Buy,154.1,158.66,8689,39621.84,86.89,31019.73,1,"	7843,7848" 
2024-01-16T15:30:00Z,"TSLA",2024-01-16T16:30:00Z,Buy,222.99,221.4,7153,-11373.27,71.53,24749.38,0,"	7845,7846" 
2024-01-17T15:00:00Z,"AMD",2024-01-17T15:30:00Z,Sell,154.61,156.51,3508,-6665.2,35.08,7226.48,0,"	7849,7852" 
2024-01-17T15:00:00Z,"NVDA",2024-01-17T15:30:00Z,Sell,54.9434597056,55.3941927587,29040,-13089.29,290.4,19590.4,0,"	7850,7853" 
2024-01-17T15:00:00Z,"TQQQ",2024-01-17T15:30:00Z,Sell,23.487500919,23.683107839,67918,-13285.23,679.18,20758.17,0,"	7851,7854" 
2024-01-18T16:00:00Z,"TSLA",2024-01-18T20:59:00Z,Sell,211.45,211.98,7339,-3889.67,73.39,23374.72,0,"	7855,7859" 
2024-01-18T16:30:00Z,"TQQQ",2024-01-18T17:00:00Z,Buy,25.120818701,25.081697317,62934,-2462.07,629.34,8309.47,0,"	7856,7857" 
2024-01-18T19:30:00Z,"SPXL",2024-01-18T20:59:00Z,Buy,101.549200447,102.197825941,15562,10093.91,155.62,8717.47,1,"	7858,7860" 
2024-01-19T17:30:00Z,"NVDA",2024-01-19T20:59:00Z,Buy,58.855143009,59.424805626,26906,15327.34,269.06,7340.99,1,"	7861,7866" 
2024-01-19T17:30:00Z,"TQQQ",2024-01-19T20:59:00Z,Buy,26.010830187,26.646552677,51954,33028.33,519.54,9019.27,1,"	7862,7867" 
2024-01-19T18:00:00Z,"SPXL",2024-01-19T20:59:00Z,Buy,104.438532193,105.666989568,15190,18660.27,151.9,10748.31,1,"	7863,7868" 
2024-01-19T19:30:00Z,"AMD",2024-01-19T20:59:00Z,Buy,169.69,173.8,4797,19715.67,47.97,2542.41,1,"	7864,7865" 
2024-01-22T15:00:00Z,"TSLA",2024-01-22T15:30:00Z,Buy,217,212.68,7456,-32209.92,74.56,35341.44,0,"	7869,7872" 
2024-01-22T15:00:00Z,"SPXL",2024-01-22T15:30:00Z,Buy,107.544072437,107.101827782,15039,-6650.92,150.39,7833.3,0,"	7871,7873" 
2024-01-22T15:00:00Z,"AMD",2024-01-22T17:00:00Z,Sell,169.28,168.38,5648,5083.2,56.48,23100.32,1,"	7870,7874" 
2024-01-24T15:00:00Z,"AMD",2024-01-24T19:30:00Z,Buy,175.64,177.23,4675,7433.25,46.75,18840.25,1,"	7875,7881" 
2024-01-24T15:00:00Z,"NVDA",2024-01-24T20:30:00Z,Buy,61.2427289599,61.1907597387,26198,-1361.49,261.98,41185.06,0,"	7876,7882" 
2024-01-24T17:00:00Z,"SPXL",2024-01-24T17:30:00Z,Buy,109.647191463,109.657019122,14176,139.32,141.76,5294.04,1,"	7878,7879" 
2024-01-24T17:00:00Z,"TQQQ",2024-01-24T18:30:00Z,Buy,28.11849475,28.152725961,37051,1268.3,370.51,11142.93,1,"	7877,7880" 
2024-01-25T15:30:00Z,"SPXL",2024-01-25T16:00:00Z,Buy,109.421155306,108.802012789,14689,-9094.58,146.89,12270.47,0,"	7884,7885" 
2024-01-25T15:30:00Z,"TSLA",2024-01-25T20:59:00Z,Sell,187.11,182.69,8585,37945.7,85.85,28330.5,1,"	7883,7886" 
2024-01-26T16:00:00Z,"SPXL",2024-01-26T17:30:00Z,Buy,110.000987187,109.529259555,14713,-6940.53,147.13,9832.42,0,"	7887,7888" 
2024-01-29T15:00:00Z,"NVDA",2024-01-29T15:30:00Z,Buy,61.6784708915,61.683467932,26191,130.88,261.91,6465.35,1,"	7889,7890" 
2024-01-29T16:00:00Z,"TSLA",2024-01-29T17:30:00Z,Buy,187.29,187.66,2395,886.15,23.95,7496.35,1,"	7891,7893" 
2024-01-29T17:00:00Z,"TQQQ",2024-01-29T17:30:00Z,Buy,27.345847416,27.404529492,59149,3470.99,591.49,3181.74,1,"	7892,7894" 
2024-01-29T18:30:00Z,"SPXL",2024-01-29T20:59:00Z,Buy,109.558742532,111.44565306,14759,27848.91,147.59,8557.74,1,"	7895,7896" 
2024-01-30T17:30:00Z,"TQQQ",2024-01-30T20:30:00Z,Sell,27.365408108,27.428980357,59471,-3780.71,594.71,14250.35,0,"	7897,7899" 
2024-01-30T18:30:00Z,"AMD",2024-01-30T20:59:00Z,Sell,172.38,172.19,6094,1157.86,60.94,20049.26,1,"	7898,7900" 
2024-01-31T15:00:00Z,"TQQQ",2024-01-31T17:30:00Z,Sell,26.362922643,26.30913074,57825,3110.52,578.25,22339.17,1,"	7901,7903" 
2024-01-31T15:00:00Z,"SPXL",2024-01-31T20:59:00Z,Sell,108.98873831,106.099406564,14922,43114.61,149.22,29476.31,1,"	7902,7904" 
2024-02-01T15:30:00Z,"TQQQ",2024-02-01T16:00:00Z,Buy,26.343361951,25.913026727,48771,-20987.88,487.71,20987.88,0,"	7905,7908" 
2024-02-01T15:30:00Z,"SPXL",2024-02-01T16:00:00Z,Buy,107.730797958,106.33527038,13817,-19282,138.17,19282,0,"	7906,7909" 
2024-02-01T16:00:00Z,"TSLA",2024-02-01T16:30:00Z,Sell,184.56,185.12,3636,-2036.16,36.36,3417.84,0,"	7907,7910" 
2024-02-01T18:00:00Z,"NVDA",2024-02-01T20:59:00Z,Buy,62.512976655,62.9757026053,26035,12047.07,260.35,7571.7,1,"	7911,7912" 
2024-02-02T15:00:00Z,"AMD",2024-02-02T15:30:00Z,Buy,177.87,175.74,9175,-19542.75,91.75,26974.5,0,"	7913,7918" 
2024-02-02T15:00:00Z,"NVDA",2024-02-02T20:59:00Z,Buy,65.1654057524,66.1268363446,25056,24089.6,250.56,17578.9,1,"	7914,7920" 
2024-02-02T15:00:00Z,"TQQQ",2024-02-02T20:59:00Z,Buy,27.375188454,28.059812674,38316,26232.06,383.16,15364.49,1,"	7915,7921" 
2024-02-02T15:00:00Z,"SPXL",2024-02-02T20:59:00Z,Buy,110.620129704,113.332563588,11229,30457.92,112.29,14897.9,1,"	7916,7922" 
2024-02-02T15:30:00Z,"TSLA",2024-02-02T16:30:00Z,Sell,183.68,183.42,8836,2297.36,88.36,9277.8,1,"	7917,7919" 
2024-02-05T15:00:00Z,"NVDA",2024-02-05T15:30:00Z,Buy,69.288963573,68.1176572798,23927,-28025.85,239.27,34027.97,0,"	7924,7926" 
2024-02-05T15:00:00Z,"TSLA",2024-02-05T17:30:00Z,Sell,182.6,180.36,9075,20328,90.75,47190,1,"	7923,7931" 
2024-02-05T15:30:00Z,"TQQQ",2024-02-05T17:00:00Z,Sell,27.512113298,27.67837918,40513,-6735.93,405.13,19613.44,0,"	7927,7929" 
2024-02-05T15:30:00Z,"SPXL",2024-02-05T17:00:00Z,Sell,111.082029677,111.602895604,12860,-6698.34,128.6,16556.26,0,"	7928,7930" 
2024-02-05T15:30:00Z,"AMD",2024-02-05T19:30:00Z,Sell,173.92,174.34,9493,-3987.06,94.93,36073.4,0,"	7925,7932" 
2024-02-06T15:00:00Z,"TSLA",2024-02-06T15:30:00Z,Buy,183.91,182.83,8955,-9671.4,89.55,29641.05,0,"	7933,7937" 
2024-02-06T15:00:00Z,"TQQQ",2024-02-06T16:00:00Z,Sell,27.649038142,27.575685547,40007,2934.62,400.07,10271.16,1,"	7936,7938" 
2024-02-06T15:00:00Z,"NVDA",2024-02-06T20:00:00Z,Sell,68.2535767814,67.9567525757,24019,7129.42,240.19,38887.75,1,"	7935,7939" 
2024-02-06T15:00:00Z,"AMD",2024-02-06T20:59:00Z,Sell,168.86,167.87,9008,8917.92,90.08,23600.96,1,"	7934,7940" 
2024-02-07T15:30:00Z,"NVDA",2024-02-07T16:00:00Z,Buy,69.2579819219,68.799253604,22892,-10501.21,228.92,14848.11,0,"	7941,7944" 
2024-02-07T15:30:00Z,"TQQQ",2024-02-07T16:00:00Z,Buy,28.646633434,28.485257725,43752,-7060.51,437.52,8344.24,0,"	7942,7945" 
2024-02-07T15:30:00Z,"SPXL",2024-02-07T16:00:00Z,Buy,115.514303886,115.022920936,13102,-6438.1,131.02,7468.2,0,"	7943,7946" 
2024-02-09T15:00:00Z,"SPXL",2024-02-09T15:30:00Z,Buy,116.428276173,116.516725104,14085,1245.8,140.85,3875.83,1,"	7948,7950" 
2024-02-09T15:00:00Z,"TSLA",2024-02-09T16:00:00Z,Buy,193.64,192.07,8472,-13301.04,84.72,19993.92,0,"	7947,7951" 
2024-02-09T15:30:00Z,"AMD",2024-02-09T16:00:00Z,Buy,173.87,173.39,7325,-3516,73.25,8863.25,0,"	7949,7952" 
2024-02-09T16:00:00Z,"NVDA",2024-02-09T17:00:00Z,Buy,71.4946572497,71.5096483712,18147,272.04,181.47,8433.36,1,"	7953,7954" 
2024-02-09T18:00:00Z,"TQQQ",2024-02-09T20:59:00Z,Buy,29.419280768,29.48774319,54683,3743.73,546.83,9225.62,1,"	7955,7956" 
2024-02-12T16:00:00Z,"NVDA",2024-02-12T17:30:00Z,Buy,74.05614021,73.5454426709,16137,-8241.13,161.37,17933.72,0,"	7957,7961" 
2024-02-12T16:30:00Z,"AMD",2024-02-12T19:00:00Z,Buy,175.94,174.01,7833,-15117.69,78.33,29608.74,0,"	7958,7962" 
2024-02-12T16:30:00Z,"SPXL",2024-02-12T19:00:00Z,Buy,118.757431356,118.177599475,13767,-7982.55,137.67,16100.39,0,"	7959,7963" 
2024-02-12T17:30:00Z,"TSLA",2024-02-12T20:59:00Z,Sell,188.31,188.17,7203,1008.42,72.03,13109.46,1,"	7960,7964" 
2024-02-13T15:00:00Z,"SPXL",2024-02-13T15:30:00Z,Sell,112.33014237,113.106527431,14456,-11223.42,144.56,16195.82,0,"	7965,7966" 
2024-02-14T15:00:00Z,"NVDA",2024-02-14T15:30:00Z,Buy,74.0041709888,74.0451467209,21868,896.06,218.68,10140.75,1,"	7968,7969" 
2024-02-14T15:00:00Z,"AMD",2024-02-14T16:00:00Z,Buy,175.37,175.4,9230,276.9,92.3,18921.5,1,"	7967,7971" 
2024-02-14T15:30:00Z,"SPXL",2024-02-14T16:00:00Z,Buy,114.973782641,113.755152925,11416,-13911.88,114.16,14585.03,0,"	7970,7972" 
2024-02-14T19:30:00Z,"TSLA",2024-02-14T20:00:00Z,Buy,187.17,186.92,7877,-1969.25,78.77,4174.81,0,"	7973,7974" 
2024-02-15T15:00:00Z,"AMD",2024-02-15T15:30:00Z,Sell,176.52,176.84,9132,-2922.24,91.32,13515.36,0,"	7976,7979" 
2024-02-15T15:00:00Z,"NVDA",2024-02-15T15:30:00Z,Sell,72.4580866581,73.0277492751,22250,-12674.99,222.5,16032.75,0,"	7977,7980" 
2024-02-15T15:00:00Z,"TQQQ",2024-02-15T15:30:00Z,Sell,28.397234611,28.416795303,41127,-804.47,411.27,11262.62,0,"	7978,7981" 
2024-02-15T15:00:00Z,"TSLA",2024-02-15T16:00:00Z,Buy,192.89,193.05,7960,1273.6,79.6,19900,1,"	7975,7982" 
2024-02-15T17:30:00Z,"SPXL",2024-02-15T18:00:00Z,Buy,116.713278284,116.428276173,12599,-3590.74,125.99,4581.29,0,"	7983,7984" 
2024-02-16T15:00:00Z,"AMD",2024-02-16T15:30:00Z,Sell,174.93,174.32,9170,5593.7,91.7,14488.6,1,"	7985,7988" 
2024-02-16T15:00:00Z,"TQQQ",2024-02-16T16:00:00Z,Sell,28.196737518,28.367893573,46131,-7895.6,461.31,20077.38,0,"	7986,7989" 
2024-02-16T15:00:00Z,"SPXL",2024-02-16T16:00:00Z,Sell,116.084308108,116.978625077,13498,-12071.49,134.98,19765.41,0,"	7987,7990" 
2024-02-20T15:00:00Z,"TQQQ",2024-02-20T16:00:00Z,Sell,27.199142226,27.257824302,46232,-2712.99,462.32,20008.3,0,"	7994,7996" 
2024-02-20T15:00:00Z,"SPXL",2024-02-20T16:00:00Z,Sell,113.961533764,114.207225239,12421,-3051.73,124.21,10742.1,0,"	7995,7997" 
2024-02-20T15:00:00Z,"AMD",2024-02-20T20:00:00Z,Sell,166.53,165.17,9598,13053.28,95.98,32249.28,1,"	7992,7998" 
2024-02-20T15:00:00Z,"NVDA",2024-02-20T20:00:00Z,Sell,69.0660955667,69.1170653798,23134,-1179.14,231.34,35790.24,0,"	7993,7999" 
2024-02-20T15:00:00Z,"TSLA",2024-02-20T20:30:00Z,Sell,193.28,193.15,5372,698.36,53.72,21058.24,1,"	7991,8000" 
2024-02-21T15:00:00Z,"TSLA",2024-02-21T15:30:00Z,Buy,197.22,196.15,6481,-6934.67,64.81,19054.14,0,"	8001,8002" 
2024-02-21T19:30:00Z,"NVDA",2024-02-21T20:30:00Z,Sell,66.770455161,66.8594024819,23927,-2128.24,239.27,13749.88,0,"	8003,8005" 
2024-02-21T19:30:00Z,"TQQQ",2024-02-21T20:59:00Z,Sell,26.490067141,27.071997728,58184,-33859.05,581.84,43248.53,0,"	8004,8006" 
2024-02-22T15:00:00Z,"AMD",2024-02-22T20:59:00Z,Buy,176.66,181.62,7407,36738.72,74.07,18591.57,1,"	8007,8012" 
2024-02-22T15:00:00Z,"NVDA",2024-02-22T20:59:00Z,Buy,77.074352672,78.4295500556,20547,27845.24,205.47,18686.7,1,"	8008,8013" 
2024-02-22T15:00:00Z,"SPXL",2024-02-22T20:59:00Z,Buy,119.553471735,121.401071627,13243,24467.77,132.43,13405.21,1,"	8009,8014" 
2024-02-22T16:30:00Z,"TQQQ",2024-02-22T17:00:00Z,Buy,29.028066928,29.008506236,55362,-1082.92,553.62,7851.16,0,"	8010,8011" 
2024-02-23T15:00:00Z,"AMD",2024-02-23T20:59:00Z,Sell,178.31,176.73,6943,10969.94,69.43,16871.49,1,"	8015,8016" 
2024-02-26T15:00:00Z,"TSLA",2024-02-26T20:59:00Z,Buy,196.45,199.4,8259,24364.05,82.59,23868.51,1,"	8017,8018" 
2024-02-28T15:00:00Z,"TQQQ",2024-02-28T15:30:00Z,Sell,28.724876202,28.763997586,51767,-2025.2,517.67,8607.09,0,"	8019,8020" 
2024-02-28T16:00:00Z,"TSLA",2024-02-28T17:30:00Z,Buy,203.73,203.24,8006,-3922.94,80.06,16572.42,0,"	8021,8022" 
2024-02-29T15:00:00Z,"AMD",2024-02-29T20:59:00Z,Buy,183,192.76,6338,61858.88,63.38,23070.32,1,"	8023,8024" 
2024-03-01T15:00:00Z,"TQQQ",2024-03-01T20:59:00Z,Buy,29.898517722,30.901003187,52512,52642.52,525.12,11812.47,1,"	8025,8031" 
2024-03-01T15:30:00Z,"NVDA",2024-03-01T20:59:00Z,Buy,80.7431798071,82.1873245116,20548,29674.29,205.48,10206.31,1,"	8026,8030" 
2024-03-01T15:30:00Z,"SPXL",2024-03-01T20:59:00Z,Buy,123.022635362,124.948856526,13484,25973.17,134.84,9143.61,1,"	8027,8032" 
2024-03-01T19:30:00Z,"AMD",2024-03-01T20:00:00Z,Buy,202.43,202.08,2681,-938.35,26.81,3941.07,0,"	8028,8029" 
2024-03-04T15:00:00Z,"TQQQ",2024-03-04T16:00:00Z,Sell,30.685835575,30.817870246,48011,-6339.12,480.11,11739.1,0,"	8034,8037" 
2024-03-04T15:00:00Z,"TSLA",2024-03-04T20:59:00Z,Sell,193.28,188.37,8777,43095.07,87.77,28261.94,1,"	8033,8039" 
2024-03-04T15:30:00Z,"AMD",2024-03-04T16:30:00Z,Buy,208.26,207.82,4051,-1782.44,40.51,12801.16,0,"	8035,8038" 
2024-03-04T15:30:00Z,"NVDA",2024-03-04T20:59:00Z,Buy,84.789783204,85.1735559144,19850,7617.89,198.5,52650.72,1,"	8036,8040" 
2024-03-05T15:00:00Z,"TQQQ",2024-03-05T20:59:00Z,Sell,29.409500422,28.876471565,54391,28991.97,543.91,26997.11,1,"	8041,8047" 
2024-03-05T15:00:00Z,"SPXL",2024-03-05T20:59:00Z,Sell,122.374009868,120.663997202,13996,23933.34,139.96,23520.69,1,"	8042,8048" 
2024-03-05T15:30:00Z,"NVDA",2024-03-05T16:30:00Z,Sell,84.10413825,84.67182869,20526,-11652.41,205.26,26279.48,0,"	8044,8045" 
2024-03-05T15:30:00Z,"TSLA",2024-03-05T17:30:00Z,Sell,178.88,181.26,6818,-16226.84,68.18,25022.06,0,"	8043,8046" 
2024-03-06T15:00:00Z,"TSLA",2024-03-06T16:00:00Z,Sell,176.25,176.96,8126,-5769.46,81.26,33885.42,0,"	8049,8050" 
2024-03-06T18:30:00Z,"NVDA",2024-03-06T19:00:00Z,Buy,89.426236125,89.01945794,19243,-7827.63,192.43,16905.38,0,"	8051,8052" 
2024-03-07T15:00:00Z,"NVDA",2024-03-07T20:59:00Z,Buy,90.4506775,92.59950575,18993,40812.69,189.93,14274.95,1,"	8053,8058" 
2024-03-07T16:00:00Z,"SPXL",2024-03-07T17:00:00Z,Buy,125.617137338,125.7940352,13756,2433.41,137.56,6759.46,1,"	8054,8056" 
2024-03-07T16:30:00Z,"TQQQ",2024-03-07T20:30:00Z,Buy,30.607592807,30.685835575,35414,2770.89,354.14,10737.2,1,"	8055,8057" 
2024-03-08T15:00:00Z,"NVDA",2024-03-08T16:00:00Z,Buy,95.67582824,95.3280179,18146,-6311.37,181.46,42184.59,0,"	8060,8063" 
2024-03-08T15:00:00Z,"TQQQ",2024-03-08T16:00:00Z,Buy,31.121060972,31.077049415,31498,-1386.28,314.98,12168.42,0,"	8061,8064" 
2024-03-08T15:00:00Z,"AMD",2024-03-08T16:30:00Z,Buy,219.85,211.61,7894,-65046.56,78.94,120541.38,0,"	8059,8065" 
2024-03-08T15:00:00Z,"SPXL",2024-03-08T16:30:00Z,Buy,128.024913793,125.7940352,12779,-28508.4,127.79,31396.91,0,"	8062,8066" 
2024-03-11T14:00:00Z,"TSLA",2024-03-11T14:30:00Z,Buy,181.83,179.87,8386,-16436.56,83.86,29267.14,0,"	8067,8071" 
2024-03-11T14:00:00Z,"AMD",2024-03-11T14:30:00Z,Sell,197.09,200.24,8597,-27080.55,85.97,33872.18,0,"	8068,8072" 
2024-03-11T14:00:00Z,"NVDA",2024-03-11T14:30:00Z,Sell,85.502375795,87.057527775,13410,-20854.59,134.1,24379.5,0,"	8069,8073" 
2024-03-11T14:00:00Z,"TQQQ",2024-03-11T14:30:00Z,Sell,28.680864645,28.822679662,39312,-5575.03,393.12,7881.94,0,"	8070,8074" 
2024-03-12T14:00:00Z,"TSLA",2024-03-12T14:30:00Z,Sell,173.2,175.3,9619,-20199.9,96.19,23470.36,0,"	8075,8076" 
2024-03-12T14:30:00Z,"SPXL",2024-03-12T17:00:00Z,Buy,125.902139449,125.410756499,13173,-6472.99,131.73,26539.25,0,"	8077,8082" 
2024-03-12T15:00:00Z,"TQQQ",2024-03-12T16:30:00Z,Buy,30.001211355,29.8300553,39037,-6681.42,390.37,14699.12,0,"	8079,8080" 
2024-03-12T15:00:00Z,"NVDA",2024-03-12T17:00:00Z,Buy,89.949950545,89.4512225,13291,-6628.59,132.91,21559.54,0,"	8078,8081" 
2024-03-13T14:00:00Z,"SPXL",2024-03-13T14:30:00Z,Sell,126.560592602,126.835767054,13034,-3586.62,130.34,7621.58,0,"	8086,8087" 
2024-03-13T14:00:00Z,"NVDA",2024-03-13T16:00:00Z,Sell,88.86754078,89.28931079,9673,-4079.78,96.73,14172.89,0,"	8084,8088" 
2024-03-13T14:00:00Z,"AMD",2024-03-13T16:30:00Z,Sell,194.81,195.11,7738,-2321.4,77.38,24916.36,0,"	8083,8089" 
2024-03-13T14:00:00Z,"TQQQ",2024-03-13T17:00:00Z,Sell,29.609997515,29.658899245,39598,-1936.41,395.98,13942.16,0,"	8085,8090" 
2024-03-13T19:30:00Z,"TSLA",2024-03-13T19:59:00Z,Sell,169.55,169.51,9703,388.12,97.03,4657.44,1,"	8091,8092" 
2024-03-14T14:00:00Z,"NVDA",2024-03-14T14:30:00Z,Sell,88.01800403,88.65365741,10914,-6937.52,109.14,12435.18,0,"	8093,8096" 
2024-03-14T14:00:00Z,"TQQQ",2024-03-14T14:30:00Z,Sell,29.116090042,29.48774319,42471,-15784.48,424.71,21184.43,0,"	8094,8097" 
2024-03-14T14:00:00Z,"SPXL",2024-03-14T14:30:00Z,Sell,124.899718231,125.715413928,13168,-10741.08,131.68,15386.92,0,"	8095,8098" 
2024-03-14T15:30:00Z,"TSLA",2024-03-14T19:59:00Z,Sell,163.33,162.56,9990,7692.3,99.9,19280.7,1,"	8099,8101" 
2024-03-14T17:30:00Z,"AMD",2024-03-14T19:59:00Z,Sell,188.24,187.21,8695,8955.85,86.95,27215.35,1,"	8100,8102" 
2024-03-15T15:00:00Z,"AMD",2024-03-15T19:59:00Z,Buy,191.84,190.97,8541,-7430.67,85.41,23914.8,0,"	8103,8108" 
2024-03-15T16:00:00Z,"TQQQ",2024-03-15T17:30:00Z,Sell,28.279870459,28.221188383,49799,2922.31,497.99,13637.44,1,"	8104,8106" 
2024-03-15T16:30:00Z,"SPXL",2024-03-15T17:30:00Z,Sell,122.482114117,122.619701343,13399,-1843.53,133.99,12509.68,0,"	8105,8107" 
2024-03-18T14:30:00Z,"SPXL",2024-03-18T15:00:00Z,Buy,126.816111736,126.7768011,12883,-506.44,128.83,3291.85,0,"	8110,8112" 
2024-03-18T14:30:00Z,"TQQQ",2024-03-18T15:30:00Z,Buy,29.698020629,29.453511979,52307,-12789.51,523.07,17905.32,0,"	8109,8113" 
2024-03-18T15:00:00Z,"TSLA",2024-03-18T19:59:00Z,Buy,173.01,173.66,9443,6137.95,94.43,24646.23,1,"	8111,8114" 
2024-03-19T14:00:00Z,"TSLA",2024-03-19T15:00:00Z,Sell,168.88,170.5,6972,-11294.64,69.72,19939.92,0,"	8115,8118" 
2024-03-19T14:30:00Z,"TQQQ",2024-03-19T15:00:00Z,Sell,28.31410167,28.50970859,53919,-10546.93,539.19,17929.78,0,"	8117,8119" 
2024-03-19T14:30:00Z,"AMD",2024-03-19T16:30:00Z,Sell,177.61,179.96,9183,-21580.05,91.83,23508.48,0,"	8116,8120" 
2024-03-19T17:00:00Z,"SPXL",2024-03-19T19:30:00Z,Buy,126.412121759,126.303681196,12773,-1385.11,127.73,10501.66,0,"	8121,8122" 
2024-03-20T16:30:00Z,"AMD",2024-03-20T19:00:00Z,Sell,174.69,178.34,7276,-26557.4,72.76,32087.16,0,"	8123,8125" 
2024-03-20T18:30:00Z,"SPXL",2024-03-20T19:59:00Z,Buy,128.580933019,130.42442259,12498,23039.93,124.98,14415.36,1,"	8124,8128" 
2024-03-20T19:00:00Z,"TQQQ",2024-03-20T19:59:00Z,Buy,29.96720998,30.24204846,49912,13717.74,499.12,11513.1,1,"	8126,8127" 
2024-03-21T17:30:00Z,"TSLA",2024-03-21T19:00:00Z,Sell,173.36,172.94,5940,2494.8,59.4,6890.4,1,"	8129,8130" 
2024-03-22T14:30:00Z,"NVDA",2024-03-22T19:59:00Z,Buy,92.81538803,94.25860105,17446,25178.29,174.46,21568.94,1,"	8131,8134" 
2024-03-22T15:00:00Z,"SPXL",2024-03-22T15:30:00Z,Sell,130.91733424,131.420104123,9613,-4833.13,96.13,4833.13,0,"	8132,8133" 
2024-03-25T14:00:00Z,"NVDA",2024-03-25T16:00:00Z,Buy,95.520912715,95.1681051,17038,-6011.14,170.38,24299.98,0,"	8135,8136" 
2024-03-25T17:00:00Z,"TSLA",2024-03-25T17:30:00Z,Buy,172.88,172.27,4089,-2494.29,40.89,2535.18,0,"	8137,8138" 
2024-03-26T14:00:00Z,"TSLA",2024-03-26T16:00:00Z,Buy,182,180.85,7255,-8343.25,72.55,24449.35,0,"	8139,8140" 
2024-03-27T14:00:00Z,"NVDA",2024-03-27T18:00:00Z,Sell,90.12485517,90.53263281,11014,-4491.26,110.14,16088.19,0,"	8141,8144" 
2024-03-27T14:30:00Z,"TQQQ",2024-03-27T15:00:00Z,Sell,29.96720998,29.99174913,36037,-884.32,360.37,4952.18,0,"	8142,8143" 
2024-03-28T19:00:00Z,"SPXL",2024-03-28T19:59:00Z,Buy,132.908697306,132.750965578,10557,-1665.17,105.57,7493.28,0,"	8145,8146" 
2024-04-01T14:00:00Z,"AMD",2024-04-01T14:30:00Z,Buy,185.95,183.27,8697,-23307.96,86.97,24786.45,0,"	8147,8152" 
2024-04-01T14:00:00Z,"NVDA",2024-04-01T14:30:00Z,Buy,91.6500235,91.283223515,8490,-3114.13,84.9,4921.52,0,"	8148,8153" 
2024-04-01T14:00:00Z,"TQQQ",2024-04-01T14:30:00Z,Buy,30.81626457,30.56596524,52478,-13135.21,524.78,19831.59,0,"	8149,8154" 
2024-04-01T14:00:00Z,"SPXL",2024-04-01T14:30:00Z,Buy,132.859406141,131.972165171,10011,-8882.17,100.11,8980.86,0,"	8150,8155" 
2024-04-01T14:30:00Z,"TSLA",2024-04-01T17:00:00Z,Sell,171.71,173.03,5223,-6894.36,52.23,15141.48,0,"	8151,8156" 
2024-04-02T14:00:00Z,"SPXL",2024-04-02T15:30:00Z,Sell,127.831707311,127.880998476,10984,-541.41,109.84,9962.02,0,"	8157,8162" 
2024-04-02T15:00:00Z,"AMD",2024-04-02T15:30:00Z,Sell,175.63,176.71,9092,-9819.36,90.92,11546.84,0,"	8158,8160" 
2024-04-02T15:00:00Z,"TQQQ",2024-04-02T15:30:00Z,Sell,29.02981445,29.28502161,54997,-14035.63,549.97,14575.46,0,"	8159,8161" 
2024-04-03T14:30:00Z,"SPXL",2024-04-03T19:00:00Z,Buy,129.921652707,129.576614552,12132,-4186,121.32,13993.21,0,"	8164,8169" 
2024-04-03T14:30:00Z,"TQQQ",2024-04-03T19:30:00Z,Buy,29.96230215,29.58930707,52886,-19726.22,528.86,30627.55,0,"	8163,8170" 
2024-04-03T15:00:00Z,"AMD",2024-04-03T16:00:00Z,Buy,181.2,180.45,8760,-6570,87.6,13753.2,0,"	8165,8166" 
2024-04-03T16:30:00Z,"TSLA",2024-04-03T17:00:00Z,Buy,168.18,167.94,5121,-1229.04,51.21,4404.06,0,"	8167,8168" 
2024-04-04T15:30:00Z,"AMD",2024-04-04T16:30:00Z,Sell,177.47,177.94,8327,-3913.69,83.27,5079.47,0,"	8171,8173" 
2024-04-04T16:00:00Z,"TSLA",2024-04-04T19:00:00Z,Buy,175.28,172.22,5414,-16566.84,54.14,27124.14,0,"	8172,8175" 
2024-04-04T18:30:00Z,"SPXL",2024-04-04T19:59:00Z,Sell,127.989439039,124.253168732,11656,43549.97,116.56,11950.39,1,"	8174,8180" 
2024-04-04T19:00:00Z,"NVDA",2024-04-04T19:59:00Z,Sell,87.391345745,85.93513981,17964,26159.28,179.64,7792.13,1,"	8176,8178" 
2024-04-04T19:00:00Z,"TQQQ",2024-04-04T19:59:00Z,Sell,29.08870841,28.35253391,53974,39734.28,539.74,10860.7,1,"	8177,8179" 
2024-04-05T14:00:00Z,"TQQQ",2024-04-05T19:59:00Z,Buy,28.98564398,29.41753302,51003,22027.64,510.03,34418.18,1,"	8181,8189" 
2024-04-05T14:00:00Z,"SPXL",2024-04-05T19:59:00Z,Buy,126.352972361,128.295044262,12718,24699.27,127.18,29965.1,1,"	8182,8190" 
2024-04-05T15:00:00Z,"NVDA",2024-04-05T15:30:00Z,Buy,87.7121708,87.445316315,18517,-4941.34,185.17,9605.09,0,"	8183,8186" 
2024-04-05T15:30:00Z,"TSLA",2024-04-05T16:30:00Z,Sell,161.35,167.11,8048,-46356.48,80.48,58267.52,0,"	8184,8187" 
2024-04-05T15:30:00Z,"AMD",2024-04-05T18:00:00Z,Buy,171.38,170.62,4911,-3732.36,49.11,9822,0,"	8185,8188" 
2024-04-08T14:00:00Z,"NVDA",2024-04-08T14:30:00Z,Sell,87.2923997,87.787129925,18361,-9083.74,183.61,11873.09,0,"	8192,8193" 
2024-04-08T14:00:00Z,"TSLA",2024-04-08T16:00:00Z,Buy,172.09,172.97,9204,8099.52,92.04,16843.32,1,"	8191,8194" 
2024-04-09T14:00:00Z,"TSLA",2024-04-09T15:00:00Z,Buy,176,176.17,6783,1153.11,67.83,23876.16,1,"	8195,8197" 
2024-04-09T14:00:00Z,"NVDA",2024-04-09T19:30:00Z,Sell,86.213987755,84.91769462,18581,24086.42,185.81,36268.92,1,"	8196,8200" 
2024-04-09T15:00:00Z,"SPXL",2024-04-09T16:00:00Z,Sell,125.88963541,126.885316943,12877,-12821.39,128.77,16375.84,0,"	8198,8199" 
2024-04-10T14:00:00Z,"NVDA",2024-04-10T14:30:00Z,Buy,86.707718525,86.51482371,18540,-3576.27,185.4,10877.05,0,"	8201,8202" 
2024-04-11T14:30:00Z,"SPXL",2024-04-11T15:00:00Z,Sell,123.533517723,124.036287606,12994,-6532.99,129.94,11785,0,"	8204,8205" 
2024-04-11T14:30:00Z,"TSLA",2024-04-11T15:30:00Z,Sell,169.36,170.53,8263,-9667.71,82.63,12890.28,0,"	8203,8206" 
2024-04-11T17:00:00Z,"NVDA",2024-04-11T19:59:00Z,Buy,89.40124975,90.56461537,17891,20813.77,178.91,7867.75,1,"	8207,8209" 
2024-04-11T17:30:00Z,"TQQQ",2024-04-11T19:59:00Z,Buy,29.94757866,30.33529723,52519,20362.59,525.19,7474.88,1,"	8208,8210" 
2024-04-12T14:00:00Z,"AMD",2024-04-12T14:30:00Z,Sell,163.09,163.95,9904,-8517.44,99.04,23967.68,0,"	8211,8212" 
2024-04-12T15:00:00Z,"TQQQ",2024-04-12T15:30:00Z,Sell,28.91202653,29.23103548,49023,-15638.78,490.23,15638.78,0,"	8213,8214" 
2024-04-12T16:30:00Z,"SPXL",2024-04-12T19:59:00Z,Sell,122.853299646,121.867476346,13066,12880.77,130.66,19578.77,1,"	8215,8216" 
2024-04-15T14:00:00Z,"TSLA",2024-04-15T15:30:00Z,Sell,165.14,166.32,8797,-10380.46,87.97,16626.33,0,"	8217,8218" 
2024-04-15T16:30:00Z,"AMD",2024-04-15T17:00:00Z,Sell,161.99,161.99,9917,0,99.17,7834.43,0,"	8219,8220" 
2024-04-15T17:30:00Z,"TQQQ",2024-04-15T19:59:00Z,Sell,27.71942384,27.3856914,46241,15432.12,462.41,12708.81,1,"	8221,8223" 
2024-04-15T17:30:00Z,"SPXL",2024-04-15T19:59:00Z,Sell,119.028305242,117.70730202,13496,17828.26,134.96,15034.28,1,"	8222,8224" 
2024-04-16T14:00:00Z,"AMD",2024-04-16T14:30:00Z,Buy,163.9,162.89,9884,-9982.84,98.84,14232.96,0,"	8225,8226" 
2024-04-17T14:00:00Z,"TSLA",2024-04-17T15:30:00Z,Sell,154.64,155.88,10445,-12951.8,104.45,25068,0,"	8227,8231" 
2024-04-17T14:30:00Z,"AMD",2024-04-17T19:59:00Z,Sell,161.61,154.33,9989,72719.92,99.89,19778.22,1,"	8228,8236" 
2024-04-17T15:00:00Z,"NVDA",2024-04-17T15:30:00Z,Sell,85.768230825,86.166013915,18581,-7391.21,185.81,12683.91,0,"	8229,8232" 
2024-04-17T15:00:00Z,"TQQQ",2024-04-17T18:00:00Z,Sell,27.02741981,26.75748916,43405,11716.34,434.05,24497.8,1,"	8230,8235" 
2024-04-17T16:00:00Z,"SPXL",2024-04-17T17:30:00Z,Sell,115.508916061,115.548348993,14040,-553.64,140.4,24913.73,0,"	8233,8234" 
2024-04-18T16:00:00Z,"TSLA",2024-04-18T16:30:00Z,Sell,150.04,150.5,10933,-5029.18,109.33,6997.12,0,"	8237,8238" 
2024-04-19T14:30:00Z,"NVDA",2024-04-19T15:00:00Z,Sell,81.856363955,82.33910072,17738,-8562.78,177.38,20440.77,0,"	8239,8241" 
2024-04-19T14:30:00Z,"TQQQ",2024-04-19T19:59:00Z,Sell,25.1280896,24.30848199,64111,52545.86,641.11,35240.34,1,"	8240,8246" 
2024-04-19T15:30:00Z,"AMD",2024-04-19T17:30:00Z,Sell,149.71,149.04,7145,4787.15,71.45,13646.95,1,"	8242,8245" 
2024-04-19T16:00:00Z,"SPXL",2024-04-19T17:00:00Z,Sell,112.147258608,112.157116841,14684,-144.76,146.84,19108.09,0,"	8243,8244" 
2024-04-22T18:00:00Z,"SPXL",2024-04-22T18:30:00Z,Buy,115.016004411,115.430050197,14416,5968.88,144.16,2415.98,1,"	8247,8248" 
2024-04-23T14:00:00Z,"TSLA",2024-04-23T19:59:00Z,Buy,145.02,144.68,11446,-3891.64,114.46,29187.3,0,"	8249,8256" 
2024-04-23T14:00:00Z,"TQQQ",2024-04-23T19:59:00Z,Buy,25.64831958,26.05076164,42451,17084.07,424.51,10625.46,1,"	8250,8257" 
2024-04-23T14:00:00Z,"SPXL",2024-04-23T19:59:00Z,Buy,116.12998474,117.450987962,14294,18882.42,142.94,11273.09,1,"	8251,8258" 
2024-04-23T14:30:00Z,"AMD",2024-04-23T15:00:00Z,Buy,152.83,152.66,6504,-1105.68,65.04,4747.92,0,"	8252,8254" 
2024-04-23T14:30:00Z,"NVDA",2024-04-23T16:30:00Z,Buy,82.352093635,82.09123588,8205,-2140.34,82.05,6183.2,0,"	8253,8255" 
2024-04-24T14:30:00Z,"TSLA",2024-04-24T15:00:00Z,Buy,164.6,161.89,10154,-27517.34,101.54,34422.06,0,"	8259,8260" 
2024-04-24T16:00:00Z,"NVDA",2024-04-24T16:30:00Z,Sell,80.76395964,80.675008145,11711,1041.71,117.11,5161.74,1,"	8261,8262" 
2024-04-25T14:00:00Z,"SPXL",2024-04-25T14:30:00Z,Sell,112.48243853,113.487978296,14752,-14833.72,147.52,20650.87,0,"	8264,8266" 
2024-04-25T14:00:00Z,"NVDA",2024-04-25T19:59:00Z,Buy,80.99783211,82.561979185,13465,21061.24,134.65,16189.57,1,"	8263,8270" 
2024-04-25T14:30:00Z,"TSLA",2024-04-25T16:30:00Z,Buy,165.49,163.65,5946,-10940.64,59.46,19859.64,0,"	8265,8267" 
2024-04-25T17:00:00Z,"AMD",2024-04-25T17:30:00Z,Buy,153.74,153.55,10774,-2047.06,107.74,8619.2,0,"	8268,8269" 
2024-04-26T14:00:00Z,"SPXL",2024-04-26T14:30:00Z,Buy,119.215611669,119.324052232,13904,1507.76,139.04,8772.41,1,"	8274,8275" 
2024-04-26T14:00:00Z,"AMD",2024-04-26T18:30:00Z,Buy,155.68,157.5,10650,19383,106.5,19809,1,"	8271,8276" 
2024-04-26T14:00:00Z,"TQQQ",2024-04-26T18:30:00Z,Buy,26.92435538,27.1893782,57869,15336.61,578.69,15308.2,1,"	8273,8277" 
2024-04-26T14:00:00Z,"NVDA",2024-04-26T19:59:00Z,Buy,85.568339825,87.715169165,12190,26169.85,121.9,15960.2,1,"	8272,8278" 
2024-04-29T15:30:00Z,"TSLA",2024-04-29T19:59:00Z,Buy,192.79,193.91,3302,3698.24,33.02,23510.24,1,"	8279,8280" 
2024-04-30T15:30:00Z,"SPXL",2024-04-30T16:30:00Z,Sell,118.377661864,118.239646602,14222,1962.85,142.22,8412.23,1,"	8281,8282" 
2024-04-30T17:00:00Z,"TQQQ",2024-04-30T18:00:00Z,Sell,26.53663681,26.65442473,55616,-6550.89,556.16,13647.69,0,"	8283,8284" 
2024-05-01T14:30:00Z,"SPXL",2024-05-01T15:00:00Z,Sell,114.040039344,114.424510431,14757,-5673.64,147.57,7855.81,0,"	8285,8286" 
2024-05-01T15:30:00Z,"AMD",2024-05-01T18:30:00Z,Sell,144.14,145.53,11646,-16187.94,116.46,39014.1,0,"	8287,8289" 
2024-05-01T15:30:00Z,"NVDA",2024-05-01T18:30:00Z,Sell,82.64493395,83.72034753,15704,-16888.29,157.04,38673.57,0,"	8288,8290" 
2024-05-01T19:00:00Z,"TQQQ",2024-05-01T19:59:00Z,Buy,26.71822652,25.39311242,48811,-64680.14,488.11,70669.05,0,"	8291,8292" 
2024-05-02T14:00:00Z,"AMD",2024-05-02T14:30:00Z,Sell,142.59,143.33,10281,-7607.94,102.81,20973.24,0,"	8293,8294" 
2024-05-03T14:00:00Z,"TSLA",2024-05-03T14:30:00Z,Buy,184.1,181.01,4822,-14899.98,48.22,16057.26,0,"	8295,8296" 
2024-05-03T18:30:00Z,"NVDA",2024-05-03T19:00:00Z,Buy,89.092418155,88.77359201,18306,-5836.43,183.06,7647.74,0,"	8298,8299" 
2024-05-03T18:30:00Z,"AMD",2024-05-03T19:59:00Z,Buy,150.39,150.5,10173,1119.03,101.73,4170.93,1,"	8297,8300" 
2024-05-06T14:00:00Z,"TSLA",2024-05-06T14:30:00Z,Buy,187.22,184.45,4692,-12996.84,46.92,13747.56,0,"	8301,8304" 
2024-05-06T14:00:00Z,"AMD",2024-05-06T16:30:00Z,Buy,155.23,154.79,9416,-4143.04,94.16,16572.16,0,"	8302,8307" 
2024-05-06T14:00:00Z,"NVDA",2024-05-06T19:59:00Z,Buy,91.54807909,91.98184256,17792,7717.52,177.92,12652.11,1,"	8303,8310" 
2024-05-06T15:00:00Z,"TQQQ",2024-05-06T15:30:00Z,Buy,28.28873212,28.28382429,53020,-260.21,530.2,3903.2,0,"	8305,8306" 
2024-05-06T17:30:00Z,"SPXL",2024-05-06T19:00:00Z,Buy,123.444793626,123.996854674,13142,7255.19,131.42,2850.25,1,"	8308,8309" 
2024-05-07T14:00:00Z,"TSLA",2024-05-07T15:00:00Z,Sell,179.07,179.95,9085,-7994.8,90.85,16353,0,"	8311,8313" 
2024-05-07T14:00:00Z,"NVDA",2024-05-07T15:00:00Z,Sell,89.584150015,90.51864044,18156,-16966.61,181.56,23081.85,0,"	8312,8314" 
2024-05-07T15:00:00Z,"TQQQ",2024-05-07T15:30:00Z,Buy,29.0052753,28.98073615,44184,-1084.24,441.84,2276.9,0,"	8315,8316" 
2024-05-07T18:30:00Z,"AMD",2024-05-07T19:59:00Z,Sell,154.34,154.54,7880,-1576,78.8,8352.8,0,"	8317,8318" 
2024-05-09T14:00:00Z,"NVDA",2024-05-09T15:30:00Z,Sell,89.00146775,89.49319961,15527,-7635.12,155.27,18994.69,0,"	8319,8323" 
2024-05-09T14:30:00Z,"AMD",2024-05-09T15:00:00Z,Sell,150.97,152.56,10731,-17062.29,107.31,17062.29,0,"	8320,8321" 
2024-05-09T15:00:00Z,"SPXL",2024-05-09T19:59:00Z,Buy,126.520562322,127.131772768,12722,7775.82,127.22,10158.73,1,"	8322,8326" 
2024-05-09T18:30:00Z,"TSLA",2024-05-09T19:59:00Z,Sell,172.31,172.01,9001,2700.3,90.01,5670.63,1,"	8324,8325" 
2024-05-10T14:00:00Z,"AMD",2024-05-10T14:30:00Z,Buy,155.8,151.96,10334,-39682.56,103.34,39682.56,0,"	8327,8331" 
2024-05-10T14:00:00Z,"TQQQ",2024-05-10T14:30:00Z,Buy,29.38808604,28.93165785,45751,-20882.05,457.51,20882.05,0,"	8328,8332" 
2024-05-10T14:00:00Z,"SPXL",2024-05-10T14:30:00Z,Buy,128.866821776,127.614826185,12501,-15651.2,125.01,16144.15,0,"	8329,8333" 
2024-05-10T14:30:00Z,"TSLA",2024-05-10T19:59:00Z,Sell,169.21,168.76,9256,4165.2,92.56,13328.64,1,"	8330,8334" 
2024-05-13T14:00:00Z,"TSLA",2024-05-13T15:00:00Z,Buy,174.97,172.92,7329,-15024.45,73.29,19641.72,0,"	8335,8336" 
2024-05-14T14:30:00Z,"TQQQ",2024-05-14T15:00:00Z,Buy,29.56476792,29.44207217,53278,-6536.98,532.78,19872.43,0,"	8337,8340" 
2024-05-14T14:30:00Z,"SPXL",2024-05-14T15:00:00Z,Buy,128.620365951,128.245753097,9919,-3715.78,99.19,10854,0,"	8338,8341" 
2024-05-14T15:00:00Z,"TSLA",2024-05-14T16:30:00Z,Buy,178.05,177.02,2297,-2365.91,22.97,5627.65,0,"	8339,8345" 
2024-05-14T15:30:00Z,"NVDA",2024-05-14T16:00:00Z,Buy,91.14429927,90.823474215,6873,-2205.03,68.73,3187.33,0,"	8343,8344" 
2024-05-14T15:30:00Z,"AMD",2024-05-14T19:59:00Z,Buy,153.41,153.16,10243,-2560.75,102.43,15876.65,0,"	8342,8346" 
2024-05-15T14:00:00Z,"TSLA",2024-05-15T15:00:00Z,Sell,174.07,174.15,3787,-302.96,37.87,3559.78,0,"	8347,8348" 
2024-05-15T15:00:00Z,"AMD",2024-05-15T16:00:00Z,Buy,157.62,156.97,9605,-6243.25,96.05,11333.9,0,"	8349,8353" 
2024-05-15T15:00:00Z,"NVDA",2024-05-15T19:59:00Z,Buy,93.921784715,94.58642229,13839,9197.92,138.39,7980.75,1,"	8350,8354" 
2024-05-15T15:30:00Z,"TQQQ",2024-05-15T19:59:00Z,Buy,30.68866099,31.16962833,51044,24550.5,510.44,6763.91,1,"	8351,8355" 
2024-05-15T15:30:00Z,"SPXL",2024-05-15T19:59:00Z,Buy,132.918555539,134.219842295,11782,15331.76,117.82,6620.53,1,"	8352,8356" 
2024-05-16T14:00:00Z,"AMD",2024-05-16T17:30:00Z,Buy,163.11,164.86,8376,14658,83.76,27222,1,"	8357,8362" 
2024-05-16T14:30:00Z,"SPXL",2024-05-16T15:30:00Z,Buy,134.702895712,135.067650333,11773,4294.26,117.73,8008.21,1,"	8358,8361" 
2024-05-16T15:00:00Z,"TQQQ",2024-05-16T15:30:00Z,Buy,31.44937464,31.42974332,50680,-994.92,506.8,8456.78,0,"	8359,8360" 
2024-05-17T14:00:00Z,"NVDA",2024-05-17T14:30:00Z,Sell,93.671920965,93.73888445,16980,-1137.04,169.8,12032.26,0,"	8363,8364" 
2024-05-17T16:00:00Z,"TSLA",2024-05-17T17:30:00Z,Buy,179,177.21,6927,-12399.33,69.27,16001.37,0,"	8365,8366" 
2024-05-17T18:30:00Z,"TQQQ",2024-05-17T19:00:00Z,Sell,30.56596524,30.79663325,48706,-11234.92,487.06,11593.48,0,"	8367,8368" 
2024-05-20T14:00:00Z,"TSLA",2024-05-20T14:30:00Z,Sell,174.09,174.74,8799,-5719.35,87.99,14606.34,0,"	8369,8373" 
2024-05-20T14:00:00Z,"NVDA",2024-05-20T15:30:00Z,Buy,94.91624244,94.503467525,15755,-6503.27,157.55,11148.46,0,"	8370,8374" 
2024-05-20T14:00:00Z,"SPXL",2024-05-20T16:30:00Z,Buy,134.998642702,134.693037479,11711,-3578.94,117.11,8081.48,0,"	8372,8375" 
2024-05-20T14:00:00Z,"TQQQ",2024-05-20T19:59:00Z,Buy,31.45428247,31.44446681,46085,-452.35,460.85,16058.59,0,"	8371,8376" 
2024-05-21T14:00:00Z,"TSLA",2024-05-21T14:30:00Z,Buy,178.17,178.13,7403,-296.12,74.03,14139.73,0,"	8377,8378" 
2024-05-22T14:00:00Z,"NVDA",2024-05-22T15:00:00Z,Sell,94.673374875,94.765324735,16070,-1477.63,160.7,7018.76,0,"	8379,8380" 
2024-05-22T18:30:00Z,"TSLA",2024-05-22T19:00:00Z,Sell,178.17,178.98,5486,-4443.66,54.86,4443.66,0,"	8381,8384" 
2024-05-22T18:30:00Z,"TQQQ",2024-05-22T19:00:00Z,Sell,31.1647205,31.35612587,50484,-9662.91,504.84,10406.21,0,"	8382,8385" 
2024-05-22T18:30:00Z,"SPXL",2024-05-22T19:59:00Z,Sell,132.327061559,133.490333053,11888,-13828.97,118.88,17754.99,0,"	8383,8386" 
2024-05-23T14:00:00Z,"TSLA",2024-05-23T16:00:00Z,Sell,176.91,176.95,2791,-111.64,27.91,5023.8,0,"	8387,8390" 
2024-05-23T14:30:00Z,"NVDA",2024-05-23T18:30:00Z,Buy,104.188186475,103.94332,10987,-2690.35,109.87,27847.85,0,"	8388,8394" 
2024-05-23T15:00:00Z,"AMD",2024-05-23T16:30:00Z,Sell,160.85,164.07,9699,-31230.78,96.99,33655.53,0,"	8389,8391" 
2024-05-23T17:30:00Z,"SPXL",2024-05-23T19:59:00Z,Sell,133.431183655,130.690594881,11666,31971.71,116.66,10925.58,1,"	8392,8396" 
2024-05-23T18:00:00Z,"TQQQ",2024-05-23T19:59:00Z,Sell,31.29723191,31.18435182,49866,5628.88,498.66,18110.3,1,"	8393,8395" 
2024-05-24T14:00:00Z,"AMD",2024-05-24T19:59:00Z,Buy,163.4,166.24,9567,27170.28,95.67,14828.85,1,"	8397,8405" 
2024-05-24T14:30:00Z,"TSLA",2024-05-24T15:00:00Z,Buy,177.87,177.92,3975,198.75,39.75,3180,1,"	8398,8400" 
2024-05-24T14:30:00Z,"TQQQ",2024-05-24T19:00:00Z,Buy,31.88617151,32.06285339,49251,8701.76,492.51,13294.35,1,"	8399,8403" 
2024-05-24T15:30:00Z,"SPXL",2024-05-24T18:00:00Z,Buy,133.510049519,133.38189249,11824,-1515.33,118.24,8509.15,0,"	8401,8402" 
2024-05-24T19:30:00Z,"NVDA",2024-05-24T19:59:00Z,Buy,105.91224635,106.181099745,6511,1750.5,65.11,1366.56,1,"	8404,8406" 
2024-05-28T14:00:00Z,"NVDA",2024-05-28T14:30:00Z,Buy,111.632127315,111.31530008,8884,-2814.69,88.84,6668.25,0,"	8407,8408" 
2024-05-28T17:00:00Z,"AMD",2024-05-28T18:00:00Z,Buy,173.69,172.84,8621,-7327.85,86.21,12241.82,0,"	8409,8410" 
2024-05-29T14:00:00Z,"AMD",2024-05-29T14:30:00Z,Sell,164.2,165.24,8132,-8457.28,81.32,10978.2,0,"	8411,8412" 
2024-05-30T14:00:00Z,"TSLA",2024-05-30T15:00:00Z,Buy,181.1,177.99,7966,-24774.26,79.66,38953.74,0,"	8413,8414" 
2024-05-30T15:00:00Z,"NVDA",2024-05-30T16:00:00Z,Sell,113.262218132,113.462116152,8405,-1680.14,84.05,10047.25,0,"	8415,8417" 
2024-05-30T15:00:00Z,"TQQQ",2024-05-30T17:00:00Z,Sell,30.99294645,31.18435182,50324,-9632.28,503.24,17906.17,0,"	8416,8418" 
2024-05-31T14:00:00Z,"TQQQ",2024-05-31T19:30:00Z,Sell,30.428546,29.77089678,51098,33604.56,510.98,45015.06,1,"	8419,8428" 
2024-05-31T14:30:00Z,"NVDA",2024-05-31T15:00:00Z,Sell,109.384196544,109.5731001729,7660,-1447,76.6,11981.79,0,"	8420,8422" 
2024-05-31T14:30:00Z,"SPXL",2024-05-31T18:00:00Z,Sell,126.816309312,126.658577584,12358,1949.25,123.58,23147.33,1,"	8421,8426" 
2024-05-31T15:30:00Z,"TSLA",2024-05-31T18:00:00Z,Sell,175.45,176.05,8996,-5397.6,89.96,20330.96,0,"	8423,8425" 
2024-05-31T15:30:00Z,"AMD",2024-05-31T19:00:00Z,Sell,162.42,163,7730,-4483.4,77.3,23190,0,"	8424,8427" 
2024-06-03T15:00:00Z,"AMD",2024-06-03T15:30:00Z,Sell,163.86,164.52,7964,-5256.24,79.64,10193.92,0,"	8429,8430" 
2024-06-03T16:30:00Z,"SPXL",2024-06-03T19:30:00Z,Sell,128.817530611,130.582154318,12127,-21399.59,121.27,33952.42,0,"	8431,8434" 
2024-06-03T17:30:00Z,"TSLA",2024-06-03T18:00:00Z,Sell,175.79,176.22,8871,-3814.53,88.71,4790.34,0,"	8432,8433" 
2024-06-04T19:30:00Z,"AMD",2024-06-04T19:59:00Z,Sell,159.36,160.1,7113,-5263.62,71.13,8997.94,0,"	8435,8436" 
2024-06-05T14:00:00Z,"NVDA",2024-06-05T15:00:00Z,Buy,119.3181286479,119.778893584,7066,3255.77,70.66,2387.09,1,"	8438,8439" 
2024-06-05T14:00:00Z,"AMD",2024-06-05T16:30:00Z,Buy,164.9,164.87,8490,-254.7,84.9,17404.5,0,"	8437,8440" 
2024-06-05T17:00:00Z,"TQQQ",2024-06-05T19:59:00Z,Buy,32.73031827,33.07386637,44295,15217.46,442.95,8478.3,1,"	8441,8443" 
2024-06-05T18:00:00Z,"SPXL",2024-06-05T19:59:00Z,Buy,135.728151944,136.585818215,10182,8732.76,101.82,4717.7,1,"	8442,8444" 
2024-06-06T14:00:00Z,"TQQQ",2024-06-06T14:30:00Z,Sell,32.87264534,33.13276033,29417,-7651.8,294.17,8229.3,0,"	8446,8447" 
2024-06-06T14:00:00Z,"NVDA",2024-06-06T15:00:00Z,Sell,118.399597246,121.2041664666,7157,-20072.3,71.57,27340.11,0,"	8445,8448" 
2024-06-06T17:00:00Z,"TSLA",2024-06-06T19:59:00Z,Buy,177.47,178.01,8730,4714.2,87.3,16587,1,"	8449,8450" 
2024-06-10T14:00:00Z,"NVDA",2024-06-10T14:30:00Z,Sell,118.179709424,119.888837495,8472,-14479.73,84.72,17528.1,0,"	8451,8452" 
2024-06-10T18:30:00Z,"TSLA",2024-06-10T19:30:00Z,Sell,173.71,175,8894,-11473.26,88.94,15742.38,0,"	8453,8454" 
2024-06-11T14:00:00Z,"SPXL",2024-06-11T14:30:00Z,Sell,135.008500935,135.757726643,11412,-8550.16,114.12,9675.19,0,"	8457,8458" 
2024-06-11T14:00:00Z,"AMD",2024-06-11T15:30:00Z,Sell,157.12,158.65,6304,-9645.12,63.04,12860.16,0,"	8456,8459" 
2024-06-11T14:00:00Z,"TSLA",2024-06-11T18:00:00Z,Sell,167.92,169.51,9173,-14585.07,91.73,18712.92,0,"	8455,8462" 
2024-06-11T16:00:00Z,"NVDA",2024-06-11T16:30:00Z,Sell,119.188989128,120.558403042,10805,-14796.52,108.05,15228.53,0,"	8460,8461" 
2024-06-11T18:30:00Z,"TQQQ",2024-06-11T19:59:00Z,Buy,33.84930351,33.95236794,34755,3582,347.55,6567.01,1,"	8463,8464" 
2024-06-12T14:00:00Z,"SPXL",2024-06-12T16:30:00Z,Buy,142.64863151,142.481041549,10677,-1789.36,106.77,11788.71,0,"	8467,8469" 
2024-06-12T14:00:00Z,"TQQQ",2024-06-12T19:30:00Z,Buy,35.32656034,35.18423327,34605,-4925.23,346.05,22503.2,0,"	8466,8471" 
2024-06-12T14:00:00Z,"TSLA",2024-06-12T19:59:00Z,Buy,173.94,177.39,8754,30201.3,87.54,28791.91,1,"	8465,8472" 
2024-06-12T14:30:00Z,"NVDA",2024-06-12T19:30:00Z,Buy,126.785737848,124.386764568,9913,-23781.02,99.13,23781.02,0,"	8468,8470" 
2024-06-13T14:00:00Z,"AMD",2024-06-13T14:30:00Z,Sell,158.6,159.09,7615,-3731.35,76.15,8757.25,0,"	8473,8474" 
2024-06-13T16:30:00Z,"SPXL",2024-06-13T17:00:00Z,Sell,140.292513823,141.081172463,10839,-8548.27,108.39,9189.39,0,"	8475,8476" 
2024-06-14T14:00:00Z,"TQQQ",2024-06-14T14:30:00Z,Buy,36.16089144,36.0725505,41985,-3708.99,419.85,10405.79,0,"	8477,8480" 
2024-06-14T14:30:00Z,"TSLA",2024-06-14T15:00:00Z,Sell,179.17,178.91,5306,1379.56,53.06,5730.48,1,"	8478,8481" 
2024-06-14T14:30:00Z,"NVDA",2024-06-14T15:30:00Z,Buy,132.583256608,130.604103652,9721,-19239.35,97.21,21668.56,0,"	8479,8482" 
2024-06-17T14:00:00Z,"TSLA",2024-06-17T19:59:00Z,Buy,180.94,187.39,4059,26180.55,40.59,10025.73,1,"	8483,8488" 
2024-06-17T14:30:00Z,"AMD",2024-06-17T15:30:00Z,Sell,154.75,156.44,7075,-11956.75,70.75,14291.5,0,"	8484,8485" 
2024-06-17T16:30:00Z,"TQQQ",2024-06-17T19:59:00Z,Buy,37.14736527,37.73139704,40714,23778.27,407.14,15785.57,1,"	8486,8489" 
2024-06-17T16:30:00Z,"SPXL",2024-06-17T19:59:00Z,Buy,144.610419877,145.793407837,10458,12371.69,104.58,11753.1,1,"	8487,8490" 
2024-06-18T14:00:00Z,"NVDA",2024-06-18T14:30:00Z,Buy,133.133021318,133.003076932,6692,-869.59,66.92,5016.85,0,"	8491,8492" 
2024-06-18T15:00:00Z,"AMD",2024-06-18T17:00:00Z,Sell,154.91,155.17,9863,-2564.38,98.63,17753.4,0,"	8493,8494" 
2024-06-20T14:00:00Z,"TSLA",2024-06-20T14:30:00Z,Sell,182.02,182.46,3832,-1686.08,38.32,3908.64,0,"	8495,8497" 
2024-06-20T14:00:00Z,"AMD",2024-06-20T16:30:00Z,Buy,163.65,161.8,9332,-17264.2,93.32,46660,0,"	8496,8498" 
2024-06-20T16:30:00Z,"TQQQ",2024-06-20T19:59:00Z,Sell,37.00994603,36.82344849,39016,7276.39,390.16,24892.91,1,"	8499,8504" 
2024-06-20T17:30:00Z,"SPXL",2024-06-20T18:00:00Z,Sell,144.886450401,145.724400206,10517,-8812.72,105.17,13892.99,0,"	8501,8502" 
2024-06-20T17:30:00Z,"NVDA",2024-06-20T19:59:00Z,Sell,131.183855528,130.74404376,9703,4267.49,97.03,34818.87,1,"	8500,8503" 
2024-06-21T14:00:00Z,"SPXL",2024-06-21T14:30:00Z,Sell,144.413255217,144.81744277,10523,-4253.27,105.23,6857.09,0,"	8506,8507" 
2024-06-21T14:00:00Z,"TQQQ",2024-06-21T15:00:00Z,Sell,36.40137511,36.72038406,40696,-12982.39,406.96,14779.95,0,"	8505,8508" 
2024-06-24T14:00:00Z,"TSLA",2024-06-24T14:30:00Z,Buy,187.76,183.95,5728,-21823.68,57.28,24172.16,0,"	8509,8511" 
2024-06-24T14:00:00Z,"SPXL",2024-06-24T14:30:00Z,Buy,145.832840769,145.635676109,10379,-2046.37,103.79,11971.28,0,"	8510,8513" 
2024-06-24T14:30:00Z,"NVDA",2024-06-24T19:30:00Z,Sell,120.79830037,120.338497158,9060,4165.82,90.6,24994.9,1,"	8512,8516" 
2024-06-24T18:30:00Z,"TQQQ",2024-06-24T19:00:00Z,Sell,35.46397958,35.6799241,41681,-9000.78,416.81,13296.61,0,"	8514,8515" 
2024-06-25T14:00:00Z,"AMD",2024-06-25T14:30:00Z,Sell,157.1,158.68,8684,-13720.72,86.84,17541.68,0,"	8517,8519" 
2024-06-25T14:00:00Z,"NVDA",2024-06-25T14:30:00Z,Buy,121.837855458,121.927816956,7803,701.97,78.03,13103.43,1,"	8518,8520" 
2024-06-25T14:30:00Z,"TQQQ",2024-06-25T17:00:00Z,Buy,35.99402522,35.95476258,37024,-1453.66,370.24,19624.41,0,"	8521,8524" 
2024-06-25T16:00:00Z,"TSLA",2024-06-25T16:30:00Z,Buy,187.28,185.93,6792,-9169.2,67.92,11682.24,0,"	8522,8523" 
2024-06-26T14:00:00Z,"TSLA",2024-06-26T19:59:00Z,Buy,191.98,196.38,7772,34196.8,77.72,17059.54,1,"	8525,8530" 
2024-06-26T15:00:00Z,"NVDA",2024-06-26T16:00:00Z,Sell,123.956948522,124.416751734,4269,-1962.9,42.69,8022.29,0,"	8526,8529" 
2024-06-26T15:30:00Z,"AMD",2024-06-26T16:00:00Z,Sell,156.9,157.64,7196,-5325.04,71.96,8275.4,0,"	8527,8528" 
2024-06-27T14:00:00Z,"TQQQ",2024-06-27T15:00:00Z,Buy,36.98880018,36.826222875,31092,-5054.85,310.92,17615.4,0,"	8531,8533" 
2024-06-27T14:30:00Z,"SPXL",2024-06-27T15:00:00Z,Buy,146.388511315,145.904337366,10270,-4972.47,102.7,8016.83,0,"	8532,8534" 
2024-06-28T14:00:00Z,"TSLA",2024-06-28T14:30:00Z,Buy,202.05,200.4,5659,-9337.35,56.59,13128.88,0,"	8535,8540" 
2024-06-28T14:00:00Z,"AMD",2024-06-28T15:00:00Z,Buy,163.36,163.94,9171,5319.18,91.71,22285.53,1,"	8536,8541" 
2024-06-28T14:00:00Z,"TQQQ",2024-06-28T15:00:00Z,Buy,37.525797945,37.476532095,25044,-1233.81,250.44,19062.43,0,"	8538,8542" 
2024-06-28T14:00:00Z,"SPXL",2024-06-28T15:00:00Z,Buy,147.455670223,147.870676465,10158,4215.63,101.58,15658.07,1,"	8539,8543" 
2024-06-28T14:00:00Z,"NVDA",2024-06-28T15:30:00Z,Buy,126.126020196,125.89611859,3681,-846.27,36.81,8425.88,0,"	8537,8544" 
2024-07-01T14:00:00Z,"NVDA",2024-07-01T14:30:00Z,Sell,120.538411598,121.827859736,4579,-5904.38,45.79,10847.59,0,"	8547,8549" 
2024-07-01T14:00:00Z,"TQQQ",2024-07-01T14:30:00Z,Sell,36.087235125,36.353270715,28993,-7713.17,289.93,18854.42,0,"	8548,8550" 
2024-07-01T14:00:00Z,"AMD",2024-07-01T15:30:00Z,Sell,155.36,156.16,9637,-7709.6,96.37,22357.84,0,"	8546,8552" 
2024-07-01T14:00:00Z,"TSLA",2024-07-01T19:59:00Z,Buy,206.25,209.42,6143,19473.31,61.43,23159.11,1,"	8545,8554" 
2024-07-01T15:00:00Z,"SPXL",2024-07-01T15:30:00Z,Sell,143.57239753,144.283836802,10425,-7416.75,104.25,10816.1,0,"	8551,8553" 
2024-07-02T14:00:00Z,"TSLA",2024-07-02T19:59:00Z,Buy,224.22,230.89,4509,30075.03,45.09,23514.44,1,"	8555,8560" 
2024-07-02T15:00:00Z,"TQQQ",2024-07-02T16:00:00Z,Buy,37.309028205,37.210496505,39202,-3862.64,392.02,12360.45,0,"	8556,8557" 
2024-07-02T17:30:00Z,"AMD",2024-07-02T19:59:00Z,Buy,160.76,164.14,8476,28648.88,84.76,4831.32,1,"	8558,8561" 
2024-07-02T17:30:00Z,"SPXL",2024-07-02T19:59:00Z,Buy,146.181008194,147.910200869,10235,17698.29,102.35,3135.13,1,"	8559,8562" 
2024-07-03T14:30:00Z,"TSLA",2024-07-03T16:59:00Z,Buy,244.57,245.74,2476,2896.92,24.76,19845.14,1,"	8563,8567" 
2024-07-03T15:00:00Z,"NVDA",2024-07-03T16:59:00Z,Buy,125.306370992,127.9452416,12133,32017.42,121.33,15644.87,1,"	8564,8568" 
2024-07-03T15:30:00Z,"TQQQ",2024-07-03T16:59:00Z,Buy,38.64413274,38.96928735,38420,12492.44,384.2,10978.2,1,"	8565,8569" 
2024-07-03T15:30:00Z,"SPXL",2024-07-03T16:59:00Z,Buy,148.779737757,149.79749116,10229,10410.6,102.29,4750.47,1,"	8566,8570" 
2024-07-05T14:00:00Z,"TQQQ",2024-07-05T19:59:00Z,Buy,39.624523155,40.274832375,38992,25356.86,389.92,16520.38,1,"	8571,8575" 
2024-07-05T14:30:00Z,"AMD",2024-07-05T19:59:00Z,Buy,170,171.82,7329,13338.78,73.29,19275.27,1,"	8572,8574" 
2024-07-05T16:00:00Z,"SPXL",2024-07-05T19:59:00Z,Buy,151.47727833,152.583961642,10278,11374.49,102.78,5382.57,1,"	8573,8576" 
2024-07-08T14:00:00Z,"NVDA",2024-07-08T14:30:00Z,Buy,130.464163544,128.904830912,10322,-16095.43,103.22,22698.69,0,"	8577,8578" 
2024-07-08T16:00:00Z,"TSLA",2024-07-08T16:30:00Z,Buy,259.21,256.1,3375,-10496.25,33.75,11677.5,0,"	8579,8580" 
2024-07-09T14:00:00Z,"NVDA",2024-07-09T14:30:00Z,Buy,132.403333612,131.903547512,6602,-3299.59,66.02,11548.56,0,"	8581,8582" 
2024-07-09T16:30:00Z,"TSLA",2024-07-09T19:59:00Z,Buy,264.28,261.92,2252,-5314.72,22.52,10179.04,0,"	8583,8584" 
2024-07-10T14:00:00Z,"AMD",2024-07-10T15:00:00Z,Buy,183.16,182.4,5105,-3879.8,51.05,23636.15,0,"	8585,8586" 
2024-07-10T16:30:00Z,"SPXL",2024-07-10T19:59:00Z,Buy,155.775557265,157.89999398,9948,21133.9,99.48,4325.08,1,"	8587,8592" 
2024-07-10T18:00:00Z,"TQQQ",2024-07-10T18:30:00Z,Buy,41.72817495,41.68876227,37185,-1465.56,371.85,3114.32,0,"	8588,8589" 
2024-07-10T19:30:00Z,"NVDA",2024-07-10T19:59:00Z,Buy,134.632379618,134.822298336,6973,1324.3,69.73,3101.66,1,"	8590,8591" 
2024-07-11T14:00:00Z,"TSLA",2024-07-11T14:30:00Z,Buy,269.78,266.22,3976,-14154.56,39.76,25764.48,0,"	8593,8594" 
2024-07-11T14:30:00Z,"NVDA",2024-07-11T19:59:00Z,Sell,131.753611682,127.54541272,8734,36754.41,87.34,22349.47,1,"	8595,8600" 
2024-07-11T14:30:00Z,"TQQQ",2024-07-11T19:59:00Z,Sell,40.63447308,39.161424165,38174,56232.17,381.74,25953.31,1,"	8596,8601" 
2024-07-11T14:30:00Z,"SPXL",2024-07-11T19:59:00Z,Sell,156.368423325,153.967315782,9917,23811.78,99.17,14012.7,1,"	8597,8602" 
2024-07-11T15:00:00Z,"AMD",2024-07-11T19:00:00Z,Sell,180.33,180.27,5752,345.12,57.52,17140.96,1,"	8598,8599" 
2024-07-12T14:00:00Z,"NVDA",2024-07-12T14:30:00Z,Buy,129.874415946,128.954809522,10859,-9986.01,108.59,17790.29,0,"	8604,8607" 
2024-07-12T14:00:00Z,"TSLA",2024-07-12T19:59:00Z,Buy,246.19,248.02,4353,7965.99,43.53,17194.35,1,"	8603,8610" 
2024-07-12T14:00:00Z,"TQQQ",2024-07-12T19:59:00Z,Buy,39.74768778,39.644229495,32190,-3330.32,321.9,41073.97,0,"	8605,8611" 
2024-07-12T14:00:00Z,"SPXL",2024-07-12T19:59:00Z,Buy,155.459362033,155.785438366,10275,3350.43,102.75,37362.42,1,"	8606,8612" 
2024-07-12T15:00:00Z,"AMD",2024-07-12T16:00:00Z,Buy,185.38,185.12,8703,-2262.78,87.03,14534.01,0,"	8608,8609" 
2024-07-15T14:00:00Z,"TSLA",2024-07-15T15:30:00Z,Buy,260.98,261.97,3844,3805.56,38.44,14953.16,1,"	8613,8615" 
2024-07-15T15:00:00Z,"SPXL",2024-07-15T15:30:00Z,Buy,159.352515827,159.401921332,10032,495.64,100.32,8723.19,1,"	8614,8616" 
2024-07-16T14:00:00Z,"NVDA",2024-07-16T15:30:00Z,Sell,126.056050142,126.405900412,10757,-3763.34,107.57,23225.18,0,"	8618,8619" 
2024-07-16T14:00:00Z,"AMD",2024-07-16T17:00:00Z,Sell,176.71,176.85,9039,-1265.46,90.39,19614.63,0,"	8617,8620" 
2024-07-17T14:00:00Z,"TQQQ",2024-07-17T15:00:00Z,Sell,37.791833535,37.299175035,32488,16005.49,324.88,12804.39,1,"	8622,8625" 
2024-07-17T14:00:00Z,"AMD",2024-07-17T19:59:00Z,Sell,166.2,159.6,9599,63353.4,95.99,19006.02,1,"	8621,8626" 
2024-07-17T14:30:00Z,"NVDA",2024-07-17T15:00:00Z,Sell,118.9490918,119.518847954,12223,-6964.13,122.23,15394.39,0,"	8623,8624" 
2024-07-18T15:30:00Z,"AMD",2024-07-18T17:00:00Z,Sell,154.08,156.21,9543,-20326.59,95.43,28247.28,0,"	8627,8631" 
2024-07-18T15:30:00Z,"SPXL",2024-07-18T19:59:00Z,Sell,150.805363462,149.688799049,10764,12018.7,107.64,28185.45,1,"	8628,8632" 
2024-07-18T16:00:00Z,"TQQQ",2024-07-18T16:30:00Z,Sell,35.446779075,35.65862223,36669,-7768.08,366.69,12645.71,0,"	8629,8630" 
2024-07-19T14:30:00Z,"SPXL",2024-07-19T15:00:00Z,Sell,148.463542525,148.532710232,10894,-753.51,108.94,4305.79,0,"	8633,8634" 
2024-07-19T15:30:00Z,"TSLA",2024-07-19T19:59:00Z,Sell,240.26,239.24,6730,6864.6,67.3,26987.3,1,"	8635,8640" 
2024-07-19T17:30:00Z,"NVDA",2024-07-19T18:00:00Z,Sell,117.9495196,118.169425484,12319,-2709.02,123.19,7141.96,0,"	8636,8638" 
2024-07-19T17:30:00Z,"TQQQ",2024-07-19T18:00:00Z,Sell,34.895001555,35.06743203,35518,-6124.39,355.18,10323.96,0,"	8637,8639" 
2024-07-22T14:00:00Z,"TSLA",2024-07-22T14:30:00Z,Buy,250.06,246.39,6465,-23726.55,64.65,26053.95,0,"	8641,8643" 
2024-07-22T14:00:00Z,"NVDA",2024-07-22T15:30:00Z,Buy,122.427603056,120.738326038,12305,-20786.55,123.05,29273.37,0,"	8642,8644" 
2024-07-23T14:00:00Z,"SPXL",2024-07-23T15:00:00Z,Buy,151.921927875,151.398229522,10515,-5506.69,105.15,17662.96,0,"	8645,8647" 
2024-07-23T15:00:00Z,"TSLA",2024-07-23T15:30:00Z,Sell,247.26,249.11,6456,-11943.6,64.56,14655.12,0,"	8646,8648" 
2024-07-24T14:00:00Z,"AMD",2024-07-24T15:30:00Z,Sell,149.91,149.42,8707,4266.43,87.07,8532.86,1,"	8650,8653" 
2024-07-24T14:00:00Z,"TSLA",2024-07-24T16:00:00Z,Sell,215.84,220.55,7371,-34717.41,73.71,46879.56,0,"	8649,8654" 
2024-07-24T14:00:00Z,"TQQQ",2024-07-24T19:59:00Z,Sell,33.91461114,32.205086145,38726,66203.06,387.26,18887.91,1,"	8651,8657" 
2024-07-24T14:00:00Z,"SPXL",2024-07-24T19:59:00Z,Sell,144.649437539,139.965795665,10997,51506.01,109.97,12061.53,1,"	8652,8658" 
2024-07-24T16:00:00Z,"NVDA",2024-07-24T19:59:00Z,Sell,116.810007292,114.181132406,11916,31325.67,119.16,20486.75,1,"	8655,8656" 
2024-07-25T14:00:00Z,"AMD",2024-07-25T14:30:00Z,Sell,139.92,141.18,11708,-14752.08,117.08,49759,0,"	8659,8664" 
2024-07-25T14:00:00Z,"NVDA",2024-07-25T14:30:00Z,Sell,109.733036116,111.332351636,14295,-22862.22,142.95,70444.2,0,"	8660,8665" 
2024-07-25T14:00:00Z,"TQQQ",2024-07-25T14:30:00Z,Sell,31.35278694,31.594189605,41500,-10018.21,415,39663.94,0,"	8661,8666" 
2024-07-25T14:00:00Z,"SPXL",2024-07-25T14:30:00Z,Sell,139.036972171,139.629838231,11763,-6973.88,117.63,28825.38,0,"	8662,8667" 
2024-07-25T14:30:00Z,"TSLA",2024-07-25T19:59:00Z,Buy,224.38,220.85,4847,-17109.91,48.47,25882.98,0,"	8663,8668" 
2024-07-26T14:30:00Z,"SPXL",2024-07-26T15:00:00Z,Buy,141.803680451,141.615939532,11340,-2128.98,113.4,15126.98,0,"	8669,8670" 
2024-07-26T17:30:00Z,"TQQQ",2024-07-26T18:00:00Z,Buy,32.648478795,32.18045322,39279,-18383.58,392.79,25930.52,0,"	8671,8672" 
2024-07-29T14:00:00Z,"TSLA",2024-07-29T15:30:00Z,Buy,230.89,229.31,4885,-7718.3,48.85,28919.2,0,"	8673,8674" 
2024-07-30T14:00:00Z,"NVDA",2024-07-30T19:59:00Z,Sell,108.063750542,103.765590082,14780,63526.81,147.8,55696.76,1,"	8675,8682" 
2024-07-30T15:00:00Z,"TQQQ",2024-07-30T19:59:00Z,Sell,31.741987155,31.05719184,37276,25526.43,372.76,36545.03,1,"	8676,8683" 
2024-07-30T15:30:00Z,"AMD",2024-07-30T18:30:00Z,Sell,137.3,137.87,11770,-6708.9,117.7,45667.6,0,"	8678,8680" 
2024-07-30T15:30:00Z,"TSLA",2024-07-30T19:59:00Z,Sell,226.65,223.13,4077,14351.04,40.77,16552.62,1,"	8677,8681" 
2024-07-30T16:00:00Z,"SPXL",2024-07-30T19:59:00Z,Sell,139.234594191,141.023073472,11803,-21109.42,118.03,44901.25,0,"	8679,8684" 
2024-07-31T14:00:00Z,"TSLA",2024-07-31T14:30:00Z,Buy,233.53,230.5,4140,-12544.2,41.4,14117.4,0,"	8685,8686" 
2024-07-31T15:30:00Z,"NVDA",2024-07-31T16:00:00Z,Buy,115.70048215,115.560542042,14026,-1962.8,140.26,10094.4,0,"	8687,8688" 
2024-07-31T19:00:00Z,"SPXL",2024-07-31T19:30:00Z,Buy,148.947716474,146.299581406,10891,-28840.84,108.91,30885.53,0,"	8689,8690" 
2024-08-01T14:00:00Z,"TQQQ",2024-08-01T14:30:00Z,Buy,34.412196225,33.377613375,35849,-37088.76,358.49,39561.34,0,"	8692,8694" 
2024-08-01T14:00:00Z,"SPXL",2024-08-01T14:30:00Z,Buy,149.767847857,146.358868012,10759,-36677.21,107.59,37634.01,0,"	8693,8695" 
2024-08-01T14:00:00Z,"AMD",2024-08-01T19:59:00Z,Sell,142.65,132.42,11289,115486.47,112.89,27883.83,1,"	8691,8700" 
2024-08-01T15:00:00Z,"NVDA",2024-08-01T15:30:00Z,Sell,113.921243634,114.20112385,7628,-2134.93,76.28,12047.08,0,"	8696,8697" 
2024-08-01T17:30:00Z,"TSLA",2024-08-01T19:59:00Z,Sell,219.78,216.81,7363,21868.11,73.63,17339.86,1,"	8698,8699" 
2024-08-02T14:00:00Z,"AMD",2024-08-02T14:30:00Z,Buy,135.78,134.95,12041,-9994.03,120.41,42625.14,0,"	8701,8704" 
2024-08-02T14:00:00Z,"TQQQ",2024-08-02T16:00:00Z,Sell,29.002805895,29.101337595,46764,-4607.74,467.64,54140.9,0,"	8702,8706" 
2024-08-02T14:00:00Z,"SPXL",2024-08-02T16:00:00Z,Sell,133.79010754,132.317823491,12206,17970.7,122.06,37388.7,1,"	8703,8707" 
2024-08-02T15:00:00Z,"TSLA",2024-08-02T19:59:00Z,Sell,209.27,207.22,7823,16037.15,78.23,34812.35,1,"	8705,8708" 
2024-08-05T16:30:00Z,"AMD",2024-08-05T17:00:00Z,Buy,139.07,136.04,11809,-35781.27,118.09,37552.62,0,"	8709,8710" 
2024-08-06T14:00:00Z,"SPXL",2024-08-06T15:30:00Z,Buy,124.314131681,124.659970216,13095,4528.76,130.95,34418.54,1,"	8711,8712" 
2024-08-06T17:00:00Z,"TQQQ",2024-08-06T17:30:00Z,Buy,28.20962571,28.18991937,44423,-875.41,444.23,8973,0,"	8713,8714" 
2024-08-07T14:00:00Z,"SPXL",2024-08-07T14:30:00Z,Buy,130.796133937,129.116346767,12264,-20600.91,122.64,24721.09,0,"	8715,8716" 
2024-08-07T18:30:00Z,"TSLA",2024-08-07T19:59:00Z,Sell,193.53,191.72,8372,15153.32,83.72,21013.72,1,"	8717,8718" 
2024-08-08T14:30:00Z,"TQQQ",2024-08-08T15:00:00Z,Buy,27.987929385,28.11109401,48821,6013.02,488.21,8658.75,1,"	8719,8721" 
2024-08-08T14:30:00Z,"SPXL",2024-08-08T15:00:00Z,Buy,128.365383091,128.563005111,11417,2256.25,114.17,6091.88,1,"	8720,8722" 
2024-08-12T14:30:00Z,"NVDA",2024-08-12T15:30:00Z,Buy,110.022912054,109.173275684,12827,-10898.29,128.27,22950.51,0,"	8723,8724" 
2024-08-13T14:00:00Z,"NVDA",2024-08-13T14:30:00Z,Buy,113.741320638,113.771307804,11777,353.16,117.77,8652.39,1,"	8727,8729" 
2024-08-13T14:00:00Z,"TQQQ",2024-08-13T14:30:00Z,Buy,30.392102865,30.411809205,43796,863.06,437.96,7983.29,1,"	8728,8730" 
2024-08-13T14:00:00Z,"AMD",2024-08-13T15:00:00Z,Buy,140.07,139.6,11603,-5453.41,116.03,11080.86,0,"	8726,8731" 
2024-08-13T14:00:00Z,"TSLA",2024-08-13T19:59:00Z,Buy,203.43,208.05,7990,36913.8,79.9,19176,1,"	8725,8734" 
2024-08-13T16:00:00Z,"SPXL",2024-08-13T17:30:00Z,Buy,136.280144992,137.54492592,11939,15100.22,119.39,7078.23,1,"	8732,8733" 
2024-08-14T14:00:00Z,"AMD",2024-08-14T15:00:00Z,Sell,139.22,139.99,11806,-9090.62,118.06,27626.04,0,"	8736,8738" 
2024-08-14T14:00:00Z,"TQQQ",2024-08-14T15:00:00Z,Sell,30.983293065,31.17542988,41480,-7969.84,414.8,27485.71,0,"	8737,8739" 
2024-08-14T14:00:00Z,"TSLA",2024-08-14T16:00:00Z,Sell,202.76,203.12,8107,-2918.52,81.07,25861.33,0,"	8735,8740" 
2024-08-14T16:00:00Z,"SPXL",2024-08-14T16:30:00Z,Buy,140.50925622,138.92828006,11644,-18408.89,116.44,23989.08,0,"	8741,8742" 
2024-08-15T14:00:00Z,"TSLA",2024-08-15T19:59:00Z,Buy,211.06,213.8,7166,19634.84,71.66,18344.96,1,"	8743,8749" 
2024-08-15T14:00:00Z,"TQQQ",2024-08-15T19:59:00Z,Buy,33.111577785,33.58945653,37660,17996.91,376.6,10018.9,1,"	8744,8752" 
2024-08-15T15:00:00Z,"NVDA",2024-08-15T19:59:00Z,Buy,121.507996632,122.377624446,13502,11741.71,135.02,14845.85,1,"	8745,8751" 
2024-08-15T15:30:00Z,"SPXL",2024-08-15T17:30:00Z,Buy,145.677072043,146.151364891,11271,5345.75,112.71,11248.36,1,"	8747,8748" 
2024-08-15T15:30:00Z,"AMD",2024-08-15T19:59:00Z,Buy,145.8,147.17,11261,15427.57,112.61,9909.68,1,"	8746,8750" 
2024-08-19T14:30:00Z,"AMD",2024-08-19T19:59:00Z,Buy,152.61,155.1,10854,27026.46,108.54,22793.4,1,"	8753,8759" 
2024-08-19T15:00:00Z,"SPXL",2024-08-19T16:00:00Z,Buy,149.550463635,149.273792807,11092,-3068.83,110.92,8000.89,0,"	8754,8756" 
2024-08-19T16:00:00Z,"NVDA",2024-08-19T16:30:00Z,Buy,127.025635176,126.99564801,13048,-391.27,130.48,4825.69,0,"	8755,8757" 
2024-08-19T18:30:00Z,"TQQQ",2024-08-19T19:59:00Z,Buy,34.550140605,35.08713837,32684,17551.23,326.84,4347.55,1,"	8758,8760" 
2024-08-20T14:00:00Z,"AMD",2024-08-20T14:30:00Z,Buy,159.9,159.13,10458,-8052.66,104.58,31374,0,"	8761,8764" 
2024-08-20T14:00:00Z,"TQQQ",2024-08-20T14:30:00Z,Buy,35.466485415,34.963973745,33841,-17005.5,338.41,20006.47,0,"	8762,8765" 
2024-08-20T14:00:00Z,"SPXL",2024-08-20T14:30:00Z,Buy,152.890275773,151.516802734,10941,-15027.17,109.41,16973.13,0,"	8763,8766" 
2024-08-22T15:00:00Z,"TSLA",2024-08-22T19:59:00Z,Sell,217.94,210.72,7042,50843.24,70.42,15140.3,1,"	8767,8774" 
2024-08-22T15:30:00Z,"SPXL",2024-08-22T16:30:00Z,Sell,151.388348421,151.842879067,10923,-4964.84,109.23,22449.7,0,"	8770,8773" 
2024-08-22T15:30:00Z,"AMD",2024-08-22T19:59:00Z,Sell,155.12,151.65,10667,37014.49,106.67,24107.42,1,"	8768,8775" 
2024-08-22T15:30:00Z,"TQQQ",2024-08-22T19:59:00Z,Sell,34.895001555,33.54019068,36335,49227.05,363.35,28999.21,1,"	8769,8776" 
2024-08-22T16:00:00Z,"NVDA",2024-08-22T16:30:00Z,Sell,125.556264042,126.525849076,12811,-12421.35,128.11,15622.73,0,"	8771,8772" 
2024-08-23T14:00:00Z,"TSLA",2024-08-23T15:00:00Z,Buy,216.64,217.71,6718,7188.26,67.18,27946.88,1,"	8777,8782" 
2024-08-23T14:00:00Z,"NVDA",2024-08-23T16:30:00Z,Buy,127.365489724,127.4454555,11887,950.55,118.87,33982.28,1,"	8778,8786" 
2024-08-23T14:30:00Z,"AMD",2024-08-23T15:00:00Z,Buy,156.18,154.05,10394,-22139.22,103.94,31285.94,0,"	8779,8783" 
2024-08-23T14:30:00Z,"TQQQ",2024-08-23T15:00:00Z,Buy,35.230009335,34.392489885,43209,-36188.38,432.09,52792.46,0,"	8780,8784" 
2024-08-23T14:30:00Z,"SPXL",2024-08-23T15:00:00Z,Buy,154.085888994,152.297409713,11188,-20009.51,111.88,37918.57,0,"	8781,8785" 
2024-08-26T14:00:00Z,"TSLA",2024-08-26T19:59:00Z,Sell,217.29,213.1,6221,26065.99,62.21,14619.35,1,"	8787,8794" 
2024-08-26T14:00:00Z,"TQQQ",2024-08-26T19:59:00Z,Sell,34.39741647,33.60916287,44709,35242.03,447.09,29933.7,1,"	8788,8796" 
2024-08-26T14:30:00Z,"NVDA",2024-08-26T18:30:00Z,Sell,126.785737848,126.54584052,11475,2752.82,114.75,34983.78,1,"	8790,8793" 
2024-08-26T14:30:00Z,"AMD",2024-08-26T19:59:00Z,Sell,150.59,150.01,11257,6529.06,112.57,28367.64,1,"	8789,8795" 
2024-08-26T15:00:00Z,"SPXL",2024-08-26T15:30:00Z,Sell,152.702534854,152.336934117,11118,4064.75,111.18,4174.61,1,"	8791,8792" 
2024-08-27T14:00:00Z,"TSLA",2024-08-27T15:00:00Z,Sell,209.4,210.14,6011,-4448.14,60.11,18273.44,0,"	8797,8798" 
2024-08-27T15:00:00Z,"NVDA",2024-08-27T15:30:00Z,Buy,128.425036256,128.055194542,11632,-4302,116.32,9650.43,0,"	8799,8801" 
2024-08-27T15:00:00Z,"TQQQ",2024-08-27T15:30:00Z,Buy,34.116601125,33.87519846,45248,-10922.99,452.48,14935.51,0,"	8800,8802" 
2024-08-28T14:00:00Z,"AMD",2024-08-28T14:30:00Z,Sell,148.5,148.49,11422,114.22,114.22,7766.96,1,"	8803,8806" 
2024-08-28T14:00:00Z,"NVDA",2024-08-28T14:30:00Z,Sell,126.775742126,127.225549616,11864,-5336.52,118.64,9249.96,0,"	8804,8807" 
2024-08-28T14:00:00Z,"TQQQ",2024-08-28T14:30:00Z,Sell,33.545117265,33.663355305,44482,-5259.46,444.82,13586.95,0,"	8805,8808" 
2024-08-28T15:30:00Z,"TSLA",2024-08-28T16:00:00Z,Sell,205.19,205.87,6020,-4093.6,60.2,5959.8,0,"	8809,8811" 
2024-08-28T15:30:00Z,"SPXL",2024-08-28T19:30:00Z,Sell,150.311308412,150.528692634,11263,-2448.4,112.63,31940.47,0,"	8810,8812" 
2024-08-29T14:00:00Z,"TSLA",2024-08-29T14:30:00Z,Buy,213.4,211.49,6098,-11647.18,60.98,17684.2,0,"	8813,8817" 
2024-08-29T14:00:00Z,"AMD",2024-08-29T14:30:00Z,Buy,148.4,147.47,11386,-10588.98,113.86,20608.66,0,"	8814,8818" 
2024-08-29T14:00:00Z,"SPXL",2024-08-29T14:30:00Z,Buy,152.574080541,152.998967884,11070,4703.5,110.7,13016.67,1,"	8816,8819" 
2024-08-29T14:00:00Z,"TQQQ",2024-08-29T15:30:00Z,Buy,33.97373016,33.880125045,43928,-4111.89,439.28,28350.37,0,"	8815,8820" 
2024-08-29T19:00:00Z,"NVDA",2024-08-29T19:30:00Z,Sell,117.709622272,117.89954099,12392,-2353.47,123.92,8175.22,0,"	8821,8822" 
2024-08-30T14:00:00Z,"SPXL",2024-08-30T14:30:00Z,Buy,152.86063247,152.46538843,10991,-4344.13,109.91,12054.95,0,"	8823,8824" 
2024-09-03T14:00:00Z,"AMD",2024-09-03T19:59:00Z,Sell,142.6,137.03,11764,65525.48,117.64,15293.2,1,"	8825,8831" 
2024-09-03T14:00:00Z,"NVDA",2024-09-03T19:59:00Z,Sell,112.841705658,108.073746264,10857,51765.74,108.57,20185.38,1,"	8826,8832" 
2024-09-03T14:00:00Z,"TQQQ",2024-09-03T19:59:00Z,Sell,32.569653435,30.667991625,43830,83349.84,438.3,16410.85,1,"	8827,8833" 
2024-09-03T14:00:00Z,"SPXL",2024-09-03T19:59:00Z,Sell,150.518811533,144.382647812,11140,68356.86,111.4,15520.64,1,"	8828,8834" 
2024-09-03T14:30:00Z,"TSLA",2024-09-03T15:00:00Z,Buy,218.06,213.85,6788,-28577.48,67.88,28577.48,0,"	8829,8830" 
2024-09-04T14:00:00Z,"TSLA",2024-09-04T19:00:00Z,Buy,217.95,218.38,8136,3498.48,81.36,29777.76,1,"	8835,8838" 
2024-09-04T15:00:00Z,"AMD",2024-09-04T15:30:00Z,Buy,142.96,141.71,11669,-14586.25,116.69,18437.02,0,"	8836,8837" 
2024-09-05T14:00:00Z,"NVDA",2024-09-05T15:00:00Z,Buy,108.833421136,107.633934496,13974,-16761.63,139.74,27097.96,0,"	8840,8843" 
2024-09-05T14:00:00Z,"TQQQ",2024-09-05T15:00:00Z,Buy,30.924174045,30.589166265,46107,-15446.2,461.07,35548.98,0,"	8841,8844" 
2024-09-05T14:00:00Z,"TSLA",2024-09-05T15:30:00Z,Buy,229.76,227.63,7700,-16401,77,55363,0,"	8839,8846" 
2024-09-05T14:30:00Z,"SPXL",2024-09-05T15:00:00Z,Buy,145.400401215,143.325370005,12298,-25518.73,122.98,30136.41,0,"	8842,8845" 
2024-09-06T14:00:00Z,"AMD",2024-09-06T19:30:00Z,Sell,136.17,134.49,11404,19158.72,114.04,28510,1,"	8848,8852" 
2024-09-06T14:00:00Z,"NVDA",2024-09-06T19:30:00Z,Sell,104.115440352,103.35576548,13149,9988.96,131.49,32989.87,1,"	8849,8853" 
2024-09-06T14:00:00Z,"TSLA",2024-09-06T19:59:00Z,Sell,224.36,211.31,7749,101124.45,77.49,18907.56,1,"	8847,8854" 
2024-09-06T14:00:00Z,"TQQQ",2024-09-06T19:59:00Z,Sell,29.465904885,28.066754745,47767,66833.2,477.67,27062.74,1,"	8850,8855" 
2024-09-06T14:00:00Z,"SPXL",2024-09-06T19:59:00Z,Sell,141.260219896,135.321678195,12306,73079.69,123.06,33439.13,1,"	8851,8856" 
2024-09-10T14:00:00Z,"TSLA",2024-09-10T14:30:00Z,Buy,225.19,223.6,7101,-11290.59,71.01,25279.56,0,"	8857,8858" 
2024-09-10T19:30:00Z,"AMD",2024-09-10T19:59:00Z,Buy,142.65,142.93,12911,3615.08,129.11,6713.72,1,"	8859,8860" 
2024-09-11T14:00:00Z,"SPXL",2024-09-11T16:00:00Z,Sell,138.374938404,138.246484091,13319,1710.88,133.19,51721.31,1,"	8861,8864" 
2024-09-11T14:30:00Z,"TQQQ",2024-09-11T16:00:00Z,Sell,28.9683198,29.603849265,49988,-31768.85,499.88,61936.94,0,"	8862,8863" 
2024-09-11T16:30:00Z,"NVDA",2024-09-11T17:00:00Z,Buy,112.781731326,112.022056454,16234,-12332.56,162.34,16551.6,0,"	8865,8866" 
2024-09-11T19:00:00Z,"AMD",2024-09-11T19:59:00Z,Buy,147.63,150.05,12366,29925.72,123.66,5935.68,1,"	8867,8868" 
2024-09-12T14:30:00Z,"NVDA",2024-09-12T15:00:00Z,Buy,119.569057497,118.579396374,14868,-14714.28,148.68,21253.96,0,"	8869,8870" 
2024-09-12T17:30:00Z,"TQQQ",2024-09-12T19:30:00Z,Buy,32.569653435,32.766716835,43552,8582.51,435.52,21027.14,1,"	8871,8873" 
2024-09-12T18:00:00Z,"SPXL",2024-09-12T19:59:00Z,Buy,149.639393544,149.254030605,12280,-4732.26,122.8,22326.55,0,"	8872,8874" 
2024-09-16T16:30:00Z,"TQQQ",2024-09-16T17:00:00Z,Sell,32.35781028,32.480974905,48975,-6031.99,489.75,12305.25,0,"	8875,8877" 
2024-09-16T17:00:00Z,"TSLA",2024-09-16T18:00:00Z,Sell,226.46,227,7279,-3930.66,72.79,10991.29,0,"	8876,8878" 
2024-09-17T17:00:00Z,"AMD",2024-09-17T19:59:00Z,Sell,150.68,150.78,11380,-1138,113.8,18321.8,0,"	8879,8880" 
2024-09-18T15:30:00Z,"NVDA",2024-09-18T16:30:00Z,Sell,114.780697114,114.66073819,6914,829.4,69.14,7257.22,1,"	8881,8885" 
2024-09-18T16:00:00Z,"AMD",2024-09-18T16:30:00Z,Sell,148.95,150.22,9593,-12183.11,95.93,12374.97,0,"	8882,8884" 
2024-09-18T16:00:00Z,"TQQQ",2024-09-18T16:30:00Z,Sell,32.362736865,32.727304155,33274,-12130.61,332.74,13605.96,0,"	8883,8886" 
2024-09-18T18:30:00Z,"TSLA",2024-09-18T19:00:00Z,Buy,233.4,231.5,7794,-14808.6,77.94,32189.22,0,"	8887,8888" 
2024-09-19T14:00:00Z,"NVDA",2024-09-19T19:00:00Z,Buy,118.369468257,118.509420335,11997,1679.01,119.97,15350.9,1,"	8890,8894" 
2024-09-19T14:00:00Z,"TSLA",2024-09-19T19:59:00Z,Buy,237.05,243.9,7650,52402.5,76.5,15759,1,"	8889,8895" 
2024-09-19T14:30:00Z,"TQQQ",2024-09-19T15:00:00Z,Buy,35.01816618,34.69301157,35930,-11682.81,359.3,15931.1,0,"	8892,8893" 
2024-09-19T14:30:00Z,"AMD",2024-09-19T19:59:00Z,Buy,156.6,156.67,11649,815.43,116.49,30054.42,1,"	8891,8896" 
2024-09-20T14:00:00Z,"TQQQ",2024-09-20T14:30:00Z,Sell,34.382636715,34.3875633,41517,-204.54,415.17,7342.88,0,"	8898,8899" 
2024-09-20T14:00:00Z,"AMD",2024-09-20T19:30:00Z,Sell,155.08,154.96,11694,1403.28,116.94,30404.4,1,"	8897,8906" 
2024-09-20T15:00:00Z,"TSLA",2024-09-20T16:00:00Z,Sell,238.05,239.71,6336,-10517.76,63.36,26674.56,0,"	8900,8903" 
2024-09-20T15:00:00Z,"SPXL",2024-09-20T16:00:00Z,Sell,156.259731214,156.743905163,11752,-5690.01,117.52,19624.74,0,"	8901,8905" 
2024-09-20T15:30:00Z,"NVDA",2024-09-20T16:00:00Z,Sell,115.700382198,116.26019051,15895,-8898.15,158.95,12870.54,0,"	8902,8904" 
2024-09-23T14:00:00Z,"TSLA",2024-09-23T19:59:00Z,Buy,246.98,249.9,5749,16787.08,57.49,14315.01,1,"	8907,8908" 
2024-09-24T14:00:00Z,"NVDA",2024-09-24T14:30:00Z,Buy,117.169879017,115.940300046,15591,-19170.37,155.91,20573.08,0,"	8909,8911" 
2024-09-24T14:30:00Z,"AMD",2024-09-24T15:00:00Z,Sell,154.81,156.25,11750,-16920,117.5,18095,0,"	8910,8914" 
2024-09-24T14:30:00Z,"TQQQ",2024-09-24T15:00:00Z,Sell,34.353077205,34.806323025,43546,-19737.04,435.46,24885.84,0,"	8912,8915" 
2024-09-24T14:30:00Z,"SPXL",2024-09-24T15:00:00Z,Sell,157.69351142,158.752056321,11538,-12213.49,115.38,18377.31,0,"	8913,8916" 
2024-09-25T14:00:00Z,"AMD",2024-09-25T14:30:00Z,Buy,160.2,159.86,11231,-3818.54,112.31,13926.44,0,"	8917,8920" 
2024-09-25T14:00:00Z,"TQQQ",2024-09-25T14:30:00Z,Buy,35.630230185,35.590690465,43347,-1713.93,433.47,9212.36,0,"	8919,8921" 
2024-09-25T14:00:00Z,"NVDA",2024-09-25T16:00:00Z,Buy,124.127496609,123.527701989,14495,-8694.02,144.95,23908.56,0,"	8918,8922" 
2024-09-25T16:30:00Z,"SPXL",2024-09-25T19:59:00Z,Sell,159.622635305,158.940022238,11231,7666.43,112.31,11332.98,1,"	8923,8924" 
2024-09-26T14:00:00Z,"AMD",2024-09-26T14:30:00Z,Buy,168.21,166.73,10679,-15804.92,106.79,16125.29,0,"	8925,8926" 
2024-09-26T15:00:00Z,"TSLA",2024-09-26T15:30:00Z,Sell,251.94,254.29,5227,-12283.45,52.27,14060.63,0,"	8927,8928" 
2024-09-27T14:00:00Z,"NVDA",2024-09-27T19:59:00Z,Sell,122.697986098,121.328455049,9765,13373.47,97.65,20499.48,1,"	8929,8936" 
2024-09-27T15:30:00Z,"AMD",2024-09-27T19:59:00Z,Sell,164.94,164.59,10083,3529.05,100.83,10990.47,1,"	8930,8935" 
2024-09-27T16:00:00Z,"TQQQ",2024-09-27T18:00:00Z,Sell,35.620345255,35.857583575,50347,-11944.24,503.47,18140.31,0,"	8931,8932" 
2024-09-27T18:30:00Z,"SPXL",2024-09-27T19:00:00Z,Sell,159.939209481,160.819681408,11238,-9894.74,112.38,14675.35,0,"	8933,8934" 
2024-09-30T14:00:00Z,"TSLA",2024-09-30T14:30:00Z,Buy,263.07,259.61,4832,-16718.72,48.32,22758.72,0,"	8937,8938" 
2024-09-30T18:30:00Z,"TQQQ",2024-09-30T19:00:00Z,Sell,34.878975505,35.16069601,50912,-14342.95,509.12,23653.29,0,"	8939,8940" 
2024-10-01T14:00:00Z,"TSLA",2024-10-01T16:30:00Z,Sell,256.24,255.08,6907,8012.12,69.07,42547.12,1,"	8941,8946" 
2024-10-01T14:00:00Z,"SPXL",2024-10-01T16:30:00Z,Sell,158.227730342,157.752869078,11177,5307.52,111.77,32398.01,1,"	8945,8947" 
2024-10-01T14:00:00Z,"TQQQ",2024-10-01T18:00:00Z,Sell,34.62690979,34.404498865,51104,11366.09,511.04,47737.57,1,"	8944,8948" 
2024-10-01T14:00:00Z,"AMD",2024-10-01T19:00:00Z,Sell,162.31,161.05,7847,9887.22,78.47,23384.06,1,"	8942,8949" 
2024-10-01T14:00:00Z,"NVDA",2024-10-01T19:59:00Z,Sell,120.128865809,117.169879017,9507,28131.09,95.07,20147.94,1,"	8943,8950" 
2024-10-02T14:00:00Z,"TSLA",2024-10-02T15:00:00Z,Sell,242.26,244.73,7407,-18295.29,74.07,27405.9,0,"	8951,8953" 
2024-10-02T14:30:00Z,"AMD",2024-10-02T15:30:00Z,Buy,162.51,162.13,8660,-3290.8,86.6,9699.2,0,"	8952,8954" 
2024-10-03T14:00:00Z,"NVDA",2024-10-03T14:30:00Z,Buy,123.307777295,122.208153825,14486,-15929.15,144.86,29106.89,0,"	8956,8957" 
2024-10-03T14:00:00Z,"AMD",2024-10-03T15:00:00Z,Buy,164.94,163.24,9919,-16862.3,99.19,32633.51,0,"	8955,8958" 
2024-10-03T17:00:00Z,"TSLA",2024-10-03T19:59:00Z,Sell,239.7,241,7103,-9233.9,71.03,22019.3,0,"	8959,8960" 
2024-10-04T15:00:00Z,"TSLA",2024-10-04T15:30:00Z,Buy,250.03,247.74,5636,-12906.44,56.36,17302.52,0,"	8961,8962" 
2024-10-04T17:30:00Z,"AMD",2024-10-04T19:59:00Z,Buy,170.11,170.81,10372,7260.4,103.72,9490.38,1,"	8963,8964" 
2024-10-07T15:00:00Z,"NVDA",2024-10-07T19:00:00Z,Buy,127.65628829,127.996171908,13689,4652.67,136.89,34073.94,1,"	8966,8968" 
2024-10-07T15:00:00Z,"TSLA",2024-10-07T19:59:00Z,Sell,244.1,240.94,6179,19525.64,61.79,16436.14,1,"	8965,8970" 
2024-10-07T18:30:00Z,"SPXL",2024-10-07T19:59:00Z,Sell,158.029871482,156.328285286,11258,19156.46,112.58,16706.21,1,"	8967,8972" 
2024-10-07T19:00:00Z,"TQQQ",2024-10-07T19:59:00Z,Sell,34.23151259,34.33036189,49127,-4856.17,491.27,16389.57,0,"	8969,8971" 
2024-10-08T15:00:00Z,"NVDA",2024-10-08T15:30:00Z,Buy,132.674569944,131.844854053,13432,-11144.74,134.32,17052.8,0,"	8973,8975" 
2024-10-08T15:00:00Z,"TQQQ",2024-10-08T15:30:00Z,Buy,35.61540279,35.57586307,44731,-1768.65,447.31,9285.42,0,"	8974,8976" 
2024-10-08T19:00:00Z,"SPXL",2024-10-08T19:59:00Z,Buy,160.572357833,161.096683812,11057,5797.47,110.57,2625.27,1,"	8977,8978" 
2024-10-09T14:00:00Z,"AMD",2024-10-09T14:30:00Z,Sell,170.58,170.99,10425,-4274.25,104.25,14595,0,"	8979,8980" 
2024-10-09T15:00:00Z,"TQQQ",2024-10-09T15:30:00Z,Buy,36.262865705,36.38642733,32352,3997.47,323.52,1439.09,1,"	8981,8983" 
2024-10-09T15:00:00Z,"SPXL",2024-10-09T19:59:00Z,Buy,162.353087573,164.529535033,9709,21131.13,97.09,16568.73,1,"	8982,8984" 
2024-10-10T14:00:00Z,"TSLA",2024-10-10T14:30:00Z,Sell,234.81,238.42,5545,-20017.45,55.45,24287.1,0,"	8985,8986" 
2024-10-10T16:00:00Z,"NVDA",2024-10-10T16:30:00Z,Buy,134.85382373,134.324005149,13191,-6988.84,131.91,8175.62,0,"	8987,8988" 
2024-10-10T17:00:00Z,"AMD",2024-10-10T19:59:00Z,Sell,165.66,164.21,10722,15546.9,107.22,24767.82,1,"	8989,8990" 
2024-10-11T14:00:00Z,"SPXL",2024-10-11T19:59:00Z,Buy,164.242639686,166.033262369,10850,19428.26,108.5,15896.82,1,"	8991,8994" 
2024-10-11T16:00:00Z,"AMD",2024-10-11T19:59:00Z,Buy,166.87,167.88,8030,8110.3,80.3,11964.7,1,"	8992,8993" 
2024-10-14T14:00:00Z,"NVDA",2024-10-14T15:00:00Z,Buy,139.35228338,138.372618834,12869,-12607.3,128.69,13636.47,0,"	8995,8998" 
2024-10-14T14:00:00Z,"TQQQ",2024-10-14T15:00:00Z,Buy,37.92847641,37.35515047,39982,-22922.72,399.82,22922.72,0,"	8996,8999" 
2024-10-14T14:00:00Z,"SPXL",2024-10-14T19:59:00Z,Buy,169.218790015,170.010225455,10598,8387.63,105.98,12791.14,1,"	8997,9000" 
2024-10-15T14:00:00Z,"AMD",2024-10-15T19:59:00Z,Sell,160.76,156.58,9044,37803.92,90.44,19806.36,1,"	9001,9006" 
2024-10-15T14:00:00Z,"NVDA",2024-10-15T19:59:00Z,Sell,135.45361835,131.834857476,13155,47604.8,131.55,49840.38,1,"	9002,9007" 
2024-10-15T14:30:00Z,"TQQQ",2024-10-15T19:59:00Z,Sell,37.08825736,36.065167105,48757,49882.81,487.57,28917.57,1,"	9003,9008" 
2024-10-15T15:00:00Z,"SPXL",2024-10-15T16:30:00Z,Sell,167.98217214,168.170138057,10856,-2040.56,108.56,8377.03,0,"	9004,9005" 
2024-10-16T14:00:00Z,"TQQQ",2024-10-16T14:30:00Z,Sell,35.511611025,36.08987943,51676,-29882.6,516.76,33458.29,0,"	9009,9010" 
2024-10-17T14:30:00Z,"TSLA",2024-10-17T15:00:00Z,Sell,219.41,219.85,5532,-2434.08,55.32,4702.2,0,"	9011,9012" 
2024-10-18T18:00:00Z,"TSLA",2024-10-18T18:30:00Z,Buy,221.24,221.34,5302,530.2,53.02,1537.58,1,"	9013,9014" 
2024-10-21T14:00:00Z,"NVDA",2024-10-21T15:30:00Z,Buy,141.141670663,140.301958195,5220,-4383.3,52.2,8688.32,0,"	9015,9017" 
2024-10-21T15:30:00Z,"TSLA",2024-10-21T16:00:00Z,Sell,217.76,218.99,8358,-10280.34,83.58,10363.92,0,"	9016,9019" 
2024-10-21T15:30:00Z,"SPXL",2024-10-21T17:00:00Z,Sell,166.646624835,168.427354575,7576,-13490.81,75.76,14615.04,0,"	9018,9020" 
2024-10-22T14:30:00Z,"AMD",2024-10-22T18:00:00Z,Sell,153.93,153.74,6657,1264.83,66.57,12448.59,1,"	9021,9024" 
2024-10-22T16:00:00Z,"TSLA",2024-10-22T17:00:00Z,Sell,215.9,216.64,8400,-6216,84,10878,0,"	9022,9023" 
2024-10-23T15:00:00Z,"TSLA",2024-10-23T19:59:00Z,Sell,215.96,213.78,8374,18255.32,83.74,21269.96,1,"	9025,9032" 
2024-10-23T15:30:00Z,"NVDA",2024-10-23T16:00:00Z,Sell,139.682170421,140.621848659,6380,-5995.15,63.8,5995.15,0,"	9026,9029" 
2024-10-23T15:30:00Z,"TQQQ",2024-10-23T19:59:00Z,Sell,35.9811452,35.45724391,50372,26389.96,503.72,38464.61,1,"	9027,9033" 
2024-10-23T15:30:00Z,"SPXL",2024-10-23T19:59:00Z,Sell,164.836216266,163.975530225,10996,9464.1,109.96,33613.89,1,"	9028,9034" 
2024-10-23T18:00:00Z,"AMD",2024-10-23T19:00:00Z,Sell,150.77,152.2,8110,-11597.3,81.1,14030.3,0,"	9030,9031" 
2024-10-24T14:00:00Z,"TSLA",2024-10-24T19:59:00Z,Buy,249.33,260.22,7312,79627.68,73.12,17987.52,1,"	9035,9036" 
2024-10-25T14:00:00Z,"TSLA",2024-10-25T15:00:00Z,Buy,269.17,263.49,1487,-8446.16,14.87,12000.09,0,"	9037,9042" 
2024-10-25T14:00:00Z,"AMD",2024-10-25T15:30:00Z,Buy,157.9,157.33,11746,-6695.22,117.46,19968.2,0,"	9038,9043" 
2024-10-25T14:00:00Z,"SPXL",2024-10-25T15:30:00Z,Buy,168.565855777,167.724955622,11008,-9256.63,110.08,18622.16,0,"	9041,9044" 
2024-10-25T14:00:00Z,"TQQQ",2024-10-25T16:00:00Z,Buy,37.75054767,37.61215865,39130,-5415.16,391.3,19571.94,0,"	9040,9045" 
2024-10-25T14:00:00Z,"NVDA",2024-10-25T17:30:00Z,Buy,142.691140098,142.461218827,11542,-2653.75,115.42,18230.12,0,"	9039,9046" 
2024-10-28T14:30:00Z,"AMD",2024-10-28T15:00:00Z,Buy,160.06,159.13,11504,-10698.72,115.04,12769.44,0,"	9047,9048" 
2024-10-29T15:00:00Z,"TSLA",2024-10-29T15:30:00Z,Sell,258.51,259.88,1477,-2023.49,14.77,2422.28,0,"	9049,9052" 
2024-10-29T15:00:00Z,"TQQQ",2024-10-29T15:30:00Z,Buy,37.508366885,37.48365456,38049,-940.28,380.49,4983.48,0,"	9051,9053" 
2024-10-29T15:00:00Z,"AMD",2024-10-29T19:59:00Z,Buy,162.62,166.12,11297,39539.5,112.97,17905.74,1,"	9050,9055" 
2024-10-29T19:30:00Z,"NVDA",2024-10-29T19:59:00Z,Buy,142.041362593,141.131674086,13052,-11873.25,130.52,13047.53,0,"	9054,9056" 
2024-10-30T15:00:00Z,"AMD",2024-10-30T19:59:00Z,Sell,150.3,148.71,12286,19534.74,122.86,14866.06,1,"	9057,9058" 
2024-10-31T14:00:00Z,"AMD",2024-10-31T15:00:00Z,Sell,143.71,145.36,3473,-5730.45,34.73,5956.2,0,"	9059,9064" 
2024-10-31T14:00:00Z,"NVDA",2024-10-31T19:59:00Z,Sell,132.934480946,133.444306373,13948,-7111.05,139.48,32278.57,0,"	9060,9066" 
2024-10-31T14:00:00Z,"TQQQ",2024-10-31T19:59:00Z,Sell,35.16069601,34.597255,40586,22867.82,405.86,24271.98,1,"	9061,9067" 
2024-10-31T14:00:00Z,"SPXL",2024-10-31T19:59:00Z,Sell,160.038138911,156.714110063,11578,38485.61,115.78,20044.59,1,"	9062,9068" 
2024-10-31T15:00:00Z,"TSLA",2024-10-31T15:30:00Z,Sell,252.3,251.8,1146,573,11.46,1707.54,1,"	9063,9065" 
2024-11-01T14:00:00Z,"SPXL",2024-11-01T16:30:00Z,Buy,159.306061129,159.404990559,11757,1163.11,117.57,23727.51,1,"	9070,9073" 
2024-11-01T14:00:00Z,"TQQQ",2024-11-01T18:00:00Z,Buy,35.155753545,35.096443965,39820,-2361.71,398.2,26175.59,0,"	9069,9074" 
2024-11-01T14:30:00Z,"NVDA",2024-11-01T16:00:00Z,Buy,137.143039863,136.463272627,13782,-9368.55,137.82,16601.63,0,"	9071,9072" 
2024-11-05T15:00:00Z,"TSLA",2024-11-05T15:30:00Z,Buy,251.3,251.11,7443,-1414.17,74.43,20579.9,0,"	9075,9078" 
2024-11-05T15:00:00Z,"TQQQ",2024-11-05T16:00:00Z,Buy,35.7834466,35.610460325,30553,-5285.25,305.53,9211.44,0,"	9076,9080" 
2024-11-05T15:00:00Z,"SPXL",2024-11-05T20:59:00Z,Buy,159.879851823,161.739725107,10197,18965.13,101.97,14022.09,1,"	9077,9082" 
2024-11-05T16:00:00Z,"NVDA",2024-11-05T20:59:00Z,Buy,139.032392916,139.602197805,12641,7202.9,126.41,15227.19,1,"	9079,9081" 
2024-11-06T17:30:00Z,"NVDA",2024-11-06T20:59:00Z,Buy,144.840404153,145.440198773,12958,7772.14,129.58,13860.31,1,"	9083,9087" 
2024-11-06T18:30:00Z,"TSLA",2024-11-06T19:00:00Z,Buy,289.24,287.41,6511,-11915.13,65.11,12696.45,0,"	9084,9086" 
2024-11-06T18:30:00Z,"TQQQ",2024-11-06T20:59:00Z,Buy,38.77858039,38.941681735,37680,6145.66,376.8,9311.6,1,"	9085,9088" 
2024-11-07T15:00:00Z,"NVDA",2024-11-07T15:30:00Z,Buy,148.109284832,148.069298524,12674,-506.79,126.74,7728.49,0,"	9090,9093" 
2024-11-07T15:00:00Z,"TQQQ",2024-11-07T15:30:00Z,Buy,40.197067845,40.197067845,31167,0,311.67,4343.98,0,"	9091,9094" 
2024-11-07T15:00:00Z,"AMD",2024-11-07T20:59:00Z,Buy,148.48,149.81,12646,16819.18,126.46,14289.98,1,"	9089,9097" 
2024-11-07T15:30:00Z,"TSLA",2024-11-07T20:59:00Z,Buy,296.88,296.79,3382,-304.38,33.82,14102.94,0,"	9092,9096" 
2024-11-07T20:00:00Z,"SPXL",2024-11-07T20:59:00Z,Buy,178.537942321,178.023509285,8326,-4283.17,83.26,9876,0,"	9095,9098" 
2024-11-08T15:00:00Z,"TSLA",2024-11-08T20:59:00Z,Buy,308.5,320.93,2252,27992.36,22.52,25301.22,1,"	9099,9106" 
2024-11-08T15:30:00Z,"NVDA",2024-11-08T16:30:00Z,Sell,147.019657939,147.199596325,12835,-2309.51,128.35,14370.28,0,"	9100,9101" 
2024-11-08T18:00:00Z,"AMD",2024-11-08T19:00:00Z,Sell,147.81,148.25,12776,-5621.44,127.76,8943.2,0,"	9102,9103" 
2024-11-08T19:00:00Z,"SPXL",2024-11-08T20:30:00Z,Buy,181.011178071,180.308779118,8473,-5951.43,84.73,10310.22,0,"	9104,9105" 
2024-11-11T15:00:00Z,"AMD",2024-11-11T15:30:00Z,Sell,145.33,147.1,12983,-22979.91,129.83,27134.47,0,"	9107,9110" 
2024-11-11T15:00:00Z,"TQQQ",2024-11-11T15:30:00Z,Sell,40.53809793,40.651774625,36010,-4093.5,360.1,10126.96,0,"	9109,9111" 
2024-11-11T15:00:00Z,"NVDA",2024-11-11T16:00:00Z,Sell,143.910722492,146.169948894,13112,-29622.98,131.12,37356.41,0,"	9108,9112" 
2024-11-11T16:30:00Z,"TSLA",2024-11-11T17:00:00Z,Buy,356.8,345.83,2268,-24879.96,22.68,32298.59,0,"	9113,9114" 
2024-11-12T15:30:00Z,"NVDA",2024-11-12T16:00:00Z,Buy,149.178918571,148.24923691,12430,-11555.94,124.3,16029.21,0,"	9116,9117" 
2024-11-12T15:30:00Z,"AMD",2024-11-12T20:59:00Z,Sell,145.57,143.59,12738,25221.24,127.38,24711.72,1,"	9115,9124" 
2024-11-12T17:00:00Z,"SPXL",2024-11-12T19:00:00Z,Sell,178.56762115,179.487664849,10381,-9550.97,103.81,31117.69,0,"	9118,9123" 
2024-11-12T17:30:00Z,"TSLA",2024-11-12T19:00:00Z,Sell,332.72,331.77,3249,3086.55,32.49,28753.65,1,"	9119,9122" 
2024-11-12T18:00:00Z,"TQQQ",2024-11-12T18:30:00Z,Sell,39.920289805,40.24155003,38298,-12303.62,382.98,14007.2,0,"	9120,9121" 
2024-11-13T17:00:00Z,"AMD",2024-11-13T18:00:00Z,Sell,140.57,140.76,13175,-2503.25,131.75,10013,0,"	9125,9126" 
2024-11-14T15:00:00Z,"SPXL",2024-11-14T15:30:00Z,Sell,178.379655233,178.439012891,10382,-616.25,103.82,10887.1,0,"	9128,9129" 
2024-11-14T15:00:00Z,"TSLA",2024-11-14T16:30:00Z,Sell,320.85,320.15,1997,1397.9,19.97,8487.25,1,"	9127,9130" 
2024-11-14T19:00:00Z,"TQQQ",2024-11-14T19:30:00Z,Sell,39.692936415,39.90546241,44916,-9545.82,449.16,13541.74,0,"	9131,9132" 
2024-11-15T15:00:00Z,"TSLA",2024-11-15T15:30:00Z,Buy,318.31,314.12,1126,-4717.94,11.26,8107.2,0,"	9133,9136" 
2024-11-15T15:00:00Z,"TQQQ",2024-11-15T20:59:00Z,Sell,37.804914785,36.747227275,48855,51673.32,488.55,26802.52,1,"	9134,9141" 
2024-11-15T15:00:00Z,"SPXL",2024-11-15T20:59:00Z,Sell,171.335879817,168.793393466,10785,27420.72,107.85,21243.05,1,"	9135,9142" 
2024-11-15T15:30:00Z,"AMD",2024-11-15T16:00:00Z,Sell,135.88,135.88,13708,0,137.08,6305.68,0,"	9137,9139" 
2024-11-15T15:30:00Z,"NVDA",2024-11-15T20:59:00Z,Sell,142.331263326,142.061355747,12176,3286.39,121.76,25865.14,1,"	9138,9140" 
2024-11-18T15:00:00Z,"AMD",2024-11-18T17:00:00Z,Buy,139.05,139.3,13507,3376.75,135.07,16343.47,1,"	9143,9148" 
2024-11-18T15:30:00Z,"TSLA",2024-11-18T16:00:00Z,Buy,346.76,345.22,1856,-2858.24,18.56,5846.4,0,"	9144,9146" 
2024-11-18T15:30:00Z,"TQQQ",2024-11-18T18:00:00Z,Buy,37.54296414,37.597331255,36653,1992.72,366.53,19564.87,1,"	9145,9150" 
2024-11-18T16:00:00Z,"SPXL",2024-11-18T17:30:00Z,Buy,170.861018553,170.95005504,11025,981.63,110.25,15596.97,1,"	9147,9149" 
2024-11-19T15:00:00Z,"NVDA",2024-11-19T20:59:00Z,Buy,142.281280441,146.769743514,13206,59274.64,132.06,17293.94,1,"	9151,9155" 
2024-11-19T15:30:00Z,"TSLA",2024-11-19T16:00:00Z,Buy,344.4,341.88,2777,-6998.04,27.77,14107.16,0,"	9152,9153" 
2024-11-19T19:00:00Z,"TQQQ",2024-11-19T20:59:00Z,Buy,38.28433389,38.23490924,38361,-1895.98,383.61,15357.43,0,"	9154,9156" 
2024-11-20T15:00:00Z,"NVDA",2024-11-20T16:00:00Z,Sell,144.120650609,145.810072122,12761,-21558.71,127.61,40183.39,0,"	9157,9162" 
2024-11-20T15:00:00Z,"TQQQ",2024-11-20T16:00:00Z,Sell,37.379862795,37.45399977,39731,-2945.54,397.31,33382.74,0,"	9158,9163" 
2024-11-20T15:00:00Z,"SPXL",2024-11-20T16:00:00Z,Sell,169.931081911,169.96076074,11168,-331.45,111.68,26958.19,0,"	9159,9164" 
2024-11-20T15:30:00Z,"TSLA",2024-11-20T16:00:00Z,Sell,337.1,339.37,3979,-9032.33,39.79,14642.72,0,"	9160,9161" 
2024-11-20T16:30:00Z,"AMD",2024-11-20T17:00:00Z,Sell,136.7,137.86,13789,-15995.24,137.89,21786.62,0,"	9165,9166" 
2024-11-21T15:00:00Z,"TQQQ",2024-11-21T16:00:00Z,Sell,37.686295625,37.90870655,37429,-8324.62,374.29,38478.24,0,"	9167,9172" 
2024-11-21T15:30:00Z,"AMD",2024-11-21T16:00:00Z,Sell,135.29,136.68,13969,-19416.91,139.69,22909.16,0,"	9168,9171" 
2024-11-21T15:30:00Z,"SPXL",2024-11-21T16:00:00Z,Sell,170.109154885,173.631042593,11113,-39138.74,111.13,39138.74,0,"	9170,9173" 
2024-11-21T15:30:00Z,"NVDA",2024-11-21T16:30:00Z,Sell,141.111680932,144.960363077,12712,-48924.45,127.12,52736.74,0,"	9169,9174" 
2024-11-22T15:00:00Z,"AMD",2024-11-22T15:30:00Z,Buy,138.68,137.45,13214,-16253.22,132.14,20085.28,0,"	9175,9177" 
2024-11-22T15:00:00Z,"SPXL",2024-11-22T15:30:00Z,Buy,177.331003275,175.223806416,10341,-21790.52,103.41,25575.73,0,"	9176,9178" 
2024-11-22T16:00:00Z,"TSLA",2024-11-22T20:59:00Z,Buy,355.35,352.53,4948,-13953.36,49.48,25729.6,0,"	9179,9181" 
2024-11-22T16:30:00Z,"NVDA",2024-11-22T20:59:00Z,Sell,142.221300979,142.041362593,11329,2038.52,113.29,11551.62,1,"	9180,9182" 
2024-11-25T15:00:00Z,"NVDA",2024-11-25T16:30:00Z,Sell,137.65286529,138.242663333,5285,-3117.08,52.85,10196.56,0,"	9183,9185" 
2024-11-25T16:30:00Z,"AMD",2024-11-25T17:30:00Z,Buy,141.93,140.71,9960,-12151.2,99.6,17728.8,0,"	9184,9186" 
2024-11-26T15:00:00Z,"AMD",2024-11-26T20:59:00Z,Sell,138.59,137.77,12109,9929.38,121.09,13319.9,1,"	9187,9188" 
2024-11-27T15:30:00Z,"TSLA",2024-11-27T17:30:00Z,Sell,329.7,331.32,2170,-3515.4,21.7,13345.5,0,"	9189,9193" 
2024-11-27T15:30:00Z,"AMD",2024-11-27T18:30:00Z,Sell,134.3,134.75,8704,-3916.8,87.04,15406.08,0,"	9190,9194" 
2024-11-27T15:30:00Z,"TQQQ",2024-11-27T19:00:00Z,Sell,38.279391425,38.486974955,47268,-9812.06,472.68,36327.98,0,"	9191,9195" 
2024-11-27T16:30:00Z,"SPXL",2024-11-27T19:00:00Z,Sell,179.190876559,179.665737823,10138,-4814.14,101.38,15846.56,0,"	9192,9196" 
2024-11-29T15:00:00Z,"TSLA",2024-11-29T15:30:00Z,Buy,338.95,340.78,3140,5746.2,31.4,3987.8,1,"	9197,9199" 
2024-11-29T15:00:00Z,"AMD",2024-11-29T15:30:00Z,Buy,138.33,137.75,12948,-7509.84,129.48,10099.44,0,"	9198,9200" 
2024-11-29T15:30:00Z,"SPXL",2024-11-29T17:59:00Z,Buy,181.763041739,182.653406609,9906,8819.95,99.06,7741.96,1,"	9201,9204" 
2024-11-29T16:00:00Z,"TQQQ",2024-11-29T17:59:00Z,Buy,39.287654285,39.505122745,45845,9969.84,458.45,6910.91,1,"	9202,9203" 
2024-12-02T15:00:00Z,"AMD",2024-12-02T20:59:00Z,Buy,140.6,142.09,12858,19158.42,128.58,23208.69,1,"	9205,9207" 
2024-12-02T15:00:00Z,"TQQQ",2024-12-02T20:59:00Z,Buy,40.394766445,40.77533625,44735,17024.79,447.35,19899.11,1,"	9206,9208" 
2024-12-04T17:00:00Z,"NVDA",2024-12-04T20:59:00Z,Buy,143.55084572,145.090318578,12689,19534.37,126.89,14206.82,1,"	9209,9211" 
2024-12-04T20:30:00Z,"SPXL",2024-12-04T20:59:00Z,Buy,186.956836814,187.125016845,9789,1646.31,97.89,2324.21,1,"	9210,9212" 
2024-12-05T15:00:00Z,"AMD",2024-12-05T15:30:00Z,Sell,141.86,141.83,12897,386.91,128.97,7093.35,1,"	9214,9215" 
2024-12-05T15:00:00Z,"TSLA",2024-12-05T16:00:00Z,Buy,372.54,368.36,3414,-14270.52,34.14,19357.38,0,"	9213,9216" 
2024-12-06T15:00:00Z,"SPXL",2024-12-06T16:30:00Z,Buy,188.322062948,187.293196876,9694,-9973.83,96.94,12946.8,0,"	9218,9220" 
2024-12-06T15:00:00Z,"TQQQ",2024-12-06T20:59:00Z,Buy,43.07852494,43.36518791,35916,10295.79,359.16,12603.46,1,"	9217,9224" 
2024-12-06T16:00:00Z,"NVDA",2024-12-06T20:59:00Z,Sell,143.690689845,142.351056335,12689,16998.61,126.89,22009.39,1,"	9219,9223" 
2024-12-06T20:30:00Z,"AMD",2024-12-06T20:59:00Z,Sell,138.02,138.72,10551,-7385.7,105.51,14191.1,0,"	9221,9222" 
2024-12-09T15:00:00Z,"AMD",2024-12-09T20:59:00Z,Sell,133.83,130.88,9529,28110.55,95.29,10196.03,1,"	9225,9233" 
2024-12-09T15:30:00Z,"NVDA",2024-12-09T17:00:00Z,Sell,138.62207649,138.30216401,11078,3543.99,110.78,13843.71,1,"	9226,9230" 
2024-12-09T15:30:00Z,"SPXL",2024-12-09T20:59:00Z,Sell,185.730111882,183.850452712,9857,18527.8,98.57,15212.3,1,"	9227,9234" 
2024-12-09T16:00:00Z,"TSLA",2024-12-09T18:30:00Z,Sell,383.62,386.71,3010,-9300.9,30.1,23568.3,0,"	9228,9231" 
2024-12-09T16:00:00Z,"TQQQ",2024-12-09T18:30:00Z,Sell,42.480486675,42.559566115,37805,-2989.6,378.05,19432.39,0,"	9229,9232" 
2024-12-10T15:00:00Z,"NVDA",2024-12-10T15:30:00Z,Buy,140.90145291,140.02169359,11397,-10026.62,113.97,13387.81,0,"	9237,9238" 
2024-12-10T15:00:00Z,"TSLA",2024-12-10T16:00:00Z,Buy,400.52,401.43,3603,3278.73,36.03,24932.76,1,"	9235,9239" 
2024-12-10T15:00:00Z,"AMD",2024-12-10T20:59:00Z,Sell,129.06,127.71,11452,15460.2,114.52,12826.24,1,"	9236,9242" 
2024-12-10T19:00:00Z,"SPXL",2024-12-10T20:59:00Z,Sell,183.51409265,182.109294744,10047,14114,100.47,6947.67,1,"	9240,9244" 
2024-12-10T20:30:00Z,"TQQQ",2024-12-10T20:59:00Z,Sell,41.65509502,41.808311435,38322,-5871.56,383.22,10985.5,0,"	9241,9243" 
2024-12-11T15:00:00Z,"SPXL",2024-12-11T15:30:00Z,Buy,185.829041312,185.759790711,9952,-689.18,99.52,5907.27,0,"	9246,9247" 
2024-12-11T15:00:00Z,"TQQQ",2024-12-11T20:59:00Z,Buy,43.567828975,44.14609738,33476,19358.11,334.76,11085.42,1,"	9245,9252" 
2024-12-11T18:30:00Z,"NVDA",2024-12-11T20:59:00Z,Buy,139.14193427,139.18192333,10524,420.84,105.24,11783.66,1,"	9248,9251" 
2024-12-11T19:30:00Z,"TSLA",2024-12-11T20:59:00Z,Buy,419.85,423.98,4426,18279.38,44.26,8143.84,1,"	9249,9250" 
2024-12-12T19:30:00Z,"SPXL",2024-12-12T20:30:00Z,Sell,184.186812774,184.157133945,10117,300.26,101.17,4503.91,1,"	9253,9254" 
2024-12-13T15:00:00Z,"TQQQ",2024-12-13T15:30:00Z,Buy,44.704595925,44.23506175,31549,-14813.33,315.49,14813.33,0,"	9256,9259" 
2024-12-13T15:00:00Z,"TSLA",2024-12-13T16:00:00Z,Buy,424.38,423.42,3417,-3280.32,34.17,25661.67,0,"	9255,9260" 
2024-12-13T15:30:00Z,"AMD",2024-12-13T17:00:00Z,Sell,127.36,127.43,12963,-907.41,129.63,32796.39,0,"	9257,9263" 
2024-12-13T15:30:00Z,"NVDA",2024-12-13T20:59:00Z,Sell,136.44267272,134.133304505,13658,31541.35,136.58,30380.74,1,"	9258,9264" 
2024-12-13T16:00:00Z,"SPXL",2024-12-13T16:30:00Z,Sell,182.653406609,182.880944298,10290,-2341.36,102.9,7339.66,0,"	9261,9262" 
2024-12-16T15:00:00Z,"TQQQ",2024-12-16T20:59:00Z,Buy,45.277921865,46.058831335,31324,24461.21,313.24,11146.88,1,"	9265,9270" 
2024-12-16T16:00:00Z,"NVDA",2024-12-16T19:30:00Z,Sell,131.50402381,131.60399646,14211,-1420.71,142.11,19747.89,0,"	9267,9268" 
2024-12-16T16:00:00Z,"TSLA",2024-12-16T20:59:00Z,Buy,450.93,462.01,3376,37406.08,33.76,16272.32,1,"	9266,9269" 
2024-12-17T15:00:00Z,"TSLA",2024-12-17T15:30:00Z,Buy,482.19,472.68,2827,-26884.77,28.27,41019.77,0,"	9271,9274" 
2024-12-17T15:00:00Z,"AMD",2024-12-17T15:30:00Z,Sell,123.64,123.85,15296,-3212.16,152.96,15143.04,0,"	9272,9275" 
2024-12-17T15:00:00Z,"NVDA",2024-12-17T15:30:00Z,Sell,127.40514516,127.595093195,14299,-2716.07,142.99,16439.35,0,"	9273,9276" 
2024-12-17T15:30:00Z,"TQQQ",2024-12-17T16:00:00Z,Sell,45.0752808,45.45090814,29239,-10982.97,292.39,11561.02,0,"	9277,9279" 
2024-12-17T15:30:00Z,"SPXL",2024-12-17T16:00:00Z,Sell,182.247795946,182.960087842,10304,-7339.46,103.04,7339.46,0,"	9278,9280" 
2024-12-18T15:00:00Z,"NVDA",2024-12-18T16:30:00Z,Buy,134.84311032,135.20301186,13878,4994.71,138.78,23724.89,1,"	9281,9283" 
2024-12-18T15:30:00Z,"SPXL",2024-12-18T18:00:00Z,Buy,184.226384546,184.345099862,10177,1208.17,101.77,15404.11,1,"	9282,9285" 
2024-12-18T17:30:00Z,"AMD",2024-12-18T19:30:00Z,Buy,127.65,125.33,14688,-34076.16,146.88,34076.16,0,"	9284,9286" 
2024-12-18T19:30:00Z,"TQQQ",2024-12-18T20:59:00Z,Sell,44.111500125,40.977977315,28372,88904.31,283.72,39403.96,1,"	9287,9290" 
2024-12-18T20:30:00Z,"TSLA",2024-12-18T20:59:00Z,Sell,437.64,442.15,3046,-13737.46,30.46,47578.52,0,"	9288,9289" 
2024-12-19T15:30:00Z,"AMD",2024-12-19T16:00:00Z,Sell,119.79,120.3,15181,-7742.31,151.81,14801.48,0,"	9291,9292" 
2024-12-19T17:30:00Z,"TSLA",2024-12-19T18:00:00Z,Sell,423.25,432.76,1086,-10327.86,10.86,13281.78,0,"	9293,9294" 
2024-12-20T15:30:00Z,"AMD",2024-12-20T18:00:00Z,Buy,120.39,120.82,15638,6724.34,156.38,20016.64,1,"	9295,9299" 
2024-12-20T15:30:00Z,"NVDA",2024-12-20T20:59:00Z,Buy,132.42377219,134.1632963,14214,24725.6,142.14,32825.36,1,"	9296,9300" 
2024-12-20T15:30:00Z,"TQQQ",2024-12-20T20:59:00Z,Buy,40.48867328,40.879128015,18291,7141.81,182.91,29109.65,1,"	9297,9301" 
2024-12-20T15:30:00Z,"SPXL",2024-12-20T20:59:00Z,Buy,168.823072295,171.454595133,6332,16662.8,63.32,31947.48,1,"	9298,9302" 
2024-12-23T15:00:00Z,"SPXL",2024-12-23T15:30:00Z,Sell,171.553255053,170.710801608,6611,5569.46,66.11,13170.13,1,"	9304,9305" 
2024-12-23T15:00:00Z,"AMD",2024-12-23T20:00:00Z,Buy,124.8,124.03,15258,-11748.66,152.58,33720.18,0,"	9303,9307" 
2024-12-23T18:30:00Z,"NVDA",2024-12-23T20:59:00Z,Buy,138.50210931,139.471844015,13775,13358.1,137.75,18040.31,1,"	9306,9308" 
2024-12-24T15:00:00Z,"NVDA",2024-12-24T15:30:00Z,Buy,141.62125599,140.78148573,13464,-11306.67,134.64,16623.49,0,"	9310,9313" 
2024-12-24T15:00:00Z,"TQQQ",2024-12-24T15:30:00Z,Buy,43.073127004,43.19214094,29108,3464.26,291.08,6495.48,1,"	9311,9314" 
2024-12-24T15:00:00Z,"SPXL",2024-12-24T15:30:00Z,Buy,177.539630121,178.401906,8202,7072.39,82.02,2845.21,1,"	9312,9315" 
2024-12-24T15:00:00Z,"TSLA",2024-12-24T17:59:00Z,Buy,449.5,460.4,3233,35239.7,32.33,13934.23,1,"	9309,9316" 
2024-12-26T19:00:00Z,"TSLA",2024-12-26T20:00:00Z,Sell,452.2,455.35,2613,-8230.95,26.13,10922.34,0,"	9317,9318" 
2024-12-27T15:00:00Z,"TSLA",2024-12-27T16:00:00Z,Sell,439.65,437.19,2258,5554.68,22.58,23596.1,1,"	9319,9323" 
2024-12-27T15:00:00Z,"NVDA",2024-12-27T16:30:00Z,Sell,136.44267272,136.832566055,14050,-5478,140.5,29216.01,0,"	9320,9324" 
2024-12-27T15:00:00Z,"TQQQ",2024-12-27T16:30:00Z,Sell,41.982165924,41.684631084,44668,13290.29,446.68,34554.74,1,"	9321,9325" 
2024-12-27T15:30:00Z,"SPXL",2024-12-27T16:30:00Z,Sell,173.585054538,174.814045446,11183,-13743.81,111.83,21724.08,0,"	9322,9326" 
2024-12-30T15:00:00Z,"TQQQ",2024-12-30T15:30:00Z,Sell,39.577092634,39.537421322,42242,1675.8,422.42,20842.71,1,"	9327,9329" 
2024-12-30T15:00:00Z,"SPXL",2024-12-30T16:00:00Z,Sell,166.5084456,168.183441273,11508,-19275.85,115.08,27602.11,0,"	9328,9330" 
2024-12-30T18:00:00Z,"NVDA",2024-12-30T19:30:00Z,Buy,139.831745555,138.971980765,13656,-11740.95,136.56,16792.29,0,"	9331,9332" 
2024-12-31T16:30:00Z,"TQQQ",2024-12-31T17:00:00Z,Sell,39.686188742,39.859750732,38359,-6657.66,383.59,14837.08,0,"	9334,9335" 
2024-12-31T16:30:00Z,"NVDA",2024-12-31T20:00:00Z,Sell,135.06305015,134.813118525,14101,3524.29,141.01,19313.09,1,"	9333,9338" 
2024-12-31T17:30:00Z,"AMD",2024-12-31T20:30:00Z,Sell,120.57,121.16,15776,-9307.84,157.76,15618.24,0,"	9336,9339" 
2024-12-31T19:30:00Z,"TSLA",2024-12-31T20:59:00Z,Sell,405.8,404.6,2842,3410.4,28.42,17705.66,1,"	9337,9340" 
2025-01-02T15:00:00Z,"AMD",2025-01-02T15:30:00Z,Buy,122.91,121.69,15465,-18867.3,154.65,19176.6,0,"	9341,9343" 
2025-01-02T15:30:00Z,"TSLA",2025-01-02T16:30:00Z,Sell,380.27,382.6,2159,-5030.47,21.59,12630.15,0,"	9342,9344" 
2025-01-02T16:30:00Z,"NVDA",2025-01-02T17:30:00Z,Buy,137.892276145,136.972527765,13716,-12615.27,137.16,25230.54,0,"	9345,9346" 
2025-01-02T18:30:00Z,"SPXL",2025-01-02T19:30:00Z,Sell,163.921617963,164.744248974,9141,-7519.67,91.41,20656.44,0,"	9347,9350" 
2025-01-02T19:00:00Z,"TQQQ",2025-01-02T19:30:00Z,Sell,38.312569564,38.659693544,30997,-10759.8,309.97,13680.32,0,"	9348,9349" 
2025-01-03T15:00:00Z,"TSLA",2025-01-03T15:30:00Z,Buy,389.76,384.75,4312,-21603.12,43.12,33288.64,0,"	9351,9355" 
2025-01-03T15:00:00Z,"AMD",2025-01-03T15:30:00Z,Buy,122.83,122.51,15295,-4894.4,152.95,20342.35,0,"	9352,9356" 
2025-01-03T15:00:00Z,"TQQQ",2025-01-03T15:30:00Z,Buy,40.162244486,39.879586388,38387,-10850.4,383.87,32741.55,0,"	9354,9357" 
2025-01-03T15:00:00Z,"NVDA",2025-01-03T20:59:00Z,Buy,143.90063241,144.40049566,9066,4531.76,90.66,11782.58,1,"	9353,9360" 
2025-01-03T16:30:00Z,"SPXL",2025-01-03T17:30:00Z,Buy,170.026927635,170.423376315,10810,4285.61,108.1,7392.68,1,"	9358,9359" 
2025-01-06T15:00:00Z,"AMD",2025-01-06T15:30:00Z,Buy,129.75,129.51,14389,-3453.36,143.89,10216.19,0,"	9361,9363" 
2025-01-06T15:00:00Z,"SPXL",2025-01-06T17:30:00Z,Buy,177.153092658,177.678387159,10552,5542.91,105.52,12236.23,1,"	9362,9368" 
2025-01-06T15:30:00Z,"NVDA",2025-01-06T17:00:00Z,Buy,151.49855381,151.048676885,12337,-5550.13,123.37,12333.63,0,"	9364,9366" 
2025-01-06T15:30:00Z,"TQQQ",2025-01-06T17:00:00Z,Buy,42.959071982,42.835099132,37967,-4706.88,379.67,9413.75,0,"	9365,9367" 
2025-01-07T15:00:00Z,"NVDA",2025-01-07T20:59:00Z,Sell,146.210000625,140.311614275,12743,75163.14,127.43,33759.71,1,"	9369,9377" 
2025-01-07T15:30:00Z,"AMD",2025-01-07T16:00:00Z,Sell,128.78,128.68,14569,1456.9,145.69,22581.95,1,"	9371,9374" 
2025-01-07T15:30:00Z,"TSLA",2025-01-07T16:30:00Z,Sell,396.43,398.84,2795,-6735.95,27.95,22387.95,0,"	9370,9375" 
2025-01-07T15:30:00Z,"SPXL",2025-01-07T18:30:00Z,Sell,173.277806811,172.147928073,10827,12233.2,108.27,31022.96,1,"	9373,9376" 
2025-01-07T15:30:00Z,"TQQQ",2025-01-07T20:59:00Z,Sell,41.253205566,39.973805754,39070,49986.15,390.7,35261.55,1,"	9372,9378" 
2025-01-08T15:00:00Z,"SPXL",2025-01-08T16:00:00Z,Sell,167.648235555,168.629446038,11416,-11201.5,114.16,23647.61,0,"	9380,9381" 
2025-01-08T15:00:00Z,"AMD",2025-01-08T16:30:00Z,Sell,122.45,122.28,15643,2659.31,156.43,24090.22,1,"	9379,9382" 
2025-01-10T15:00:00Z,"TQQQ",2025-01-10T15:30:00Z,Sell,38.322487392,38.178678886,47168,6783.16,471.68,37658.23,1,"	9384,9386" 
2025-01-10T15:00:00Z,"AMD",2025-01-10T18:30:00Z,Sell,115.59,115.92,16542,-5458.86,165.42,34241.94,0,"	9383,9387" 
2025-01-10T15:00:00Z,"SPXL",2025-01-10T18:30:00Z,Sell,163.366589811,164.000907699,11704,-7424.06,117.04,49068.37,0,"	9385,9388" 
2025-01-14T15:00:00Z,"AMD",2025-01-14T17:30:00Z,Sell,115.64,115.61,14398,431.94,143.98,15549.84,1,"	9389,9390" 
2025-01-15T15:00:00Z,"TSLA",2025-01-15T16:00:00Z,Buy,415.35,413.53,4598,-8368.36,45.98,22346.28,0,"	9391,9393" 
2025-01-15T15:30:00Z,"TQQQ",2025-01-15T16:00:00Z,Buy,40.063066206,39.681229828,44736,-17081.83,447.36,17747.36,0,"	9392,9394" 
2025-01-15T18:30:00Z,"AMD",2025-01-15T20:30:00Z,Buy,119.92,120.16,15805,3793.2,158.05,6638.1,1,"	9395,9396" 
2025-01-16T15:00:00Z,"TSLA",2025-01-16T20:30:00Z,Sell,416.17,413.56,4067,10614.87,40.67,24279.99,1,"	9397,9400" 
2025-01-16T19:00:00Z,"TQQQ",2025-01-16T19:30:00Z,Sell,39.537421322,39.849832904,39155,-12232.48,391.55,15144.97,0,"	9398,9399" 
2025-01-17T15:30:00Z,"TSLA",2025-01-17T20:30:00Z,Buy,428.84,428.66,3404,-612.72,34.04,37035.52,0,"	9401,9402" 
2025-01-21T15:00:00Z,"TSLA",2025-01-21T16:30:00Z,Sell,412.07,415.14,2969,-9114.83,29.69,30966.67,0,"	9403,9404" 
2025-01-22T15:00:00Z,"NVDA",2025-01-22T16:00:00Z,Buy,146.170011565,145.750126435,12972,-5446.75,129.72,17896.46,0,"	9405,9407" 
2025-01-22T16:00:00Z,"AMD",2025-01-22T17:30:00Z,Buy,124.16,124,15253,-2440.48,152.53,24862.39,0,"	9406,9409" 
2025-01-22T16:30:00Z,"TQQQ",2025-01-22T18:30:00Z,Buy,43.851676502,43.643402114,32987,-6870.35,329.87,14885.75,0,"	9408,9410" 
2025-01-23T16:30:00Z,"SPXL",2025-01-23T17:30:00Z,Buy,184.259435247,183.942276303,10259,-3253.73,102.59,7727.62,0,"	9411,9412" 
2025-01-24T15:30:00Z,"NVDA",2025-01-24T20:59:00Z,Sell,146.00005806,142.511012575,9831,34300.81,98.31,10319.73,1,"	9413,9416" 
2025-01-24T17:30:00Z,"TQQQ",2025-01-24T20:59:00Z,Sell,43.44008664,43.04337352,30473,12089.04,304.73,12240.15,1,"	9414,9417" 
2025-01-24T19:00:00Z,"SPXL",2025-01-24T20:59:00Z,Sell,183.932365086,184.487393238,10385,-5763.97,103.85,10807.44,0,"	9415,9418" 
2025-01-27T15:30:00Z,"NVDA",2025-01-27T20:59:00Z,Sell,123.98608053,118.577560165,9672,52311.21,96.72,39741.05,1,"	9419,9422" 
2025-01-27T16:00:00Z,"AMD",2025-01-27T20:59:00Z,Sell,116.37,115.03,16399,21974.66,163.99,33781.94,1,"	9420,9421" 
2025-01-28T15:00:00Z,"AMD",2025-01-28T15:30:00Z,Sell,113.22,114.59,12396,-16982.52,123.96,20701.32,0,"	9423,9424" 
2025-01-28T15:30:00Z,"SPXL",2025-01-28T16:30:00Z,Buy,179.274093096,178.273060179,8584,-8592.87,85.84,18206.67,0,"	9426,9428" 
2025-01-28T15:30:00Z,"TQQQ",2025-01-28T20:59:00Z,Buy,40.380436702,40.965588554,21798,12755.14,217.98,9079.93,1,"	9425,9432" 
2025-01-28T16:00:00Z,"TSLA",2025-01-28T17:30:00Z,Sell,389.81,393.56,4946,-18547.5,49.46,31011.42,0,"	9427,9429" 
2025-01-28T17:30:00Z,"NVDA",2025-01-28T20:59:00Z,Buy,125.98553353,127.735054905,3992,6984.09,39.92,4908.82,1,"	9430,9431" 
2025-01-29T15:00:00Z,"NVDA",2025-01-29T20:30:00Z,Sell,125.20574686,123.14631027,4013,8264.52,40.13,11714.76,1,"	9433,9442" 
2025-01-29T15:30:00Z,"AMD",2025-01-29T16:00:00Z,Buy,116.94,116.47,14507,-6818.29,145.07,11170.39,0,"	9434,9435" 
2025-01-29T16:30:00Z,"TQQQ",2025-01-29T17:00:00Z,Sell,40.484573896,40.459779326,22837,566.23,228.37,4190.13,1,"	9437,9438" 
2025-01-29T16:30:00Z,"TSLA",2025-01-29T20:30:00Z,Sell,389.7,391.24,4939,-7606.06,49.39,34326.05,0,"	9436,9441" 
2025-01-29T19:30:00Z,"SPXL",2025-01-29T20:00:00Z,Sell,176.350284081,179.075868756,10376,-28280.67,103.76,36507.77,0,"	9439,9440" 
2025-01-30T15:30:00Z,"NVDA",2025-01-30T17:00:00Z,Sell,119.537297605,120.557018635,4472,-4560.19,44.72,11959.33,0,"	9443,9444" 
2025-01-31T15:00:00Z,"TQQQ",2025-01-31T15:30:00Z,Buy,42.641701486,42.800386734,31791,5044.76,317.91,5202.41,1,"	9446,9447" 
2025-01-31T15:00:00Z,"TSLA",2025-01-31T19:00:00Z,Buy,414.85,411.45,4601,-15643.4,46.01,38648.4,0,"	9445,9452" 
2025-01-31T16:00:00Z,"SPXL",2025-01-31T18:00:00Z,Buy,185.290201815,184.923486786,10312,-3781.57,103.12,14625.46,0,"	9448,9451" 
2025-01-31T16:30:00Z,"AMD",2025-01-31T17:00:00Z,Sell,117.67,118.07,16183,-6473.2,161.83,11651.76,0,"	9449,9450" 
2025-02-03T18:00:00Z,"TSLA",2025-02-03T19:00:00Z,Sell,379.59,381.26,5004,-8356.68,50.04,14361.48,0,"	9453,9454" 
2025-02-04T15:00:00Z,"NVDA",2025-02-04T16:00:00Z,Buy,119.337352305,119.497308545,7908,1264.93,79.08,13835.22,1,"	9455,9459" 
2025-02-04T15:00:00Z,"SPXL",2025-02-04T16:00:00Z,Buy,175.844812014,176.845844931,10788,10799.14,107.88,8767.62,1,"	9457,9460" 
2025-02-04T15:00:00Z,"TQQQ",2025-02-04T17:30:00Z,Buy,40.891204844,40.88624593,46388,-230.03,463.88,33584.98,0,"	9456,9462" 
2025-02-04T15:30:00Z,"AMD",2025-02-04T17:30:00Z,Buy,117.16,116.88,16318,-4569.04,163.18,22845.2,0,"	9458,9461" 
2025-02-04T20:30:00Z,"TSLA",2025-02-04T20:59:00Z,Buy,389.84,392.27,4213,10237.59,42.13,9226.47,1,"	9463,9464" 
2025-02-05T17:30:00Z,"NVDA",2025-02-05T18:00:00Z,Buy,124.00607506,123.82612429,14524,-2613.6,145.24,8421.62,0,"	9465,9466" 
2025-02-05T19:00:00Z,"TSLA",2025-02-05T20:59:00Z,Sell,378.77,378.69,3753,300.24,37.53,11713.11,1,"	9467,9468" 
2025-02-06T15:00:00Z,"AMD",2025-02-06T16:30:00Z,Sell,110.09,110.06,12061,361.83,120.61,11216.73,1,"	9469,9472" 
2025-02-06T16:00:00Z,"TSLA",2025-02-06T16:30:00Z,Sell,364.79,366.1,4090,-5357.9,40.9,10102.3,0,"	9470,9471" 
2025-02-07T15:00:00Z,"SPXL",2025-02-07T15:30:00Z,Buy,183.238579896,180.225569928,10379,-31272.03,103.79,37341.27,0,"	9473,9476" 
2025-02-07T15:30:00Z,"AMD",2025-02-07T18:00:00Z,Sell,107.55,107.54,12395,123.95,123.95,16237.45,1,"	9474,9477" 
2025-02-07T15:30:00Z,"TQQQ",2025-02-07T20:59:00Z,Sell,41.95241244,41.015177694,45045,42217.74,450.45,30825.65,1,"	9475,9480" 
2025-02-07T19:30:00Z,"TSLA",2025-02-07T20:59:00Z,Sell,363.78,361.35,4643,11282.49,46.43,9378.86,1,"	9478,9479" 
2025-02-10T15:00:00Z,"NVDA",2025-02-10T16:30:00Z,Buy,133.893370145,133.46348775,13847,-5952.58,138.47,17580.88,0,"	9481,9483" 
2025-02-10T15:30:00Z,"AMD",2025-02-10T20:30:00Z,Buy,110.35,110.56,12886,2706.06,128.86,13079.29,1,"	9482,9484" 
2025-02-11T16:00:00Z,"AMD",2025-02-11T17:00:00Z,Buy,111.9,112.23,9489,3131.37,94.89,8065.65,1,"	9486,9487" 
2025-02-11T16:00:00Z,"TSLA",2025-02-11T20:59:00Z,Sell,339.42,328.55,5501,59795.87,55.01,28330.15,1,"	9485,9488" 
2025-02-12T15:30:00Z,"TSLA",2025-02-12T20:59:00Z,Buy,338.37,336.37,5712,-11424,57.12,59804.64,0,"	9489,9490" 
2025-02-13T15:00:00Z,"AMD",2025-02-13T15:30:00Z,Buy,113.83,113.38,16937,-7621.65,169.37,18630.7,0,"	9491,9495" 
2025-02-13T15:00:00Z,"TQQQ",2025-02-13T15:30:00Z,Buy,42.929318498,43.231812252,37093,11220.4,370.93,9564.93,1,"	9493,9496" 
2025-02-13T15:00:00Z,"NVDA",2025-02-13T18:30:00Z,Buy,133.94335647,134.453216985,14395,7339.44,143.95,40654.75,1,"	9492,9500" 
2025-02-13T15:30:00Z,"TSLA",2025-02-13T17:00:00Z,Buy,355,349.17,3773,-21996.59,37.73,35390.74,0,"	9494,9498" 
2025-02-13T16:00:00Z,"SPXL",2025-02-13T17:00:00Z,Buy,182.257369413,181.345537449,10670,-9729.25,106.7,12690.32,0,"	9497,9499" 
2025-02-14T15:00:00Z,"AMD",2025-02-14T15:30:00Z,Buy,114.21,113.63,16808,-9748.64,168.08,17648.4,0,"	9501,9502" 
2025-02-19T15:00:00Z,"TSLA",2025-02-19T16:00:00Z,Buy,363.82,360.61,1387,-4452.27,13.87,9903.18,0,"	9503,9504" 
2025-02-19T18:00:00Z,"NVDA",2025-02-19T18:30:00Z,Buy,141.191373595,140.591537695,8164,-4897.06,81.64,6774.27,0,"	9505,9506" 
2025-02-19T19:30:00Z,"AMD",2025-02-19T20:00:00Z,Buy,115.27,115.26,16585,-165.85,165.85,4312.1,0,"	9507,9508" 
2025-02-20T15:00:00Z,"NVDA",2025-02-20T15:30:00Z,Sell,137.10249221,138.58208743,8461,-12518.86,84.61,16452.14,0,"	9510,9513" 
2025-02-20T15:00:00Z,"TQQQ",2025-02-20T15:30:00Z,Sell,43.44008664,43.921101298,29095,-13995.12,290.95,21425.52,0,"	9511,9514" 
2025-02-20T15:00:00Z,"TSLA",2025-02-20T16:30:00Z,Sell,350.67,354.24,2492,-8896.44,24.92,14329,0,"	9509,9516" 
2025-02-20T15:00:00Z,"SPXL",2025-02-20T19:30:00Z,Sell,182.901598518,183.664762227,8068,-6157.2,80.68,17264.16,0,"	9512,9517" 
2025-02-20T16:00:00Z,"AMD",2025-02-20T20:59:00Z,Sell,113.21,114.18,16825,-16320.25,168.25,16656.75,0,"	9515,9518" 
2025-02-21T15:00:00Z,"SPXL",2025-02-21T20:59:00Z,Sell,182.633995659,175.141115607,8975,67248.6,89.75,13342.98,1,"	9519,9528" 
2025-02-21T15:30:00Z,"TQQQ",2025-02-21T20:59:00Z,Sell,43.44008664,41.55569932,29550,55683.65,295.5,14360.52,1,"	9520,9527" 
2025-02-21T16:30:00Z,"TSLA",2025-02-21T20:59:00Z,Sell,346.02,338.01,2574,20617.74,25.74,12947.22,1,"	9521,9524" 
2025-02-21T16:30:00Z,"AMD",2025-02-21T20:59:00Z,Sell,112.81,110.88,16780,32385.4,167.8,15102,1,"	9522,9525" 
2025-02-21T18:00:00Z,"NVDA",2025-02-21T20:59:00Z,Sell,137.70232811,134.64316502,13159,40255.53,131.59,22364.18,1,"	9523,9526" 
2025-02-24T15:00:00Z,"TSLA",2025-02-24T16:30:00Z,Sell,329.12,333.88,5746,-27350.96,57.46,49817.82,0,"	9529,9534" 
2025-02-24T15:00:00Z,"TQQQ",2025-02-24T16:30:00Z,Sell,40.816821134,40.98542421,37235,-6277.94,372.35,33254.59,0,"	9531,9536" 
2025-02-24T15:00:00Z,"SPXL",2025-02-24T16:30:00Z,Sell,173.961680784,175.190671692,10686,-13133,106.86,34834.22,0,"	9532,9537" 
2025-02-24T15:00:00Z,"AMD",2025-02-24T17:00:00Z,Sell,108.95,109.54,18117,-10689.03,181.17,30074.22,0,"	9530,9538" 
2025-02-24T15:30:00Z,"NVDA",2025-02-24T16:30:00Z,Sell,132.86365185,134.013337325,14148,-16265.75,141.48,47241.4,0,"	9533,9535" 
2025-02-25T15:00:00Z,"NVDA",2025-02-25T17:00:00Z,Sell,127.515115075,127.84502482,15242,-5028.48,152.42,51351.49,0,"	9540,9544" 
2025-02-25T15:00:00Z,"TQQQ",2025-02-25T17:00:00Z,Sell,39.091119062,38.595227662,39356,19516.3,393.56,41960.05,1,"	9541,9545" 
2025-02-25T15:00:00Z,"SPXL",2025-02-25T17:00:00Z,Sell,170.809913778,169.095273237,10640,18243.78,106.4,36065.73,1,"	9542,9546" 
2025-02-25T15:00:00Z,"TSLA",2025-02-25T20:59:00Z,Sell,313.08,303.46,5859,56363.58,58.59,40075.56,1,"	9539,9547" 
2025-02-25T15:30:00Z,"AMD",2025-02-25T20:59:00Z,Sell,105.25,103.99,19079,24039.54,190.79,25088.88,1,"	9543,9548" 
2025-02-26T16:30:00Z,"NVDA",2025-02-26T18:30:00Z,Buy,132.38378313,130.334343805,15025,-30792.83,150.25,38153.06,0,"	9549,9554" 
2025-02-26T17:00:00Z,"SPXL",2025-02-26T18:00:00Z,Buy,173.218339509,171.107250288,11416,-24100.19,114.16,35980.57,0,"	9550,9553" 
2025-02-26T17:30:00Z,"TQQQ",2025-02-26T18:00:00Z,Buy,39.725860054,39.02665318,46422,-32458.58,464.22,35911.62,0,"	9551,9552" 
2025-02-26T19:00:00Z,"TSLA",2025-02-26T20:59:00Z,Sell,291.46,291.32,3999,559.86,39.99,17135.72,1,"	9555,9556" 
2025-02-27T15:00:00Z,"TSLA",2025-02-27T15:30:00Z,Sell,283.04,293.41,6149,-63765.13,61.49,71143.93,0,"	9557,9561" 
2025-02-27T15:00:00Z,"AMD",2025-02-27T15:30:00Z,Sell,103.42,103.6,18892,-3400.56,188.92,16152.66,0,"	9558,9562" 
2025-02-27T15:00:00Z,"TQQQ",2025-02-27T15:30:00Z,Sell,37.697664228,38.367117618,46356,-31033.18,463.56,58388.36,0,"	9560,9563" 
2025-02-27T15:00:00Z,"NVDA",2025-02-27T20:59:00Z,Sell,126.695339345,120.5670159,11353,69574.86,113.53,33482.19,1,"	9559,9565" 
2025-02-27T20:00:00Z,"SPXL",2025-02-27T20:59:00Z,Sell,165.596613636,161.919552129,11629,42760.55,116.29,11064.72,1,"	9564,9566" 
2025-02-28T15:30:00Z,"AMD",2025-02-28T16:00:00Z,Buy,101.46,101.04,19314,-8111.88,193.14,21631.68,0,"	9568,9569" 
2025-02-28T15:30:00Z,"TSLA",2025-02-28T16:30:00Z,Buy,292.45,287.89,6701,-30556.56,67.01,32231.81,0,"	9567,9570" 
2025-03-03T15:00:00Z,"NVDA",2025-03-03T15:30:00Z,Sell,118.9674535,119.497308545,11868,-6288.32,118.68,14949.59,0,"	9571,9572" 
2025-03-03T18:00:00Z,"SPXL",2025-03-03T20:59:00Z,Sell,167.479744866,160.304023758,11614,83338.82,116.14,34993.1,1,"	9573,9580" 
2025-03-03T18:30:00Z,"TQQQ",2025-03-03T20:59:00Z,Sell,35.882701704,34.717356914,42345,49346.53,423.45,32862.69,1,"	9574,9579" 
2025-03-03T20:30:00Z,"TSLA",2025-03-03T20:59:00Z,Sell,280,284.72,6177,-29155.44,61.77,42312.45,0,"	9575,9577" 
2025-03-03T20:30:00Z,"AMD",2025-03-03T20:59:00Z,Sell,97.44,98.24,20646,-16516.8,206.46,22297.68,0,"	9576,9578" 
2025-03-04T15:00:00Z,"SPXL",2025-03-04T17:00:00Z,Sell,153.703153236,153.980667312,12835,-3561.89,128.35,39816.88,0,"	9581,9586" 
2025-03-04T15:30:00Z,"TQQQ",2025-03-04T16:00:00Z,Sell,33.15034009,33.353655564,46220,-9397.24,462.2,21774.1,0,"	9582,9583" 
2025-03-04T16:30:00Z,"TSLA",2025-03-04T17:00:00Z,Sell,262.6,268.27,6975,-39548.25,69.75,48546,0,"	9584,9585" 
2025-03-04T17:30:00Z,"AMD",2025-03-04T18:00:00Z,Buy,99.49,99.2,19648,-5697.92,196.48,13360.64,0,"	9587,9588" 
2025-03-05T18:00:00Z,"TQQQ",2025-03-05T18:30:00Z,Buy,35.267796368,34.925631302,42745,-14625.85,427.45,23316.57,0,"	9589,9591" 
2025-03-05T18:00:00Z,"SPXL",2025-03-05T18:30:00Z,Buy,157.766752206,156.517938864,12362,-15437.83,123.62,29466.65,0,"	9590,9592" 
2025-03-06T15:00:00Z,"TSLA",2025-03-06T15:30:00Z,Sell,266.53,270.77,7277,-30854.48,72.77,33474.2,0,"	9593,9594" 
2025-03-06T17:30:00Z,"SPXL",2025-03-06T18:00:00Z,Sell,150.888367608,151.364106024,12086,-5749.77,120.86,19645.06,0,"	9596,9597" 
2025-03-06T17:30:00Z,"TQQQ",2025-03-06T20:00:00Z,Sell,33.110668778,32.565188238,42506,23186.2,425.06,42388.58,1,"	9595,9598" 
2025-03-07T16:30:00Z,"TSLA",2025-03-07T17:30:00Z,Sell,254.36,256.1,6935,-12066.9,69.35,35645.9,0,"	9599,9603" 
2025-03-07T16:30:00Z,"AMD",2025-03-07T18:00:00Z,Sell,97.48,98.13,19843,-12897.95,198.43,53377.67,0,"	9600,9604" 
2025-03-07T16:30:00Z,"TQQQ",2025-03-07T18:00:00Z,Sell,31.702337202,32.05937901,40651,-14514.11,406.51,60273.86,0,"	9601,9605" 
2025-03-07T16:30:00Z,"SPXL",2025-03-07T18:00:00Z,Sell,146.864413506,148.925946642,11252,-23196.37,112.52,62897.85,0,"	9602,9606" 
2025-03-10T14:00:00Z,"TSLA",2025-03-10T19:59:00Z,Sell,243.9,220.42,7825,183731,78.25,42020.25,1,"	9607,9615" 
2025-03-10T14:30:00Z,"NVDA",2025-03-10T16:30:00Z,Sell,108.03044559,108.060437385,12762,-382.76,127.62,32534.2,0,"	9608,9614" 
2025-03-10T14:30:00Z,"TQQQ",2025-03-10T19:59:00Z,Sell,30.67088309,29.584880924,42018,45631.64,420.18,53862,1,"	9609,9616" 
2025-03-10T15:00:00Z,"AMD",2025-03-10T15:30:00Z,Sell,97.72,98.08,19891,-7160.76,198.91,10144.41,0,"	9610,9612" 
2025-03-10T15:00:00Z,"SPXL",2025-03-10T15:30:00Z,Sell,143.742380151,144.792969153,12835,-13484.31,128.35,13865.94,0,"	9611,9613" 
2025-03-11T14:00:00Z,"TSLA",2025-03-11T14:30:00Z,Buy,232.93,222.64,5435,-55926.15,54.35,64404.75,0,"	9617,9619" 
2025-03-11T14:00:00Z,"NVDA",2025-03-11T14:30:00Z,Buy,109.47005175,106.27092695,18197,-58214.47,181.97,72404.25,0,"	9618,9621" 
2025-03-11T14:30:00Z,"AMD",2025-03-11T15:00:00Z,Sell,95.66,95.88,20344,-4475.68,203.44,28074.72,0,"	9620,9623" 
2025-03-11T14:30:00Z,"SPXL",2025-03-11T15:30:00Z,Sell,137.528047092,138.469612707,13877,-13066.11,138.77,47725.67,0,"	9622,9624" 
2025-03-11T17:30:00Z,"TQQQ",2025-03-11T18:00:00Z,Sell,28.484002016,29.014605814,45106,-23933.41,451.06,32433.13,0,"	9625,9626" 
2025-03-12T16:00:00Z,"AMD",2025-03-12T19:59:00Z,Buy,100.43,100.82,19210,7491.9,192.1,24588.8,1,"	9627,9630" 
2025-03-12T17:00:00Z,"NVDA",2025-03-12T18:00:00Z,Buy,115.83897141,114.449223695,16651,-23140.69,166.51,28801,0,"	9628,9629" 
2025-03-13T14:00:00Z,"AMD",2025-03-13T14:30:00Z,Sell,98.37,99.11,19543,-14461.82,195.43,30291.65,0,"	9632,9636" 
2025-03-13T14:00:00Z,"NVDA",2025-03-13T14:30:00Z,Sell,114.3792364,116.63882621,15989,-36128.58,159.89,54192.87,0,"	9633,9637" 
2025-03-13T14:00:00Z,"TQQQ",2025-03-13T14:30:00Z,Sell,29.198085632,29.708853774,49987,-25531.77,499.87,42511.63,0,"	9634,9638" 
2025-03-13T14:00:00Z,"SPXL",2025-03-13T14:30:00Z,Sell,136.725238515,138.370500537,14054,-23122.51,140.54,37748.2,0,"	9635,9639" 
2025-03-13T14:00:00Z,"TSLA",2025-03-13T18:00:00Z,Sell,236.04,238.07,4451,-9035.53,44.51,27017.57,0,"	9631,9640" 
2025-03-14T14:00:00Z,"SPXL",2025-03-14T14:30:00Z,Buy,139.133664246,137.924495772,13512,-16338.28,135.12,28525.04,0,"	9641,9642" 
2025-03-14T15:00:00Z,"AMD",2025-03-14T16:00:00Z,Buy,100.54,100.43,18625,-2048.75,186.25,9126.25,0,"	9643,9646" 
2025-03-14T15:00:00Z,"NVDA",2025-03-14T18:30:00Z,Buy,120.228174625,120.248170995,15577,311.48,155.77,25853.13,1,"	9644,9648" 
2025-03-14T15:30:00Z,"TQQQ",2025-03-14T16:30:00Z,Buy,30.42293739,30.284087798,47159,-6548.01,471.59,18708.59,0,"	9645,9647" 
2025-03-17T14:00:00Z,"SPXL",2025-03-17T14:30:00Z,Buy,144.40643169,143.484688509,12883,-11874.82,128.83,15705.4,0,"	9650,9653" 
2025-03-17T14:00:00Z,"AMD",2025-03-17T15:00:00Z,Buy,105.32,105.12,17749,-3549.8,177.49,26623.5,0,"	9649,9654" 
2025-03-17T14:30:00Z,"TSLA",2025-03-17T18:30:00Z,Sell,237.31,239.3,4548,-9050.52,45.48,28697.88,0,"	9651,9655" 
2025-03-17T14:30:00Z,"NVDA",2025-03-17T18:30:00Z,Sell,119.49830712,120.47812925,15616,-15300.9,156.16,38720.65,0,"	9652,9656" 
2025-03-17T18:30:00Z,"TQQQ",2025-03-17T19:00:00Z,Buy,31.68746046,31.776720912,42595,3802.05,425.95,4393.48,1,"	9657,9658" 
2025-03-18T14:00:00Z,"NVDA",2025-03-18T15:00:00Z,Sell,115.05911298,116.25889518,16117,-19336.89,161.17,27716.21,0,"	9659,9662" 
2025-03-18T14:00:00Z,"TQQQ",2025-03-18T16:30:00Z,Sell,29.570004182,29.92704599,51036,-18221.99,510.36,31888.47,0,"	9660,9663" 
2025-03-18T14:00:00Z,"SPXL",2025-03-18T16:30:00Z,Sell,140.461767324,141.224931033,12876,-9826.5,128.76,25268.13,0,"	9661,9664" 
2025-03-19T19:00:00Z,"NVDA",2025-03-19T19:30:00Z,Buy,119.548298045,118.23853581,15181,-19883.5,151.81,30508.27,0,"	9667,9670" 
2025-03-19T19:00:00Z,"TQQQ",2025-03-19T19:30:00Z,Buy,31.16677449,30.849403994,46237,-14674.26,462.37,35309.94,0,"	9668,9671" 
2025-03-19T19:00:00Z,"SPXL",2025-03-19T19:30:00Z,Buy,146.121072231,145.278618786,12567,-10587.11,125.67,33505.1,0,"	9669,9672" 
2025-03-19T19:00:00Z,"TSLA",2025-03-19T19:59:00Z,Buy,237.5,235.81,5785,-9776.65,57.85,34073.65,0,"	9665,9673" 
2025-03-19T19:00:00Z,"AMD",2025-03-19T19:59:00Z,Buy,107.13,106.24,17129,-15244.81,171.29,27406.4,0,"	9666,9674" 
2025-03-20T14:30:00Z,"TQQQ",2025-03-20T15:00:00Z,Buy,31.325459738,31.26595277,40420,-2405.27,404.2,11024.16,0,"	9676,9679" 
2025-03-20T14:30:00Z,"SPXL",2025-03-20T15:00:00Z,Buy,147.08246028,146.943703242,11385,-1579.75,113.85,10042.69,0,"	9677,9680" 
2025-03-20T14:30:00Z,"NVDA",2025-03-20T16:30:00Z,Buy,118.87841965,118.268530365,15198,-9269.1,151.98,28643.03,0,"	9675,9682" 
2025-03-20T15:00:00Z,"AMD",2025-03-20T16:30:00Z,Buy,107.56,106.58,16798,-16462.04,167.98,22677.3,0,"	9678,9681" 
2025-03-21T14:00:00Z,"TSLA",2025-03-21T14:30:00Z,Buy,241.63,238.84,5116,-14273.64,51.16,23201.06,0,"	9683,9684" 
2025-03-24T14:00:00Z,"TSLA",2025-03-24T19:59:00Z,Buy,267.55,277.99,3527,36821.88,35.27,13473.14,1,"	9685,9690" 
2025-03-24T14:30:00Z,"AMD",2025-03-24T19:59:00Z,Buy,112.03,114.04,16053,32266.53,160.53,15651.68,1,"	9686,9691" 
2025-03-24T15:00:00Z,"NVDA",2025-03-24T19:59:00Z,Buy,121.69790782,121.387964085,14768,-4577.25,147.68,11221.64,0,"	9687,9692" 
2025-03-24T16:00:00Z,"SPXL",2025-03-24T16:30:00Z,Buy,151.522685496,151.007302212,11898,-6132.03,118.98,10023.51,0,"	9688,9689" 
2025-03-26T14:00:00Z,"AMD",2025-03-26T19:59:00Z,Sell,112.04,110.27,14129,25008.33,141.29,21617.37,1,"	9693,9699" 
2025-03-26T14:00:00Z,"NVDA",2025-03-26T19:59:00Z,Sell,116.29888792,113.91931989,15578,37068.91,155.78,18923.83,1,"	9694,9700" 
2025-03-26T14:00:00Z,"TQQQ",2025-03-26T19:59:00Z,Sell,32.536794008,31.601771496,50517,47234.53,505.17,19848.55,1,"	9695,9701" 
2025-03-26T14:30:00Z,"TSLA",2025-03-26T15:00:00Z,Sell,275.81,276.98,3961,-4634.37,39.61,11447.29,0,"	9696,9697" 
2025-03-26T15:30:00Z,"SPXL",2025-03-26T19:59:00Z,Sell,150.1439206,147.55866104,12195,31527.24,121.95,21947.81,1,"	9698,9702" 
2025-03-27T14:30:00Z,"TSLA",2025-03-27T16:30:00Z,Buy,282.48,280.36,4061,-8609.32,40.61,45280.15,0,"	9703,9704" 
2025-03-28T14:00:00Z,"SPXL",2025-03-28T19:59:00Z,Sell,143.28303946,137.197736188,12996,79084.6,129.96,19125.03,1,"	9705,9714" 
2025-03-28T14:30:00Z,"NVDA",2025-03-28T18:00:00Z,Sell,109.250167495,109.870054965,17200,-10662.06,172,17024.91,0,"	9707,9711" 
2025-03-28T14:30:00Z,"AMD",2025-03-28T19:00:00Z,Sell,103.52,103.35,16795,2855.15,167.95,16291.15,1,"	9706,9712" 
2025-03-28T14:30:00Z,"TQQQ",2025-03-28T19:59:00Z,Sell,29.328871028,28.562948332,58700,44959.66,587,18830.51,1,"	9708,9713" 
2025-03-28T16:00:00Z,"TSLA",2025-03-28T17:00:00Z,Sell,263.35,263.62,4520,-1220.4,45.2,11842.4,0,"	9709,9710" 
2025-04-01T15:00:00Z,"TSLA",2025-04-01T18:30:00Z,Buy,272.67,269.8,5484,-15739.08,54.84,42501,0,"	9715,9716" 
2025-04-02T16:00:00Z,"TSLA",2025-04-02T19:59:00Z,Buy,278.49,283.12,5486,25400.18,54.86,37524.24,1,"	9717,9722" 
2025-04-02T17:00:00Z,"TQQQ",2025-04-02T18:00:00Z,Buy,30.094793724,29.786435236,43440,-13395.09,434.4,31651.31,0,"	9718,9720" 
2025-04-02T17:30:00Z,"SPXL",2025-04-02T18:00:00Z,Buy,144.6751023,143.173663094,11647,-17487.26,116.47,24667.46,0,"	9719,9721" 
2025-04-03T15:00:00Z,"SPXL",2025-04-03T15:30:00Z,Sell,124.88792336,126.120893304,11186,-13792,111.86,23413.04,0,"	9724,9725" 
2025-04-03T15:00:00Z,"AMD",2025-04-03T16:30:00Z,Sell,96.54,96.94,19672,-7868.8,196.72,29114.56,0,"	9723,9726" 
2025-04-04T14:00:00Z,"TSLA",2025-04-04T18:00:00Z,Sell,252.2,245.08,7490,53328.8,74.9,89168.45,1,"	9727,9732" 
2025-04-04T14:00:00Z,"AMD",2025-04-04T18:00:00Z,Sell,87.83,87.88,21512,-1075.6,215.12,87553.84,0,"	9728,9733" 
2025-04-04T14:00:00Z,"NVDA",2025-04-04T18:00:00Z,Sell,97.60228197,95.712625005,19356,36576.2,193.56,83215.69,1,"	9729,9734" 
2025-04-04T14:30:00Z,"TQQQ",2025-04-04T19:59:00Z,Sell,21.938214364,20.495892404,54709,78907.99,547.09,101219.91,1,"	9730,9735" 
2025-04-04T14:30:00Z,"SPXL",2025-04-04T19:59:00Z,Sell,108.13345275,100.914612594,12630,91173.95,126.3,103606.76,1,"	9731,9736" 
2025-04-07T15:00:00Z,"NVDA",2025-04-07T15:30:00Z,Buy,96.932403575,93.832966225,20566,-63743.03,205.66,90885.22,0,"	9737,9738" 
2025-04-07T18:00:00Z,"TQQQ",2025-04-07T18:30:00Z,Buy,21.281709196,20.650071648,50165,-31686.1,501.65,33682.07,0,"	9739,9740" 
2025-04-08T14:00:00Z,"AMD",2025-04-08T15:00:00Z,Buy,87.87,86.74,22250,-25142.5,222.5,47615,0,"	9741,9742" 
2025-04-08T19:30:00Z,"TSLA",2025-04-08T19:59:00Z,Sell,222.96,221.03,7519,14511.67,75.19,31579.8,1,"	9743,9744" 
2025-04-09T14:00:00Z,"TQQQ",2025-04-09T14:30:00Z,Buy,20.083089912,20.06816934,57994,-865.3,579.94,38361.8,0,"	9747,9749" 
2025-04-09T14:00:00Z,"SPXL",2025-04-09T14:30:00Z,Buy,97.275362598,96.708594156,13005,-7370.82,130.05,47522.42,0,"	9748,9750" 
2025-04-09T14:00:00Z,"TSLA",2025-04-09T15:00:00Z,Buy,231.5,226.78,8188,-38647.36,81.88,58707.96,0,"	9745,9751" 
2025-04-09T14:00:00Z,"AMD",2025-04-09T16:00:00Z,Buy,81.39,81.36,23967,-719.01,239.67,61595.19,0,"	9746,9752" 
2025-04-09T17:30:00Z,"NVDA",2025-04-09T19:59:00Z,Buy,106.46067388,113.929318075,18141,135488.67,181.41,51329.71,1,"	9753,9754" 
2025-04-10T14:00:00Z,"TSLA",2025-04-10T14:30:00Z,Sell,253.87,254.47,3342,-2005.2,33.42,8822.88,0,"	9755,9757" 
2025-04-10T14:00:00Z,"AMD",2025-04-10T14:30:00Z,Sell,89.06,90.11,8997,-9446.85,89.97,17949.02,0,"	9756,9758" 
2025-04-10T15:30:00Z,"TQQQ",2025-04-10T17:30:00Z,Sell,22.90307802,22.15704942,22392,16705.07,223.92,43544.56,1,"	9759,9763" 
2025-04-10T15:30:00Z,"SPXL",2025-04-10T17:30:00Z,Sell,108.92891723,105.985698654,5658,16652.73,56.58,47257.75,1,"	9760,9764" 
2025-04-10T16:30:00Z,"NVDA",2025-04-10T17:00:00Z,Sell,104.011118555,107.010574055,9954,-29856.58,99.54,30354.19,0,"	9761,9762" 
2025-04-11T14:00:00Z,"AMD",2025-04-11T14:30:00Z,Buy,93.41,91.22,8613,-18862.47,86.13,23513.49,0,"	9765,9767" 
2025-04-11T14:30:00Z,"TSLA",2025-04-11T15:00:00Z,Sell,244.81,246.27,3393,-4953.78,33.93,14691.69,0,"	9766,9768" 
2025-04-17T14:00:00Z,"NVDA",2025-04-17T17:00:00Z,Sell,102.891321835,101.54156686,19168,25872.1,191.68,29705.01,1,"	9769,9774" 
2025-04-17T14:30:00Z,"AMD",2025-04-17T15:30:00Z,Sell,87.04,86.87,20088,3414.96,200.88,23703.84,1,"	9770,9772" 
2025-04-17T15:00:00Z,"TQQQ",2025-04-17T15:30:00Z,Sell,22.20678466,22.341069808,61912,-8313.86,619.12,28636.64,0,"	9771,9773" 
2025-04-21T14:00:00Z,"TSLA",2025-04-21T15:30:00Z,Sell,225.75,224.76,8770,8682.3,87.7,24117.5,1,"	9775,9781" 
2025-04-21T14:00:00Z,"NVDA",2025-04-21T19:59:00Z,Sell,96.82242354,97.052381795,19835,-4561.22,198.35,39365.33,0,"	9776,9782" 
2025-04-21T14:00:00Z,"TQQQ",2025-04-21T19:59:00Z,Sell,21.077794712,20.893774324,66736,12280.78,667.36,57752.88,1,"	9777,9783" 
2025-04-21T14:00:00Z,"SPXL",2025-04-21T19:59:00Z,Sell,104.404713,102.66463445,16061,27947.4,160.61,62202.93,1,"	9778,9784" 
2025-04-21T14:30:00Z,"AMD",2025-04-21T15:00:00Z,Sell,84.76,85.43,19475,-13048.25,194.75,18890.75,0,"	9779,9780" 
2025-04-22T14:00:00Z,"TSLA",2025-04-22T17:30:00Z,Buy,236.86,235.83,8411,-8663.33,84.11,57447.13,0,"	9785,9788" 
2025-04-22T14:30:00Z,"TQQQ",2025-04-22T17:30:00Z,Buy,22.062552464,21.98297608,67145,-5343.16,671.45,56437.09,0,"	9786,9789" 
2025-04-22T14:30:00Z,"SPXL",2025-04-22T17:30:00Z,Buy,107.58657092,107.248498516,15493,-5237.76,154.93,59926.09,0,"	9787,9790" 
2025-04-23T14:00:00Z,"TQQQ",2025-04-23T15:00:00Z,Buy,24.912381716,24.897461144,53670,-800.79,536.7,22422.04,0,"	9791,9793" 
2025-04-23T14:00:00Z,"SPXL",2025-04-23T15:00:00Z,Buy,120.304059294,119.588141262,12465,-8923.92,124.65,25408.38,0,"	9792,9794" 
2025-04-24T14:00:00Z,"NVDA",2025-04-24T15:00:00Z,Buy,104.930951575,104.830969725,18871,-1886.76,188.71,13018.63,0,"	9795,9800" 
2025-04-24T14:00:00Z,"TQQQ",2025-04-24T19:59:00Z,Buy,24.91735524,25.951848232,56017,57949.19,560.17,21591.65,1,"	9796,9803" 
2025-04-24T14:00:00Z,"SPXL",2025-04-24T19:59:00Z,Buy,117.768516264,122.471700002,13787,64842.79,137.87,20563.25,1,"	9797,9804" 
2025-04-24T14:30:00Z,"TSLA",2025-04-24T15:30:00Z,Buy,256.36,254.8,7802,-12171.12,78.02,26838.88,0,"	9798,9801" 
2025-04-24T14:30:00Z,"AMD",2025-04-24T19:59:00Z,Buy,93.03,94.45,21498,30527.16,214.98,28162.38,1,"	9799,9802" 
2025-04-25T14:30:00Z,"TSLA",2025-04-25T19:59:00Z,Buy,270.66,284.78,7410,104629.2,74.1,39273,1,"	9805,9810" 
2025-04-25T16:00:00Z,"NVDA",2025-04-25T19:59:00Z,Buy,109.010211055,110.7798898,18961,33554.88,189.61,36114.15,1,"	9806,9812" 
2025-04-25T17:30:00Z,"TQQQ",2025-04-25T18:00:00Z,Buy,26.871950172,26.379571296,52245,-25724.33,522.45,33519.59,0,"	9808,9809" 
2025-04-25T17:30:00Z,"AMD",2025-04-25T19:59:00Z,Buy,97.07,96.64,21674,-9319.82,216.74,31427.3,0,"	9807,9811" 
2025-04-28T14:00:00Z,"NVDA",2025-04-28T14:30:00Z,Sell,108.410319955,108.510301805,19146,-1914.25,191.46,16271.15,0,"	9813,9814" 
2025-04-28T15:30:00Z,"TSLA",2025-04-28T16:00:00Z,Sell,274.01,276.57,5931,-15183.36,59.31,20165.4,0,"	9815,9818" 
2025-04-28T15:30:00Z,"AMD",2025-04-28T16:00:00Z,Sell,94.31,94.82,22000,-11220,220,18040,0,"	9816,9819" 
2025-04-28T15:30:00Z,"TQQQ",2025-04-28T16:00:00Z,Sell,25.922007088,26.046345188,55040,-6843.57,550.4,14782.11,0,"	9817,9820" 
2025-04-29T18:00:00Z,"SPXL",2025-04-29T18:30:00Z,Buy,127.662105734,127.711822264,15524,771.8,155.24,12348.79,1,"	9821,9822" 
2025-04-30T14:00:00Z,"TSLA",2025-04-30T14:30:00Z,Sell,271.29,277.1,6053,-35167.93,60.53,37044.36,0,"	9823,9826" 
2025-04-30T14:00:00Z,"TQQQ",2025-04-30T14:30:00Z,Sell,25.086455056,25.882218896,68004,-54115.12,680.04,54115.12,0,"	9824,9827" 
2025-04-30T14:00:00Z,"SPXL",2025-04-30T14:30:00Z,Sell,118.67335711,121.845271724,17338,-54994.66,173.38,54994.66,0,"	9825,9828" 
2025-05-01T15:00:00Z,"TSLA",2025-05-01T15:30:00Z,Buy,289.18,287.22,4061,-7959.56,40.61,14822.65,0,"	9829,9831" 
2025-05-01T15:00:00Z,"SPXL",2025-05-01T15:30:00Z,Buy,133.568429498,133.449109826,15013,-1791.35,150.13,7449.01,0,"	9830,9832" 
2025-05-02T14:30:00Z,"AMD",2025-05-02T15:00:00Z,Buy,99.15,98.82,20169,-6655.77,201.69,7865.91,0,"	9833,9836" 
2025-05-02T14:30:00Z,"TQQQ",2025-05-02T15:00:00Z,Buy,29.537759036,29.473103224,67697,-4377,676.97,13467.71,0,"	9834,9837" 
2025-05-02T14:30:00Z,"SPXL",2025-05-02T15:00:00Z,Buy,135.567034004,135.149415152,14761,-6164.47,147.61,14090.22,0,"	9835,9838" 
2025-05-02T18:00:00Z,"TSLA",2025-05-02T19:00:00Z,Buy,293.82,290.98,2333,-6625.72,23.33,9075.37,0,"	9839,9840" 
2025-05-05T14:00:00Z,"AMD",2025-05-05T16:00:00Z,Buy,100.82,100.52,19740,-5922,197.4,21319.2,0,"	9842,9843" 
2025-05-05T14:00:00Z,"TSLA",2025-05-05T17:00:00Z,Sell,279.46,279.93,5471,-2571.37,54.71,29379.27,0,"	9841,9844" 
2025-05-07T14:30:00Z,"TQQQ",2025-05-07T15:00:00Z,Buy,28.64749824,28.090463552,46198,-25733.89,461.98,26652.96,0,"	9845,9847" 
2025-05-07T14:30:00Z,"SPXL",2025-05-07T15:00:00Z,Buy,132.186309964,130.466118026,11561,-19887.14,115.61,22646.05,0,"	9846,9848" 
2025-05-08T14:00:00Z,"AMD",2025-05-08T14:30:00Z,Buy,104.45,103.62,18846,-15642.18,188.46,22049.82,0,"	9849,9850" 
2025-05-08T15:00:00Z,"NVDA",2025-05-08T15:30:00Z,Sell,116.11892059,117.248715495,16892,-19084.5,168.92,24488.95,0,"	9851,9853" 
2025-05-08T15:30:00Z,"TSLA",2025-05-08T19:59:00Z,Buy,286.73,285.34,6815,-9472.85,68.15,29577.1,0,"	9852,9857" 
2025-05-08T16:00:00Z,"TQQQ",2025-05-08T18:30:00Z,Buy,29.91574686,29.895852764,43895,-873.25,438.95,17901.65,0,"	9854,9856" 
2025-05-08T16:00:00Z,"SPXL",2025-05-08T19:59:00Z,Buy,136.77017403,134.294290836,10988,-27205,109.88,42719.51,0,"	9855,9858" 
2025-05-09T14:00:00Z,"TSLA",2025-05-09T15:30:00Z,Buy,303.24,298.65,5797,-26608.23,57.97,47912.2,0,"	9859,9861" 
2025-05-09T14:30:00Z,"NVDA",2025-05-09T15:30:00Z,Sell,116.108922405,116.368875215,16676,-4334.97,166.76,22341.78,0,"	9860,9862" 
2025-05-13T14:00:00Z,"NVDA",2025-05-13T19:59:00Z,Buy,127.706817005,129.99640137,15084,34536.09,150.84,21113.77,1,"	9863,9870" 
2025-05-13T14:00:00Z,"TQQQ",2025-05-13T19:59:00Z,Buy,33.72049272,34.486415416,34197,26192.26,341.97,10629.98,1,"	9864,9871" 
2025-05-13T14:00:00Z,"SPXL",2025-05-13T19:59:00Z,Buy,148.731971148,150.253296966,9420,14330.89,94.2,13019.57,1,"	9865,9872" 
2025-05-13T15:00:00Z,"AMD",2025-05-13T19:59:00Z,Buy,111.48,112.5,17552,17903.04,175.52,21062.4,1,"	9866,9869" 
2025-05-13T17:00:00Z,"TSLA",2025-05-13T19:59:00Z,Buy,326.05,334.49,6047,51036.68,60.47,27876.67,1,"	9867,9868" 
2025-05-14T18:00:00Z,"NVDA",2025-05-14T18:30:00Z,Buy,134.9754975,134.525579175,14357,-6459.48,143.57,7177.2,0,"	9873,9874" 
2025-05-15T15:00:00Z,"AMD",2025-05-15T15:30:00Z,Sell,115.13,115.9,17203,-13246.31,172.03,19783.45,0,"	9875,9876" 
2025-05-15T17:30:00Z,"TQQQ",2025-05-15T18:00:00Z,Buy,35.61043184,35.38662326,28291,-6331.77,282.91,6331.77,0,"	9877,9879" 
2025-05-15T17:30:00Z,"SPXL",2025-05-15T18:30:00Z,Buy,152.749066772,151.804452702,7611,-7189.46,76.11,10980.95,0,"	9878,9880" 
2025-05-16T19:00:00Z,"SPXL",2025-05-16T19:59:00Z,Buy,154.81727442,155.393986168,10924,6300,109.24,8363.79,1,"	9881,9882" 
2025-05-20T14:00:00Z,"AMD",2025-05-20T15:00:00Z,Sell,112.86,113.5,9565,-6121.6,95.65,8991.1,0,"	9883,9884" 
2025-05-21T14:00:00Z,"AMD",2025-05-21T14:30:00Z,Buy,114.99,114.19,9484,-7587.2,94.84,9484,0,"	9885,9886" 
2025-05-21T15:30:00Z,"NVDA",2025-05-21T17:30:00Z,Buy,135.85533778,133.185822385,12013,-32068.89,120.13,50085.12,0,"	9887,9889" 
2025-05-21T17:30:00Z,"SPXL",2025-05-21T18:00:00Z,Sell,147.697867324,148.90100735,13215,-15899.5,132.15,36016.96,0,"	9890,9891" 
2025-05-21T17:30:00Z,"TSLA",2025-05-21T19:59:00Z,Sell,335.94,334.82,3760,4211.2,37.6,16262,1,"	9888,9893" 
2025-05-21T19:30:00Z,"TQQQ",2025-05-21T19:59:00Z,Sell,33.526525284,33.899539584,58196,-21707.94,581.96,34761.65,0,"	9892,9894" 
2025-05-22T14:00:00Z,"NVDA",2025-05-22T14:30:00Z,Buy,133.465771565,133.005855055,14539,-6686.73,145.39,15553.91,0,"	9896,9899" 
2025-05-22T14:00:00Z,"TQQQ",2025-05-22T14:30:00Z,Buy,34.461547796,34.1929775,44312,-11900.89,443.12,23030.42,0,"	9897,9900" 
2025-05-22T14:00:00Z,"SPXL",2025-05-22T14:30:00Z,Buy,147.369738226,146.226258036,7923,-9059.79,79.23,14338.11,0,"	9898,9901" 
2025-05-22T14:00:00Z,"TSLA",2025-05-22T19:59:00Z,Buy,339.4,341.55,4741,10193.15,47.41,26881.47,1,"	9895,9902" 
2025-05-27T14:00:00Z,"AMD",2025-05-27T19:30:00Z,Buy,113.94,114.38,16971,7467.24,169.71,17055.86,1,"	9904,9911" 
2025-05-27T14:00:00Z,"TSLA",2025-05-27T19:59:00Z,Buy,353.33,361.88,3519,30087.45,35.19,19319.31,1,"	9903,9912" 
2025-05-27T14:30:00Z,"TQQQ",2025-05-27T15:00:00Z,Buy,34.834562096,34.759959236,33875,-2527.17,338.75,5054.34,0,"	9905,9907" 
2025-05-27T14:30:00Z,"SPXL",2025-05-27T19:00:00Z,Buy,149.766074972,151.58569997,7568,13770.92,75.68,4891.31,1,"	9906,9910" 
2025-05-27T17:30:00Z,"NVDA",2025-05-27T18:30:00Z,Buy,135.585386785,135.225452125,14429,-5193.5,144.29,7429.59,0,"	9908,9909" 
2025-05-28T15:00:00Z,"SPXL",2025-05-28T15:30:00Z,Sell,150.74051896,150.830008714,9296,-831.9,92.96,5638.41,0,"	9913,9914" 
2025-05-30T14:00:00Z,"AMD",2025-05-30T14:30:00Z,Sell,110.54,111.41,17635,-15342.45,176.35,15959.68,0,"	9915,9919" 
2025-05-30T14:00:00Z,"NVDA",2025-05-30T14:30:00Z,Sell,136.125288775,137.33506916,14321,-17325.26,143.21,17969.59,0,"	9916,9920" 
2025-05-30T14:00:00Z,"TQQQ",2025-05-30T14:30:00Z,Sell,34.26758036,34.88927086,41785,-25977.34,417.85,25977.34,0,"	9917,9921" 
2025-05-30T14:00:00Z,"SPXL",2025-05-30T14:30:00Z,Sell,148.70214123,150.760405572,10778,-22183.97,107.78,22612.65,0,"	9918,9922" 
2025-05-30T17:00:00Z,"TSLA",2025-05-30T17:30:00Z,Sell,346.47,348.42,4548,-8868.6,45.48,15463.2,0,"	9923,9924" 
2025-06-02T14:00:00Z,"AMD",2025-06-02T15:30:00Z,Buy,113.06,112.68,16925,-6431.5,169.25,20140.75,0,"	9926,9929" 
2025-06-02T14:00:00Z,"TSLA",2025-06-02T17:00:00Z,Sell,337.28,337.99,4480,-3180.8,44.8,22713.6,0,"	9925,9930" 
2025-06-02T14:30:00Z,"NVDA",2025-06-02T15:00:00Z,Buy,136.645194395,136.3752434,14002,-3779.85,140.02,14699.43,0,"	9927,9928" 
2025-06-02T19:30:00Z,"TQQQ",2025-06-02T19:59:00Z,Buy,35.615405364,35.575617172,43864,-1745.27,438.64,6108.44,0,"	9931,9932" 
2025-06-03T14:00:00Z,"NVDA",2025-06-03T18:00:00Z,Buy,140.304530105,141.07439035,13594,10465.48,135.94,12096.46,1,"	9933,9941" 
2025-06-03T14:30:00Z,"AMD",2025-06-03T18:30:00Z,Buy,116.09,116.59,16477,8238.5,164.77,24550.73,1,"	9934,9942" 
2025-06-03T15:00:00Z,"TQQQ",2025-06-03T16:00:00Z,Buy,36.25698996,36.371381012,49366,5647.03,493.66,5155.98,1,"	9935,9937" 
2025-06-03T15:30:00Z,"SPXL",2025-06-03T16:00:00Z,Buy,154.827217726,155.304496414,12404,5920.16,124.04,2898.41,1,"	9936,9938" 
2025-06-03T16:30:00Z,"TSLA",2025-06-03T18:00:00Z,Buy,352.56,350.98,4230,-6683.4,42.3,18146.7,0,"	9939,9940" 
2025-06-04T14:00:00Z,"TSLA",2025-06-04T16:00:00Z,Sell,336.13,334.19,5698,11054.12,56.98,38347.54,1,"	9943,9944" 
2025-06-05T14:00:00Z,"TSLA",2025-06-05T14:30:00Z,Sell,314.01,317.59,4998,-17892.84,49.98,23940.42,0,"	9945,9948" 
2025-06-05T14:00:00Z,"AMD",2025-06-05T14:30:00Z,Sell,116.62,117.39,12372,-9526.44,123.72,9650.16,0,"	9946,9949" 
2025-06-05T14:00:00Z,"SPXL",2025-06-05T14:30:00Z,Sell,154.121243,155.632625512,12460,-18831.83,124.6,18831.83,0,"	9947,9950" 
2025-06-05T15:30:00Z,"TQQQ",2025-06-05T16:00:00Z,Buy,37.57497382,37.570000296,50627,-251.79,506.27,5035.89,0,"	9951,9952" 
2025-06-06T14:00:00Z,"SPXL",2025-06-06T14:30:00Z,Buy,158.69516376,157.760492996,11989,-11205.77,119.89,12517.08,0,"	9953,9954" 
2025-06-09T14:30:00Z,"AMD",2025-06-09T15:00:00Z,Buy,121.71,120.7,15130,-15281.3,151.3,24813.2,0,"	9955,9957" 
2025-06-09T14:30:00Z,"TQQQ",2025-06-09T15:00:00Z,Buy,37.236774188,37.182065424,50953,-2787.58,509.53,11150.3,0,"	9956,9958" 
2025-06-10T14:30:00Z,"AMD",2025-06-10T15:00:00Z,Buy,123.34,122.19,12856,-14784.4,128.56,14784.4,0,"	9959,9961" 
2025-06-10T14:30:00Z,"SPXL",2025-06-10T15:30:00Z,Buy,159.331535344,159.271875508,11865,-707.86,118.65,5014.04,0,"	9960,9962" 
2025-06-10T16:30:00Z,"TQQQ",2025-06-10T17:00:00Z,Buy,37.520265056,37.520265056,50202,0,502.02,3495.53,0,"	9963,9964" 
2025-06-10T19:00:00Z,"NVDA",2025-06-10T19:30:00Z,Buy,143.89387852,143.963865815,13089,916.06,130.89,4972.92,1,"	9965,9966" 
2025-06-11T15:00:00Z,"TQQQ",2025-06-11T15:30:00Z,Buy,38.286187752,38.092220316,48408,-9389.58,484.08,16010.43,0,"	9967,9968" 
2025-06-11T16:00:00Z,"AMD",2025-06-11T17:00:00Z,Sell,121.81,121.5,11596,3594.76,115.96,8001.24,1,"	9969,9970" 
2025-06-11T18:00:00Z,"NVDA",2025-06-11T19:59:00Z,Sell,143.023965216,142.713999967,13152,4076.66,131.52,12953.27,1,"	9971,9973" 
2025-06-11T18:30:00Z,"SPXL",2025-06-11T19:59:00Z,Sell,158.834370044,159.271875508,11860,-5188.81,118.6,16097.12,0,"	9972,9974" 
2025-06-12T14:30:00Z,"TQQQ",2025-06-12T16:00:00Z,Buy,37.57497382,37.579947344,49705,247.21,497.05,19035.09,1,"	9976,9978" 
2025-06-12T14:30:00Z,"SPXL",2025-06-12T17:00:00Z,Buy,160.256262802,160.176716354,11734,-933.4,117.34,16334.47,0,"	9977,9979" 
2025-06-12T14:30:00Z,"NVDA",2025-06-12T19:59:00Z,Buy,144.053849753,144.873757831,13055,10703.9,130.55,12009.25,1,"	9975,9982" 
2025-06-12T18:30:00Z,"AMD",2025-06-12T19:00:00Z,Sell,118.34,118.6,11752,-3055.52,117.52,14925.04,0,"	9980,9981" 
2025-06-13T14:30:00Z,"NVDA",2025-06-13T15:00:00Z,Sell,141.174172601,142.304045928,13337,-15069.12,133.37,16135.96,0,"	9983,9986" 
2025-06-13T14:30:00Z,"TQQQ",2025-06-13T15:00:00Z,Sell,36.077943096,36.674765976,52181,-31142.81,521.81,35788.28,0,"	9984,9987" 
2025-06-13T14:30:00Z,"SPXL",2025-06-13T15:00:00Z,Sell,155.473532616,157.432363898,12098,-23697.94,120.98,24540,0,"	9985,9988" 
2025-06-13T16:30:00Z,"TSLA",2025-06-13T19:00:00Z,Buy,324.58,325.8,2736,3337.92,27.36,24405.12,1,"	9989,9990" 
2025-06-16T14:00:00Z,"SPXL",2025-06-16T17:00:00Z,Buy,160.425299004,160.117056518,11573,-3567.29,115.73,16570.64,0,"	9994,9995" 
2025-06-16T14:00:00Z,"NVDA",2025-06-16T19:00:00Z,Buy,144.723774646,144.9837455,12825,3334.13,128.25,14554.74,1,"	9992,9996" 
2025-06-16T14:00:00Z,"AMD",2025-06-16T19:59:00Z,Buy,122.6,126.28,11053,40675.04,110.53,19784.87,1,"	9991,9997" 
2025-06-16T14:00:00Z,"TQQQ",2025-06-16T19:59:00Z,Buy,37.589894392,37.5501062,49378,-1964.66,493.78,18443.26,0,"	9993,9998" 
2025-06-17T14:30:00Z,"TSLA",2025-06-17T19:59:00Z,Sell,322.9,316.69,5269,32720.49,52.69,19284.54,1,"	9999,10004" 
2025-06-17T18:00:00Z,"SPXL",2025-06-17T19:00:00Z,Sell,156.30877032,156.438033298,12040,-1556.33,120.4,9936.54,0,"	10000,10003" 
2025-06-17T18:30:00Z,"TQQQ",2025-06-17T19:00:00Z,Sell,36.470851492,36.689686548,45828,-10028.77,458.28,11852.19,0,"	10001,10002" 
2025-06-18T14:00:00Z,"TSLA",2025-06-18T17:00:00Z,Buy,323.89,322.52,5802,-7948.74,58.02,35624.28,0,"	10005,10012" 
2025-06-18T14:30:00Z,"NVDA",2025-06-18T15:30:00Z,Buy,145.213719717,144.953748863,12934,-3362.46,129.34,9634.75,0,"	10006,10009" 
2025-06-18T14:30:00Z,"TQQQ",2025-06-18T15:30:00Z,Buy,37.162171328,37.042806752,41683,-4975.47,416.83,9329.01,0,"	10007,10010" 
2025-06-18T14:30:00Z,"SPXL",2025-06-18T16:00:00Z,Buy,158.426694498,157.541740264,11848,-10484.94,118.48,13901.38,0,"	10008,10011" 
2025-06-20T14:00:00Z,"AMD",2025-06-20T14:30:00Z,Buy,132.14,130.11,8159,-16562.77,81.59,25374.49,0,"	10013,10014" 
2025-06-20T15:00:00Z,"TQQQ",2025-06-20T15:30:00Z,Sell,35.923763852,36.127678336,43171,-8803.19,431.71,19538.79,0,"	10016,10017" 
2025-06-20T15:00:00Z,"NVDA",2025-06-20T16:30:00Z,Sell,143.123954006,143.943862084,13006,-10663.72,130.06,20742.24,0,"	10015,10018" 
2025-06-20T17:30:00Z,"SPXL",2025-06-20T18:00:00Z,Sell,153.97209341,154.399655568,12037,-5146.57,120.37,10532.51,0,"	10019,10020" 
2025-06-23T14:00:00Z,"TQQQ",2025-06-23T15:00:00Z,Buy,36.450957396,36.585242544,40855,5486.22,408.55,11378.83,1,"	10022,10024" 
2025-06-23T14:00:00Z,"SPXL",2025-06-23T15:00:00Z,Buy,156.35848685,156.169564036,11854,-2239.49,118.54,16737.25,0,"	10023,10025" 
2025-06-23T14:00:00Z,"TSLA",2025-06-23T19:59:00Z,Buy,343.1,348.52,5397,29251.74,53.97,67327.58,1,"	10021,10026" 
2025-06-24T14:00:00Z,"AMD",2025-06-24T14:30:00Z,Buy,136.29,136.07,8867,-1950.74,88.67,17955.68,0,"	10027,10029" 
2025-06-24T14:00:00Z,"NVDA",2025-06-24T16:00:00Z,Buy,147.133504485,146.643559414,12671,-6208.09,126.71,12732.93,0,"	10028,10030" 
2025-06-24T16:30:00Z,"TQQQ",2025-06-24T17:30:00Z,Buy,38.783540152,38.753699008,38639,-1153.03,386.39,6822.11,0,"	10031,10033" 
2025-06-24T16:30:00Z,"SPXL",2025-06-24T17:30:00Z,Buy,164.085584922,163.945878166,10889,-1521.27,108.89,7280.35,0,"	10032,10034" 
2025-06-25T14:00:00Z,"TSLA",2025-06-25T19:30:00Z,Sell,331.95,327.55,3004,13217.6,30.04,22139.48,1,"	10035,10038" 
2025-06-25T14:00:00Z,"NVDA",2025-06-25T19:59:00Z,Buy,151.353031423,154.162716422,12284,34514.17,122.84,18608.17,1,"	10036,10040" 
2025-06-25T15:00:00Z,"AMD",2025-06-25T19:59:00Z,Buy,142.68,143.47,11742,9276.18,117.42,15734.28,1,"	10037,10039" 
2025-06-26T16:30:00Z,"SPXL",2025-06-26T17:00:00Z,Buy,167.54831666,167.468484228,11237,-897.08,112.37,3375.25,0,"	10041,10042" 
2025-06-27T14:00:00Z,"TQQQ",2025-06-27T15:00:00Z,Buy,40.72265989,40.687747628,46213,-1613.4,462.13,14520.6,0,"	10043,10045" 
2025-06-27T14:00:00Z,"SPXL",2025-06-27T17:30:00Z,Buy,170.312514618,171.100859884,11052,8712.79,110.52,9705.39,1,"	10044,10048" 
2025-06-27T15:30:00Z,"NVDA",2025-06-27T17:00:00Z,Buy,157.902297168,157.332361065,11935,-6802.19,119.35,19690.54,0,"	10046,10047" 
2025-06-30T14:00:00Z,"NVDA",2025-06-30T14:30:00Z,Sell,156.602442898,157.092387969,12016,-5887.18,120.16,6668.13,0,"	10049,10050" 
2025-07-01T14:30:00Z,"NVDA",2025-07-01T17:00:00Z,Sell,154.612665977,154.352695123,11294,2936.11,112.94,33652.35,1,"	10051,10055" 
2025-07-01T15:00:00Z,"AMD",2025-07-01T16:30:00Z,Sell,136.03,137.03,6614,-6614,66.14,13029.58,0,"	10052,10054" 
2025-07-01T15:00:00Z,"TQQQ",2025-07-01T17:30:00Z,Sell,40.308700212,40.518173784,46788,-9800.85,467.88,35003.03,0,"	10053,10056" 
2025-07-02T14:30:00Z,"NVDA",2025-07-02T19:59:00Z,Buy,156.072502311,157.28236667,8472,10249.97,84.72,11520.63,1,"	10057,10063" 
2025-07-02T14:30:00Z,"TQQQ",2025-07-02T19:59:00Z,Buy,40.862308938,41.156569432,42569,12526.37,425.69,9129.39,1,"	10058,10064" 
2025-07-02T15:00:00Z,"SPXL",2025-07-02T15:30:00Z,Buy,173.755288248,173.745309194,10819,-107.96,108.19,3724.74,0,"	10060,10061" 
2025-07-02T15:00:00Z,"AMD",2025-07-02T19:59:00Z,Buy,138.39,138.38,9146,-91.46,91.46,16462.8,0,"	10059,10062" 
2025-07-03T14:00:00Z,"TQQQ",2025-07-03T16:59:00Z,Buy,42.004438652,42.363536204,38887,13964.23,388.87,11830.8,1,"	10065,10069" 
2025-07-03T14:00:00Z,"SPXL",2025-07-03T16:59:00Z,Buy,178.27579971,179.353537542,10565,11386.3,105.65,9172.3,1,"	10066,10070" 
2025-07-03T14:30:00Z,"NVDA",2025-07-03T15:00:00Z,Buy,160.621992256,159.702095388,10044,-9239.44,100.44,12854.88,0,"	10067,10068" 
2025-07-07T14:30:00Z,"AMD",2025-07-07T16:30:00Z,Sell,134.63,135.38,11627,-8720.25,116.27,24823.64,0,"	10071,10072" 
2025-07-07T16:30:00Z,"SPXL",2025-07-07T19:59:00Z,Sell,174.902879458,175.042586214,10788,-1507.16,107.88,25729.31,0,"	10073,10076" 
2025-07-07T18:30:00Z,"TQQQ",2025-07-07T19:00:00Z,Sell,40.82240921,41.316168344,39461,-19484.23,394.61,19484.23,0,"	10074,10075" 
2025-07-08T15:00:00Z,"TSLA",2025-07-08T19:30:00Z,Buy,302.28,296.94,3179,-16975.86,31.79,20822.45,0,"	10077,10078" 
2025-07-09T14:00:00Z,"AMD",2025-07-09T14:30:00Z,Buy,139.71,139.66,12241,-612.05,122.41,9915.21,0,"	10079,10083" 
2025-07-09T14:00:00Z,"NVDA",2025-07-09T14:30:00Z,Buy,164.131598785,163.041720974,11392,-12415.89,113.92,12415.89,0,"	10080,10084" 
2025-07-09T14:00:00Z,"TQQQ",2025-07-09T14:30:00Z,Buy,42.453310592,42.24383702,44038,-9224.8,440.38,13727.38,0,"	10081,10085" 
2025-07-09T14:00:00Z,"SPXL",2025-07-09T14:30:00Z,Buy,177.97642809,177.208040932,10505,-8071.91,105.05,9854.02,0,"	10082,10086" 
2025-07-09T15:00:00Z,"TSLA",2025-07-09T15:30:00Z,Sell,294.09,295.98,3183,-6015.87,31.83,6015.87,0,"	10087,10088" 
2025-07-10T14:00:00Z,"TQQQ",2025-07-10T15:30:00Z,Sell,41.784990148,41.99446372,41053,-8599.52,410.53,18837.04,0,"	10089,10094" 
2025-07-10T14:30:00Z,"AMD",2025-07-10T15:00:00Z,Buy,144.39,144.44,12860,643,128.6,18904.2,1,"	10090,10092" 
2025-07-10T15:00:00Z,"TSLA",2025-07-10T15:30:00Z,Buy,305.07,304.66,2683,-1100.03,26.83,4104.99,0,"	10091,10093" 
2025-07-10T17:30:00Z,"SPXL",2025-07-10T19:59:00Z,Buy,179.513202406,179.27370511,10310,-2469.22,103.1,13066.27,0,"	10095,10096" 
2025-07-11T14:00:00Z,"NVDA",2025-07-11T16:00:00Z,Buy,166.141373464,166.291356649,11136,1670.21,111.36,18539.36,1,"	10097,10099" 
2025-07-11T16:00:00Z,"AMD",2025-07-11T19:59:00Z,Buy,145.29,146.42,9365,10582.45,93.65,11799.9,1,"	10098,10100" 
2025-07-14T14:00:00Z,"AMD",2025-07-14T14:30:00Z,Sell,143.03,144.07,9044,-9405.76,90.44,14289.52,0,"	10101,10103" 
2025-07-14T14:00:00Z,"NVDA",2025-07-14T14:30:00Z,Sell,163.111713127,163.711645867,11371,-6821.84,113.71,10971.78,0,"	10102,10104" 
2025-07-14T15:30:00Z,"TQQQ",2025-07-14T19:59:00Z,Buy,42.074263176,42.213912224,43930,6134.78,439.3,11064.52,1,"	10105,10106" 
2025-07-15T14:30:00Z,"AMD",2025-07-15T15:00:00Z,Buy,156.75,155.57,8678,-10240.04,86.78,13798.02,0,"	10107,10108" 
2025-07-15T15:00:00Z,"SPXL",2025-07-15T15:30:00Z,Sell,177.32778958,178.405527412,10412,-11221.41,104.12,11221.41,0,"	10109,10110" 
2025-07-15T17:00:00Z,"TSLA",2025-07-15T17:30:00Z,Sell,313.5,314.08,3699,-2145.42,36.99,4808.7,0,"	10111,10112" 
2025-07-16T14:00:00Z,"TQQQ",2025-07-16T14:30:00Z,Sell,41.849827206,42.054313312,43986,-8994.53,439.86,12723.96,0,"	10114,10115" 
2025-07-16T14:00:00Z,"TSLA",2025-07-16T19:59:00Z,Buy,318.23,321.81,3892,13933.36,38.92,15840.44,1,"	10113,10117" 
2025-07-16T19:00:00Z,"AMD",2025-07-16T19:59:00Z,Buy,157.54,160.26,7199,19581.28,71.99,2087.71,1,"	10116,10118" 
2025-07-17T14:00:00Z,"SPXL",2025-07-17T14:30:00Z,Buy,178.864563896,178.535255114,10343,-3406.04,103.43,11353.47,0,"	10119,10120" 
2025-07-17T15:00:00Z,"TQQQ",2025-07-17T19:59:00Z,Buy,43.086718774,43.450803792,42921,15626.89,429.21,8134.55,1,"	10121,10124" 
2025-07-17T16:00:00Z,"NVDA",2025-07-17T19:59:00Z,Buy,173.360564102,173.170585401,8350,-1586.32,83.5,8307.32,0,"	10122,10123" 
2025-07-18T14:00:00Z,"TSLA",2025-07-18T17:00:00Z,Buy,328.77,325.33,4475,-15394,44.75,22598.75,0,"	10125,10130" 
2025-07-18T14:30:00Z,"TQQQ",2025-07-18T15:00:00Z,Sell,43.096693706,43.171505696,42956,-3213.62,429.56,8355.42,0,"	10127,10128" 
2025-07-18T14:30:00Z,"AMD",2025-07-18T16:00:00Z,Sell,157.11,158.8,7313,-12358.97,73.13,16966.16,0,"	10126,10129" 
2025-07-18T19:00:00Z,"NVDA",2025-07-18T19:30:00Z,Sell,171.960721042,172.060709832,10084,-1008.29,100.84,3125.69,0,"	10131,10132" 
2025-07-21T14:00:00Z,"SPXL",2025-07-21T16:30:00Z,Buy,182.806290226,182.936017928,10084,1308.17,100.84,7245.27,1,"	10134,10137" 
2025-07-21T14:00:00Z,"TQQQ",2025-07-21T19:30:00Z,Buy,44.109149304,44.069249576,41751,-1665.85,417.51,14159.76,0,"	10133,10138" 
2025-07-21T15:00:00Z,"AMD",2025-07-21T15:30:00Z,Buy,159.66,158.83,5678,-4712.74,56.78,4712.74,0,"	10135,10136" 
2025-07-22T14:00:00Z,"TSLA",2025-07-22T14:30:00Z,Sell,323.88,327.71,3828,-14661.24,38.28,14661.24,0,"	10139,10144" 
2025-07-22T14:00:00Z,"AMD",2025-07-22T15:00:00Z,Sell,150.04,153.01,6185,-18369.45,61.85,19297.2,0,"	10140,10145" 
2025-07-22T14:00:00Z,"NVDA",2025-07-22T15:00:00Z,Sell,165.601433998,167.741194104,9861,-21100.17,98.61,22184.76,0,"	10141,10146" 
2025-07-22T14:00:00Z,"TQQQ",2025-07-22T15:00:00Z,Sell,42.802433212,43.271255016,42970,-20145.27,429.7,26145.99,0,"	10142,10147" 
2025-07-22T14:00:00Z,"SPXL",2025-07-22T15:00:00Z,Sell,179.513202406,180.491149698,10256,-10029.83,102.56,14635.36,0,"	10143,10148" 
2025-07-23T16:00:00Z,"AMD",2025-07-23T16:30:00Z,Buy,158.66,157.77,8028,-7144.92,80.28,8349.12,0,"	10149,10150" 
2025-07-23T18:30:00Z,"SPXL",2025-07-23T19:59:00Z,Buy,184.991703052,185.181305078,9734,1845.59,97.34,3594.04,1,"	10151,10152" 
2025-07-24T14:00:00Z,"AMD",2025-07-24T14:30:00Z,Buy,161.24,159.7,9621,-14816.34,96.21,18279.9,0,"	10153,10155" 
2025-07-24T14:30:00Z,"TSLA",2025-07-24T17:30:00Z,Sell,303.74,304.3,5854,-3278.24,58.54,23386.73,0,"	10154,10156" 
2025-07-25T14:30:00Z,"AMD",2025-07-25T15:00:00Z,Buy,166.54,165.45,8862,-9659.58,88.62,15508.5,0,"	10158,10159" 
2025-07-25T14:30:00Z,"TSLA",2025-07-25T19:00:00Z,Buy,313.7,315.1,2274,3183.6,22.74,19499.55,1,"	10157,10161" 
2025-07-25T16:30:00Z,"SPXL",2025-07-25T19:59:00Z,Buy,187.835733442,187.95548209,9588,1148.15,95.88,6601.86,1,"	10160,10162" 
2025-07-28T14:00:00Z,"AMD",2025-07-28T15:30:00Z,Buy,173.74,172.59,9147,-10519.05,91.47,20031.93,0,"	10164,10166" 
2025-07-28T14:00:00Z,"TSLA",2025-07-28T19:59:00Z,Buy,321.96,325.89,2047,8044.71,20.47,9702.78,1,"	10163,10168" 
2025-07-28T15:00:00Z,"NVDA",2025-07-28T16:30:00Z,Buy,174.990381379,175.000380258,8689,86.88,86.89,6820.1,1,"	10165,10167" 
2025-07-29T14:00:00Z,"TSLA",2025-07-29T15:00:00Z,Sell,320.31,322.24,1989,-3838.77,19.89,7478.64,0,"	10169,10171" 
2025-07-29T14:00:00Z,"AMD",2025-07-29T15:30:00Z,Buy,180.15,176.64,7889,-27690.39,78.89,44533.4,0,"	10170,10172" 
2025-07-29T15:30:00Z,"SPXL",2025-07-29T17:00:00Z,Sell,186.418707774,187.236990202,9547,-7812.14,95.47,11241.86,0,"	10173,10174" 
2025-07-30T14:00:00Z,"NVDA",2025-07-30T19:00:00Z,Buy,177.660082072,178.110031627,8617,3877.22,86.17,14733.42,1,"	10175,10179" 
2025-07-30T16:00:00Z,"TQQQ",2025-07-30T16:30:00Z,Buy,44.996918252,45.021855582,39586,987.17,395.86,2764.07,1,"	10176,10177" 
2025-07-30T19:00:00Z,"TSLA",2025-07-30T19:59:00Z,Sell,312.61,318.67,1379,-8356.74,13.79,8894.55,0,"	10178,10181" 
2025-07-30T19:00:00Z,"SPXL",2025-07-30T19:59:00Z,Sell,184.183399678,185.66029967,8546,-12621.59,85.46,20893.84,0,"	10180,10182" 
2025-07-31T17:30:00Z,"TSLA",2025-07-31T19:59:00Z,Sell,309.86,308.72,1189,1355.46,11.89,5635.86,1,"	10183,10186" 
2025-07-31T18:00:00Z,"NVDA",2025-07-31T19:59:00Z,Sell,177.570092161,177.78006862,7484,-1571.46,74.84,15714.64,0,"	10184,10187" 
2025-07-31T18:00:00Z,"TQQQ",2025-07-31T19:59:00Z,Sell,44.198923692,43.959525324,40069,9592.45,400.69,33773.43,1,"	10185,10188" 
2025-08-01T14:00:00Z,"TSLA",2025-08-01T14:30:00Z,Sell,300.32,304.57,2792,-11866,27.92,17966.52,0,"	10189,10193" 
2025-08-01T14:00:00Z,"NVDA",2025-08-01T14:30:00Z,Sell,172.150699743,174.960384742,10130,-28462.11,101.3,33425.25,0,"	10190,10194" 
2025-08-01T14:00:00Z,"TQQQ",2025-08-01T14:30:00Z,Sell,41.341105674,41.939601594,42899,-25674.88,428.99,42577.5,0,"	10191,10195" 
2025-08-01T14:00:00Z,"SPXL",2025-08-01T14:30:00Z,Sell,173.93491122,175.78103621,10191,-18813.86,101.91,31525.93,0,"	10192,10196" 
2025-08-04T14:00:00Z,"NVDA",2025-08-04T19:59:00Z,Buy,177.070148211,179.889832089,9826,27706.21,98.26,10561.77,1,"	10197,10200" 
2025-08-04T14:00:00Z,"TQQQ",2025-08-04T19:59:00Z,Buy,43.331104608,43.6403275,33583,10384.63,335.83,11490.09,1,"	10198,10201" 
2025-08-04T14:00:00Z,"SPXL",2025-08-04T19:59:00Z,Buy,180.451233482,182.057861176,9636,15481.46,96.36,8654.23,1,"	10199,10202" 
2025-08-05T15:00:00Z,"TQQQ",2025-08-05T15:30:00Z,Sell,42.981981988,42.922132396,26904,1610.19,269.04,7514.24,1,"	10205,10207" 
2025-08-05T15:00:00Z,"AMD",2025-08-05T16:00:00Z,Sell,173.84,174.63,10129,-8001.91,101.29,9419.97,0,"	10203,10208" 
2025-08-05T15:00:00Z,"NVDA",2025-08-05T16:30:00Z,Sell,177.320120186,177.910054047,9930,-5858.04,99.3,19262.04,0,"	10204,10209" 
2025-08-05T15:00:00Z,"SPXL",2025-08-05T17:00:00Z,Sell,179.353537542,180.261631456,7856,-7133.99,78.56,13954.39,0,"	10206,10210" 
2025-08-06T14:00:00Z,"TSLA",2025-08-06T19:59:00Z,Buy,313.54,319.74,5592,34670.4,55.92,17167.44,1,"	10211,10217" 
2025-08-06T14:30:00Z,"AMD",2025-08-06T16:00:00Z,Sell,160.49,162.8,10939,-25269.09,109.39,55351.34,0,"	10212,10214" 
2025-08-06T15:30:00Z,"TQQQ",2025-08-06T19:59:00Z,Buy,43.76501415,44.303660478,25927,13965.48,259.27,5301.71,1,"	10213,10218" 
2025-08-06T16:00:00Z,"SPXL",2025-08-06T17:30:00Z,Buy,183.405033466,183.055766576,7574,-2645.35,75.74,6575.58,0,"	10215,10216" 
2025-08-07T14:00:00Z,"NVDA",2025-08-07T14:30:00Z,Buy,183.37944086,182.459543992,9603,-8833.77,96.03,15747.15,0,"	10220,10221" 
2025-08-07T14:00:00Z,"AMD",2025-08-07T17:00:00Z,Buy,171.85,171.05,9697,-7757.6,96.97,46933.48,0,"	10219,10222" 
2025-08-08T14:00:00Z,"TQQQ",2025-08-08T15:00:00Z,Buy,45.570476842,45.620351502,25735,1283.52,257.35,7444.44,1,"	10224,10226" 
2025-08-08T14:00:00Z,"TSLA",2025-08-08T16:00:00Z,Buy,332.93,330.88,5269,-10801.45,52.69,21418.48,0,"	10223,10228" 
2025-08-08T14:30:00Z,"SPXL",2025-08-08T15:00:00Z,Buy,186.468603044,185.889817912,7998,-4629.12,79.98,8380.31,0,"	10225,10227" 
2025-08-11T14:00:00Z,"TSLA",2025-08-11T17:30:00Z,Buy,340.43,342.39,5136,10066.56,51.36,21648.24,1,"	10229,10232" 
2025-08-11T14:30:00Z,"AMD",2025-08-11T16:30:00Z,Buy,177.64,175.37,4716,-10705.32,47.16,15044.04,0,"	10230,10231" 
2025-08-12T14:00:00Z,"AMD",2025-08-12T14:30:00Z,Sell,170.03,172.33,3890,-8947,38.9,13848.4,0,"	10233,10235" 
2025-08-12T14:00:00Z,"NVDA",2025-08-12T14:30:00Z,Sell,180.029816395,180.909717747,9711,-8544.72,97.11,14176.47,0,"	10234,10236" 
2025-08-12T16:00:00Z,"TQQQ",2025-08-12T19:59:00Z,Buy,46.867218002,47.266215282,25152,10035.58,251.52,4139.68,1,"	10237,10239" 
2025-08-12T16:00:00Z,"SPXL",2025-08-12T19:59:00Z,Buy,190.55003613,191.877250312,8948,11875.91,89.48,4911.09,1,"	10238,10240" 
2025-08-13T14:00:00Z,"SPXL",2025-08-13T14:30:00Z,Buy,194.39197192,193.104673954,6927,-8917.11,69.27,9947.07,0,"	10241,10243" 
2025-08-13T14:30:00Z,"AMD",2025-08-13T15:00:00Z,Buy,184.93,182.82,2726,-5751.86,27.26,7878.14,0,"	10242,10244" 
2025-08-13T15:00:00Z,"NVDA",2025-08-13T18:30:00Z,Sell,181.519649366,181.309672907,9607,2017.24,96.07,21085,1,"	10245,10246" 
2025-08-15T14:00:00Z,"TQQQ",2025-08-15T14:30:00Z,Sell,46.488170586,46.80736841,27519,-8784,275.19,13450.51,0,"	10248,10250" 
2025-08-15T14:00:00Z,"SPXL",2025-08-15T14:30:00Z,Sell,192.655616524,192.915071928,8620,-2236.51,86.2,6709.52,0,"	10249,10251" 
2025-08-15T14:00:00Z,"NVDA",2025-08-15T17:30:00Z,Sell,178.989932979,179.689854509,9745,-6820.74,97.45,16710.8,0,"	10247,10256" 
2025-08-15T15:00:00Z,"AMD",2025-08-15T16:00:00Z,Sell,176.44,177.47,5248,-5405.44,52.48,6455.04,0,"	10252,10253" 
2025-08-15T16:30:00Z,"TSLA",2025-08-15T17:00:00Z,Sell,327.91,330.09,4548,-9914.64,45.48,10505.88,0,"	10254,10255" 
2025-08-18T14:30:00Z,"NVDA",2025-08-18T15:00:00Z,Buy,182.669520451,181.389663939,9478,-12130.48,94.78,16063.41,0,"	10257,10258" 
2025-08-19T14:00:00Z,"TQQQ",2025-08-19T19:59:00Z,Sell,45.769975482,44.48819672,27378,35092.54,273.78,10855.47,1,"	10259,10267" 
2025-08-19T14:30:00Z,"AMD",2025-08-19T19:59:00Z,Sell,168.24,166.47,4656,8241.12,46.56,10336.32,1,"	10260,10265" 
2025-08-19T14:30:00Z,"NVDA",2025-08-19T19:59:00Z,Sell,178.639972214,175.68030403,9681,28652.55,96.81,13697.08,1,"	10261,10266" 
2025-08-19T15:00:00Z,"SPXL",2025-08-19T19:59:00Z,Sell,190.090999646,188.464413844,8389,13645.43,83.89,8790,1,"	10262,10268" 
2025-08-19T17:00:00Z,"TSLA",2025-08-19T19:59:00Z,Sell,330.37,329.33,5310,5522.4,53.1,15133.5,1,"	10263,10264" 
2025-08-20T14:00:00Z,"AMD",2025-08-20T15:30:00Z,Sell,161.38,163.02,4278,-7015.92,42.78,20341.89,0,"	10270,10274" 
2025-08-20T14:00:00Z,"NVDA",2025-08-20T15:30:00Z,Sell,170.510883587,172.410670597,9594,-18226.56,95.94,34438.6,0,"	10271,10275" 
2025-08-20T14:00:00Z,"TQQQ",2025-08-20T15:30:00Z,Sell,42.862282804,43.16651823,36539,-11116.46,365.39,39381.42,0,"	10272,10276" 
2025-08-20T14:00:00Z,"SPXL",2025-08-20T15:30:00Z,Sell,184.76218481,185.650320616,9533,-8466.6,95.33,28443.97,0,"	10273,10277" 
2025-08-20T14:00:00Z,"TSLA",2025-08-20T16:30:00Z,Sell,321.43,321.8,5483,-2028.71,54.83,36407.12,0,"	10269,10278" 
2025-08-21T14:00:00Z,"AMD",2025-08-21T14:30:00Z,Sell,162.7,165.2,6990,-17475,69.9,17475,0,"	10279,10280" 
2025-08-22T14:00:00Z,"TSLA",2025-08-22T19:59:00Z,Buy,325.7,339.91,4739,67341.19,47.39,21230.72,1,"	10281,10287" 
2025-08-22T14:30:00Z,"AMD",2025-08-22T19:59:00Z,Buy,166.62,167.77,6163,7087.45,61.63,11339.92,1,"	10282,10288" 
2025-08-22T14:30:00Z,"TQQQ",2025-08-22T19:59:00Z,Buy,45.016868116,45.046792912,31660,947.42,316.6,23843.38,1,"	10283,10289" 
2025-08-22T14:30:00Z,"SPXL",2025-08-22T19:59:00Z,Buy,192.306349634,192.835239496,9115,4820.83,91.15,17191.27,1,"	10284,10290" 
2025-08-22T15:30:00Z,"NVDA",2025-08-22T16:30:00Z,Buy,178.110031627,176.9801583,7068,-7985.94,70.68,11378.2,0,"	10285,10286" 
2025-08-25T15:30:00Z,"NVDA",2025-08-25T17:00:00Z,Buy,181.219682996,180.999707658,9740,-2142.56,97.4,8083.29,0,"	10291,10292" 
2025-08-25T17:30:00Z,"TSLA",2025-08-25T18:30:00Z,Buy,348.35,346.82,4008,-6132.24,40.08,8617.2,0,"	10293,10294" 
2025-08-27T14:00:00Z,"NVDA",2025-08-27T14:30:00Z,Sell,180.159801822,181.049702053,9778,-8701.44,97.78,12221.13,0,"	10295,10296" 
2025-08-28T14:00:00Z,"SPXL",2025-08-28T14:30:00Z,Sell,193.583668546,193.663500978,6719,-536.39,67.19,5699.19,0,"	10298,10300" 
2025-08-28T14:00:00Z,"NVDA",2025-08-28T15:00:00Z,Sell,177.290123549,179.849836573,9916,-25382.11,99.16,30537.86,0,"	10297,10301" 
2025-08-28T14:30:00Z,"TSLA",2025-08-28T17:30:00Z,Sell,345.08,343.46,3046,4934.52,30.46,11315.89,1,"	10299,10304" 
2025-08-28T16:30:00Z,"TQQQ",2025-08-28T17:00:00Z,Buy,46.173960228,46.039298646,28474,-3834.35,284.74,4686.43,0,"	10302,10303" 
2025-08-29T14:00:00Z,"TSLA",2025-08-29T19:59:00Z,Sell,343.38,334.06,3133,29199.56,31.33,8459.1,1,"	10305,10310" 
2025-08-29T14:00:00Z,"AMD",2025-08-29T19:59:00Z,Sell,163.79,162.65,9458,10782.12,94.58,15038.22,1,"	10306,10311" 
2025-08-29T14:00:00Z,"NVDA",2025-08-29T19:59:00Z,Sell,174.740409404,174.070484511,10002,6700.59,100.02,16151.42,1,"	10307,10312" 
2025-08-29T14:00:00Z,"TQQQ",2025-08-29T19:59:00Z,Sell,44.822356942,44.478221788,34673,11932.2,346.73,18071.23,1,"	10308,10313" 
2025-08-29T14:00:00Z,"SPXL",2025-08-29T19:59:00Z,Sell,192.935030036,192.29637058,7724,4933.01,77.24,13411.61,1,"	10309,10314" 
2025-09-02T16:00:00Z,"SPXL",2025-09-02T17:00:00Z,Sell,183.704405086,185.281095618,9654,-15221.37,96.54,16088.41,0,"	10315,10316" 
2025-09-03T15:00:00Z,"TSLA",2025-09-03T18:00:00Z,Buy,341.31,339.27,5178,-10563.12,51.78,20763.78,0,"	10317,10318" 
2025-09-03T18:30:00Z,"NVDA",2025-09-03T19:30:00Z,Sell,169.341014744,169.351013623,10410,-104.09,104.1,7702.54,0,"	10319,10320" 
2025-09-04T15:30:00Z,"TQQQ",2025-09-04T16:00:00Z,Buy,44.96200599,44.917118796,26364,-1183.41,263.64,4076.18,0,"	10321,10323" 
2025-09-04T15:30:00Z,"SPXL",2025-09-04T16:00:00Z,Buy,193.39406652,193.334192196,9114,-545.69,91.14,3274.17,0,"	10322,10324" 
2025-09-05T14:00:00Z,"TSLA",2025-09-05T14:30:00Z,Buy,354.57,347.82,4762,-32143.5,47.62,39286.5,0,"	10325,10327" 
2025-09-05T14:00:00Z,"AMD",2025-09-05T16:00:00Z,Sell,153.52,152.98,11474,6195.96,114.74,31955.09,1,"	10326,10332" 
2025-09-05T14:30:00Z,"NVDA",2025-09-05T16:00:00Z,Sell,165.101490048,166.391345439,10678,-13773.08,106.78,28773.98,0,"	10328,10333" 
2025-09-05T14:30:00Z,"SPXL",2025-09-05T19:30:00Z,Sell,193.463919898,193.982830706,8494,-4407.63,84.94,29242.92,0,"	10329,10334" 
2025-09-05T15:00:00Z,"TQQQ",2025-09-05T15:30:00Z,Sell,44.966993456,45.465740056,26138,-13036.24,261.38,18250.73,0,"	10330,10331" 
2025-09-08T14:00:00Z,"NVDA",2025-09-08T18:00:00Z,Buy,170.250912733,169.770966541,10215,-4902.65,102.15,10724.55,0,"	10335,10338" 
2025-09-08T17:00:00Z,"TSLA",2025-09-08T17:30:00Z,Sell,346.13,347.44,4265,-5587.15,42.65,10918.4,0,"	10336,10337" 
2025-09-09T16:30:00Z,"AMD",2025-09-09T19:59:00Z,Buy,154.33,155.84,7886,11907.86,78.86,5914.5,1,"	10339,10341" 
2025-09-09T19:30:00Z,"NVDA",2025-09-09T19:59:00Z,Buy,170.230914975,170.740857804,10209,5206.01,102.09,5206.01,1,"	10340,10342" 
2025-09-10T15:00:00Z,"TSLA",2025-09-10T17:00:00Z,Buy,355.42,354.21,4183,-5061.43,41.83,13845.73,0,"	10343,10345" 
2025-09-10T15:00:00Z,"NVDA",2025-09-10T17:00:00Z,Buy,178.87994531,177.650083193,9313,-11453.71,93.13,17227.12,0,"	10344,10346" 
2025-09-11T14:00:00Z,"SPXL",2025-09-11T19:59:00Z,Buy,201.437184044,203.582680654,8614,18481.31,86.14,6962.73,1,"	10347,10352" 
2025-09-11T14:30:00Z,"AMD",2025-09-11T17:30:00Z,Sell,156.03,156.23,4881,-976.2,48.81,6491.73,0,"	10349,10350" 
2025-09-11T14:30:00Z,"TSLA",2025-09-11T19:59:00Z,Buy,358.94,368.25,4400,40964,44,13156,1,"	10348,10351" 
2025-09-12T14:00:00Z,"TSLA",2025-09-12T19:59:00Z,Buy,384.65,395.38,2305,24732.65,23.05,15259.1,1,"	10353,10358" 
2025-09-12T16:30:00Z,"AMD",2025-09-12T17:00:00Z,Buy,160.07,159.52,4267,-2346.85,42.67,6251.16,0,"	10354,10355" 
2025-09-12T19:00:00Z,"TQQQ",2025-09-12T19:30:00Z,Buy,48.538019112,48.35348287,36377,-6712.87,363.77,7093.88,0,"	10356,10357" 
2025-09-15T14:00:00Z,"SPXL",2025-09-15T15:30:00Z,Buy,205.897821182,205.61840767,8569,-2394.29,85.69,5472.67,0,"	10360,10361" 
2025-09-15T14:00:00Z,"TQQQ",2025-09-15T19:59:00Z,Buy,49.191377158,49.445737924,35867,9123.16,358.67,8765.39,1,"	10359,10362" 
2025-09-16T14:00:00Z,"NVDA",2025-09-16T14:30:00Z,Sell,176.110190116,176.310178976,8631,-1726.1,86.31,4142.65,0,"	10363,10364" 
2025-09-16T14:30:00Z,"SPXL",2025-09-16T15:00:00Z,Sell,205.179329294,205.129434024,8605,429.35,86.05,3692.4,1,"	10365,10366" 
2025-09-17T14:00:00Z,"NVDA",2025-09-17T18:00:00Z,Sell,170.830484212,171.100469173,8320,-2246.27,83.2,15058.36,0,"	10367,10370" 
2025-09-17T14:00:00Z,"TQQQ",2025-09-17T18:00:00Z,Sell,49.036765712,48.912079062,36011,4490.09,360.11,16703.14,1,"	10368,10371" 
2025-09-17T17:00:00Z,"SPXL",2025-09-17T18:00:00Z,Sell,203.592659708,204.949811052,8728,-11845.22,87.28,11845.22,0,"	10369,10372" 
2025-09-18T14:30:00Z,"TQQQ",2025-09-18T15:00:00Z,Buy,50.887115598,50.567917774,34629,-11053.5,346.29,14162.3,0,"	10374,10376" 
2025-09-18T14:30:00Z,"SPXL",2025-09-18T15:00:00Z,Buy,209.21086711,207.674092794,8425,-12947.32,84.25,15679.71,0,"	10375,10377" 
2025-09-18T14:30:00Z,"NVDA",2025-09-18T19:59:00Z,Buy,175.770209054,176.260181761,10025,4911.98,100.25,10074.56,1,"	10373,10378" 
2025-09-19T14:00:00Z,"TSLA",2025-09-19T14:30:00Z,Buy,427.8,426.77,1882,-1938.46,18.82,5702.46,0,"	10379,10380" 
2025-09-19T14:30:00Z,"NVDA",2025-09-19T15:00:00Z,Buy,177.700101553,177.140132745,6743,-3775.87,67.43,6169.5,0,"	10381,10382" 
2025-09-19T19:30:00Z,"TQQQ",2025-09-19T19:59:00Z,Buy,51.256188082,51.505561382,34179,8523.33,341.79,2557,1,"	10383,10385" 
2025-09-19T19:30:00Z,"SPXL",2025-09-19T19:59:00Z,Buy,210.168856294,210.448269806,8332,2328.07,83.32,3242.67,1,"	10384,10386" 
2025-09-22T14:00:00Z,"TSLA",2025-09-22T16:30:00Z,Buy,440.94,438.07,2557,-7338.59,25.57,16722.78,0,"	10387,10393" 
2025-09-22T14:00:00Z,"AMD",2025-09-22T16:30:00Z,Buy,160.97,160.14,10909,-9054.47,109.09,29836.12,0,"	10388,10394" 
2025-09-22T15:00:00Z,"TQQQ",2025-09-22T15:30:00Z,Buy,51.79483441,51.749947216,30424,-1365.65,304.24,5917.81,0,"	10389,10391" 
2025-09-22T15:00:00Z,"SPXL",2025-09-22T16:00:00Z,Buy,211.296489396,210.837452912,8326,-3821.94,83.26,6314.51,0,"	10390,10392" 
2025-09-22T16:30:00Z,"NVDA",2025-09-22T19:59:00Z,Buy,182.18985146,183.539776265,5886,7945.66,58.86,10917.92,1,"	10395,10396" 
2025-09-23T14:00:00Z,"NVDA",2025-09-23T14:30:00Z,Sell,179.549998508,180.649937238,4577,-5034.42,45.77,6819.35,0,"	10397,10399" 
2025-09-23T14:00:00Z,"TQQQ",2025-09-23T14:30:00Z,Sell,51.8696464,51.959420788,31957,-2868.92,319.57,5737.84,0,"	10398,10400" 
2025-09-23T17:30:00Z,"SPXL",2025-09-23T19:59:00Z,Sell,209.91897368,209.31943358,8317,4986.38,83.17,10803.81,1,"	10401,10404" 
2025-09-23T18:00:00Z,"TSLA",2025-09-23T19:30:00Z,Sell,428.16,428.21,2904,-145.2,29.04,14200.56,0,"	10402,10403" 
2025-09-24T14:00:00Z,"TSLA",2025-09-24T16:00:00Z,Buy,437.45,435.03,3189,-7717.38,31.89,18687.54,0,"	10405,10406" 
2025-09-24T16:00:00Z,"NVDA",2025-09-24T16:30:00Z,Sell,176.240182875,176.250182318,5127,-51.27,51.27,4716.58,0,"	10407,10410" 
2025-09-24T16:00:00Z,"TQQQ",2025-09-24T17:30:00Z,Sell,50.2367551435,50.571234185,29224,-9774.82,292.24,19549.63,0,"	10408,10411" 
2025-09-24T16:00:00Z,"SPXL",2025-09-24T17:30:00Z,Sell,206.751403485,207.690682975,8443,-7930.34,84.43,14510.83,0,"	10409,10412" 
2025-09-25T14:00:00Z,"TSLA",2025-09-25T14:30:00Z,Sell,425.1,429.16,2538,-10304.28,25.38,14618.88,0,"	10413,10416" 
2025-09-25T14:00:00Z,"TQQQ",2025-09-25T14:30:00Z,Sell,48.863893406,49.8872994285,28873,-29548.8,288.73,32431.61,0,"	10414,10417" 
2025-09-25T14:00:00Z,"SPXL",2025-09-25T14:30:00Z,Sell,202.174914055,204.892829175,8606,-23390.38,86.06,27948.06,0,"	10415,10418" 
2025-09-25T16:00:00Z,"NVDA",2025-09-25T16:30:00Z,Buy,179.919977899,179.250015218,5557,-3722.98,55.57,5167.72,0,"	10419,10420" 
2025-09-26T14:00:00Z,"SPXL",2025-09-26T14:30:00Z,Buy,207.840568,205.012737195,8238,-23295.67,82.38,30704.19,0,"	10421,10425" 
2025-09-26T14:30:00Z,"TQQQ",2025-09-26T15:00:00Z,Sell,49.592758183,49.582773734,28200,281.56,282,15485.88,1,"	10424,10426" 
2025-09-26T14:30:00Z,"NVDA",2025-09-26T15:30:00Z,Sell,175.580219637,176.740155025,5998,-6957.29,59.98,7437.11,0,"	10423,10427" 
2025-09-26T14:30:00Z,"AMD",2025-09-26T17:00:00Z,Sell,158.57,158.81,10735,-2576.4,107.35,18034.8,0,"	10422,10428" 
2025-09-26T18:00:00Z,"TSLA",2025-09-26T19:59:00Z,Buy,436,440.03,1733,6983.99,17.33,4003.23,1,"	10429,10430" 
2025-09-29T14:00:00Z,"TQQQ",2025-09-29T15:00:00Z,Buy,51.8642203305,51.7843447385,32803,-2620.16,328.03,8679.28,0,"	10433,10434" 
2025-09-29T14:00:00Z,"NVDA",2025-09-29T15:30:00Z,Buy,183.099800773,182.309844776,6445,-5091.27,64.45,10085.86,0,"	10432,10435" 
2025-09-29T14:00:00Z,"AMD",2025-09-29T16:00:00Z,Buy,162.85,162.57,10448,-2925.44,104.48,20164.64,0,"	10431,10436" 
2025-09-30T14:30:00Z,"NVDA",2025-09-30T19:59:00Z,Buy,184.729709982,186.439614735,7727,13212.43,77.27,16264.43,1,"	10437,10442" 
2025-09-30T15:30:00Z,"TQQQ",2025-09-30T16:00:00Z,Sell,50.870767655,51.070456635,32810,-6551.8,328.1,9336.31,0,"	10438,10440" 
2025-09-30T16:00:00Z,"TSLA",2025-09-30T17:00:00Z,Sell,435.41,436.86,1604,-2325.8,16.04,3208,0,"	10439,10441" 
2025-10-01T14:30:00Z,"TSLA",2025-10-01T19:59:00Z,Buy,455.76,459.43,1449,5317.83,14.49,8708.49,1,"	10443,10447" 
2025-10-01T17:30:00Z,"SPXL",2025-10-01T18:00:00Z,Buy,213.506221945,213.45626027,7910,-395.2,79.1,2687.34,0,"	10445,10446" 
2025-10-01T17:30:00Z,"TQQQ",2025-10-01T19:59:00Z,Buy,52.168746025,52.458295046,32590,9436.4,325.9,5206.29,1,"	10444,10448" 
2025-10-02T15:00:00Z,"SPXL",2025-10-02T15:30:00Z,Sell,213.026589865,213.15649022,7998,-1038.94,79.98,7752.11,0,"	10450,10451" 
2025-10-02T15:00:00Z,"TSLA",2025-10-02T19:59:00Z,Sell,452.77,436.02,1452,24321,14.52,7151.1,1,"	10449,10454" 
2025-10-02T16:30:00Z,"AMD",2025-10-02T17:30:00Z,Buy,170.44,170.38,10015,-600.9,100.15,6009,0,"	10452,10453" 
2025-10-03T14:00:00Z,"SPXL",2025-10-03T17:30:00Z,Buy,216.084244375,215.504688945,7933,-4597.61,79.33,17359.95,0,"	10455,10459" 
2025-10-03T14:30:00Z,"TSLA",2025-10-03T15:30:00Z,Sell,428.12,430.9,706,-1962.68,7.06,4468.98,0,"	10456,10457" 
2025-10-03T17:00:00Z,"AMD",2025-10-03T19:59:00Z,Sell,167.2,164.69,3857,9681.07,38.57,6904.03,1,"	10458,10464" 
2025-10-03T18:00:00Z,"NVDA",2025-10-03T18:30:00Z,Sell,186.38961752,187.469557364,5598,-6045.5,55.98,9236.19,0,"	10460,10462" 
2025-10-03T18:00:00Z,"TQQQ",2025-10-03T18:30:00Z,Sell,52.11882378,52.5231939645,32901,-13304.18,329.01,21845.14,0,"	10461,10463" 
2025-10-07T14:00:00Z,"NVDA",2025-10-07T15:00:00Z,Buy,188.819482169,187.819537869,8689,-8688.52,86.89,10599.99,0,"	10465,10466" 
2025-10-07T15:30:00Z,"TQQQ",2025-10-07T19:59:00Z,Sell,52.747844067,52.498232842,32278,8056.95,322.78,19981.24,1,"	10467,10469" 
2025-10-07T15:30:00Z,"SPXL",2025-10-07T19:59:00Z,Sell,214.365562755,214.025823365,7947,2699.91,79.47,13181.91,1,"	10468,10470" 
2025-10-08T14:00:00Z,"NVDA",2025-10-08T15:30:00Z,Buy,188.649491638,188.259513361,9048,-3528.52,90.48,14611.71,0,"	10472,10474" 
2025-10-08T14:00:00Z,"AMD",2025-10-08T19:59:00Z,Buy,221.28,235.48,1157,16429.4,11.57,5235.42,1,"	10471,10477" 
2025-10-08T14:00:00Z,"TQQQ",2025-10-08T19:59:00Z,Buy,53.366879905,54.405262601,28371,29459.96,283.71,8781.33,1,"	10473,10478" 
2025-10-08T17:30:00Z,"SPXL",2025-10-08T18:00:00Z,Buy,217.802925995,217.49316361,7879,-2440.62,78.79,2920.87,0,"	10475,10476" 
2025-10-09T14:00:00Z,"SPXL",2025-10-09T16:00:00Z,Sell,216.75373082,216.19416006,7942,4444.11,79.42,13332.33,1,"	10480,10483" 
2025-10-09T14:00:00Z,"NVDA",2025-10-09T17:00:00Z,Buy,194.379172477,192.729264382,8863,-14623.14,88.63,19364.58,0,"	10479,10484" 
2025-10-09T14:30:00Z,"TQQQ",2025-10-09T15:00:00Z,Sell,53.866102355,53.8710945795,29793,-148.73,297.93,11006.27,0,"	10481,10482" 
2025-10-10T14:00:00Z,"TQQQ",2025-10-10T14:30:00Z,Buy,54.584982683,54.405262601,30822,-5539.33,308.22,10924.79,0,"	10485,10487" 
2025-10-10T14:30:00Z,"NVDA",2025-10-10T15:00:00Z,Buy,195.249124018,194.149185288,8789,-9667.36,87.89,11952.37,0,"	10486,10489" 
2025-10-10T15:00:00Z,"AMD",2025-10-10T19:59:00Z,Sell,223.56,214.8,1542,13507.92,15.42,10994.46,1,"	10488,10493" 
2025-10-10T15:00:00Z,"SPXL",2025-10-10T19:59:00Z,Sell,213.865946005,198.58766579,8006,122317.91,80.06,28159.52,1,"	10490,10494" 
2025-10-10T15:30:00Z,"TSLA",2025-10-10T19:59:00Z,Sell,424.57,413.89,2448,26144.64,24.48,21420,1,"	10491,10492" 
2025-10-13T14:00:00Z,"TQQQ",2025-10-13T14:30:00Z,Buy,51.3250600845,50.940658798,28697,-11031.16,286.97,18695.67,0,"	10495,10497" 
2025-10-13T14:00:00Z,"SPXL",2025-10-13T14:30:00Z,Buy,207.32096658,205.412430595,8570,-16356.15,85.7,22179.29,0,"	10496,10498" 
2025-10-13T17:30:00Z,"TSLA",2025-10-13T19:59:00Z,Buy,429.02,436.02,4115,28805,41.15,19340.5,1,"	10499,10500" 
2025-10-14T14:00:00Z,"TSLA",2025-10-14T14:30:00Z,Sell,419.88,424.82,4231,-20901.14,42.31,24264.78,0,"	10501,10503" 
2025-10-14T14:00:00Z,"NVDA",2025-10-14T14:30:00Z,Sell,181.129910502,182.379840877,9810,-12261.82,98.1,16087.5,0,"	10502,10504" 
2025-10-15T14:00:00Z,"SPXL",2025-10-15T15:30:00Z,Buy,212.267172405,211.687616975,8307,-4814.37,83.07,17929.37,0,"	10506,10511" 
2025-10-15T14:00:00Z,"AMD",2025-10-15T17:30:00Z,Buy,230.71,231.75,5383,5598.32,53.83,43548.47,1,"	10505,10512" 
2025-10-15T14:30:00Z,"TSLA",2025-10-15T15:00:00Z,Buy,439.52,436.83,4037,-10859.53,40.37,13766.17,0,"	10507,10509" 
2025-10-15T14:30:00Z,"TQQQ",2025-10-15T15:30:00Z,Buy,52.588092883,52.2935516375,25428,-7489.59,254.28,9520.67,0,"	10508,10510" 
2025-10-15T17:30:00Z,"NVDA",2025-10-15T18:00:00Z,Sell,178.170075374,179.559997951,9859,-13703.25,98.59,13801.83,0,"	10513,10514" 
2025-10-16T16:30:00Z,"TSLA",2025-10-16T17:00:00Z,Sell,429.6,431.47,4075,-7620.25,40.75,20252.75,0,"	10515,10516" 
2025-10-16T18:30:00Z,"SPXL",2025-10-16T19:00:00Z,Sell,202.80443116,204.88283684,8559,-17789.07,85.59,26084.94,0,"	10517,10518" 
2025-10-17T14:00:00Z,"TSLA",2025-10-17T15:00:00Z,Buy,432.93,433.97,4021,4181.84,40.21,24286.84,1,"	10519,10523" 
2025-10-17T14:30:00Z,"NVDA",2025-10-17T15:00:00Z,Buy,183.269791304,181.229904932,9554,-19489.07,95.54,19489.07,0,"	10520,10524" 
2025-10-17T14:30:00Z,"TQQQ",2025-10-17T15:00:00Z,Buy,51.4348890235,50.5362886135,25237,-22677.98,252.37,22677.98,0,"	10521,10525" 
2025-10-17T14:30:00Z,"SPXL",2025-10-17T15:00:00Z,Buy,206.371694755,203.773687655,8311,-21592.04,83.11,22505.55,0,"	10522,10526" 
2025-10-20T14:00:00Z,"TSLA",2025-10-20T14:30:00Z,Buy,447.99,445.39,3833,-9965.8,38.33,17670.13,0,"	10527,10531" 
2025-10-20T14:00:00Z,"SPXL",2025-10-20T16:30:00Z,Buy,212.27716474,214.19569306,8083,15507.46,80.83,8076.8,1,"	10530,10534" 
2025-10-20T14:00:00Z,"AMD",2025-10-20T18:30:00Z,Buy,239.27,240.6,4915,6536.95,49.15,11746.85,1,"	10528,10535" 
2025-10-20T14:00:00Z,"TQQQ",2025-10-20T18:30:00Z,Buy,53.366879905,54.0707835595,29622,20851.03,296.22,7689.74,1,"	10529,10536" 
2025-10-20T14:30:00Z,"NVDA",2025-10-20T15:00:00Z,Buy,184.939698285,183.88975677,9318,-9783.36,93.18,11367.33,0,"	10532,10533" 
2025-10-21T14:00:00Z,"TQQQ",2025-10-21T14:30:00Z,Sell,53.4417632725,53.366879905,31548,2362.42,315.48,12284.59,1,"	10538,10540" 
2025-10-21T14:00:00Z,"NVDA",2025-10-21T15:00:00Z,Sell,180.919922199,181.309900476,9539,-3720,95.39,13926.16,0,"	10537,10542" 
2025-10-21T14:30:00Z,"AMD",2025-10-21T15:00:00Z,Sell,235.08,236.78,3908,-6643.6,39.08,9945.86,0,"	10539,10541" 
2025-10-22T14:00:00Z,"NVDA",2025-10-22T14:30:00Z,Buy,182.669824724,180.379952277,9432,-21598.08,94.32,24616.15,0,"	10543,10545" 
2025-10-22T14:30:00Z,"TSLA",2025-10-22T19:00:00Z,Sell,434.05,436.28,3593,-8012.39,35.93,23641.94,0,"	10544,10549" 
2025-10-22T14:30:00Z,"TQQQ",2025-10-22T19:59:00Z,Sell,52.7328673935,52.148777127,27490,16056.64,274.9,42268.77,1,"	10546,10552" 
2025-10-22T15:30:00Z,"SPXL",2025-10-22T19:30:00Z,Sell,211.17800789,210.808291495,6849,2532.19,68.49,27990.94,1,"	10548,10550" 
2025-10-22T15:30:00Z,"AMD",2025-10-22T19:59:00Z,Sell,228.45,229.86,2638,-3719.58,26.38,13453.8,0,"	10547,10551" 
2025-10-23T14:00:00Z,"AMD",2025-10-23T14:30:00Z,Buy,233.75,233.1,5080,-3302,50.8,11074.4,0,"	10553,10556" 
2025-10-23T14:00:00Z,"TQQQ",2025-10-23T14:30:00Z,Buy,52.9525252715,52.867657455,20655,-1752.94,206.55,8558.49,0,"	10554,10557" 
2025-10-23T14:00:00Z,"SPXL",2025-10-23T14:30:00Z,Buy,213.27639824,212.59691946,6238,-4238.59,62.38,10721.14,0,"	10555,10558" 
2025-10-23T15:00:00Z,"NVDA",2025-10-23T17:30:00Z,Buy,182.28984589,181.759875411,9396,-4979.6,93.96,8174.06,0,"	10559,10561" 
2025-10-23T17:00:00Z,"TSLA",2025-10-23T19:00:00Z,Buy,445.08,443.26,3499,-6368.18,34.99,23128.39,0,"	10560,10562" 
2025-10-24T14:00:00Z,"TSLA",2025-10-24T14:30:00Z,Sell,440.87,441.01,3557,-497.98,35.57,13694.45,0,"	10563,10566" 
2025-10-24T14:00:00Z,"NVDA",2025-10-24T14:30:00Z,Buy,185.539664865,184.599717223,9206,-8653.16,92.06,11230.69,0,"	10565,10567" 
2025-10-24T14:00:00Z,"AMD",2025-10-24T19:00:00Z,Buy,250.35,249.95,4213,-1685.2,42.13,14408.46,0,"	10564,10568" 
2025-10-27T14:00:00Z,"TSLA",2025-10-27T19:30:00Z,Buy,446.1,448.22,3503,7426.36,35.03,43717.44,1,"	10569,10570" 
2025-10-28T14:30:00Z,"TSLA",2025-10-28T16:30:00Z,Buy,463.32,465.84,3033,7643.16,30.33,9250.65,1,"	10571,10572" 
2025-10-28T18:00:00Z,"NVDA",2025-10-28T19:59:00Z,Buy,198.038968615,201.018802629,8633,25724.91,86.33,17696.66,1,"	10573,10575" 
2025-10-28T19:30:00Z,"TQQQ",2025-10-28T19:59:00Z,Buy,59.906694,59.5322771625,22611,-8465.94,226.11,9538.29,0,"	10574,10576" 
2025-10-29T14:00:00Z,"TQQQ",2025-10-29T14:30:00Z,Buy,60.545698736,60.395932001,24334,-3644.42,243.34,6924.41,0,"	10578,10579" 
2025-10-29T14:00:00Z,"NVDA",2025-10-29T15:00:00Z,Buy,211.968192714,208.878364827,8098,-25021.43,80.98,27369.72,0,"	10577,10580" 
2025-10-30T14:30:00Z,"TSLA",2025-10-30T15:30:00Z,Sell,444.36,442.65,2389,4085.19,23.89,7955.37,1,"	10581,10584" 
2025-10-30T14:30:00Z,"TQQQ",2025-10-30T15:30:00Z,Sell,58.4839100175,58.748497916,29153,-7713.53,291.53,17901.21,0,"	10583,10585" 
2025-10-30T14:30:00Z,"NVDA",2025-10-30T16:30:00Z,Sell,202.18873746,203.418668949,8432,-10370.78,84.32,13659.08,0,"	10582,10586" 
2025-10-30T19:30:00Z,"SPXL",2025-10-30T19:59:00Z,Sell,223.54851862,222.36942309,7600,8961.13,76,5315.92,1,"	10587,10588" 
2025-10-31T14:30:00Z,"TSLA",2025-10-31T16:00:00Z,Buy,455.06,453.77,3267,-4214.43,32.67,12741.3,0,"	10589,10590" 
2025-11-03T15:00:00Z,"TSLA",2025-11-03T17:00:00Z,Buy,473.52,466.82,2916,-19537.2,29.16,23677.92,0,"	10591,10594" 
2025-11-03T15:30:00Z,"SPXL",2025-11-03T16:00:00Z,Sell,222.439369435,224.357897755,7625,-14628.78,76.25,20038.38,0,"	10592,10593" 
2025-11-03T18:00:00Z,"NVDA",2025-11-03T19:00:00Z,Buy,210.448277378,209.398335863,8018,-8418.43,80.18,14591.95,0,"	10595,10596" 
2025-11-04T15:30:00Z,"NVDA",2025-11-04T20:59:00Z,Sell,201.628768652,198.918919599,7486,20285.93,74.86,11303.23,1,"	10597,10602" 
2025-11-04T18:30:00Z,"TSLA",2025-11-04T19:00:00Z,Sell,447.58,450.35,2830,-7839.1,28.3,13301,0,"	10598,10600" 
2025-11-04T18:30:00Z,"TQQQ",2025-11-04T19:00:00Z,Sell,55.803085461,56.0976267065,26633,-7844.52,266.33,13428.75,0,"	10599,10601" 
2025-11-05T15:00:00Z,"TQQQ",2025-11-05T20:59:00Z,Buy,56.192478972,56.5369424625,24120,8308.46,241.2,20710.94,1,"	10603,10611" 
2025-11-05T15:00:00Z,"SPXL",2025-11-05T20:59:00Z,Buy,219.33175325,219.39170726,7688,460.93,76.88,24505.92,1,"	10604,10612" 
2025-11-05T15:30:00Z,"NVDA",2025-11-05T18:30:00Z,Buy,200.618824909,200.938807085,8407,2690.09,84.07,17317.46,1,"	10605,10608" 
2025-11-05T17:30:00Z,"AMD",2025-11-05T20:59:00Z,Buy,255.11,256.19,6670,7203.6,66.7,21644.15,1,"	10606,10610" 
2025-11-05T18:30:00Z,"TSLA",2025-11-05T20:59:00Z,Buy,458.04,461.94,2734,10662.6,27.34,15706.83,1,"	10607,10609" 
2025-11-06T15:00:00Z,"SPXL",2025-11-06T15:30:00Z,Sell,215.99431336,216.443968435,7851,-3530.24,78.51,20553.85,0,"	10616,10618" 
2025-11-06T15:00:00Z,"AMD",2025-11-06T18:30:00Z,Sell,244.18,241.56,6948,18203.76,69.48,42104.88,1,"	10613,10619" 
2025-11-06T15:00:00Z,"TQQQ",2025-11-06T19:30:00Z,Sell,55.0392751125,54.51509154,23618,12380.17,236.18,35254,1,"	10615,10621" 
2025-11-06T15:00:00Z,"NVDA",2025-11-06T20:59:00Z,Sell,193.599215923,188.009527286,8764,48988.03,87.64,33651.89,1,"	10614,10622" 
2025-11-06T15:30:00Z,"TSLA",2025-11-06T19:30:00Z,Sell,451.46,451.18,2411,675.08,24.11,38021.47,1,"	10617,10620" 
2025-11-07T15:00:00Z,"NVDA",2025-11-07T17:30:00Z,Sell,183.029804672,182.059858701,9436,9152.41,94.36,32646.74,1,"	10623,10627" 
2025-11-07T16:00:00Z,"TQQQ",2025-11-07T18:30:00Z,Sell,50.6161642055,51.240192268,27052,-16881.21,270.52,36193.31,0,"	10624,10629" 
2025-11-07T16:00:00Z,"SPXL",2025-11-07T18:30:00Z,Sell,205.46239227,207.370928255,8452,-16130.95,84.52,32261.89,0,"	10625,10630" 
2025-11-07T16:30:00Z,"TSLA",2025-11-07T18:30:00Z,Sell,428.19,429.83,3027,-4964.28,30.27,22884.12,0,"	10626,10628" 
2025-11-10T19:30:00Z,"NVDA",2025-11-10T20:59:00Z,Buy,197.918975299,199.078910687,8670,10056.64,86.7,7499.13,1,"	10631,10633" 
2025-11-10T19:30:00Z,"SPXL",2025-11-10T20:59:00Z,Buy,222.019691365,222.48933111,7729,3629.85,77.29,6641.85,1,"	10632,10634" 
2025-11-11T15:00:00Z,"NVDA",2025-11-11T16:00:00Z,Sell,193.529219822,192.279289447,8894,11116.88,88.94,8982.44,1,"	10635,10636" 
2025-11-12T15:00:00Z,"TSLA",2025-11-12T15:30:00Z,Sell,433.73,433.44,3971,1151.59,39.71,9073.74,1,"	10637,10638" 
2025-11-12T15:30:00Z,"AMD",2025-11-12T16:00:00Z,Buy,261.93,258.85,5379,-16567.32,53.79,24420.66,0,"	10639,10640" 
2025-11-13T15:00:00Z,"TSLA",2025-11-13T20:59:00Z,Sell,414.56,402.2,4147,51256.92,41.47,29733.99,1,"	10641,10646" 
2025-11-13T15:00:00Z,"NVDA",2025-11-13T20:59:00Z,Sell,188.209516146,186.78959524,9072,12881.52,90.72,28439.14,1,"	10642,10648" 
2025-11-13T15:00:00Z,"SPXL",2025-11-13T20:59:00Z,Sell,219.841362335,212.786773825,7821,55173.94,78.21,21061.44,1,"	10643,10650" 
2025-11-13T16:00:00Z,"TQQQ",2025-11-13T20:59:00Z,Sell,53.287004313,52.138792678,27834,31959.32,278.34,21398.85,1,"	10644,10649" 
2025-11-13T20:30:00Z,"AMD",2025-11-13T20:59:00Z,Sell,247.25,247.91,4184,-2761.44,41.84,10083.44,0,"	10645,10647" 
2025-11-14T16:30:00Z,"NVDA",2025-11-14T17:00:00Z,Buy,189.959418671,189.999416443,9362,374.46,93.62,9548.71,1,"	10651,10652" 
2025-11-14T17:30:00Z,"TQQQ",2025-11-14T18:00:00Z,Buy,53.2820120885,52.9026030265,29923,-11353.06,299.23,21062.91,0,"	10654,10656" 
2025-11-14T17:30:00Z,"SPXL",2025-11-14T18:00:00Z,Buy,215.91437468,214.925133515,8239,-8150.36,82.39,17165.15,0,"	10655,10657" 
2025-11-14T17:30:00Z,"AMD",2025-11-14T18:30:00Z,Buy,252.75,250.22,5137,-12996.61,51.37,17722.65,0,"	10653,10658" 
2025-11-17T15:00:00Z,"TSLA",2025-11-17T18:00:00Z,Buy,416.75,413.71,4237,-12880.48,42.37,42708.96,0,"	10659,10660" 
2025-11-17T20:00:00Z,"AMD",2025-11-17T20:59:00Z,Sell,237.89,240.1,5535,-12232.35,55.35,18154.8,0,"	10661,10663" 
2025-11-17T20:00:00Z,"SPXL",2025-11-17T20:59:00Z,Sell,204.173381055,206.86131917,8619,-23167.34,86.19,27645.78,0,"	10662,10664" 
2025-11-18T15:00:00Z,"NVDA",2025-11-18T15:30:00Z,Sell,180.379952277,181.849870398,9678,-14225.87,96.78,24387.2,0,"	10666,10669" 
2025-11-18T15:00:00Z,"AMD",2025-11-18T16:30:00Z,Sell,226.87,231.15,4125,-17655,41.25,25781.25,0,"	10665,10670" 
2025-11-18T15:00:00Z,"TQQQ",2025-11-18T16:30:00Z,Sell,48.704142222,49.4779370195,35844,-27735.9,358.44,56008.63,0,"	10667,10671" 
2025-11-18T15:00:00Z,"SPXL",2025-11-18T16:30:00Z,Sell,200.276370405,203.08421654,8712,-24461.96,87.12,44310.09,0,"	10668,10672" 
2025-11-19T15:00:00Z,"TQQQ",2025-11-19T16:00:00Z,Buy,50.940658798,50.191825123,33616,-25172.79,336.16,43968.48,0,"	10673,10677" 
2025-11-19T15:00:00Z,"SPXL",2025-11-19T16:00:00Z,Buy,206.76139582,204.253319735,8278,-20761.85,82.78,34070.95,0,"	10674,10678" 
2025-11-19T15:30:00Z,"NVDA",2025-11-19T16:00:00Z,Buy,187.629548452,185.839648155,9160,-16395.49,91.6,19921.89,0,"	10675,10676" 
2025-11-19T17:30:00Z,"AMD",2025-11-19T20:59:00Z,Sell,223.95,223.55,3751,1500.4,37.51,16016.77,1,"	10679,10680" 
2025-11-20T15:00:00Z,"TSLA",2025-11-20T16:00:00Z,Buy,425.8,423.6,2983,-6562.6,29.83,14437.72,0,"	10681,10682" 
2025-11-20T17:00:00Z,"AMD",2025-11-20T20:59:00Z,Sell,214.82,206.02,7842,69009.6,78.42,38112.12,1,"	10683,10689" 
2025-11-20T17:30:00Z,"SPXL",2025-11-20T18:30:00Z,Sell,200.136477715,201.08574954,8457,-8027.99,84.57,48928.5,0,"	10685,10688" 
2025-11-20T17:30:00Z,"TQQQ",2025-11-20T20:59:00Z,Sell,48.274810915,46.337827809,27670,53596.32,276.7,45556.87,1,"	10684,10690" 
2025-11-20T18:00:00Z,"NVDA",2025-11-20T18:30:00Z,Sell,183.68976791,184.509722236,7920,-6494.04,79.2,16076.7,0,"	10686,10687" 
2025-11-21T15:30:00Z,"NVDA",2025-11-21T16:30:00Z,Sell,175.800207383,178.860036941,8472,-25922.88,84.72,47440.56,0,"	10692,10693" 
2025-11-21T15:30:00Z,"AMD",2025-11-21T17:00:00Z,Sell,197.44,204.2,7630,-51578.8,76.3,69433,0,"	10691,10694" 
2025-11-21T17:00:00Z,"SPXL",2025-11-21T17:30:00Z,Buy,201.6453203,201.38551959,8418,-2187,84.18,11103.24,0,"	10695,10696" 
2025-11-21T19:30:00Z,"TQQQ",2025-11-21T20:00:00Z,Buy,48.933784549,48.22488867,24050,-17048.95,240.5,18969.95,0,"	10697,10698" 
2025-11-24T15:00:00Z,"TSLA",2025-11-24T20:59:00Z,Buy,411.85,417.5,4103,23181.95,41.03,21663.84,1,"	10699,10706" 
2025-11-24T15:00:00Z,"TQQQ",2025-11-24T20:59:00Z,Buy,49.572789285,51.110394431,21245,32666.42,212.45,9651.44,1,"	10700,10708" 
2025-11-24T16:00:00Z,"SPXL",2025-11-24T17:00:00Z,Buy,206.951250185,207.770621655,6457,5290.68,64.57,5839.11,1,"	10701,10704" 
2025-11-24T16:30:00Z,"NVDA",2025-11-24T18:30:00Z,Buy,182.079857587,182.079857587,9400,0,94,11749.35,0,"	10703,10705" 
2025-11-24T16:30:00Z,"AMD",2025-11-24T20:59:00Z,Buy,213.95,215.26,7607,9965.17,76.07,14225.09,1,"	10702,10707" 
2025-11-25T15:00:00Z,"NVDA",2025-11-25T16:00:00Z,Sell,172.310401776,172.560387851,9968,-2491.86,99.68,31297.78,0,"	10709,10710" 
2025-11-25T18:30:00Z,"SPXL",2025-11-25T19:00:00Z,Buy,213.85595367,213.69607631,8027,-1283.34,80.27,3850.01,0,"	10711,10712" 
2025-12-01T16:00:00Z,"NVDA",2025-12-01T18:30:00Z,Buy,179.410006306,179.39000742,9565,-191.29,95.65,9468.82,0,"	10713,10714" 
2025-12-02T15:00:00Z,"NVDA",2025-12-02T15:30:00Z,Buy,184.749708868,183.239792975,9287,-14022.59,92.87,20987.45,0,"	10715,10717" 
2025-12-02T15:00:00Z,"TQQQ",2025-12-02T15:30:00Z,Buy,55.223987419,55.054251786,26721,-4535.51,267.21,13072.93,0,"	10716,10718" 
2025-12-02T16:30:00Z,"TSLA",2025-12-02T17:30:00Z,Sell,424.15,425.56,3806,-5366.46,38.06,13549.36,0,"	10719,10720" 
2025-12-03T15:00:00Z,"TSLA",2025-12-03T20:59:00Z,Buy,437.44,447.07,3900,37557,39,23712,1,"	10721,10722" 
2025-12-04T15:00:00Z,"SPXL",2025-12-04T15:30:00Z,Sell,221.899783345,222.519308115,7756,-4805.03,77.56,10385.07,0,"	10724,10725" 
2025-12-04T15:00:00Z,"TQQQ",2025-12-04T16:00:00Z,Sell,54.954407296,55.054251786,31313,-3126.43,313.13,21572.37,0,"	10723,10726" 
2025-12-04T17:00:00Z,"NVDA",2025-12-04T19:30:00Z,Buy,184.24,182.31,9324,-17995.32,93.24,22517.46,0,"	10727,10728" 
2025-12-05T15:00:00Z,"AMD",2025-12-05T16:00:00Z,Buy,219.81,218.4,7527,-10613.07,75.27,39667.29,0,"	10729,10732" 
2025-12-05T15:00:00Z,"TQQQ",2025-12-05T16:00:00Z,Buy,56.492012442,56.182494523,30283,-9373.13,302.83,26758.78,0,"	10730,10733" 
2025-12-05T15:00:00Z,"SPXL",2025-12-05T16:00:00Z,Buy,225.596947295,225.30716958,7581,-2196.8,75.81,13938.35,0,"	10731,10734" 
2025-12-05T19:30:00Z,"NVDA",2025-12-05T20:30:00Z,Sell,181.45,181.86,8088,-3316.08,80.88,4893.24,0,"	10735,10736" 
2025-12-08T15:30:00Z,"SPXL",2025-12-08T16:00:00Z,Sell,223.14882522,222.339446085,7623,6169.9,76.23,3541.98,1,"	10738,10739" 
2025-12-08T15:30:00Z,"TSLA",2025-12-08T20:59:00Z,Sell,443.43,439.19,2716,11515.84,27.16,9967.72,1,"	10737,10744" 
2025-12-08T17:00:00Z,"TQQQ",2025-12-08T17:30:00Z,Sell,55.51353644,55.383738603,30765,3993.23,307.65,7372.12,1,"	10740,10741" 
2025-12-08T18:00:00Z,"NVDA",2025-12-08T19:00:00Z,Buy,185.84,184.43,8703,-12271.23,87.03,30460.5,0,"	10742,10743" 
2025-12-09T15:00:00Z,"TSLA",2025-12-09T20:59:00Z,Buy,444.63,445.2,1743,993.51,17.43,12218.43,1,"	10745,10750" 
2025-12-09T15:30:00Z,"AMD",2025-12-09T16:30:00Z,Buy,223.49,222.27,6409,-7818.98,64.09,15509.78,0,"	10746,10747" 
2025-12-09T20:00:00Z,"NVDA",2025-12-09T20:30:00Z,Sell,184.22,184.33,8400,-924,84,2562,0,"	10748,10749" 
2025-12-10T15:30:00Z,"NVDA",2025-12-10T20:00:00Z,Sell,183.85,184.56,6573,-4666.83,65.73,16070.98,0,"	10751,10754" 
2025-12-10T16:00:00Z,"AMD",2025-12-10T17:00:00Z,Sell,219.65,220.68,7754,-7986.62,77.54,11863.62,0,"	10752,10753" 
2025-12-10T20:00:00Z,"SPXL",2025-12-10T20:59:00Z,Buy,226.276426075,225.916702015,7500,-2697.93,75,9817.47,0,"	10755,10760" 
2025-12-10T20:30:00Z,"TSLA",2025-12-10T20:59:00Z,Buy,456.19,451.9,1377,-5907.33,13.77,5907.33,0,"	10756,10758" 
2025-12-10T20:30:00Z,"TQQQ",2025-12-10T20:59:00Z,Buy,56.81151481,56.651763626,29871,-4771.93,298.71,9543.86,0,"	10757,10759" 
2025-12-11T15:00:00Z,"AMD",2025-12-11T15:30:00Z,Sell,210.85,213.94,8013,-24760.17,80.13,36298.89,0,"	10762,10766" 
2025-12-11T15:00:00Z,"TQQQ",2025-12-11T15:30:00Z,Sell,54.045822437,55.263925215,31270,-38090.07,312.7,44958.78,0,"	10764,10767" 
2025-12-11T15:00:00Z,"SPXL",2025-12-11T15:30:00Z,Sell,220.99048086,224.617698465,7648,-27740.96,76.48,32089.34,0,"	10765,10768" 
2025-12-11T15:00:00Z,"TSLA",2025-12-11T17:30:00Z,Sell,441.79,444.59,1981,-5546.8,19.81,8993.74,0,"	10761,10769" 
2025-12-11T15:00:00Z,"NVDA",2025-12-11T17:30:00Z,Sell,176.85,178.5,7840,-12936,78.4,15797.6,0,"	10763,10770" 
2025-12-12T15:00:00Z,"TSLA",2025-12-12T15:30:00Z,Buy,460.81,450.16,1879,-20011.35,18.79,20011.35,0,"	10771,10772" 
2025-12-12T15:30:00Z,"AMD",2025-12-12T18:30:00Z,Sell,214.27,214.29,7644,-152.88,76.44,42347.76,0,"	10773,10777" 
2025-12-12T15:30:00Z,"TQQQ",2025-12-12T18:30:00Z,Sell,53.466724395,53.606506681,30637,-4282.51,306.37,46495.82,0,"	10775,10778" 
2025-12-12T15:30:00Z,"SPXL",2025-12-12T18:30:00Z,Sell,221.899783345,222.079645375,7165,-1288.71,71.65,34258.25,0,"	10776,10779" 
2025-12-12T15:30:00Z,"NVDA",2025-12-12T20:59:00Z,Sell,179.53,174.96,7861,35924.77,78.61,22089.41,1,"	10774,10780" 
2025-12-15T15:00:00Z,"TSLA",2025-12-15T15:30:00Z,Buy,477.71,472.09,3175,-17843.5,31.75,19208.75,0,"	10781,10782" 
2025-12-15T15:30:00Z,"TQQQ",2025-12-15T16:00:00Z,Sell,51.839259208,52.378419454,25567,-13784.71,255.67,20166.52,0,"	10783,10785" 
2025-12-15T15:30:00Z,"SPXL",2025-12-15T16:00:00Z,Sell,217.962803355,219.31176858,7537,-10167.15,75.37,17095.88,0,"	10784,10786" 
2025-12-15T20:30:00Z,"AMD",2025-12-15T20:59:00Z,Sell,207.94,207.42,7222,3755.44,72.22,3755.44,1,"	10787,10788" 
2025-12-16T18:00:00Z,"SPXL",2025-12-16T19:00:00Z,Sell,213.805991995,216.044275035,7634,-17087.05,76.34,23647.26,0,"	10789,10790" 
2025-12-16T20:00:00Z,"TSLA",2025-12-16T20:59:00Z,Buy,485.34,490.22,3354,16367.52,33.54,3689.4,1,"	10791,10792" 
2025-12-17T15:30:00Z,"AMD",2025-12-17T20:59:00Z,Sell,206.3,198.13,7260,59314.2,72.6,13794,1,"	10793,10799" 
2025-12-17T16:00:00Z,"TSLA",2025-12-17T20:59:00Z,Sell,478.1,467.42,3447,36813.96,34.47,16924.77,1,"	10794,10798" 
2025-12-17T16:00:00Z,"NVDA",2025-12-17T20:59:00Z,Sell,171.52,171.02,9609,4804.5,96.09,23061.6,1,"	10795,10800" 
2025-12-17T16:00:00Z,"TQQQ",2025-12-17T20:59:00Z,Sell,50.361560756,49.303209162,24058,25461.82,240.58,13931.94,1,"	10796,10801" 
2025-12-17T16:00:00Z,"SPXL",2025-12-17T20:59:00Z,Sell,212.786773825,209.549257285,7745,25074.57,77.45,13079.02,1,"	10797,10802" 
2025-12-18T15:30:00Z,"TSLA",2025-12-18T20:00:00Z,Buy,483.52,484.11,2494,1471.46,24.94,17607.64,1,"	10803,10804" 
2025-12-19T15:00:00Z,"TQQQ",2025-12-19T15:30:00Z,Buy,53.31695766,52.987470843,22510,-7416.75,225.1,14384,0,"	10807,10809" 
2025-12-19T15:00:00Z,"SPXL",2025-12-19T15:30:00Z,Buy,219.4316766,218.75219782,7731,-5253.05,77.31,12051.12,0,"	10808,10810" 
2025-12-19T15:00:00Z,"AMD",2025-12-19T20:59:00Z,Buy,211.74,213.46,7813,13438.36,78.13,18282.42,1,"	10805,10811" 
2025-12-19T15:00:00Z,"NVDA",2025-12-19T20:59:00Z,Buy,180.27,180.76,9403,4607.47,94.03,17959.73,1,"	10806,10812" 
2025-12-23T15:30:00Z,"NVDA",2025-12-23T20:59:00Z,Buy,185.28,189.05,9160,34533.2,91.6,7282.2,1,"	10813,10815" 
2025-12-23T19:00:00Z,"SPXL",2025-12-23T20:59:00Z,Buy,226.73,227.19,7539,3467.94,75.39,2638.65,1,"	10814,10816" 
2025-12-24T15:00:00Z,"TSLA",2025-12-24T16:30:00Z,Sell,480.45,481.7,3563,-4453.75,35.63,16211.65,0,"	10817,10818" 
2025-12-26T15:30:00Z,"NVDA",2025-12-26T16:30:00Z,Buy,191.58,191.02,7442,-4167.52,74.42,9376.92,0,"	10820,10821" 
2025-12-26T15:30:00Z,"TSLA",2025-12-26T17:00:00Z,Sell,477.14,478.28,2787,-3177.18,27.87,13224.32,0,"	10819,10822" 
2025-12-29T15:00:00Z,"TSLA",2025-12-29T15:30:00Z,Sell,462.7,466.28,3690,-13210.2,36.9,18763.65,0,"	10823,10824" 
2025-12-31T15:00:00Z,"TQQQ",2025-12-31T17:00:00Z,Sell,53.67,53.67,14271,0,142.71,5151.83,0,"	10825,10827" 
2025-12-31T15:00:00Z,"SPXL",2025-12-31T19:00:00Z,Sell,224.54,224.5,3855,154.2,38.55,6549.64,1,"	10826,10828" 
2025-12-31T20:30:00Z,"TSLA",2025-12-31T20:59:00Z,Sell,449.48,449.8,1540,-492.8,15.4,2048.2,0,"	10829,10830" 
2026-01-02T15:00:00Z,"AMD",2026-01-02T15:30:00Z,Buy,225.96,221.84,7534,-31040.08,75.34,38875.44,0,"	10831,10836" 
2026-01-02T15:00:00Z,"NVDA",2026-01-02T15:30:00Z,Buy,191.75,190.57,7914,-9338.52,79.14,17806.5,0,"	10832,10837" 
2026-01-02T15:00:00Z,"TQQQ",2026-01-02T15:30:00Z,Buy,54.45,52.96,17644,-26289.56,176.44,32200.3,0,"	10833,10838" 
2026-01-02T15:00:00Z,"SPXL",2026-01-02T15:30:00Z,Buy,224.61,220.92,4582,-16907.58,45.82,21672.86,0,"	10834,10839" 
2026-01-02T15:30:00Z,"TSLA",2026-01-02T20:59:00Z,Sell,445.08,437.96,2215,15770.8,22.15,12957.75,1,"	10835,10840" 
2026-01-05T15:00:00Z,"SPXL",2026-01-05T20:00:00Z,Buy,225.5,225.89,7428,2896.92,74.28,14707.44,1,"	10842,10846" 
2026-01-05T15:00:00Z,"TSLA",2026-01-05T20:59:00Z,Buy,452.55,451.19,3700,-5032,37,23014,0,"	10841,10847" 
2026-01-05T17:30:00Z,"NVDA",2026-01-05T20:59:00Z,Sell,187.61,188.04,8971,-3857.53,89.71,16461.78,0,"	10843,10848" 
2026-01-05T18:00:00Z,"AMD",2026-01-05T19:00:00Z,Sell,222.17,221.97,4169,833.8,41.69,5586.46,1,"	10844,10845" 
2026-01-06T15:00:00Z,"TSLA",2026-01-06T15:30:00Z,Sell,436.76,439.11,2466,-5795.1,24.66,8655.66,0,"	10849,10854" 
2026-01-06T15:00:00Z,"NVDA",2026-01-06T16:00:00Z,Buy,191.91,189.11,8715,-24402,87.15,26319.3,0,"	10851,10855" 
2026-01-06T15:00:00Z,"TQQQ",2026-01-06T16:00:00Z,Buy,54.64,54.23,26564,-10891.24,265.64,15539.94,0,"	10852,10856" 
2026-01-06T15:00:00Z,"SPXL",2026-01-06T16:00:00Z,Buy,228.32,227.3,7326,-7472.52,73.26,14578.74,0,"	10853,10857" 
2026-01-06T15:00:00Z,"AMD",2026-01-06T20:59:00Z,Sell,218.12,214.5,5649,20449.38,56.49,18387.5,1,"	10850,10858" 
2026-01-07T15:00:00Z,"NVDA",2026-01-07T18:30:00Z,Buy,190.1,189.62,8739,-4194.72,87.39,22939.88,0,"	10859,10861" 
2026-01-07T17:00:00Z,"TQQQ",2026-01-07T19:30:00Z,Buy,56.03,55.58,21629,-9733.05,216.29,13734.42,0,"	10860,10862" 
2026-01-08T15:00:00Z,"AMD",2026-01-08T15:30:00Z,Sell,206.19,207.65,4904,-7159.84,49.04,12235.48,0,"	10863,10866" 
2026-01-08T15:00:00Z,"TQQQ",2026-01-08T15:30:00Z,Sell,53.71,54.31,24754,-14852.4,247.54,18936.81,0,"	10865,10867" 
2026-01-08T15:00:00Z,"NVDA",2026-01-08T20:59:00Z,Sell,185.04,185.16,8946,-1073.52,89.46,17802.54,0,"	10864,10868" 
2026-01-09T15:00:00Z,"SPXL",2026-01-09T16:00:00Z,Buy,229.49,229.77,7177,2009.56,71.77,16722.41,1,"	10869,10874" 
2026-01-09T15:30:00Z,"TSLA",2026-01-09T16:00:00Z,Buy,443.66,442.78,2369,-2084.72,23.69,6870.1,0,"	10870,10872" 
2026-01-09T15:30:00Z,"TQQQ",2026-01-09T16:00:00Z,Buy,55.27,55.01,28414,-7387.64,284.14,17900.82,0,"	10871,10873" 
2026-01-12T15:00:00Z,"AMD",2026-01-12T20:59:00Z,Buy,206.41,207.75,7960,10666.4,79.6,16795.6,1,"	10875,10878" 
2026-01-12T17:30:00Z,"TSLA",2026-01-12T18:00:00Z,Buy,453.86,451.97,1839,-3475.71,18.39,3696.39,0,"	10876,10877" 
2026-01-13T15:00:00Z,"AMD",2026-01-13T15:30:00Z,Buy,221.45,218.18,5694,-18619.38,56.94,23402.34,0,"	10879,10880" 
2026-01-13T15:30:00Z,"SPXL",2026-01-13T16:00:00Z,Sell,230.37,231.46,7111,-7750.99,71.11,8533.2,0,"	10881,10882" 
2026-01-13T17:00:00Z,"NVDA",2026-01-13T17:30:00Z,Buy,187.69,186.39,8713,-11326.9,87.13,11849.68,0,"	10883,10884" 
2026-01-14T15:00:00Z,"TSLA",2026-01-14T15:30:00Z,Sell,438.67,440.07,3716,-5202.4,37.16,21255.52,0,"	10885,10889" 
2026-01-14T15:00:00Z,"SPXL",2026-01-14T16:30:00Z,Sell,226.28,226.81,7201,-3816.53,72.01,20270.82,0,"	10888,10890" 
2026-01-14T15:00:00Z,"NVDA",2026-01-14T17:30:00Z,Sell,181.66,182.1,8975,-3949,89.75,14270.25,0,"	10886,10891" 
2026-01-14T15:00:00Z,"TQQQ",2026-01-14T20:30:00Z,Sell,53.56,53.41,25242,3786.3,252.42,25873.05,1,"	10887,10892" 
2026-01-15T15:00:00Z,"AMD",2026-01-15T19:30:00Z,Buy,235.84,233.88,3295,-6458.2,32.95,14843.98,0,"	10893,10895" 
2026-01-15T18:30:00Z,"NVDA",2026-01-15T19:30:00Z,Buy,189.24,188.39,8610,-7318.5,86.1,11709.6,0,"	10894,10896" 
2026-01-20T15:00:00Z,"TSLA",2026-01-20T15:30:00Z,Sell,424.75,426.96,3817,-8435.57,38.17,11107.47,0,"	10897,10899" 
2026-01-20T15:00:00Z,"NVDA",2026-01-20T15:30:00Z,Sell,179.93,180.79,8514,-7322.04,85.14,9535.68,0,"	10898,10900" 
2026-01-20T16:00:00Z,"AMD",2026-01-20T17:30:00Z,Buy,238.42,236.1,4001,-9282.32,40.01,13683.42,0,"	10901,10902" 
2026-01-20T19:00:00Z,"SPXL",2026-01-20T20:59:00Z,Sell,215.99,214.4,7452,11848.68,74.52,6781.32,1,"	10903,10904" 
2026-01-21T15:00:00Z,"NVDA",2026-01-21T17:00:00Z,Buy,180.42,180.13,8675,-2515.75,86.75,31490.25,0,"	10906,10911" 
2026-01-21T15:00:00Z,"TQQQ",2026-01-21T17:00:00Z,Buy,51.87,51.28,25288,-14919.92,252.88,39322.84,0,"	10907,10912" 
2026-01-21T15:00:00Z,"SPXL",2026-01-21T17:00:00Z,Buy,219.5,217.11,6479,-15484.81,64.79,31034.41,0,"	10908,10913" 
2026-01-21T15:00:00Z,"AMD",2026-01-21T17:30:00Z,Buy,245.51,245.53,6373,127.46,63.73,49996.18,1,"	10905,10914" 
2026-01-21T15:30:00Z,"TSLA",2026-01-21T17:00:00Z,Buy,427.47,422.91,3801,-17332.56,38.01,26911.08,0,"	10909,10910" 
2026-01-22T17:30:00Z,"TSLA",2026-01-22T20:59:00Z,Buy,439.1,449.04,3634,36121.96,36.34,12246.58,1,"	10915,10916" 
2026-01-23T16:00:00Z,"TQQQ",2026-01-23T18:00:00Z,Buy,54.96,54.13,24489,-20325.87,244.89,23019.66,0,"	10917,10919" 
2026-01-23T17:30:00Z,"SPXL",2026-01-23T18:00:00Z,Buy,226.66,224.43,6449,-14381.27,64.49,15348.62,0,"	10918,10920" 
2026-01-26T15:00:00Z,"TSLA",2026-01-26T16:30:00Z,Sell,439.02,439.76,3635,-2689.9,36.35,11341.2,0,"	10921,10923" 
2026-01-26T15:00:00Z,"SPXL",2026-01-26T20:00:00Z,Buy,228.66,229.9,6326,7844.24,63.26,6958.6,1,"	10922,10926" 
2026-01-26T17:00:00Z,"TQQQ",2026-01-26T20:00:00Z,Buy,55.47,55.3,23856,-4055.52,238.56,7514.64,0,"	10924,10925" 
2026-01-27T15:30:00Z,"NVDA",2026-01-27T20:00:00Z,Buy,188.92,189.27,8451,2957.85,84.51,8620.02,1,"	10927,10932" 
2026-01-27T17:00:00Z,"SPXL",2026-01-27T18:00:00Z,Buy,232.29,231.68,6650,-4056.5,66.5,4455.5,0,"	10928,10930" 
2026-01-27T18:00:00Z,"TQQQ",2026-01-27T19:30:00Z,Buy,56.47,56.66,25487,4842.53,254.87,2931,1,"	10929,10931" 
2026-01-28T15:00:00Z,"TSLA",2026-01-28T15:30:00Z,Buy,437.5,434.67,2050,-5801.5,20.5,6560,0,"	10933,10935" 
2026-01-28T15:00:00Z,"NVDA",2026-01-28T15:30:00Z,Buy,191.86,191.4,8327,-3830.42,83.27,7452.66,0,"	10934,10936" 
2026-01-29T15:00:00Z,"TSLA",2026-01-29T17:30:00Z,Sell,423.27,424.26,1602,-1585.98,16.02,15459.3,0,"	10937,10942" 
2026-01-29T15:00:00Z,"NVDA",2026-01-29T17:30:00Z,Sell,190.79,189.55,8354,10358.96,83.54,30993.34,1,"	10938,10943" 
2026-01-29T15:00:00Z,"TQQQ",2026-01-29T17:30:00Z,Sell,55.19,55.05,28880,4043.2,288.8,57182.4,1,"	10939,10944" 
2026-01-29T15:00:00Z,"SPXL",2026-01-29T17:30:00Z,Sell,227.66,227.23,6994,3007.42,69.94,43782.44,1,"	10940,10945" 
2026-01-29T15:30:00Z,"AMD",2026-01-29T20:59:00Z,Sell,247.51,252.13,3435,-15869.7,34.35,37888.05,0,"	10941,10946" 
2026-01-30T15:30:00Z,"TSLA",2026-01-30T20:00:00Z,Buy,433.59,433.44,2833,-424.95,28.33,20907.54,0,"	10947,10952" 
2026-01-30T18:30:00Z,"TQQQ",2026-01-30T19:00:00Z,Sell,53.97,54.43,23773,-10935.58,237.73,23297.54,0,"	10948,10950" 
2026-01-30T18:30:00Z,"SPXL",2026-01-30T19:00:00Z,Sell,225.49,227.45,7090,-13896.4,70.9,25382.2,0,"	10949,10951" 
2026-01-30T20:30:00Z,"NVDA",2026-01-30T20:59:00Z,Sell,189.84,191.12,8341,-10676.48,83.41,12094.45,0,"	10953,10954" 
2026-02-02T15:00:00Z,"NVDA",2026-02-02T15:30:00Z,Sell,186.63,188.58,8461,-16498.95,84.61,21787.08,0,"	10956,10957" 
2026-02-02T15:00:00Z,"AMD",2026-02-02T20:00:00Z,Buy,244.7,246.21,3847,5808.97,38.47,14195.43,1,"	10955,10962" 
2026-02-02T15:30:00Z,"TQQQ",2026-02-02T16:00:00Z,Buy,55.19,55.02,18920,-3216.4,189.2,9649.2,0,"	10958,10960" 
2026-02-02T15:30:00Z,"SPXL",2026-02-02T16:00:00Z,Buy,230.6,230.57,6846,-205.38,68.46,8899.8,0,"	10959,10961" 
2026-02-03T15:00:00Z,"SPXL",2026-02-03T16:00:00Z,Sell,229.25,229.01,6863,1647.12,68.63,15853.53,1,"	10965,10966" 
2026-02-03T15:00:00Z,"NVDA",2026-02-03T20:59:00Z,Sell,181.83,180.38,8653,12546.85,86.53,35520.56,1,"	10963,10969" 
2026-02-03T15:00:00Z,"TQQQ",2026-02-03T20:59:00Z,Sell,53.71,52.55,21872,25371.52,218.72,31714.4,1,"	10964,10970" 
2026-02-03T18:00:00Z,"AMD",2026-02-03T20:00:00Z,Sell,240.33,241.91,3624,-5725.92,36.24,17685.12,0,"	10967,10968" 
2026-02-04T15:00:00Z,"TQQQ",2026-02-04T15:30:00Z,Sell,50.95,51.31,24663,-8878.68,246.63,24293.06,0,"	10973,10974" 
2026-02-04T15:00:00Z,"NVDA",2026-02-04T20:00:00Z,Sell,177.75,175.96,8925,15975.75,89.25,35432.25,1,"	10972,10978" 
2026-02-04T15:00:00Z,"AMD",2026-02-04T20:59:00Z,Sell,207.31,200.24,4749,33575.43,47.49,21370.5,1,"	10971,10980" 
2026-02-04T16:00:00Z,"TSLA",2026-02-04T20:59:00Z,Sell,412.12,406.1,3440,20708.8,34.4,32852,1,"	10975,10979" 
2026-02-04T17:30:00Z,"SPXL",2026-02-04T18:30:00Z,Sell,219.56,220.67,7397,-8210.67,73.97,20785.57,0,"	10976,10977" 
2026-02-05T15:30:00Z,"TSLA",2026-02-05T16:00:00Z,Sell,389.72,392.88,3396,-10731.36,33.96,16232.88,0,"	10981,10985" 
2026-02-05T15:30:00Z,"NVDA",2026-02-05T16:00:00Z,Sell,171.58,173.19,9370,-15085.7,93.7,15085.7,0,"	10983,10986" 
2026-02-05T15:30:00Z,"AMD",2026-02-05T16:30:00Z,Sell,193.07,196.35,2466,-8088.48,24.66,12921.84,0,"	10982,10987" 
2026-02-05T15:30:00Z,"SPXL",2026-02-05T16:30:00Z,Sell,212.67,215.64,7559,-22450.23,75.59,27514.76,0,"	10984,10988" 
2026-02-06T15:00:00Z,"TSLA",2026-02-06T20:59:00Z,Buy,407.14,410.99,3234,12450.9,32.34,12127.5,1,"	10989,10994" 
2026-02-06T15:00:00Z,"AMD",2026-02-06T20:59:00Z,Buy,202.97,208.5,2256,12475.68,22.56,6249.12,1,"	10990,10995" 
2026-02-06T15:00:00Z,"NVDA",2026-02-06T20:59:00Z,Buy,180.57,185.65,8778,44592.24,87.78,11938.08,1,"	10991,10996" 
2026-02-06T15:00:00Z,"SPXL",2026-02-06T20:59:00Z,Buy,220.53,226.37,7196,42024.64,71.96,14679.84,1,"	10992,10998" 
2026-02-06T16:30:00Z,"TQQQ",2026-02-06T20:59:00Z,Buy,49.76,50.75,24757,24509.43,247.57,8664.95,1,"	10993,10997" 
2026-02-09T15:00:00Z,"NVDA",2026-02-09T19:00:00Z,Buy,191.18,190.76,7997,-3358.74,79.97,13514.93,0,"	10999,11004" 
2026-02-09T16:00:00Z,"TSLA",2026-02-09T18:00:00Z,Buy,417.98,419.61,3928,6402.64,39.28,6638.32,1,"	11000,11003" 
2026-02-09T17:00:00Z,"SPXL",2026-02-09T17:30:00Z,Buy,230.41,230.12,7136,-2069.44,71.36,3496.64,0,"	11001,11002" 
2026-02-10T15:30:00Z,"TSLA",2026-02-10T16:30:00Z,Buy,423.38,421.71,3873,-6467.91,38.73,15259.62,0,"	11005,11006" 
2026-02-11T15:30:00Z,"TQQQ",2026-02-11T16:00:00Z,Sell,50.15,51.18,30025,-30925.75,300.25,33477.88,0,"	11007,11008" 
2026-02-12T15:00:00Z,"TQQQ",2026-02-12T15:30:00Z,Sell,50.95,51.11,27044,-4327.04,270.44,11628.92,0,"	11009,11010" 
2026-02-12T16:30:00Z,"AMD",2026-02-12T17:00:00Z,Sell,206.16,207.96,5581,-10045.8,55.81,13673.45,0,"	11012,11014" 
2026-02-12T16:30:00Z,"TSLA",2026-02-12T20:59:00Z,Sell,419.36,416.89,3869,9556.43,38.69,12806.39,1,"	11011,11015" 
2026-02-12T16:30:00Z,"SPXL",2026-02-12T20:59:00Z,Sell,218.54,216.33,7022,15518.62,70.22,22400.18,1,"	11013,11016" 
2026-02-13T15:00:00Z,"NVDA",2026-02-13T15:30:00Z,Sell,182.4,184.08,8408,-14125.44,84.08,17236.4,0,"	11017,11019" 
2026-02-13T15:00:00Z,"SPXL",2026-02-13T15:30:00Z,Sell,214.73,217.69,7130,-21104.8,71.3,22880.17,0,"	11018,11020" 
