Entry Time,Symbols,Exit Time,Direction,Entry Price,Exit Price,Quantity,P&L,Fees,MAE,MFE,Drawdown,IsWin,Order Ids
2019-01-02T16:00:00Z,"NVDA",2019-01-02T17:30:00Z,Buy,3.3825021183,3.369858640725,196435,-2483.62,1964.35,-3068,4772.45,7840.45,0,"	1,2" 
2019-01-02T18:00:00Z,"AMD",2019-01-02T18:30:00Z,Buy,18.77,18.88,29467,3241.37,294.67,0,4714.72,2652.03,1,"	3,4" 
2019-01-03T15:00:00Z,"TSLA",2019-01-03T16:00:00Z,Sell,20.226664644,20.1253313208,16026,1623.97,160.26,-982.93,6036.46,4412.49,1,"	5,8" 
2019-01-03T15:00:00Z,"AMD",2019-01-03T20:59:00Z,Sell,17.57,17.1,35899,16872.53,358.99,-4666.87,22257.38,19026.47,1,"	6,9" 
2019-01-03T15:00:00Z,"NVDA",2019-01-03T20:59:00Z,Sell,3.220616023075,3.182933501675,205734,7752.58,2057.34,-7191.53,10914.81,17953.33,1,"	7,10" 
2019-01-04T15:00:00Z,"AMD",2019-01-04T20:59:00Z,Buy,17.99,18.96,24006,23285.82,240.06,-720.18,25686.42,7201.8,1,"	11,15" 
2019-01-04T15:30:00Z,"TSLA",2019-01-04T16:00:00Z,Buy,20.769997923,20.6206646046,23911,-3570.71,239.11,-4861.9,0,4861.9,0,"	12,14" 
2019-01-04T15:30:00Z,"NVDA",2019-01-04T20:59:00Z,Buy,3.314326503925,3.367379527475,206089,10933.64,2060.89,-2196.95,20385.63,12977.32,1,"	13,16" 
2019-01-07T15:00:00Z,"TSLA",2019-01-07T20:59:00Z,Buy,21.7419978258,22.3286644338,19597,11496.91,195.97,-2077.28,13508.86,6989.6,1,"	17,20" 
2019-01-07T16:00:00Z,"AMD",2019-01-07T20:59:00Z,Buy,20.09,20.57,15731,7550.88,157.31,0,8809.36,4247.37,1,"	18,21" 
2019-01-07T17:00:00Z,"NVDA",2019-01-07T20:59:00Z,Buy,3.5292656227,3.559758715675,148223,4519.78,1482.23,-698.18,9076.3,6320.34,1,"	19,22" 
2019-01-08T15:00:00Z,"NVDA",2019-01-08T17:30:00Z,Sell,3.482906204925,3.4677836141,138443,2093.62,1384.43,-480.5,12287.13,10914.26,1,"	23,28" 
2019-01-08T16:00:00Z,"AMD",2019-01-08T16:30:00Z,Sell,19.75,19.88,15269,-1984.97,152.69,-5496.84,0,5496.84,0,"	25,26" 
2019-01-08T16:00:00Z,"TSLA",2019-01-08T17:00:00Z,Sell,21.8973311436,22.213331112,20161,-6370.88,201.61,-6370.88,766.12,7136.99,0,"	24,27" 
2019-01-09T15:00:00Z,"TSLA",2019-01-09T15:30:00Z,Buy,22.6739977326,22.5379977462,19210,-2612.56,192.1,-3560.25,678.75,4239.01,0,"	29,30" 
2019-01-10T15:00:00Z,"AMD",2019-01-10T15:30:00Z,Sell,19.11,19.34,14735,-3389.05,147.35,-3831.1,0,3831.1,0,"	31,32" 
2019-01-14T15:00:00Z,"TSLA",2019-01-14T15:30:00Z,Sell,22.4386644228,22.6013310732,31340,-5097.97,313.4,-5641.2,1462.53,7103.73,0,"	33,34" 
2019-01-15T15:00:00Z,"TSLA",2019-01-15T19:00:00Z,Buy,22.806664386,22.916664375,30161,3317.71,301.61,0,13290.95,12426.33,1,"	35,36" 
2019-01-16T15:00:00Z,"TSLA",2019-01-16T15:30:00Z,Buy,23.3573309976,23.246664342,20250,-2241,202.5,-3294,1957.5,5251.5,0,"	37,38" 
2019-01-16T17:30:00Z,"AMD",2019-01-16T20:59:00Z,Sell,20.01,19.76,27295,6823.75,272.95,-545.9,7096.7,4640.15,1,"	39,40" 
2019-01-17T20:00:00Z,"AMD",2019-01-17T20:59:00Z,Buy,20.18,20.26,28923,2313.84,289.23,-1446.15,4916.91,2603.07,1,"	41,42" 
2019-01-18T15:00:00Z,"TSLA",2019-01-18T20:59:00Z,Sell,21.2246645442,20.1479979852,26701,28748.07,267.01,-961.24,32699.82,12976.68,1,"	43,48" 
2019-01-18T15:30:00Z,"AMD",2019-01-18T18:00:00Z,Buy,20.56,20.81,27655,6913.75,276.55,0,13274.4,8296.5,1,"	44,46" 
2019-01-18T15:30:00Z,"NVDA",2019-01-18T19:30:00Z,Buy,3.8446088281,3.8654333794,184458,3841.26,1844.58,0,12575.54,9054.39,1,"	45,47" 
2019-01-22T15:00:00Z,"NVDA",2019-01-22T20:59:00Z,Sell,3.76874796265,3.676277038425,193638,17905.88,1936.38,0,21122.22,9553.01,1,"	49,52" 
2019-01-22T18:30:00Z,"AMD",2019-01-22T20:59:00Z,Sell,19.86,19.75,37245,4096.95,372.45,-5214.3,5959.2,6704.1,1,"	50,51" 
2019-01-23T15:00:00Z,"AMD",2019-01-23T15:30:00Z,Buy,20.38,20.09,35706,-10354.74,357.06,-10354.74,3570.6,13925.34,0,"	53,55" 
2019-01-23T15:00:00Z,"NVDA",2019-01-23T15:30:00Z,Buy,3.811140799225,3.7732103665,194890,-7392.26,1948.9,-7392.26,0,7392.26,0,"	54,56" 
2019-01-23T17:30:00Z,"TSLA",2019-01-23T18:30:00Z,Sell,19.0259980974,19.0986647568,20491,-1489.01,204.91,-1857.85,4398.73,6256.58,0,"	57,58" 
2019-01-24T15:00:00Z,"AMD",2019-01-24T16:00:00Z,Buy,20.46,20.4,35260,-2115.6,352.6,-4231.2,10578,14809.2,0,"	59,61" 
2019-01-24T15:00:00Z,"NVDA",2019-01-24T16:00:00Z,Buy,3.908817861275,3.8634500888,186291,-8451.61,1862.91,-11545.91,277.1,11823.01,0,"	60,62" 
2019-01-25T15:00:00Z,"AMD",2019-01-25T15:30:00Z,Buy,21.25,21.1,29749,-4462.35,297.49,-7734.74,2379.92,10114.66,0,"	63,64" 
2019-01-28T15:00:00Z,"TSLA",2019-01-28T15:30:00Z,Sell,19.2906647376,19.5506647116,20592,-5353.92,205.92,-5806.94,1990.56,7797.5,0,"	65,66" 
2019-01-29T15:00:00Z,"AMD",2019-01-29T15:30:00Z,Sell,19.57,19.95,20564,-7814.32,205.64,-8019.96,0,8019.96,0,"	67,68" 
2019-01-29T16:00:00Z,"NVDA",2019-01-29T20:59:00Z,Sell,3.304905873575,3.2615213917,95426,4140.01,954.26,-2389.38,5322.87,2578.63,1,"	69,70" 
2019-01-30T15:30:00Z,"AMD",2019-01-30T20:59:00Z,Buy,22.05,23.07,18330,18696.6,183.3,-366.6,18879.9,7148.7,1,"	71,74" 
2019-01-30T19:30:00Z,"TSLA",2019-01-30T20:59:00Z,Buy,20.3906646276,20.5786646088,35171,6612.15,351.71,-2133.71,6635.59,6143.2,1,"	72,73" 
2019-01-31T15:00:00Z,"AMD",2019-01-31T20:30:00Z,Buy,24.14,24.32,9282,1670.76,92.82,-185.64,9096.36,8260.98,1,"	75,77" 
2019-01-31T15:00:00Z,"NVDA",2019-01-31T20:59:00Z,Buy,3.462577476275,3.5609982723,87770,8638.39,877.7,-391.67,11706.44,6136.09,1,"	76,78" 
2019-02-01T15:30:00Z,"TSLA",2019-02-01T18:00:00Z,Buy,21.0706645596,20.7693312564,34799,-10486.1,347.99,-10996.48,0,10996.48,0,"	79,80" 
2019-02-04T15:30:00Z,"NVDA",2019-02-04T20:59:00Z,Buy,3.6760291271,3.6938787425,85793,1531.37,857.93,0,4934.42,3403.05,1,"	81,82" 
2019-02-05T15:00:00Z,"TSLA",2019-02-05T20:59:00Z,Buy,21.1639978836,21.419997858,34348,8793.09,343.48,-4327.85,11014.26,7006.99,1,"	83,84" 
2019-02-06T15:00:00Z,"NVDA",2019-02-06T15:30:00Z,Buy,3.814611557775,3.77469783445,191807,-7655.73,1918.07,-10508.8,0,10508.8,0,"	85,86" 
2019-02-07T15:00:00Z,"NVDA",2019-02-07T15:30:00Z,Sell,3.67751659505,3.712472091875,197170,-6892.18,1971.7,-6941.06,3812.69,10753.75,0,"	87,88" 
2019-02-07T16:30:00Z,"TSLA",2019-02-07T20:59:00Z,Sell,20.506664616,20.506664616,35108,0,351.08,-2785.23,10111.1,12896.34,0,"	89,92" 
2019-02-07T17:00:00Z,"AMD",2019-02-07T18:00:00Z,Sell,22.5,22.55,19016,-950.8,190.16,-1521.28,2852.4,4373.68,0,"	90,91" 
2019-02-08T15:00:00Z,"TSLA",2019-02-08T16:00:00Z,Sell,20.0326646634,20.159997984,32042,-4080.01,320.42,-4656.77,3973.21,8629.98,0,"	93,94" 
2019-02-08T18:30:00Z,"AMD",2019-02-08T20:59:00Z,Buy,22.88,23.04,31286,5005.76,312.86,0,11888.68,7821.5,1,"	95,96" 
2019-02-11T15:00:00Z,"AMD",2019-02-11T15:30:00Z,Sell,22.81,23.04,31497,-7244.31,314.97,-8819.16,629.94,9449.1,0,"	98,99" 
2019-02-11T15:00:00Z,"TSLA",2019-02-11T16:00:00Z,Buy,21.109997889,20.9993312334,34061,-3769.42,340.61,-5813.08,4246.27,10059.35,0,"	97,100" 
2019-02-12T15:00:00Z,"NVDA",2019-02-12T15:30:00Z,Buy,3.720405254275,3.711976269225,191043,-1610.3,1910.43,-1941.83,2557.53,4499.36,0,"	101,102" 
2019-02-13T15:00:00Z,"TSLA",2019-02-13T15:30:00Z,Sell,20.5573312776,20.6293312704,34332,-2471.9,343.32,-4966.7,0,4966.7,0,"	103,104" 
2019-02-13T16:00:00Z,"AMD",2019-02-13T16:30:00Z,Buy,23.13,23.07,30579,-1834.74,305.79,-1834.74,1528.95,3363.69,0,"	105,106" 
2019-02-13T19:00:00Z,"NVDA",2019-02-13T20:30:00Z,Buy,3.837667311,3.828494591975,131173,-1203.21,1311.73,-1430.85,3251.93,4682.78,0,"	107,108" 
2019-02-14T15:00:00Z,"AMD",2019-02-14T15:30:00Z,Buy,23.29,23.06,30222,-6951.06,302.22,-8159.94,1813.32,9973.26,0,"	109,111" 
2019-02-14T15:00:00Z,"NVDA",2019-02-14T15:30:00Z,Buy,3.85105452255,3.81932187295,135765,-4308.18,1357.65,-4981.34,875.1,5856.44,0,"	110,112" 
2019-02-15T16:30:00Z,"AMD",2019-02-15T18:30:00Z,Buy,23.84,23.72,29177,-3501.24,291.77,-3501.24,5543.63,9044.87,0,"	113,114" 
2019-02-15T19:30:00Z,"TSLA",2019-02-15T20:30:00Z,Buy,20.4593312874,20.4586646208,29630,-19.75,296.3,-987.67,414.82,1402.49,0,"	115,116" 
2019-02-19T15:00:00Z,"TSLA",2019-02-19T15:30:00Z,Buy,20.7386645928,20.59999794,30132,-4178.3,301.32,-7291.94,0,7291.94,0,"	117,119" 
2019-02-19T15:00:00Z,"AMD",2019-02-19T18:00:00Z,Buy,24.18,24.17,28642,-286.42,286.42,-1432.1,6301.24,7446.92,0,"	118,122" 
2019-02-19T16:30:00Z,"NVDA",2019-02-19T17:30:00Z,Buy,3.9447650034,3.92344462945,161895,-3451.66,1618.95,-3973.42,602.03,4575.46,0,"	120,121" 
2019-02-20T15:30:00Z,"NVDA",2019-02-20T17:00:00Z,Buy,3.99385144575,3.96211879615,152450,-4837.64,1524.5,-4837.64,75.59,4913.23,0,"	123,125" 
2019-02-20T16:00:00Z,"TSLA",2019-02-20T20:30:00Z,Sell,20.1746646492,20.186664648,33860,-406.32,338.6,-1444.69,7990.96,8397.28,0,"	124,126" 
2019-02-21T15:30:00Z,"TSLA",2019-02-21T16:30:00Z,Sell,19.959998004,20.0039979996,29319,-1290.04,293.19,-2345.52,0,2345.52,0,"	127,128" 
2019-02-21T20:00:00Z,"NVDA",2019-02-21T20:59:00Z,Sell,3.858243950975,3.855269015075,176101,523.89,1761.01,-1789.95,1702.64,2357.5,1,"	129,130" 
2019-02-25T15:00:00Z,"TSLA",2019-02-25T16:30:00Z,Buy,20.1813313152,19.9839980016,24528,-4840.19,245.28,-5804.96,0,5804.96,0,"	131,132" 
2019-02-26T16:00:00Z,"AMD",2019-02-26T20:59:00Z,Sell,24.23,24.23,27882,0,278.82,-5018.76,1394.1,5018.76,0,"	133,138" 
2019-02-26T16:30:00Z,"TSLA",2019-02-26T18:00:00Z,Buy,20.0673313266,19.839998016,21378,-4859.93,213.78,-4859.93,1154.41,6014.34,0,"	134,135" 
2019-02-26T18:00:00Z,"NVDA",2019-02-26T19:30:00Z,Sell,3.88080388155,3.885514196725,148190,-698.02,1481.9,-1616.47,2681.87,4224.87,0,"	136,137" 
2019-02-27T15:00:00Z,"NVDA",2019-02-27T16:30:00Z,Sell,3.836923577025,3.84708794135,174575,-1774.44,1745.75,-1990.84,6621.71,8612.54,0,"	141,142" 
2019-02-27T15:00:00Z,"AMD",2019-02-27T17:00:00Z,Sell,23.34,23.59,28738,-7184.5,287.38,-8621.4,2873.8,11495.2,0,"	140,143" 
2019-02-27T15:00:00Z,"TSLA",2019-02-27T20:59:00Z,Buy,20.469997953,20.986664568,26983,13941.22,269.83,-4047.45,15937.96,6475.92,1,"	139,144" 
2019-03-01T15:00:00Z,"TSLA",2019-03-01T20:59:00Z,Sell,19.9753313358,19.653331368,27348,8806.06,273.48,-2060.22,13637.53,10574.56,1,"	145,146" 
2019-03-04T15:00:00Z,"TSLA",2019-03-04T20:59:00Z,Sell,19.0973314236,19.0519980948,12549,568.89,125.49,-2710.58,2986.66,3471.89,1,"	147,152" 
2019-03-04T17:00:00Z,"NVDA",2019-03-04T18:00:00Z,Sell,3.8508042356,3.8674314112,176031,-2926.9,1760.31,-3101.64,2621.1,5548,0,"	149,150" 
2019-03-04T17:00:00Z,"AMD",2019-03-04T19:00:00Z,Sell,23.12,23.42,27300,-8190,273,-8190,3003,11193,0,"	148,151" 
2019-03-05T15:00:00Z,"TSLA",2019-03-05T16:00:00Z,Sell,18.246664842,18.359998164,11987,-1358.53,119.87,-1917.92,2621.16,4539.08,0,"	153,155" 
2019-03-05T15:00:00Z,"NVDA",2019-03-05T16:00:00Z,Sell,3.8331843928,3.8753727488,174493,-7361.57,1744.93,-7837.91,0,7837.91,0,"	154,156" 
2019-03-06T15:00:00Z,"NVDA",2019-03-06T19:00:00Z,Sell,3.8336807264,3.8321917256,172604,257.01,1726.04,-1199.37,7710.22,7453.22,1,"	158,159" 
2019-03-06T15:00:00Z,"AMD",2019-03-06T20:59:00Z,Sell,23.18,22.41,28581,22007.37,285.81,0,22293.18,8002.68,1,"	157,160" 
2019-03-07T20:00:00Z,"NVDA",2019-03-07T20:59:00Z,Sell,3.693962818,3.708852826,182926,-2723.77,1829.26,-2723.77,1089.51,3813.28,0,"	161,162" 
2019-03-08T20:00:00Z,"TSLA",2019-03-08T20:30:00Z,Buy,18.89999811,18.8126647854,24293,-2121.59,242.93,-3838.29,0,3838.29,0,"	163,164" 
2019-03-11T14:00:00Z,"AMD",2019-03-11T19:59:00Z,Buy,22.44,22.95,29381,14984.31,293.81,0,17922.41,8814.3,1,"	165,169" 
2019-03-11T14:00:00Z,"NVDA",2019-03-11T19:59:00Z,Buy,3.823009554,4.0021859836,175541,31452.81,1755.41,0,34807.2,4922.67,1,"	166,170" 
2019-03-11T16:30:00Z,"TSLA",2019-03-11T17:00:00Z,Buy,19.2846647382,19.1893314144,27892,-2659.04,278.92,-2659.04,1078.49,3737.53,0,"	167,168" 
2019-03-12T15:00:00Z,"TSLA",2019-03-12T16:00:00Z,Sell,18.7586647908,18.8846647782,37266,-4695.52,372.66,-5266.93,447.19,5714.12,0,"	171,172" 
2019-03-12T18:00:00Z,"AMD",2019-03-12T19:00:00Z,Buy,23.64,23.61,27317,-819.51,273.17,-2458.53,3551.21,6009.74,0,"	173,174" 
2019-03-13T14:00:00Z,"AMD",2019-03-13T14:30:00Z,Buy,24.04,23.87,24745,-4206.65,247.45,-4949,1484.7,6433.7,0,"	176,178" 
2019-03-13T14:00:00Z,"TSLA",2019-03-13T17:00:00Z,Buy,19.0913314242,19.1626647504,36423,2598.17,364.23,-1845.43,13355.1,11655.36,1,"	175,179" 
2019-03-13T14:00:00Z,"NVDA",2019-03-13T19:00:00Z,Buy,4.130736386,4.1788807452,130180,6267.43,1301.8,0,10725.71,7139.7,1,"	177,180" 
2019-03-14T14:00:00Z,"TSLA",2019-03-14T14:30:00Z,Buy,19.63333137,19.4359980564,35508,-7006.91,355.08,-7622.38,0,7622.38,0,"	181,182" 
2019-03-14T14:30:00Z,"AMD",2019-03-14T16:30:00Z,Sell,23.05,23.14,30025,-2702.25,300.25,-2702.25,6605.5,9307.75,0,"	183,184" 
2019-03-15T14:00:00Z,"TSLA",2019-03-15T15:00:00Z,Sell,18.453331488,18.5926648074,37374,-5207.44,373.74,-6727.32,3114.5,9841.82,0,"	185,188" 
2019-03-15T14:00:00Z,"NVDA",2019-03-15T15:00:00Z,Buy,4.2404261116,4.2292586056,128477,-1434.77,1284.77,-4399.95,892.74,5292.7,0,"	187,189" 
2019-03-15T14:00:00Z,"AMD",2019-03-15T16:00:00Z,Buy,23.53,23.34,29324,-5571.56,293.24,-6158.04,3518.88,9676.92,0,"	186,190" 
2019-03-18T14:00:00Z,"AMD",2019-03-18T14:30:00Z,Buy,23.58,23.33,28870,-7217.5,288.7,-7217.5,0,7217.5,0,"	192,193" 
2019-03-18T14:00:00Z,"TSLA",2019-03-18T19:59:00Z,Sell,18.1719981828,17.9753315358,35420,6965.93,354.2,-401.43,12231.71,9256.43,1,"	191,194" 
2019-03-19T14:00:00Z,"AMD",2019-03-19T19:59:00Z,Buy,24.25,26.03,28044,49918.32,280.44,0,50479.2,9534.96,1,"	195,198" 
2019-03-19T14:30:00Z,"NVDA",2019-03-19T15:30:00Z,Buy,4.352845672,4.354086506,157272,195.15,1572.72,-2497.9,4059.09,6556.99,1,"	196,197" 
2019-03-20T15:30:00Z,"AMD",2019-03-20T16:30:00Z,Sell,25.35,25.74,15984,-6233.76,159.84,-7192.8,0,7192.8,0,"	199,200" 
2019-03-21T14:00:00Z,"AMD",2019-03-21T19:59:00Z,Buy,26.33,27.92,14931,23740.29,149.31,-447.93,26278.56,3882.06,1,"	201,203" 
2019-03-21T14:00:00Z,"NVDA",2019-03-21T19:59:00Z,Buy,4.43598155,4.5677581208,159492,21017.31,1594.92,-2612.32,24698.31,5382.96,1,"	202,204" 
2019-03-22T14:00:00Z,"AMD",2019-03-22T14:30:00Z,Sell,26.97,27.04,15856,-1109.92,158.56,-5391.04,4281.12,9672.16,0,"	206,207" 
2019-03-22T14:00:00Z,"TSLA",2019-03-22T19:59:00Z,Sell,17.896664877,17.6126649054,41128,11680.35,411.28,-5949.85,11927.12,8390.11,1,"	205,209" 
2019-03-22T15:00:00Z,"NVDA",2019-03-22T19:59:00Z,Sell,4.4712212356,4.4032235324,164518,11186.85,1645.18,0,12574.99,9145.45,1,"	208,210" 
2019-03-25T14:00:00Z,"TSLA",2019-03-25T14:30:00Z,Sell,17.0819982918,17.2806649386,43872,-8715.9,438.72,-9008.38,0,9008.38,0,"	211,213" 
2019-03-25T14:00:00Z,"NVDA",2019-03-25T15:30:00Z,Sell,4.316861486,4.3141316512,157524,430.01,1575.24,-1172.77,10437.62,10007.61,1,"	212,214" 
2019-03-26T14:00:00Z,"TSLA",2019-03-26T15:00:00Z,Buy,17.9386648728,17.8006648866,41402,-5713.48,414.02,-5713.48,2208.11,7921.58,0,"	215,216" 
2019-03-27T14:00:00Z,"AMD",2019-03-27T14:30:00Z,Sell,24.99,25.3,19165,-5941.15,191.65,-7666,0,7666,0,"	217,218" 
2019-03-27T15:00:00Z,"TSLA",2019-03-27T15:30:00Z,Buy,18.139998186,18.0006648666,40496,-5642.44,404.96,-5804.43,1997.8,7802.23,0,"	219,220" 
2019-04-01T14:30:00Z,"TSLA",2019-04-01T19:59:00Z,Buy,18.9946647672,19.2673314066,37087,10112.39,370.87,-370.87,10285.46,5711.4,1,"	221,222" 
2019-04-02T14:30:00Z,"TSLA",2019-04-02T15:00:00Z,Sell,19.0693314264,19.0973314236,38639,-1081.89,386.39,-1622.84,1725.88,3348.71,0,"	223,224" 
2019-04-02T15:00:00Z,"NVDA",2019-04-02T15:30:00Z,Buy,4.5734659572,4.5493937776,160855,-3872.13,1608.55,-7305.15,239.51,7544.67,0,"	225,226" 
2019-04-03T14:00:00Z,"TSLA",2019-04-03T16:00:00Z,Buy,19.4919980508,19.5359980464,26626,1171.54,266.26,-426.02,6425.74,5786.72,1,"	227,230" 
2019-04-03T14:00:00Z,"AMD",2019-04-03T17:00:00Z,Buy,28.91,29.07,13261,2121.76,132.61,0,13658.83,11537.07,1,"	228,231" 
2019-04-03T14:00:00Z,"NVDA",2019-04-03T18:00:00Z,Buy,4.6697546756,4.6727326772,156686,466.61,1566.86,-544.38,10732.06,10265.45,1,"	229,232" 
2019-04-05T16:30:00Z,"TSLA",2019-04-05T19:59:00Z,Buy,18.3506648316,18.329998167,19814,-409.49,198.14,-1915.35,752.93,2153.12,0,"	233,236" 
2019-04-05T18:00:00Z,"NVDA",2019-04-05T18:30:00Z,Buy,4.7496643852,4.7451973828,154308,-689.29,1543.08,-919.06,382.94,1302,0,"	234,235" 
2019-04-09T14:30:00Z,"AMD",2019-04-09T19:59:00Z,Sell,27.81,27.23,15740,9129.2,157.4,0,9286.6,4249.8,1,"	237,240" 
2019-04-09T15:00:00Z,"NVDA",2019-04-09T16:30:00Z,Sell,4.6734771776,4.687870852,157463,-2266.47,1574.63,-2930.78,859.7,3790.48,0,"	238,239" 
2019-04-10T14:00:00Z,"NVDA",2019-04-10T17:30:00Z,Buy,4.7538832208,4.7578538896,154559,613.7,1545.59,-230.14,5753.46,5676.75,1,"	241,242" 
2019-04-11T14:00:00Z,"NVDA",2019-04-11T15:00:00Z,Sell,4.7178990348,4.7566130556,155540,-6021.58,1555.4,-6060.18,926.4,6986.58,0,"	243,244" 
2019-04-12T18:00:00Z,"NVDA",2019-04-12T19:00:00Z,Sell,4.718891702,4.7295628744,154473,-1648.41,1544.73,-1801.75,805.04,2606.78,0,"	245,246" 
2019-04-15T14:00:00Z,"AMD",2019-04-15T15:30:00Z,Sell,27.36,27.29,16167,1131.69,161.67,-646.68,6305.13,5981.79,1,"	248,250" 
2019-04-15T14:00:00Z,"TSLA",2019-04-15T16:00:00Z,Sell,17.4759982524,17.5239982476,41608,-1997.18,416.08,-2551.96,9292.45,11289.64,0,"	247,251" 
2019-04-15T14:00:00Z,"NVDA",2019-04-15T19:59:00Z,Sell,4.6347631568,4.5794219604,156724,8673.29,1567.24,0,13846.15,8401.04,1,"	249,252" 
2019-04-16T14:00:00Z,"TSLA",2019-04-16T19:59:00Z,Buy,17.9659982034,18.2306648436,40689,10769.02,406.89,-1600.43,14783.67,8815.95,1,"	253,254" 
2019-04-17T14:00:00Z,"TSLA",2019-04-17T14:30:00Z,Sell,18.043331529,18.016664865,37497,999.92,374.97,0,4999.6,3999.68,1,"	255,257" 
2019-04-17T14:00:00Z,"AMD",2019-04-17T19:59:00Z,Sell,27.68,27.5,26648,4796.64,266.48,0,11991.6,7994.4,1,"	256,258" 
2019-04-22T14:30:00Z,"TSLA",2019-04-22T19:30:00Z,Sell,17.6026649064,17.6553315678,42104,-2217.48,421.04,-3789.36,3620.94,7410.3,0,"	259,261" 
2019-04-22T17:00:00Z,"AMD",2019-04-22T19:59:00Z,Buy,28.15,28.16,24541,245.41,245.41,-1963.28,1717.87,3435.74,1,"	260,262" 
2019-04-23T16:00:00Z,"NVDA",2019-04-23T17:00:00Z,Buy,4.7605837244,4.7526423868,155296,-1233.26,1552.96,-2505.06,269.78,2620.67,0,"	263,264" 
2019-04-24T15:00:00Z,"AMD",2019-04-24T19:59:00Z,Buy,28.7,28.47,24433,-5619.59,244.33,-7085.57,3176.29,10261.86,0,"	265,268" 
2019-04-24T19:00:00Z,"TSLA",2019-04-24T19:59:00Z,Sell,17.2626649404,17.2439982756,27493,513.2,274.93,-2584.34,989.75,3409.13,1,"	266,267" 
2019-04-25T14:00:00Z,"NVDA",2019-04-25T16:00:00Z,Sell,4.6446898288,4.6347631568,157893,1567.35,1578.93,-1959.19,13322.49,12656.37,1,"	270,272" 
2019-04-25T14:00:00Z,"AMD",2019-04-25T19:59:00Z,Sell,28.13,27.67,21734,9997.64,217.34,-2608.08,16735.18,10214.98,1,"	269,274" 
2019-04-25T15:00:00Z,"TSLA",2019-04-25T19:59:00Z,Sell,16.7846649882,16.5159983484,29629,7960.32,296.29,0,11180.01,6222.09,1,"	271,273" 
2019-04-26T14:00:00Z,"AMD",2019-04-26T15:00:00Z,Sell,27.25,27.58,25572,-8438.76,255.72,-8438.76,4602.96,13041.72,0,"	276,278" 
2019-04-26T14:00:00Z,"NVDA",2019-04-26T15:00:00Z,Sell,4.3270363248,4.3952821948,172114,-11746.07,1721.14,-13967.14,2391.93,16359.07,0,"	277,279" 
2019-04-26T14:00:00Z,"TSLA",2019-04-26T19:59:00Z,Sell,16.149998385,15.6593317674,35999,17663.51,359.99,-3599.9,26327.27,9599.73,1,"	275,280" 
2019-04-29T14:00:00Z,"AMD",2019-04-29T14:30:00Z,Sell,27.64,27.67,26852,-805.56,268.52,-1879.64,3490.76,5370.4,0,"	282,283" 
2019-04-29T14:00:00Z,"TSLA",2019-04-29T17:00:00Z,Buy,15.8453317488,16.039998396,46849,9119.94,468.49,-1343,19176.86,12711.69,1,"	281,284" 
2019-04-30T15:30:00Z,"AMD",2019-04-30T16:00:00Z,Sell,27.08,27.43,27600,-9660,276,-11868,0,11868,0,"	285,286" 
2019-04-30T18:00:00Z,"NVDA",2019-04-30T18:30:00Z,Buy,4.5072054216,4.5027384192,154368,-689.56,1543.68,-957.73,1379.12,2336.85,0,"	287,288" 
2019-05-01T14:00:00Z,"TSLA",2019-05-01T17:30:00Z,Sell,15.7779984222,15.6293317704,34923,5191.89,349.23,-931.28,11617.72,7007.88,1,"	289,290" 
2019-05-01T19:30:00Z,"AMD",2019-05-01T19:59:00Z,Sell,27.06,26.81,27440,6860,274.4,0,6860,4664.8,1,"	291,292" 
2019-05-02T14:00:00Z,"AMD",2019-05-02T15:30:00Z,Buy,27.71,27.9,26964,5123.16,269.64,0,24267.6,19144.44,1,"	293,295" 
2019-05-02T14:30:00Z,"NVDA",2019-05-02T15:30:00Z,Buy,4.5744586244,4.5109279236,154795,-9834.23,1547.95,-9834.23,1421.35,11255.59,0,"	294,296" 
2019-05-03T14:00:00Z,"TSLA",2019-05-03T19:59:00Z,Buy,16.4806650186,16.9999983,36663,19040.32,366.63,0,22902.15,8628.03,1,"	297,298" 
2019-05-07T14:00:00Z,"TSLA",2019-05-07T14:30:00Z,Sell,16.7739983226,16.7573316576,31165,519.42,311.65,-1516.7,1953.01,2493.2,1,"	299,300" 
2019-05-07T15:00:00Z,"NVDA",2019-05-07T19:59:00Z,Sell,4.33671483,4.2885704708,173955,8374.95,1739.55,-2590.19,15325.3,7295.71,1,"	301,304" 
2019-05-07T18:00:00Z,"AMD",2019-05-07T19:59:00Z,Sell,26.33,26.63,17722,-5316.6,177.22,-5316.6,1949.42,7266.02,0,"	302,303" 
2019-05-08T14:00:00Z,"AMD",2019-05-08T17:30:00Z,Buy,27.12,27.25,21630,2811.9,216.3,0,12329.1,9517.2,1,"	305,307" 
2019-05-08T14:00:00Z,"NVDA",2019-05-08T17:30:00Z,Buy,4.3496195036,4.3456488348,173643,-689.48,1736.43,-2456.27,7799.73,8575.39,0,"	306,308" 
2019-05-09T14:00:00Z,"NVDA",2019-05-09T16:00:00Z,Sell,4.1625017364,4.1843404148,181436,-3962.32,1814.36,-4052.38,10220.99,14273.37,0,"	309,310" 
2019-05-10T15:30:00Z,"NVDA",2019-05-10T17:30:00Z,Sell,4.1074087068,4.1714357412,182977,-11715.47,1829.77,-12124.15,6493.46,18617.61,0,"	311,312" 
2019-05-10T19:30:00Z,"AMD",2019-05-10T19:59:00Z,Buy,28.06,27.93,26484,-3442.92,264.84,-6621,0,6621,0,"	313,314" 
2019-05-13T14:00:00Z,"AMD",2019-05-13T15:00:00Z,Sell,26.3,26.63,17969,-5929.77,179.69,-7546.98,2695.35,10242.33,0,"	316,317" 
2019-05-13T14:00:00Z,"TSLA",2019-05-13T18:30:00Z,Sell,15.2253318108,15.183331815,48635,2042.67,486.35,-2820.83,12029.06,14849.89,1,"	315,319" 
2019-05-13T16:30:00Z,"NVDA",2019-05-13T19:59:00Z,Sell,3.9763766364,3.9319547792,186369,8278.86,1863.69,-3515.05,10591.39,7908.85,1,"	318,320" 
2019-05-14T14:30:00Z,"TSLA",2019-05-14T15:00:00Z,Buy,15.476665119,15.4026651264,47936,-3547.26,479.36,-3547.26,671.1,4218.37,0,"	321,322" 
2019-05-14T16:00:00Z,"AMD",2019-05-14T16:30:00Z,Buy,26.96,26.88,19050,-1524,190.5,-1524,952.5,2476.5,0,"	323,324" 
2019-05-14T17:30:00Z,"NVDA",2019-05-14T19:00:00Z,Buy,4.0418926716,4.0354403348,178039,-1148.77,1780.39,-2430.09,2253.35,4683.44,0,"	325,326" 
2019-05-16T14:00:00Z,"TSLA",2019-05-16T14:30:00Z,Sell,15.16666515,15.1993318134,48510,-1584.66,485.1,-1649.34,2684.22,4268.88,0,"	327,328" 
2019-05-16T15:00:00Z,"AMD",2019-05-16T17:00:00Z,Buy,28.23,28.01,20759,-4566.98,207.59,-6020.11,2491.08,8511.19,0,"	329,330" 
2019-05-17T14:00:00Z,"TSLA",2019-05-17T15:00:00Z,Sell,14.549998545,14.6306652036,50257,-4054.06,502.57,-5796.31,3987.05,9783.36,0,"	331,333" 
2019-05-17T14:00:00Z,"NVDA",2019-05-17T15:30:00Z,Buy,4.0319659996,3.9974708144,181270,-6252.94,1812.7,-10661.49,2519.17,13180.66,0,"	332,334" 
2019-05-20T14:30:00Z,"TSLA",2019-05-20T15:00:00Z,Sell,13.2446653422,13.469998653,46171,-10403.86,461.71,-10988.7,1323.57,12312.27,0,"	335,336" 
2019-05-21T18:30:00Z,"NVDA",2019-05-21T19:00:00Z,Buy,3.8572565724,3.8510524024,185511,-1150.94,1855.11,-1150.94,920.75,2071.7,0,"	337,338" 
2019-05-22T16:30:00Z,"TSLA",2019-05-22T19:59:00Z,Sell,13.039998696,12.849998715,43680,8299.2,436.8,-2329.6,10920,7745.92,1,"	339,342" 
2019-05-22T17:00:00Z,"NVDA",2019-05-22T19:00:00Z,Sell,3.7763541956,3.7929813712,189008,-3142.67,1890.08,-3705.54,1735.5,5441.04,0,"	340,341" 
2019-05-23T14:00:00Z,"TSLA",2019-05-23T14:30:00Z,Buy,13.109998689,12.9999987,43151,-4746.61,431.51,-8831.57,5695.93,14527.5,0,"	343,346" 
2019-05-23T14:00:00Z,"NVDA",2019-05-23T14:30:00Z,Sell,3.6500372944,3.6535116296,195752,-680.11,1957.52,-1408.8,3692.02,4469.28,0,"	345,347" 
2019-05-23T14:00:00Z,"AMD",2019-05-23T19:30:00Z,Sell,26.46,26.37,27029,2432.61,270.29,-1081.16,10811.6,8649.28,1,"	344,348" 
2019-05-24T14:30:00Z,"TSLA",2019-05-24T19:30:00Z,Sell,12.839998716,12.73333206,39498,4213.12,394.98,-658.3,10111.49,7162.3,1,"	349,351" 
2019-05-24T17:30:00Z,"NVDA",2019-05-24T19:59:00Z,Sell,3.6143012752,3.5994112672,198348,2953.4,1983.48,-2559.62,3002.63,3593.31,1,"	350,352" 
2019-05-28T14:00:00Z,"AMD",2019-05-28T19:59:00Z,Buy,28.25,29.11,24386,20971.96,243.86,-6340.36,33652.68,16338.62,1,"	353,355" 
2019-05-28T19:30:00Z,"NVDA",2019-05-28T19:59:00Z,Sell,3.5634270812,3.5606972464,204055,557.04,2040.55,-810.23,1215.35,2025.59,1,"	354,356" 
2019-05-29T14:00:00Z,"AMD",2019-05-29T14:30:00Z,Sell,28.49,28.79,14486,-4345.8,144.86,-4780.38,2462.62,7243,0,"	357,359" 
2019-05-29T14:30:00Z,"TSLA",2019-05-29T15:00:00Z,Buy,12.7573320576,12.639998736,56847,-6670.05,568.47,-6935.33,0,6935.33,0,"	358,360" 
2019-05-29T16:00:00Z,"NVDA",2019-05-29T16:30:00Z,Sell,3.4626713604,3.4802912032,207816,-3661.69,2078.16,-3661.69,206.29,3867.98,0,"	361,362" 
2019-05-30T18:30:00Z,"NVDA",2019-05-30T19:00:00Z,Sell,3.42910793515,3.439791288375,208736,-2230,2087.36,-2230,1970.7,4200.7,0,"	363,364" 
2019-06-03T14:00:00Z,"NVDA",2019-06-03T14:30:00Z,Buy,3.4017784269,3.3848838218,209540,-3540.1,2095.4,-4008.64,1457.69,5466.32,0,"	367,368" 
2019-06-03T14:00:00Z,"TSLA",2019-06-03T15:00:00Z,Sell,12.0919987908,12.2593321074,59006,-9873.67,590.06,-9873.67,2478.25,12351.92,0,"	365,369" 
2019-06-03T14:00:00Z,"AMD",2019-06-03T15:00:00Z,Buy,29.21,29.11,5779,-577.9,57.79,-1386.96,2253.81,3640.77,0,"	366,370" 
2019-06-04T14:00:00Z,"TSLA",2019-06-04T19:59:00Z,Buy,12.3293321004,12.9153320418,53540,31374.44,535.4,-820.95,31374.44,7566.99,1,"	371,375" 
2019-06-04T14:30:00Z,"NVDA",2019-06-04T19:59:00Z,Buy,3.459667294375,3.554575223025,203762,19338.63,2037.62,-1468.12,19389.25,5163.72,1,"	372,376" 
2019-06-04T17:30:00Z,"AMD",2019-06-04T18:00:00Z,Buy,29.22,29.28,6440,386.4,64.4,-450.8,708.4,901.6,1,"	373,374" 
2019-06-05T14:30:00Z,"NVDA",2019-06-05T19:30:00Z,Sell,3.50264915735,3.491468903975,180235,2015.07,1802.35,-2059.85,4880.95,6940.81,1,"	377,378" 
2019-06-06T14:30:00Z,"AMD",2019-06-06T19:59:00Z,Buy,30.92,31.85,22097,20550.21,220.97,-662.91,22980.88,9722.68,1,"	379,382" 
2019-06-06T15:30:00Z,"TSLA",2019-06-06T16:30:00Z,Buy,14.0186652648,13.826665284,39482,-7580.54,394.82,-8686.04,868.6,9554.64,0,"	380,381" 
2019-06-07T14:00:00Z,"TSLA",2019-06-07T15:30:00Z,Buy,13.9453319388,13.8113319522,38197,-5118.4,381.97,-5118.4,4125.28,9243.67,0,"	383,385" 
2019-06-07T15:00:00Z,"NVDA",2019-06-07T15:30:00Z,Buy,3.6422780995,3.613706340875,180330,-5152.35,1803.3,-5152.35,224.02,5376.36,0,"	384,386" 
2019-06-10T14:00:00Z,"TSLA",2019-06-10T14:30:00Z,Buy,14.283331905,14.236665243,38173,-1781.41,381.73,-2112.24,1705.06,3817.3,0,"	387,388" 
2019-06-10T15:30:00Z,"AMD",2019-06-10T16:30:00Z,Buy,34.16,34.02,18941,-2651.74,189.41,-3219.97,2462.33,5682.3,0,"	389,391" 
2019-06-10T16:00:00Z,"NVDA",2019-06-10T16:30:00Z,Buy,3.748366281525,3.734453077325,195182,-2715.61,1951.82,-3152.04,1454.79,4606.83,0,"	390,392" 
2019-06-11T14:00:00Z,"AMD",2019-06-11T14:30:00Z,Sell,32.85,32.87,20488,-409.76,204.88,-4712.24,2253.68,4712.24,0,"	393,394" 
2019-06-12T14:30:00Z,"TSLA",2019-06-12T15:00:00Z,Sell,14.1719985828,14.1659985834,47603,285.62,476.03,-3459.15,5014.18,8473.33,1,"	395,397" 
2019-06-12T14:30:00Z,"NVDA",2019-06-12T15:30:00Z,Sell,3.64575640055,3.653955253025,199377,-1634.66,1993.77,-2427.23,1832.8,4260.03,0,"	396,398" 
2019-06-13T14:00:00Z,"TSLA",2019-06-13T14:30:00Z,Buy,14.2659985734,14.2239985776,43095,-1809.99,430.95,-6866.47,1982.37,8848.84,0,"	399,401" 
2019-06-13T14:00:00Z,"NVDA",2019-06-13T14:30:00Z,Buy,3.6979309163,3.675818859625,195994,-4333.83,1959.94,-6427.7,0,6427.7,0,"	400,402" 
2019-06-13T15:00:00Z,"AMD",2019-06-13T15:30:00Z,Sell,31.62,31.53,17068,1536.12,170.68,-1365.44,3072.24,2389.52,1,"	403,404" 
2019-06-14T14:00:00Z,"NVDA",2019-06-14T14:30:00Z,Sell,3.554575223025,3.57420277895,202449,-3973.58,2024.49,-4627.46,201.19,4828.65,0,"	406,407" 
2019-06-14T14:00:00Z,"AMD",2019-06-14T16:30:00Z,Sell,30.37,30.2,23721,4032.57,237.21,-3795.36,7827.93,8065.14,1,"	405,408" 
2019-06-17T14:00:00Z,"TSLA",2019-06-17T19:59:00Z,Buy,14.6426652024,14.9979985002,42833,15219.99,428.33,-1741.88,20788.28,10022.92,1,"	409,413" 
2019-06-17T15:00:00Z,"NVDA",2019-06-17T16:00:00Z,Buy,3.628613345375,3.622650543575,200419,-1195.06,2004.19,-2439.91,1344.44,3784.35,0,"	410,412" 
2019-06-17T16:00:00Z,"AMD",2019-06-17T19:59:00Z,Sell,29.42,29.19,24623,5663.29,246.23,-3693.45,5909.52,7140.67,1,"	411,414" 
2019-06-18T14:00:00Z,"TSLA",2019-06-18T14:30:00Z,Buy,15.5206651146,15.4746651192,28112,-1293.15,281.12,-4104.35,655.95,4760.3,0,"	415,418" 
2019-06-18T14:00:00Z,"AMD",2019-06-18T16:30:00Z,Buy,30.45,30.33,23990,-2878.8,239.9,-3598.5,11995,15593.5,0,"	416,419" 
2019-06-18T14:00:00Z,"NVDA",2019-06-18T19:59:00Z,Buy,3.775695789775,3.79383264525,164119,2976.6,1641.19,0,12640.37,10193.84,1,"	417,420" 
2019-06-20T15:30:00Z,"TSLA",2019-06-20T17:00:00Z,Sell,14.579998542,14.673331866,49925,-4659.67,499.25,-5857.87,2196.7,8054.57,0,"	421,422" 
2019-06-25T14:30:00Z,"NVDA",2019-06-25T15:00:00Z,Buy,3.85644206415,3.841783509725,161827,-2372.15,1618.27,-2774.21,321.65,3095.86,0,"	423,425" 
2019-06-25T15:00:00Z,"TSLA",2019-06-25T18:00:00Z,Sell,14.6666652,14.8286651838,49251,-7978.66,492.51,-7978.66,328.34,8307,0,"	424,426" 
2019-06-26T14:00:00Z,"NVDA",2019-06-26T14:30:00Z,Buy,3.994331855775,3.965263197,179240,-5210.27,1792.4,-5299.33,1291.43,6590.76,0,"	428,429" 
2019-06-26T14:00:00Z,"TSLA",2019-06-26T15:00:00Z,Buy,15.0153318318,14.9346651732,34018,-2744.12,340.18,-2812.15,4036.8,6848.96,0,"	427,430" 
2019-06-27T14:00:00Z,"AMD",2019-06-27T14:30:00Z,Buy,30.91,30.65,19646,-5107.96,196.46,-7072.56,0,7072.56,0,"	431,432" 
2019-06-27T19:30:00Z,"TSLA",2019-06-27T19:59:00Z,Buy,14.8173318516,14.8506651816,47662,1588.73,476.62,-1048.56,1652.28,1429.86,1,"	433,434" 
2019-06-28T15:30:00Z,"AMD",2019-06-28T16:00:00Z,Sell,30.48,30.66,16761,-3016.98,167.61,-3184.59,167.61,3352.2,0,"	435,436" 
2019-07-02T15:00:00Z,"TSLA",2019-07-02T19:59:00Z,Sell,14.926665174,14.9559985044,47212,-1384.89,472.12,-3241.89,5161.84,8403.74,0,"	437,439" 
2019-07-02T17:00:00Z,"NVDA",2019-07-02T19:59:00Z,Sell,4.047997071975,4.03135091695,148946,2479.38,1489.46,-851.13,3996.61,2109.32,1,"	438,440" 
2019-07-03T14:30:00Z,"AMD",2019-07-03T15:00:00Z,Sell,30.93,31.04,19846,-2183.06,198.46,-2778.44,0,2778.44,0,"	441,442" 
2019-07-05T14:00:00Z,"TSLA",2019-07-05T15:30:00Z,Sell,15.4613317872,15.5386651128,40266,-3113.9,402.66,-3113.9,2603.87,5717.77,0,"	443,445" 
2019-07-05T14:30:00Z,"NVDA",2019-07-05T15:30:00Z,Sell,3.9364429883,3.948120141825,178488,-2084.23,1784.88,-2128.58,2705.07,4833.64,0,"	444,446" 
2019-07-09T14:00:00Z,"AMD",2019-07-09T19:59:00Z,Buy,32.22,33.15,21659,20142.87,216.59,0,20576.05,6281.11,1,"	447,448" 
2019-07-10T14:00:00Z,"TSLA",2019-07-10T14:30:00Z,Buy,15.739998426,15.6006651066,28637,-3990.09,286.37,-4410.1,0,4410.1,0,"	449,452" 
2019-07-10T14:00:00Z,"AMD",2019-07-10T14:30:00Z,Buy,33.87,33.56,20986,-6505.66,209.86,-6505.66,2308.46,8814.12,0,"	450,453" 
2019-07-10T14:00:00Z,"NVDA",2019-07-10T14:30:00Z,Buy,4.022158264175,3.9761950003,176654,-8119.59,1766.54,-8119.59,0,8119.59,0,"	451,454" 
2019-07-11T14:30:00Z,"AMD",2019-07-11T15:00:00Z,Sell,33.41,33.48,20869,-1460.83,208.69,-1460.83,3130.35,4591.18,0,"	455,457" 
2019-07-11T14:30:00Z,"NVDA",2019-07-11T18:30:00Z,Buy,4.09495413615,4.111103391025,170171,2748.13,1701.71,-1395.21,12768.26,10823.42,1,"	456,458" 
2019-07-12T14:00:00Z,"NVDA",2019-07-12T14:30:00Z,Buy,4.217440023125,4.1918496654,148021,-3787.91,1480.21,-3935.01,2353.65,6288.67,0,"	460,461" 
2019-07-12T14:00:00Z,"TSLA",2019-07-12T15:00:00Z,Buy,16.2226650444,16.126665054,42949,-4123.1,429.49,-4552.59,1317.1,5869.7,0,"	459,462" 
2019-07-15T14:30:00Z,"AMD",2019-07-15T19:59:00Z,Buy,33.74,34.39,20459,13298.35,204.59,-1432.13,16367.2,6137.7,1,"	463,466" 
2019-07-15T19:00:00Z,"TSLA",2019-07-15T19:59:00Z,Buy,16.7219983278,16.8759983124,41439,6381.61,414.39,-1712.81,9558.6,3425.62,1,"	464,465" 
2019-07-17T14:30:00Z,"TSLA",2019-07-17T15:00:00Z,Buy,17.1493316184,17.0186649648,40266,-5261.42,402.66,-7811.6,0,7811.6,0,"	467,469" 
2019-07-17T14:30:00Z,"NVDA",2019-07-17T15:00:00Z,Buy,4.18737756405,4.18638376375,167747,-166.71,1677.47,-1208.63,875.21,1208.63,0,"	468,470" 
2019-07-18T14:30:00Z,"TSLA",2019-07-18T16:00:00Z,Sell,16.806664986,16.886664978,41514,-3321.12,415.14,-5203.09,0,5203.09,0,"	471,473" 
2019-07-18T15:30:00Z,"AMD",2019-07-18T16:00:00Z,Sell,32.55,32.73,17463,-3143.34,174.63,-3841.86,698.52,4540.38,0,"	472,474" 
2019-07-19T17:00:00Z,"TSLA",2019-07-19T19:59:00Z,Buy,17.196664947,17.2279982772,28273,885.89,282.73,-395.82,3618.94,3562.4,1,"	475,476" 
2019-07-22T14:00:00Z,"TSLA",2019-07-22T14:30:00Z,Buy,17.4293315904,17.259998274,34274,-5803.73,342.74,-6740.55,0,6740.55,0,"	477,480" 
2019-07-22T14:00:00Z,"NVDA",2019-07-22T15:00:00Z,Buy,4.25495598445,4.2385582795,162843,-2670.25,1628.43,-3034.38,404.58,3358.04,0,"	479,481" 
2019-07-22T14:00:00Z,"AMD",2019-07-22T15:30:00Z,Buy,33.06,33.05,13323,-133.23,133.23,-1998.45,3197.52,3730.44,0,"	478,482" 
2019-07-23T15:00:00Z,"TSLA",2019-07-23T15:30:00Z,Buy,17.1979982802,17.1819982818,39478,-631.65,394.78,-2210.77,368.46,2579.23,0,"	483,484" 
2019-07-23T15:30:00Z,"NVDA",2019-07-23T16:00:00Z,Buy,4.33048480725,4.3061366999,158288,-3854.01,1582.88,-4325.93,0,4325.93,0,"	485,486" 
2019-07-24T14:00:00Z,"AMD",2019-07-24T19:59:00Z,Buy,33.85,34.09,17654,4236.96,176.54,-1412.32,8827,5472.74,1,"	487,490" 
2019-07-24T17:00:00Z,"TSLA",2019-07-24T18:00:00Z,Buy,17.4993315834,17.4459982554,39307,-2096.37,393.07,-2961.13,890.96,3852.09,0,"	488,489" 
2019-07-25T14:00:00Z,"TSLA",2019-07-25T14:30:00Z,Sell,15.2459984754,15.3333318,44804,-3912.88,448.04,-4868.7,6511.51,11380.21,0,"	491,493" 
2019-07-25T14:00:00Z,"NVDA",2019-07-25T19:59:00Z,Sell,4.3468825122,4.298931647725,157007,7528.62,1570.07,-2262.49,9596.07,4759.02,1,"	492,496" 
2019-07-25T18:00:00Z,"AMD",2019-07-25T19:30:00Z,Sell,33.77,33.79,16943,-338.86,169.43,-2202.59,1186.01,2202.59,0,"	494,495" 
2019-07-26T14:00:00Z,"TSLA",2019-07-26T15:00:00Z,Sell,14.896665177,14.9719985028,17483,-1317.05,174.83,-1433.61,1200.5,2634.11,0,"	497,499" 
2019-07-26T14:30:00Z,"NVDA",2019-07-26T18:00:00Z,Buy,4.368497668725,4.3657647179,156508,-427.73,1565.08,-1399.84,4160.63,5171.63,0,"	498,500" 
2019-07-29T14:00:00Z,"NVDA",2019-07-29T15:30:00Z,Sell,4.30563979975,4.31060880125,158178,-785.99,1581.78,-903.88,7584.77,8488.66,0,"	502,503" 
2019-07-29T14:00:00Z,"AMD",2019-07-29T18:00:00Z,Sell,33.43,33.39,20386,815.44,203.86,0,8562.12,7746.68,1,"	501,505" 
2019-07-29T16:30:00Z,"TSLA",2019-07-29T19:59:00Z,Buy,15.3993317934,15.7159984284,14889,4714.85,148.89,0,4784.33,2421.94,1,"	504,506" 
2019-07-30T14:30:00Z,"TSLA",2019-07-30T19:59:00Z,Buy,15.8659984134,16.1359983864,15521,4190.67,155.21,0,5359.92,1510.71,1,"	507,508" 
2019-07-31T14:00:00Z,"AMD",2019-07-31T15:00:00Z,Sell,31.1,31.42,22059,-7058.88,220.59,-7720.65,8823.6,16544.25,0,"	509,511" 
2019-07-31T14:30:00Z,"NVDA",2019-07-31T19:59:00Z,Sell,4.28278239285,4.193588815925,160182,14287.21,1601.82,-1950.06,20097.6,12018.76,1,"	510,512" 
2019-08-01T14:00:00Z,"AMD",2019-08-01T17:30:00Z,Buy,31.25,31.1,16027,-2404.05,160.27,-4968.37,3686.21,6090.26,0,"	513,515" 
2019-08-01T14:00:00Z,"NVDA",2019-08-01T17:30:00Z,Buy,4.247254032125,4.2306078771,162331,-2702.19,1623.31,-2702.19,7259.61,9961.79,0,"	514,516" 
2019-08-01T18:00:00Z,"TSLA",2019-08-01T19:59:00Z,Sell,15.7586650908,15.5913317742,21076,3526.72,210.76,-941.39,6407.1,3948.24,1,"	517,518" 
2019-08-02T15:00:00Z,"NVDA",2019-08-02T15:30:00Z,Sell,3.9632755964,3.992344255175,173304,-5037.71,1733.04,-5898.86,0,5898.86,0,"	519,520" 
2019-08-05T14:00:00Z,"TSLA",2019-08-05T16:00:00Z,Sell,15.216665145,15.16666515,42737,2136.85,427.37,-854.74,6809.43,7664.17,1,"	521,523" 
2019-08-05T14:00:00Z,"NVDA",2019-08-05T19:59:00Z,Sell,3.793584195175,3.745384880625,179886,8670.38,1798.86,-1162.01,16536.3,9787.7,1,"	522,524" 
2019-08-08T14:00:00Z,"AMD",2019-08-08T19:59:00Z,Buy,32.53,33.93,18265,25571,182.65,-1278.55,31233.15,15525.25,1,"	525,528" 
2019-08-08T16:00:00Z,"TSLA",2019-08-08T16:30:00Z,Buy,15.7659984234,15.7319984268,44374,-1508.72,443.74,-2041.2,0,2041.2,0,"	526,527" 
2019-08-09T14:00:00Z,"NVDA",2019-08-09T17:30:00Z,Sell,3.848243211675,3.837311408375,156027,1705.66,1560.27,-1240.48,10350.23,8915.93,1,"	529,531" 
2019-08-09T17:30:00Z,"AMD",2019-08-09T18:00:00Z,Buy,35.39,34.73,7750,-5115,77.5,-5115,930,6045,0,"	530,532" 
2019-08-12T15:30:00Z,"TSLA",2019-08-12T16:00:00Z,Sell,15.349998465,15.4059984594,45655,-2556.68,456.55,-3226.29,3682.84,6909.12,0,"	533,534" 
2019-08-12T16:00:00Z,"AMD",2019-08-12T17:00:00Z,Sell,33.28,33.22,8860,531.6,88.6,-1329,886,2215,1,"	535,536" 
2019-08-13T14:00:00Z,"AMD",2019-08-13T14:30:00Z,Buy,33.02,32.89,7402,-962.26,74.02,-5033.36,444.12,5033.36,0,"	538,540" 
2019-08-13T14:00:00Z,"TSLA",2019-08-13T19:59:00Z,Buy,15.539998446,15.649998435,45008,4950.88,450.08,-5941.06,8311.48,7231.28,1,"	537,541" 
2019-08-13T14:00:00Z,"NVDA",2019-08-13T19:59:00Z,Buy,3.895697176,3.87731187045,179354,-3297.48,1793.54,-5792.87,4767.98,10516.28,0,"	539,542" 
2019-08-14T14:00:00Z,"TSLA",2019-08-14T19:59:00Z,Sell,15.283331805,14.6606652006,45647,28422.86,456.47,-456.47,28788.04,7668.7,1,"	543,548" 
2019-08-14T15:00:00Z,"AMD",2019-08-14T18:00:00Z,Sell,30.38,29.9,8949,4295.52,89.49,0,7785.63,4116.54,1,"	544,546" 
2019-08-14T16:00:00Z,"NVDA",2019-08-14T19:00:00Z,Sell,3.71432862125,3.730974776275,191206,-3182.84,1912.06,-4370.47,4845.52,9216,0,"	545,547" 
2019-08-15T15:00:00Z,"TSLA",2019-08-15T17:30:00Z,Sell,14.3626652304,14.3586652308,44738,178.95,447.38,-1163.19,10409.04,11065.2,1,"	549,550" 
2019-08-16T14:00:00Z,"TSLA",2019-08-16T15:30:00Z,Buy,14.6693318664,14.6579985342,42884,-486.02,428.84,-857.68,6175.3,6661.31,0,"	551,553" 
2019-08-16T14:00:00Z,"AMD",2019-08-16T17:30:00Z,Buy,30.74,31.21,23280,10941.6,232.8,-1862.4,16761.6,11174.4,1,"	552,554" 
2019-08-19T14:00:00Z,"NVDA",2019-08-19T19:59:00Z,Buy,4.17346435985,4.25197458355,131900,10355.5,1319,-3473.68,11109.22,4161.86,1,"	555,556" 
2019-08-20T14:00:00Z,"NVDA",2019-08-20T14:30:00Z,Sell,4.1679984582,4.17048295895,120309,-298.91,1203.09,-1374.98,1972.79,3347.77,0,"	557,558" 
2019-08-21T14:00:00Z,"NVDA",2019-08-21T15:00:00Z,Buy,4.283527743075,4.290484345175,109651,762.8,1096.51,0,2315.64,2124.94,1,"	559,560" 
2019-08-22T14:30:00Z,"AMD",2019-08-22T15:30:00Z,Sell,31.24,31.47,22325,-5134.75,223.25,-6027.75,4018.5,10046.25,0,"	561,562" 
2019-08-23T15:30:00Z,"TSLA",2019-08-23T19:59:00Z,Sell,14.419998558,14.0759985924,50177,17260.89,501.77,0,17394.69,9633.98,1,"	563,566" 
2019-08-23T15:30:00Z,"AMD",2019-08-23T19:59:00Z,Sell,30.64,29.47,23159,27096.03,231.59,-926.36,28485.57,7874.06,1,"	564,567" 
2019-08-23T15:30:00Z,"NVDA",2019-08-23T19:59:00Z,Sell,4.077314180825,4.03035711665,121641,5711.9,1216.41,-785.76,7071.88,5047.03,1,"	565,568" 
2019-08-26T14:00:00Z,"AMD",2019-08-26T14:30:00Z,Buy,30.57,30.47,20258,-2025.8,202.58,-5874.82,2430.96,8305.78,0,"	569,570" 
2019-08-27T14:00:00Z,"TSLA",2019-08-27T15:30:00Z,Buy,14.5019985498,14.356665231,52017,-7559.8,520.17,-7559.8,4230.72,11790.52,0,"	571,573" 
2019-08-27T15:00:00Z,"NVDA",2019-08-27T19:59:00Z,Sell,4.077811080975,4.018183062975,184830,11021.05,1848.3,-413.29,15842.75,6796.31,1,"	572,576" 
2019-08-27T15:30:00Z,"AMD",2019-08-27T18:00:00Z,Sell,29.86,30.07,18353,-3854.13,183.53,-3854.13,4771.78,8625.91,0,"	574,575" 
2019-08-28T14:00:00Z,"TSLA",2019-08-28T17:00:00Z,Buy,14.3519985648,14.3973318936,52431,2376.87,524.31,-1957.42,6746.12,5767.41,1,"	577,579" 
2019-08-28T15:00:00Z,"AMD",2019-08-28T19:59:00Z,Buy,30.81,30.78,18257,-547.71,182.57,-1460.56,6755.09,7850.51,0,"	578,580" 
2019-08-29T14:00:00Z,"NVDA",2019-08-29T16:00:00Z,Buy,4.149990152,4.159937992,181233,1802.88,1812.33,-5318.49,3831.11,7842.51,1,"	582,583" 
2019-08-29T14:00:00Z,"TSLA",2019-08-29T17:00:00Z,Buy,14.7159985284,14.7586651908,51189,2184.06,511.89,-3241.97,8190.24,7507.72,1,"	581,584" 
2019-08-30T14:00:00Z,"NVDA",2019-08-30T14:30:00Z,Buy,4.233800704,4.213407632,172465,-3517.09,1724.65,-4031.79,2616.37,6648.16,0,"	585,586" 
2019-09-03T14:00:00Z,"TSLA",2019-09-03T14:30:00Z,Buy,15.2153318118,15.109998489,49333,-5196.41,493.33,-7564.39,0,7564.39,0,"	587,588" 
2019-09-04T14:00:00Z,"AMD",2019-09-04T14:30:00Z,Buy,31.69,31.45,23566,-5655.84,235.66,-5655.84,1413.96,7069.8,0,"	589,591" 
2019-09-04T14:00:00Z,"NVDA",2019-09-04T14:30:00Z,Buy,4.194009344,4.172870184,129782,-2743.48,1297.82,-2743.48,806.91,3550.39,0,"	590,592" 
2019-09-04T19:30:00Z,"TSLA",2019-09-04T19:59:00Z,Sell,14.6859985314,14.7173318616,50367,-1578.17,503.67,-3962.2,537.25,4499.45,0,"	593,594" 
2019-09-05T14:00:00Z,"NVDA",2019-09-05T16:30:00Z,Buy,4.40564964,4.4081366,136991,340.69,1369.91,-988,7597.41,7461.14,1,"	595,597" 
2019-09-05T16:00:00Z,"TSLA",2019-09-05T19:59:00Z,Buy,15.0853318248,15.2906651376,49109,10083.71,491.09,-4026.94,11393.29,7562.79,1,"	596,598" 
2019-09-06T14:00:00Z,"AMD",2019-09-06T19:59:00Z,Sell,30.91,30.54,24079,8909.23,240.79,-1444.74,10113.18,5297.38,1,"	599,600" 
2019-09-09T14:00:00Z,"TSLA",2019-09-09T15:00:00Z,Buy,15.4286651238,15.4446651222,48641,778.26,486.41,-1556.51,6939.45,6907.02,1,"	601,602" 
2019-09-09T15:00:00Z,"NVDA",2019-09-09T16:30:00Z,Buy,4.552628976,4.499656728,117058,-6200.83,1170.58,-6783.06,2590.96,9374.02,0,"	603,604" 
2019-09-10T14:00:00Z,"AMD",2019-09-10T14:30:00Z,Sell,29.95,30.28,24894,-8215.02,248.94,-8215.02,746.82,8961.84,0,"	605,606" 
2019-09-10T16:00:00Z,"NVDA",2019-09-10T18:00:00Z,Buy,4.548898536,4.534722864,116672,-1653.9,1166.72,-2060.13,2959.62,4613.52,0,"	607,609" 
2019-09-10T17:00:00Z,"TSLA",2019-09-10T19:30:00Z,Buy,15.5773317756,15.63333177,46980,2630.88,469.8,-1566,4541.4,4698,1,"	608,610" 
2019-09-11T14:00:00Z,"TSLA",2019-09-11T19:59:00Z,Buy,15.9406650726,16.4653316868,42648,22375.98,426.48,0,25531.93,6681.52,1,"	611,614" 
2019-09-11T18:00:00Z,"AMD",2019-09-11T19:30:00Z,Sell,29.74,29.83,25315,-2278.35,253.15,-2278.35,4809.85,7088.2,0,"	612,613" 
2019-09-12T14:00:00Z,"AMD",2019-09-12T15:00:00Z,Buy,30.49,30.41,24678,-1974.24,246.78,-3208.14,7896.96,11105.1,0,"	615,618" 
2019-09-12T14:30:00Z,"TSLA",2019-09-12T15:00:00Z,Buy,16.8846649782,16.3906650276,42899,-21192.1,428.99,-21192.1,0,21192.1,0,"	616,617" 
2019-09-13T15:00:00Z,"AMD",2019-09-13T17:00:00Z,Buy,30.62,30.58,19458,-778.32,194.58,-972.9,4086.18,5059.08,0,"	619,620" 
2019-09-16T14:00:00Z,"TSLA",2019-09-16T14:30:00Z,Buy,16.456665021,16.263331707,29366,-5677.43,293.66,-5677.43,665.63,6343.06,0,"	621,622" 
2019-09-16T15:30:00Z,"AMD",2019-09-16T16:00:00Z,Buy,31.09,30.83,23550,-6123,235.5,-6123,0,6123,0,"	623,624" 
2019-09-17T14:00:00Z,"TSLA",2019-09-17T14:30:00Z,Sell,16.1173317216,16.0546650612,27892,1747.9,278.92,0,2268.55,1506.17,1,"	625,626" 
2019-09-17T15:00:00Z,"NVDA",2019-09-17T15:30:00Z,Sell,4.447430568,4.47528452,163718,-4560.19,1637.18,-4560.19,0,4560.19,0,"	627,628" 
2019-09-18T14:00:00Z,"TSLA",2019-09-18T14:30:00Z,Buy,16.493331684,16.2939983706,23087,-4602.01,230.87,-4602.01,215.48,4817.49,0,"	629,630" 
2019-09-18T16:00:00Z,"NVDA",2019-09-18T19:59:00Z,Sell,4.465834072,4.473543648,161420,-1244.48,1614.2,-1405.06,11561.62,12806.1,0,"	631,634" 
2019-09-18T17:30:00Z,"AMD",2019-09-18T19:59:00Z,Sell,30.23,30.44,23682,-4973.22,236.82,-6394.14,7341.42,13735.56,0,"	632,633" 
2019-09-19T16:00:00Z,"NVDA",2019-09-19T19:59:00Z,Sell,4.448922744,4.399183544,160828,7999.46,1608.28,-919.94,9239.37,2119.86,1,"	635,638" 
2019-09-19T17:30:00Z,"TSLA",2019-09-19T18:00:00Z,Buy,16.5086650158,16.4779983522,43472,-1333.14,434.72,-2318.51,0,2318.51,0,"	636,637" 
2019-09-20T14:00:00Z,"TSLA",2019-09-20T19:59:00Z,Sell,16.3226650344,16.0379983962,44050,12539.57,440.5,-205.57,19205.8,9397.33,1,"	639,643" 
2019-09-20T15:00:00Z,"NVDA",2019-09-20T19:59:00Z,Sell,4.368096544,4.308409504,165079,9853.08,1650.79,-780.04,13137.44,5172.87,1,"	640,644" 
2019-09-20T17:30:00Z,"AMD",2019-09-20T18:30:00Z,Sell,29.8,29.9,18886,-1888.6,188.86,-1888.6,2077.46,3966.06,0,"	641,642" 
2019-09-23T14:00:00Z,"NVDA",2019-09-23T19:59:00Z,Buy,4.351931304,4.345465208,167937,-1085.9,1679.37,-5805.37,6765.97,7851.87,0,"	645,650" 
2019-09-23T15:30:00Z,"TSLA",2019-09-23T17:30:00Z,Buy,16.229998377,16.2093317124,34986,-723.04,349.86,-1492.74,3918.43,5411.17,0,"	646,648" 
2019-09-23T16:30:00Z,"AMD",2019-09-23T19:59:00Z,Buy,30.42,30.61,24144,4587.36,241.44,0,8933.28,4345.92,1,"	647,649" 
2019-09-24T14:00:00Z,"TSLA",2019-09-24T19:59:00Z,Sell,15.6853317648,14.886665178,46596,37214.67,465.96,-3479.17,38798.93,8946.43,1,"	651,655" 
2019-09-24T14:30:00Z,"AMD",2019-09-24T19:59:00Z,Sell,30.1,29.51,24527,14470.93,245.27,-1471.62,19621.6,11772.96,1,"	652,656" 
2019-09-24T16:30:00Z,"NVDA",2019-09-24T18:30:00Z,Sell,4.288016432,4.305425152,171831,-2991.36,1718.31,-3504.16,5213.51,8717.67,0,"	653,654" 
2019-09-25T14:00:00Z,"TSLA",2019-09-25T14:30:00Z,Sell,14.613331872,14.7893318544,30258,-5325.41,302.58,-7705.7,1089.29,8794.99,0,"	657,659" 
2019-09-25T14:00:00Z,"AMD",2019-09-25T15:00:00Z,Sell,28.72,29.19,25899,-12172.53,258.99,-12172.53,3107.88,15280.41,0,"	658,660" 
2019-09-25T15:00:00Z,"NVDA",2019-09-25T19:59:00Z,Buy,4.341734768,4.435741856,172746,16239.35,1727.46,0,18645.18,3780.59,1,"	661,662" 
2019-09-26T14:00:00Z,"AMD",2019-09-26T14:30:00Z,Sell,29.22,29.38,25998,-4159.68,259.98,-6759.48,779.94,6759.48,0,"	663,665" 
2019-09-26T14:00:00Z,"NVDA",2019-09-26T14:30:00Z,Sell,4.3894844,4.39694528,172898,-1289.97,1728.98,-2450.95,3740.92,5030.89,0,"	664,666" 
2019-09-26T18:00:00Z,"TSLA",2019-09-26T19:59:00Z,Buy,15.9279984072,16.1726650494,30857,7549.68,308.57,-781.71,8434.25,4649.12,1,"	667,668" 
2019-09-27T14:00:00Z,"NVDA",2019-09-27T14:30:00Z,Sell,4.336263456,4.370086112,175007,-5919.2,1750.07,-5919.2,0,5919.2,0,"	669,670" 
2019-09-27T15:00:00Z,"TSLA",2019-09-27T16:00:00Z,Buy,16.5053316828,16.329998367,23717,-4158.38,237.17,-5676.27,284.6,5960.87,0,"	671,672" 
2019-09-27T18:30:00Z,"AMD",2019-09-27T19:59:00Z,Sell,28.67,28.71,26212,-1048.48,262.12,-1834.84,7863.6,9698.44,0,"	673,674" 
2019-10-01T14:00:00Z,"AMD",2019-10-01T14:30:00Z,Buy,29.53,29.28,25428,-6357,254.28,-10171.2,0,10171.2,0,"	675,677" 
2019-10-01T14:00:00Z,"NVDA",2019-10-01T15:00:00Z,Buy,4.5013976,4.403411376,166704,-16334.7,1667.04,-16334.7,0,16334.7,0,"	676,678" 
2019-10-02T15:00:00Z,"NVDA",2019-10-02T17:30:00Z,Sell,4.267374664,4.260908568,138086,892.88,1380.86,-1923.12,4464.39,3949.27,1,"	679,682" 
2019-10-02T15:30:00Z,"TSLA",2019-10-02T17:00:00Z,Sell,16.0453317288,16.139998386,33200,-3142.93,332,-3142.93,2766.67,5909.6,0,"	680,681" 
2019-10-02T18:00:00Z,"AMD",2019-10-02T19:00:00Z,Sell,28.1,28.3,26046,-5209.2,260.46,-6771.96,781.38,7553.34,0,"	683,684" 
2019-10-03T14:00:00Z,"TSLA",2019-10-03T14:30:00Z,Sell,15.0539984946,15.2613318072,29732,-6164.43,297.32,-8582.64,2279.45,10862.09,0,"	685,687" 
2019-10-03T14:00:00Z,"NVDA",2019-10-03T14:30:00Z,Buy,4.371578288,4.339993896,166577,-5261.23,1665.77,-14458.03,0,14458.03,0,"	686,689" 
2019-10-03T14:30:00Z,"AMD",2019-10-03T15:30:00Z,Sell,27.76,28.17,25941,-10635.81,259.41,-13229.91,5188.2,18418.11,0,"	688,690" 
2019-10-04T14:30:00Z,"TSLA",2019-10-04T15:30:00Z,Sell,15.2259984774,15.2806651386,46743,-2555.28,467.43,-4175.71,560.92,4736.62,0,"	691,692" 
2019-10-07T14:00:00Z,"AMD",2019-10-07T14:30:00Z,Buy,29.3,29.23,24244,-1697.08,242.44,-3394.16,727.32,4121.48,0,"	693,695" 
2019-10-07T14:00:00Z,"NVDA",2019-10-07T15:30:00Z,Buy,4.672749144,4.630222128,124205,-5282.07,1242.05,-5282.07,772.23,6054.3,0,"	694,698" 
2019-10-07T15:00:00Z,"TSLA",2019-10-07T15:30:00Z,Buy,15.63333177,15.5493317784,38235,-3211.74,382.35,-3823.5,254.9,4078.4,0,"	696,697" 
2019-10-08T14:00:00Z,"AMD",2019-10-08T16:30:00Z,Sell,28.15,28.38,24941,-5736.43,249.41,-5985.84,5237.61,11223.45,0,"	699,702" 
2019-10-08T14:30:00Z,"NVDA",2019-10-08T16:30:00Z,Sell,4.427286192,4.442705344,135249,-2085.42,1352.49,-2253.6,4238.12,6491.73,0,"	700,703" 
2019-10-08T16:00:00Z,"TSLA",2019-10-08T19:59:00Z,Buy,16.0739983926,16.0153317318,30075,-1764.4,300.75,-1764.4,5313.25,7077.65,0,"	701,704" 
2019-10-09T14:30:00Z,"TSLA",2019-10-09T19:30:00Z,Buy,16.2986650368,16.3079983692,38017,354.83,380.17,-2382.4,6868.4,7172.54,1,"	705,706" 
2019-10-10T14:00:00Z,"TSLA",2019-10-10T14:30:00Z,Buy,16.5846650082,16.4286650238,34704,-5413.82,347.04,-5413.82,0,5413.82,0,"	707,709" 
2019-10-10T14:00:00Z,"NVDA",2019-10-10T16:30:00Z,Buy,4.566804648,4.544670704,109135,-2415.59,1091.35,-2415.59,3555.53,5971.12,0,"	708,712" 
2019-10-10T14:30:00Z,"AMD",2019-10-10T15:30:00Z,Buy,28.8,28.72,23998,-1919.84,239.98,-2399.8,1919.84,4079.66,0,"	710,711" 
2019-10-11T14:00:00Z,"NVDA",2019-10-11T14:30:00Z,Buy,4.696872656,4.674738712,99608,-2204.72,996.08,-2873.56,247.72,3121.29,0,"	714,715" 
2019-10-11T14:00:00Z,"AMD",2019-10-11T19:59:00Z,Buy,29.39,29.74,23378,8182.3,233.78,-5143.16,18468.62,10286.32,1,"	713,718" 
2019-10-11T15:30:00Z,"TSLA",2019-10-11T16:00:00Z,Buy,16.6726649994,16.6219983378,41362,-2095.67,413.62,-2978.06,937.54,3915.6,0,"	716,717" 
2019-10-14T14:30:00Z,"TSLA",2019-10-14T19:59:00Z,Buy,16.7593316574,17.1186649548,41070,14757.82,410.7,-438.08,19193.38,7009.28,1,"	719,722" 
2019-10-14T16:00:00Z,"AMD",2019-10-14T16:30:00Z,Buy,30.28,30.1,14358,-2584.44,143.58,-2728.02,0,2728.02,0,"	720,721" 
2019-10-15T14:00:00Z,"NVDA",2019-10-15T19:59:00Z,Buy,4.79610236,4.87941552,119212,9931.93,1192.12,-800.48,18618.66,8746.03,1,"	723,724" 
2019-10-16T14:30:00Z,"NVDA",2019-10-16T15:00:00Z,Buy,4.944325176,4.925672976,130729,-2438.38,1307.29,-2438.38,0,2438.38,0,"	726,728" 
2019-10-16T14:30:00Z,"AMD",2019-10-16T17:00:00Z,Buy,31.36,31.02,19189,-6524.26,191.89,-6908.04,0,6908.04,0,"	725,730" 
2019-10-16T15:00:00Z,"TSLA",2019-10-16T15:30:00Z,Buy,17.463331587,17.3653315968,40058,-3925.68,400.58,-3925.68,0,3925.68,0,"	727,729" 
2019-10-18T15:30:00Z,"NVDA",2019-10-18T19:30:00Z,Sell,4.761036224,4.76377188,104150,-284.92,1041.5,-1036.07,9480.02,10516.09,0,"	731,735" 
2019-10-18T16:00:00Z,"TSLA",2019-10-18T19:59:00Z,Sell,17.1619982838,17.1546649512,40548,297.35,405.48,-1946.3,5892.98,6136.26,1,"	732,736" 
2019-10-18T16:30:00Z,"AMD",2019-10-18T17:30:00Z,Sell,30.42,30.7,21718,-6081.04,217.18,-6949.76,651.54,7601.3,0,"	733,734" 
2019-10-21T15:00:00Z,"AMD",2019-10-21T19:59:00Z,Buy,32.06,32.03,21425,-642.75,214.25,-2142.5,3856.5,5999,0,"	737,742" 
2019-10-21T15:30:00Z,"NVDA",2019-10-21T16:00:00Z,Buy,4.870959856,4.859271144,87832,-1026.64,878.32,-1201.39,87.37,1288.76,0,"	738,739" 
2019-10-21T17:00:00Z,"TSLA",2019-10-21T19:59:00Z,Sell,16.7206649946,16.8913316442,36275,-6190.93,362.75,-7206.63,338.57,7545.2,0,"	740,741" 
2019-10-22T16:30:00Z,"TSLA",2019-10-22T17:00:00Z,Buy,17.1539982846,17.1219982878,39680,-1269.76,396.8,-1640.11,1481.39,3121.49,0,"	743,744" 
2019-10-22T19:00:00Z,"AMD",2019-10-22T19:59:00Z,Sell,31.66,31.52,21458,3004.12,214.58,-214.58,3433.28,1287.48,1,"	745,746" 
2019-10-23T14:00:00Z,"TSLA",2019-10-23T14:30:00Z,Sell,16.7939983206,16.9159983084,40548,-4946.86,405.48,-4946.86,675.8,5622.66,0,"	747,748" 
2019-10-24T14:00:00Z,"AMD",2019-10-24T15:00:00Z,Buy,31.76,31.68,17383,-1390.64,173.83,-2607.45,1390.64,3998.09,0,"	749,750" 
2019-10-25T14:00:00Z,"TSLA",2019-10-25T19:59:00Z,Buy,20.2513313082,21.863331147,10186,16419.83,101.86,-353.11,17744.01,2498.97,1,"	751,754" 
2019-10-25T14:00:00Z,"AMD",2019-10-25T19:59:00Z,Buy,32.17,32.73,21038,11781.28,210.38,-1893.42,14305.84,5259.5,1,"	752,755" 
2019-10-25T14:00:00Z,"NVDA",2019-10-25T19:59:00Z,Buy,5.02863312,5.086827984,134556,7830.47,1345.56,-2576.69,10340.23,6659.24,1,"	753,756" 
2019-10-28T14:00:00Z,"AMD",2019-10-28T15:00:00Z,Buy,33.37,33.42,20968,1048.4,209.68,0,6290.4,5242,1,"	757,758" 
2019-10-29T14:00:00Z,"AMD",2019-10-29T16:30:00Z,Sell,33.17,33.28,21111,-2322.21,211.11,-2322.21,9711.06,12033.27,0,"	759,761" 
2019-10-29T14:00:00Z,"NVDA",2019-10-29T19:59:00Z,Sell,5.066434912,5.047782712,138060,2575.12,1380.6,-4257.54,4532.22,7794.04,1,"	760,762" 
2019-10-30T14:00:00Z,"AMD",2019-10-30T16:00:00Z,Sell,32.48,32.85,21526,-7964.62,215.26,-9901.96,8395.14,18297.1,0,"	763,764" 
2019-10-31T14:00:00Z,"NVDA",2019-10-31T15:00:00Z,Sell,4.949547792,4.980386096,140103,-4320.54,1401.03,-4320.54,3101.03,7421.57,0,"	765,767" 
2019-10-31T15:00:00Z,"AMD",2019-10-31T19:59:00Z,Buy,33.56,33.92,20579,7408.44,205.79,-2057.9,15022.67,11935.82,1,"	766,768" 
2019-11-01T14:00:00Z,"NVDA",2019-11-01T14:30:00Z,Buy,5.0423114,5.042808792,137750,68.52,1377.5,-1096.25,3597.08,4693.33,1,"	769,770" 
2019-11-04T16:00:00Z,"TSLA",2019-11-04T20:59:00Z,Buy,21.229997877,21.1753312158,32691,-1787.11,326.91,-2593.49,6865.11,9458.6,0,"	771,775" 
2019-11-04T16:30:00Z,"AMD",2019-11-04T17:00:00Z,Buy,35.78,35.77,13950,-139.5,139.5,-1813.5,0,1813.5,0,"	772,773" 
2019-11-04T19:30:00Z,"NVDA",2019-11-04T20:59:00Z,Buy,5.172628104,5.232066448,134763,8010.09,1347.63,0,9853.42,2346.05,1,"	774,776" 
2019-11-05T15:00:00Z,"AMD",2019-11-05T15:30:00Z,Buy,36.97,36.33,16634,-10645.76,166.34,-13473.54,1497.06,14970.6,0,"	777,778" 
2019-11-06T15:00:00Z,"NVDA",2019-11-06T16:30:00Z,Sell,5.14303328,5.136318488,86132,578.36,861.32,-963.93,5590.8,5012.44,1,"	779,782" 
2019-11-06T15:30:00Z,"AMD",2019-11-06T16:30:00Z,Sell,35.62,35.77,13133,-1969.95,131.33,-2232.61,787.98,3020.59,0,"	780,781" 
2019-11-06T20:00:00Z,"TSLA",2019-11-06T20:59:00Z,Buy,21.676664499,21.743331159,31743,2116.2,317.43,-952.29,3195.46,2179.69,1,"	783,784" 
2019-11-07T15:00:00Z,"TSLA",2019-11-07T20:00:00Z,Buy,22.183331115,22.4159977584,31091,7233.84,310.91,-4497.83,17473.14,11317.12,1,"	785,786" 
2019-11-11T15:00:00Z,"TSLA",2019-11-11T15:30:00Z,Buy,23.1353310198,22.9513310382,30007,-5521.29,300.07,-8682.02,0,8682.02,0,"	787,789" 
2019-11-11T15:00:00Z,"NVDA",2019-11-11T15:30:00Z,Sell,5.102247136,5.127116736,117247,-2915.89,1172.47,-3732.33,0,3732.33,0,"	788,790" 
2019-11-12T15:30:00Z,"AMD",2019-11-12T20:00:00Z,Buy,36.77,36.74,18698,-560.94,186.98,-1682.82,6731.28,8414.1,0,"	791,794" 
2019-11-12T16:00:00Z,"NVDA",2019-11-12T17:00:00Z,Buy,5.263899536,5.2288334,130908,-4590.44,1309.08,-4850.89,195.34,5046.23,0,"	792,793" 
2019-11-13T15:00:00Z,"NVDA",2019-11-13T16:00:00Z,Sell,5.14552024,5.15795504,132580,-1648.61,1325.8,-2967.49,1549.69,4517.18,0,"	796,797" 
2019-11-13T15:00:00Z,"AMD",2019-11-13T19:00:00Z,Buy,37.05,37.45,18437,7374.8,184.37,-2028.07,16593.3,11430.94,1,"	795,798" 
2019-11-14T15:00:00Z,"TSLA",2019-11-14T15:30:00Z,Sell,22.8839977116,23.053331028,15054,-2549.14,150.54,-2569.22,70.25,2639.47,0,"	799,801" 
2019-11-14T15:00:00Z,"AMD",2019-11-14T16:00:00Z,Buy,37.81,37.88,15674,1097.18,156.74,-1724.14,4388.72,4858.94,1,"	800,802" 
2019-11-14T16:00:00Z,"NVDA",2019-11-14T16:30:00Z,Sell,5.154721992,5.184316816,132677,-3926.55,1326.77,-4388.5,164.98,4553.48,0,"	803,804" 
2019-11-15T15:00:00Z,"NVDA",2019-11-15T16:30:00Z,Sell,5.07712884,5.128360216,133943,-6862.08,1339.43,-7661.55,10826.1,18487.65,0,"	805,806" 
2019-11-18T15:00:00Z,"AMD",2019-11-18T19:00:00Z,Buy,39.33,39.45,17182,2061.84,171.82,0,10996.48,9278.28,1,"	807,811" 
2019-11-18T15:00:00Z,"NVDA",2019-11-18T20:59:00Z,Buy,5.19401596,5.280562168,110834,9592.26,1108.34,-2039.73,12210.84,4796.13,1,"	808,812" 
2019-11-18T15:30:00Z,"TSLA",2019-11-18T19:00:00Z,Sell,23.333331,23.303331003,27239,817.17,272.39,-562.94,6809.75,6900.55,1,"	809,810" 
2019-11-19T15:00:00Z,"NVDA",2019-11-19T17:00:00Z,Sell,5.174866368,5.19277248,73635,-1318.52,736.35,-1355.14,4285.18,5640.32,0,"	813,815" 
2019-11-19T16:30:00Z,"TSLA",2019-11-19T20:59:00Z,Buy,23.739997626,23.973330936,28786,6716.73,287.86,-2878.6,7369.22,3358.37,1,"	814,817" 
2019-11-19T18:00:00Z,"AMD",2019-11-19T20:59:00Z,Buy,41.11,41.27,16650,2664,166.5,-2664,10989,8991,1,"	816,818" 
2019-11-20T15:30:00Z,"TSLA",2019-11-20T20:59:00Z,Sell,23.773330956,23.4946643172,28900,8053.47,289,-1907.4,12793.07,7706.67,1,"	819,822" 
2019-11-20T16:00:00Z,"NVDA",2019-11-20T18:00:00Z,Buy,5.295235232,5.243506464,79606,-4117.92,796.06,-5701.74,2949.86,8651.59,0,"	820,821" 
2019-11-21T15:30:00Z,"TSLA",2019-11-21T17:30:00Z,Buy,23.873330946,23.8713309462,28892,-57.78,288.92,-1656.47,5104.25,6760.73,0,"	823,825" 
2019-11-21T15:30:00Z,"AMD",2019-11-21T20:00:00Z,Sell,39.94,39.6,17249,5864.66,172.49,-1897.39,21906.23,16904.02,1,"	824,826" 
2019-11-22T15:00:00Z,"TSLA",2019-11-22T16:00:00Z,Sell,22.259997774,22.293331104,31113,-1037.1,311.13,-1638.62,7653.8,9292.42,0,"	827,829" 
2019-11-22T15:30:00Z,"AMD",2019-11-22T17:00:00Z,Sell,38.71,39.11,14234,-5693.6,142.34,-8398.06,5124.24,13522.3,0,"	828,830" 
2019-11-25T15:00:00Z,"NVDA",2019-11-25T20:59:00Z,Buy,5.471312,5.502399,125708,3907.88,1257.08,-1594.42,4220.52,5314.72,1,"	831,834" 
2019-11-25T16:30:00Z,"AMD",2019-11-25T17:00:00Z,Buy,40.17,40.05,15639,-1876.68,156.39,-2189.46,0,2189.46,0,"	832,833" 
2019-11-26T15:30:00Z,"TSLA",2019-11-26T16:00:00Z,Sell,22.0926644574,22.1513311182,25882,-1518.41,258.82,-1518.41,1087.04,2605.45,0,"	835,836" 
2019-11-26T19:30:00Z,"NVDA",2019-11-26T20:59:00Z,Sell,5.412619744,5.401179728,126910,1451.85,1269.1,-1136.23,2209.34,3345.57,1,"	837,838" 
2019-11-29T15:00:00Z,"TSLA",2019-11-29T15:30:00Z,Sell,21.8659978134,21.9526644714,25954,-2249.35,259.54,-2266.65,570.99,2837.64,0,"	839,840" 
2019-12-02T15:00:00Z,"TSLA",2019-12-02T15:30:00Z,Buy,22.3319977668,22.243331109,22538,-1998.37,225.38,-2088.52,601.01,2599.38,0,"	841,844" 
2019-12-02T15:00:00Z,"AMD",2019-12-02T16:30:00Z,Sell,38.99,38.82,17577,2988.09,175.77,0,6151.95,4218.48,1,"	842,845" 
2019-12-02T15:00:00Z,"NVDA",2019-12-02T20:59:00Z,Sell,5.2959068805,5.195608442,108105,10842.76,1081.05,0,11138.72,4089.58,1,"	843,846" 
2019-12-04T16:00:00Z,"AMD",2019-12-04T16:30:00Z,Buy,39.78,39.54,17412,-4178.88,174.12,-4353,696.48,5049.48,0,"	847,848" 
2019-12-05T15:00:00Z,"TSLA",2019-12-05T17:00:00Z,Sell,21.96666447,22.0286644638,31389,-1946.12,313.89,-2176.3,4268.9,6445.21,0,"	849,850" 
2019-12-06T15:00:00Z,"TSLA",2019-12-06T15:30:00Z,Buy,22.5786644088,22.4293310904,30488,-4552.87,304.88,-6443.13,0,6443.13,0,"	851,852" 
2019-12-09T15:00:00Z,"NVDA",2019-12-09T15:30:00Z,Buy,5.31108853,5.317559397,90017,582.49,900.17,-313.65,761.72,1075.36,1,"	853,855" 
2019-12-09T15:30:00Z,"TSLA",2019-12-09T16:30:00Z,Buy,22.6919977308,22.6306644036,30202,-1852.39,302.02,-2013.47,2436.29,4449.76,0,"	854,856" 
2019-12-10T15:00:00Z,"TSLA",2019-12-10T20:59:00Z,Buy,23.0513310282,23.2406643426,29340,5555.04,293.4,-2347.2,9584.4,6630.84,1,"	857,862" 
2019-12-10T15:30:00Z,"NVDA",2019-12-10T17:30:00Z,Buy,5.358873394,5.338465275,127742,-2606.97,1277.42,-2734.14,1653.2,4387.35,0,"	858,860" 
2019-12-10T16:00:00Z,"AMD",2019-12-10T18:30:00Z,Buy,39.51,39.57,14487,869.22,144.87,-1158.96,3042.27,2317.92,1,"	859,861" 
2019-12-11T15:00:00Z,"AMD",2019-12-11T15:30:00Z,Sell,39.24,39.29,13780,-689,137.8,-1102.4,826.8,1791.4,0,"	864,866" 
2019-12-11T15:00:00Z,"TSLA",2019-12-11T16:00:00Z,Buy,23.7759976224,23.6119976388,20888,-3425.63,208.88,-3425.63,167.1,3592.74,0,"	863,867" 
2019-12-11T15:00:00Z,"NVDA",2019-12-11T16:00:00Z,Buy,5.367335297,5.359868912,127465,-951.7,1274.65,-951.7,2188.92,3140.62,0,"	865,868" 
2019-12-12T15:00:00Z,"TSLA",2019-12-12T15:30:00Z,Buy,24.1226642544,23.9046642762,23450,-5112.1,234.5,-5112.1,109.43,5221.53,0,"	869,872" 
2019-12-12T15:00:00Z,"NVDA",2019-12-12T16:30:00Z,Buy,5.497250396,5.4845575415,123707,-1570.19,1237.07,-1570.19,4187.19,5757.38,0,"	871,873" 
2019-12-12T15:00:00Z,"AMD",2019-12-12T20:59:00Z,Buy,40.82,42.52,16225,27582.5,162.25,-3731.75,28393.75,10546.25,1,"	870,874" 
2019-12-13T16:00:00Z,"AMD",2019-12-13T20:59:00Z,Sell,41.7,41.14,5138,2877.28,51.38,-308.28,3031.42,3339.7,1,"	875,876" 
2019-12-16T15:00:00Z,"AMD",2019-12-16T18:30:00Z,Buy,42.61,42.5,6054,-665.94,60.54,-908.1,1876.74,2784.84,0,"	878,879" 
2019-12-16T15:00:00Z,"TSLA",2019-12-16T19:30:00Z,Buy,24.7753308558,24.976664169,28063,5650.02,280.63,0,21926.56,16276.54,1,"	877,880" 
2019-12-17T19:00:00Z,"NVDA",2019-12-17T20:59:00Z,Buy,5.685403298,5.6791813105,122744,-763.71,1227.44,-1374.68,2199.49,3574.17,0,"	881,882" 
2019-12-18T16:00:00Z,"TSLA",2019-12-18T20:59:00Z,Buy,25.763330757,26.19999738,19856,8670.45,198.56,-900.14,11317.92,4487.46,1,"	883,886" 
2019-12-18T17:00:00Z,"NVDA",2019-12-18T17:30:00Z,Buy,5.765542497,5.753596281,121175,-1447.58,1211.75,-1749.16,0,1749.16,0,"	884,885" 
2019-12-19T15:00:00Z,"NVDA",2019-12-19T20:59:00Z,Buy,5.808349771,5.861609984,120579,6422.06,1205.79,-1470.47,7652.46,5101.64,1,"	887,890" 
2019-12-19T16:00:00Z,"TSLA",2019-12-19T17:00:00Z,Buy,26.919997308,26.8786639788,19090,-789.05,190.9,-1018.13,3576.19,4594.33,0,"	888,889" 
2019-12-20T15:30:00Z,"AMD",2019-12-20T16:30:00Z,Buy,43.79,43.84,11516,575.8,115.16,-1036.44,3569.96,2994.16,1,"	891,892" 
2019-12-23T15:00:00Z,"TSLA",2019-12-23T15:30:00Z,Buy,27.9213305412,27.8513305482,12818,-897.26,128.18,-1119.44,649.45,1768.88,0,"	893,894" 
2019-12-23T15:30:00Z,"AMD",2019-12-23T20:59:00Z,Buy,45.18,45.45,13090,3534.3,130.9,-916.3,5759.6,3927,1,"	895,896" 
2019-12-24T15:00:00Z,"AMD",2019-12-24T15:30:00Z,Buy,46.45,46.37,13158,-1052.64,131.58,-2500.02,657.9,3157.92,0,"	897,898" 
2019-12-26T14:31:00Z,"TSLA",2019-12-26T15:00:00Z,Buy,28.5339971466,28.5079971492,18958,-492.91,189.58,-1579.83,1870.52,2464.54,0,"	899,900" 
2019-12-26T17:30:00Z,"AMD",2019-12-26T18:00:00Z,Sell,46.08,46.06,12470,249.4,124.7,-498.8,1621.1,2119.9,1,"	901,902" 
2019-12-27T15:00:00Z,"TSLA",2019-12-27T15:30:00Z,Sell,28.479997152,28.7313304602,24722,-6213.46,247.22,-6905.68,1351.47,8257.15,0,"	903,906" 
2019-12-27T15:00:00Z,"AMD",2019-12-27T15:30:00Z,Sell,46.37,46.63,15045,-3911.7,150.45,-4814.4,451.35,5265.75,0,"	904,907" 
2019-12-27T15:00:00Z,"NVDA",2019-12-27T20:59:00Z,Sell,5.9006840655,5.8937154395,117772,820.71,1177.72,-1875.91,3224.21,3575.95,1,"	905,908" 
2019-12-30T15:00:00Z,"AMD",2019-12-30T16:00:00Z,Sell,44.85,45.4,10995,-6047.25,109.95,-6926.85,109.95,7036.8,0,"	910,912" 
2019-12-30T15:00:00Z,"TSLA",2019-12-30T17:00:00Z,Sell,27.6186639048,27.9593305374,24269,-8267.64,242.69,-10225.34,2815.2,13040.54,0,"	909,913" 
2019-12-30T15:00:00Z,"NVDA",2019-12-30T20:59:00Z,Sell,5.804367699,5.774999918,119937,3522.28,1199.37,-298.5,6238.62,3895.41,1,"	911,914" 
2019-12-31T15:00:00Z,"NVDA",2019-12-31T15:30:00Z,Buy,5.8499126475,5.8076031325,117705,-4980.04,1177.05,-5507.34,0,5507.34,0,"	915,916" 
2020-01-02T15:30:00Z,"AMD",2020-01-02T20:59:00Z,Buy,47.65,49.05,14372,20120.8,143.72,-574.88,22492.18,6251.82,1,"	917,918" 
2020-01-03T15:30:00Z,"TSLA",2020-01-03T16:00:00Z,Buy,29.96666367,29.9419970058,21581,-532.33,215.81,-2158.1,1971.06,4129.16,0,"	919,920" 
2020-01-07T16:00:00Z,"NVDA",2020-01-07T17:00:00Z,Buy,6.006457853,5.990529565,116095,-1849.19,1160.95,-2427.07,953.49,3380.56,0,"	921,922" 
2020-01-08T17:30:00Z,"TSLA",2020-01-08T20:59:00Z,Buy,32.7579967242,32.8106633856,21231,1118.17,212.31,-6751.46,9525.64,14083.23,1,"	923,924" 
2020-01-09T15:00:00Z,"TSLA",2020-01-09T15:30:00Z,Sell,32.343330099,32.9073300426,21509,-12131.07,215.09,-13048.79,559.23,13608.03,0,"	925,928" 
2020-01-09T15:00:00Z,"NVDA",2020-01-09T15:30:00Z,Buy,6.101032063,6.079130667,113984,-2496.41,1139.84,-2780.09,85.1,2780.09,0,"	927,929" 
2020-01-09T15:00:00Z,"AMD",2020-01-09T17:30:00Z,Buy,49.53,49.17,6343,-2283.48,63.43,-2664.06,2664.06,5328.12,0,"	926,930" 
2020-01-10T17:30:00Z,"AMD",2020-01-10T20:59:00Z,Sell,48.36,48.19,14138,2403.46,141.38,-2827.6,4948.3,3110.36,1,"	931,932" 
2020-01-13T15:00:00Z,"TSLA",2020-01-13T20:59:00Z,Buy,33.3993299934,34.9693298364,6338,9950.66,63.38,0,10326.71,2188.72,1,"	933,935" 
2020-01-13T15:00:00Z,"NVDA",2020-01-13T20:59:00Z,Buy,6.2117834405,6.2680302075,110323,6205.31,1103.23,-1345.4,9253.05,4146.03,1,"	934,936" 
2020-01-14T15:00:00Z,"AMD",2020-01-14T15:30:00Z,Sell,48.12,48.52,14450,-5780,144.5,-6069,0,6069,0,"	937,939" 
2020-01-14T15:00:00Z,"NVDA",2020-01-14T17:30:00Z,Sell,6.1620075405,6.212530079,112773,-5697.58,1127.73,-5950.18,673.61,6623.79,0,"	938,940" 
2020-01-15T15:30:00Z,"AMD",2020-01-15T18:00:00Z,Buy,48.81,48.57,14072,-3377.28,140.72,-3658.72,2884.76,6543.48,0,"	941,943" 
2020-01-15T17:00:00Z,"NVDA",2020-01-15T18:30:00Z,Sell,6.114471556,6.1157159535,112303,-139.75,1123.03,-628.87,3074.49,3381.94,0,"	942,944" 
2020-01-16T15:00:00Z,"AMD",2020-01-16T15:30:00Z,Buy,49.79,49.7,13731,-1235.79,137.31,-2746.2,6041.64,8787.84,0,"	945,946" 
2020-01-17T17:30:00Z,"AMD",2020-01-17T20:30:00Z,Buy,50.74,50.7,13456,-538.24,134.56,-2220.24,3700.4,5920.64,0,"	947,948" 
2020-01-21T15:00:00Z,"AMD",2020-01-21T16:00:00Z,Buy,51.57,51.45,13232,-1587.84,132.32,-1587.84,2514.08,4101.92,0,"	950,951" 
2020-01-21T15:00:00Z,"TSLA",2020-01-21T20:59:00Z,Buy,35.9653297368,36.496663017,7914,4204.97,79.14,-490.67,4758.95,3532.28,1,"	949,952" 
2020-01-22T15:00:00Z,"NVDA",2020-01-22T17:30:00Z,Buy,6.279229785,6.269772364,108881,-1029.73,1088.81,-1788.48,2953.71,4688,0,"	953,955" 
2020-01-22T16:00:00Z,"TSLA",2020-01-22T19:00:00Z,Buy,38.6906627976,38.459996154,7363,-1698.4,73.63,-1698.4,6410.72,8109.12,0,"	954,956" 
2020-01-23T15:00:00Z,"TSLA",2020-01-23T16:00:00Z,Buy,38.4586628208,38.0859961914,5287,-1970.29,52.87,-3341.38,567.47,3908.85,0,"	957,958" 
2020-01-23T16:00:00Z,"AMD",2020-01-23T17:00:00Z,Sell,50.88,51.08,13362,-2672.4,133.62,-3474.12,0,3474.12,0,"	959,960" 
2020-01-23T19:30:00Z,"NVDA",2020-01-23T20:59:00Z,Buy,6.2964024705,6.2884383265,107680,-857.58,1076.8,-1447.16,428.79,1715.16,0,"	961,962" 
2020-01-24T15:30:00Z,"TSLA",2020-01-24T16:00:00Z,Sell,37.4339962566,37.5519962448,6184,-729.71,61.84,-1723.27,0,1723.27,0,"	963,964" 
2020-01-24T16:30:00Z,"AMD",2020-01-24T20:59:00Z,Sell,51.34,50.34,13173,13173,131.73,-263.46,23777.26,11262.92,1,"	965,967" 
2020-01-24T18:30:00Z,"NVDA",2020-01-24T20:59:00Z,Sell,6.2640481355,6.233933716,109445,3295.87,1094.45,0,8389.49,7572.34,1,"	966,968" 
2020-01-28T16:00:00Z,"NVDA",2020-01-28T20:59:00Z,Buy,6.095556714,6.166736251,112574,8012.97,1125.74,-2465.53,11935.4,3922.43,1,"	969,972" 
2020-01-28T20:30:00Z,"AMD",2020-01-28T20:59:00Z,Buy,50.85,50.55,13647,-4094.1,136.47,-4435.28,0,4435.28,0,"	970,971" 
2020-01-29T15:00:00Z,"AMD",2020-01-29T18:00:00Z,Sell,46.92,46.93,14665,-146.65,146.65,-4472.82,11732,16204.82,0,"	973,976" 
2020-01-29T16:00:00Z,"NVDA",2020-01-29T17:00:00Z,Sell,6.1032719785,6.095556714,97515,752.35,975.15,-873.7,2985.15,2572.57,1,"	974,975" 
2020-01-29T20:00:00Z,"TSLA",2020-01-29T20:59:00Z,Buy,38.9526627714,38.6453294688,17661,-5427.81,176.61,-7582.46,6110.71,13693.16,0,"	977,978" 
2020-01-30T15:00:00Z,"TSLA",2020-01-30T16:00:00Z,Buy,42.7053290628,42.489995751,16021,-3449.85,160.21,-4806.3,9911.66,14717.96,0,"	979,980" 
2020-01-30T20:30:00Z,"AMD",2020-01-30T20:59:00Z,Buy,48.45,48.78,10188,3362.04,101.88,-1120.68,3362.04,1120.68,1,"	981,982" 
2020-01-31T15:00:00Z,"NVDA",2020-01-31T17:00:00Z,Sell,6.003471299,5.9738546385,113850,3371.86,1138.5,0,11418.98,8047.12,1,"	983,986" 
2020-01-31T15:30:00Z,"AMD",2020-01-31T17:00:00Z,Sell,47.72,48.08,13042,-4695.12,130.42,-4695.12,3521.34,8216.46,0,"	984,985" 
2020-02-03T15:00:00Z,"NVDA",2020-02-03T18:30:00Z,Buy,5.9424958215,5.959668507,114723,1970.1,1147.23,0,6509.9,4568.35,1,"	988,991" 
2020-02-03T15:00:00Z,"TSLA",2020-02-03T20:59:00Z,Buy,47.5753285758,51.9339948066,11088,48328.89,110.88,-6379.3,52608.86,35400.28,1,"	987,992" 
2020-02-03T16:30:00Z,"AMD",2020-02-03T17:00:00Z,Buy,47.69,47.63,12687,-761.22,126.87,-2537.4,761.22,3298.62,0,"	989,990" 
2020-02-04T15:00:00Z,"TSLA",2020-02-04T15:30:00Z,Buy,61.039993896,58.2006608466,4900,-13912.73,49,-17826.2,150.27,17976.46,0,"	993,994" 
2020-02-05T15:00:00Z,"TSLA",2020-02-05T20:59:00Z,Sell,53.0946613572,48.9713284362,5754,23725.66,57.54,-1941.02,34205.61,17837.4,1,"	995,996" 
2020-02-06T16:00:00Z,"AMD",2020-02-06T16:30:00Z,Sell,48.09,49.04,14984,-14234.8,149.84,-16332.56,299.68,16632.24,0,"	998,999" 
2020-02-06T16:00:00Z,"TSLA",2020-02-06T17:30:00Z,Buy,50.786661588,50.76666159,3308,-66.16,33.08,-1826.02,6697.6,8523.61,0,"	997,1000" 
2020-02-07T15:30:00Z,"AMD",2020-02-07T19:30:00Z,Buy,50.12,50.1,14187,-283.74,141.87,-2269.92,7377.24,9647.16,0,"	1001,1002" 
2020-02-10T15:00:00Z,"AMD",2020-02-10T20:59:00Z,Buy,50.53,52.27,14069,24480.06,140.69,-1969.66,24620.75,8160.02,1,"	1003,1005" 
2020-02-10T15:00:00Z,"NVDA",2020-02-10T20:59:00Z,Buy,6.4143713535,6.5358245495,110749,13450.82,1107.49,-2673.63,13588.64,5292.13,1,"	1004,1006" 
2020-02-11T15:00:00Z,"AMD",2020-02-11T16:00:00Z,Buy,54.21,53.91,13562,-4068.6,135.62,-4746.7,3254.88,8001.58,0,"	1007,1009" 
2020-02-11T15:00:00Z,"NVDA",2020-02-11T17:00:00Z,Buy,6.7214886565,6.716759946,109343,-517.05,1093.43,-1006.89,6422.59,7429.48,0,"	1008,1010" 
2020-02-13T15:30:00Z,"AMD",2020-02-13T16:00:00Z,Buy,55,54.68,10703,-3424.96,107.03,-3746.05,0,3746.05,0,"	1011,1012" 
2020-02-13T17:30:00Z,"TSLA",2020-02-13T20:59:00Z,Buy,53.76666129,53.5206613146,13563,-3336.5,135.63,-10628.87,9195.71,19824.58,0,"	1013,1014" 
2020-02-14T16:00:00Z,"NVDA",2020-02-14T18:00:00Z,Buy,7.297644699,7.190626514,97376,-10421,973.76,-11026.88,4022.99,15049.87,0,"	1015,1016" 
2020-02-18T15:00:00Z,"TSLA",2020-02-18T15:30:00Z,Buy,56.9999943,56.6906609976,12105,-3744.48,121.05,-4180.26,2630.82,6811.08,0,"	1017,1018" 
2020-02-18T16:00:00Z,"AMD",2020-02-18T20:59:00Z,Buy,56.44,56.85,12694,5204.54,126.94,-1269.4,21072.04,18025.48,1,"	1019,1022" 
2020-02-18T18:00:00Z,"NVDA",2020-02-18T18:30:00Z,Buy,7.3068532405,7.2919204705,79880,-1192.83,798.8,-1397.4,636.18,1829.01,0,"	1020,1021" 
2020-02-19T15:00:00Z,"NVDA",2020-02-19T20:59:00Z,Buy,7.718251054,7.845179599,67461,8562.73,674.61,-22749.99,8629.89,27986.68,1,"	1023,1026" 
2020-02-19T17:30:00Z,"AMD",2020-02-19T18:00:00Z,Buy,59.11,58.84,12197,-3293.19,121.97,-3293.19,548.86,3842.06,0,"	1024,1025" 
2020-02-20T16:30:00Z,"TSLA",2020-02-20T18:30:00Z,Sell,58.4159941584,59.423327391,7153,-7205.45,71.53,-7992.28,6096.74,14089.02,0,"	1027,1030" 
2020-02-20T16:30:00Z,"AMD",2020-02-20T18:30:00Z,Sell,57.08,57.25,12638,-2148.46,126.38,-3412.26,9099.36,12511.62,0,"	1028,1031" 
2020-02-20T16:30:00Z,"NVDA",2020-02-20T18:30:00Z,Sell,7.618201495,7.6672307565,68155,-3341.59,681.55,-3528.18,12586.09,16114.26,0,"	1029,1032" 
2020-02-21T15:00:00Z,"AMD",2020-02-21T16:30:00Z,Sell,55.06,55.45,12938,-5045.82,129.38,-5045.82,2975.74,8021.56,0,"	1033,1035" 
2020-02-21T15:00:00Z,"NVDA",2020-02-21T16:30:00Z,Sell,7.432537388,7.448963435,81033,-1331.05,810.33,-2875.48,6052.86,7383.91,0,"	1034,1036" 
2020-02-25T15:30:00Z,"TSLA",2020-02-25T20:59:00Z,Sell,54.2513279082,53.3313280002,7013,6451.96,70.13,-1510.13,12441.06,13890.41,1,"	1037,1041" 
2020-02-25T15:30:00Z,"NVDA",2020-02-25T20:59:00Z,Sell,6.6353763495,6.5238783335,67117,7483.41,671.17,-834.53,14096.54,12709.61,1,"	1038,1042" 
2020-02-25T19:30:00Z,"AMD",2020-02-25T20:00:00Z,Sell,47.15,47.68,9641,-5109.73,96.41,-5977.42,0,5977.42,0,"	1039,1040" 
2020-02-26T15:00:00Z,"AMD",2020-02-26T16:30:00Z,Buy,48.74,49.03,10924,3167.96,109.24,-5134.28,5243.52,6772.88,1,"	1043,1045" 
2020-02-26T15:00:00Z,"NVDA",2020-02-26T17:00:00Z,Buy,6.6966007065,6.734181511,70405,2645.88,704.05,-1799.2,10776.25,9284.22,1,"	1044,1046" 
2020-02-27T15:30:00Z,"TSLA",2020-02-27T16:00:00Z,Sell,45.8079954192,47.3506619316,15608,-24077.94,156.08,-24077.94,18146.9,42224.84,0,"	1047,1049" 
2020-02-27T15:30:00Z,"AMD",2020-02-27T16:00:00Z,Sell,42.76,44.18,16574,-23535.08,165.74,-23535.08,4640.72,28175.8,0,"	1048,1050" 
2020-02-28T16:30:00Z,"NVDA",2020-02-28T19:00:00Z,Buy,6.54595986525,6.447095600375,99170,-9804.37,991.7,-14620.12,22103.05,36723.17,0,"	1051,1054" 
2020-02-28T17:30:00Z,"AMD",2020-02-28T18:00:00Z,Buy,45.21,45.17,15218,-608.72,152.18,-10348.24,1521.8,11870.04,0,"	1052,1053" 
2020-03-02T18:00:00Z,"TSLA",2020-03-02T18:30:00Z,Buy,49.083328425,48.3553284978,10192,-7419.78,101.92,-9267.92,0,9267.92,0,"	1055,1056" 
2020-03-03T19:00:00Z,"NVDA",2020-03-03T19:30:00Z,Sell,6.613446554875,6.603983476625,66377,628.13,663.77,-1785.21,4231.62,3636.55,1,"	1057,1058" 
2020-03-04T20:30:00Z,"AMD",2020-03-04T20:59:00Z,Buy,49.71,50.08,9789,3621.93,97.89,-489.45,3670.88,1859.91,1,"	1059,1061" 
2020-03-04T20:30:00Z,"NVDA",2020-03-04T20:59:00Z,Buy,6.9976973375,7.091581034875,63537,5965.09,635.37,-474.68,6060.02,981,1,"	1060,1062" 
2020-03-11T18:00:00Z,"NVDA",2020-03-11T19:59:00Z,Sell,6.22122686425,6.150253777375,55695,3952.85,556.95,0,9916.79,8252.43,1,"	1063,1066" 
2020-03-11T18:30:00Z,"TSLA",2020-03-11T19:59:00Z,Sell,41.1346625532,42.2886624378,7694,-8878.88,76.94,-10946,1969.66,12915.66,0,"	1064,1065" 
2020-03-12T15:30:00Z,"TSLA",2020-03-12T17:00:00Z,Sell,37.36666293,38.03332953,8614,-5742.67,86.14,-5742.67,7597.55,13340.21,0,"	1067,1069" 
2020-03-12T16:00:00Z,"AMD",2020-03-12T17:00:00Z,Sell,39.79,41.16,9417,-12901.29,94.17,-12901.29,0,12901.29,0,"	1068,1070" 
2020-03-13T15:30:00Z,"TSLA",2020-03-13T19:59:00Z,Sell,35.3693297964,35.713329762,7830,-2693.52,78.3,-4938.12,14375.88,19314,0,"	1071,1072" 
2020-03-16T14:30:00Z,"TSLA",2020-03-16T15:00:00Z,Sell,30.2346636432,31.1873302146,9111,-8679.75,91.11,-10283.28,0,10283.28,0,"	1073,1074" 
2020-03-17T14:00:00Z,"TSLA",2020-03-17T14:30:00Z,Sell,26.7519973248,27.9999972,8548,-10667.9,85.48,-11978.6,2712.57,14691.16,0,"	1075,1076" 
2020-03-17T15:00:00Z,"AMD",2020-03-17T15:30:00Z,Buy,41.1,41.5,4622,1848.8,46.22,-600.86,6424.58,5153.53,1,"	1077,1079" 
2020-03-17T15:00:00Z,"NVDA",2020-03-17T19:59:00Z,Buy,5.214405144125,5.3720401055,33398,5264.69,333.98,-981.41,9248.56,9431.53,1,"	1078,1080" 
2020-03-18T17:00:00Z,"TSLA",2020-03-18T19:59:00Z,Sell,24.6666642,23.9753309358,12060,8337.48,120.6,-1913.52,15267.96,9961.56,1,"	1081,1085" 
2020-03-18T17:00:00Z,"NVDA",2020-03-18T19:59:00Z,Sell,4.81073014825,4.883197405375,33768,-2447.07,337.68,-9086.13,10242.39,19328.52,0,"	1082,1086" 
2020-03-18T18:30:00Z,"AMD",2020-03-18T19:00:00Z,Sell,37.24,38.57,5000,-6650,50,-6650,1950,8600,0,"	1083,1084" 
2020-03-19T14:00:00Z,"NVDA",2020-03-19T15:00:00Z,Buy,5.200957611875,5.0114470185,31054,-5885.06,310.54,-7493.59,201.07,7694.66,0,"	1088,1091" 
2020-03-19T14:00:00Z,"TSLA",2020-03-19T19:59:00Z,Buy,26.7653306568,28.5806638086,11185,20304.5,111.85,-7068.92,36940.32,30244.24,1,"	1087,1092" 
2020-03-19T14:30:00Z,"AMD",2020-03-19T15:00:00Z,Buy,40.39,39.9,4498,-2204.02,44.98,-3328.52,1304.42,4632.94,0,"	1089,1090" 
2020-03-20T14:30:00Z,"NVDA",2020-03-20T15:30:00Z,Buy,5.707730355,5.549597336875,30334,-4796.81,303.34,-5627.75,604.32,6232.07,0,"	1093,1096" 
2020-03-20T15:00:00Z,"TSLA",2020-03-20T15:30:00Z,Buy,31.5939968406,30.3286636338,4764,-6028.05,47.64,-8956.32,0,8956.32,0,"	1094,1095" 
2020-03-23T14:00:00Z,"NVDA",2020-03-23T14:30:00Z,Buy,5.271183613625,5.242296322125,37010,-1069.12,370.1,-3382.47,0,3382.47,0,"	1097,1098" 
2020-03-24T14:00:00Z,"NVDA",2020-03-24T17:00:00Z,Buy,6.01652554,6.090486967375,52709,3898.43,527.09,-1601.38,13769.21,9870.78,1,"	1100,1103" 
2020-03-24T14:00:00Z,"AMD",2020-03-24T17:30:00Z,Buy,45.61,45.45,8461,-1353.76,84.61,-2622.91,9560.93,12183.84,0,"	1099,1104" 
2020-03-24T14:30:00Z,"TSLA",2020-03-24T15:00:00Z,Buy,33.6459966354,32.9959967004,5265,-3422.25,52.65,-3864.51,228.15,4092.66,0,"	1101,1102" 
2020-03-26T15:30:00Z,"AMD",2020-03-26T19:59:00Z,Buy,47.27,47.32,8278,413.9,82.78,-6870.74,993.36,7864.1,1,"	1105,1108" 
2020-03-26T17:30:00Z,"TSLA",2020-03-26T18:30:00Z,Sell,34.5353298798,34.5206632146,7461,109.43,74.61,-2606.38,2690.93,5297.31,1,"	1106,1107" 
2020-03-30T14:30:00Z,"TSLA",2020-03-30T15:00:00Z,Sell,33.183330015,33.3993299934,8378,-1809.65,83.78,-3669.56,0,3669.56,0,"	1109,1110" 
2020-03-30T16:30:00Z,"NVDA",2020-03-30T19:00:00Z,Buy,6.566380192,6.576341327,43101,429.33,431.01,-794.27,1760.27,2168.14,1,"	1111,1112" 
2020-03-31T14:00:00Z,"TSLA",2020-03-31T17:30:00Z,Buy,34.4986632168,34.8673298466,7577,2793.39,75.77,0,12426.28,10648.21,1,"	1113,1114" 
2020-03-31T17:30:00Z,"AMD",2020-03-31T19:59:00Z,Sell,46.37,45.37,7893,7893,78.93,-3315.06,9471.6,4104.36,1,"	1115,1116" 
2020-04-01T14:00:00Z,"NVDA",2020-04-01T14:30:00Z,Sell,6.3063945685,6.3621769245,101492,-5661.46,1014.92,-7733.96,2577.99,10311.95,0,"	1117,1119" 
2020-04-01T14:30:00Z,"AMD",2020-04-01T15:30:00Z,Buy,46.23,46.15,10014,-801.12,100.14,-901.26,5607.84,6408.96,0,"	1118,1120" 
2020-04-01T17:00:00Z,"TSLA",2020-04-01T17:30:00Z,Sell,32.86666338,32.8886633778,14978,-329.52,149.78,-2965.64,309.55,3275.19,0,"	1121,1122" 
2020-04-02T14:00:00Z,"AMD",2020-04-02T15:00:00Z,Buy,43.99,44.29,10279,3083.7,102.79,-2569.75,10381.79,8994.12,1,"	1123,1125" 
2020-04-02T14:00:00Z,"NVDA",2020-04-02T17:30:00Z,Buy,6.13854944375,6.188604147125,66875,3347.41,668.75,-2281.57,12840.06,10275.38,1,"	1124,1127" 
2020-04-02T17:30:00Z,"TSLA",2020-04-02T19:59:00Z,Sell,30.6986635968,30.2639969736,16158,7023.34,161.58,-1766.61,14251.35,7777.38,1,"	1126,1128" 
2020-04-03T14:00:00Z,"NVDA",2020-04-03T19:59:00Z,Sell,6.233927311375,6.072307896,65617,10604.98,656.17,-2009.88,19232.76,9771.62,1,"	1129,1132" 
2020-04-03T16:00:00Z,"AMD",2020-04-03T19:59:00Z,Sell,43.19,42.58,14873,9072.53,148.73,-1264.2,20970.93,13534.43,1,"	1130,1131" 
2020-04-06T14:00:00Z,"NVDA",2020-04-06T17:30:00Z,Buy,6.504372126625,6.529773020875,60173,1528.45,601.73,-2832.12,3266.68,4135.8,1,"	1134,1135" 
2020-04-06T14:00:00Z,"AMD",2020-04-06T19:59:00Z,Buy,45.37,47.48,13316,28096.76,133.16,-4127.96,28829.14,9853.84,1,"	1133,1136" 
2020-04-07T14:00:00Z,"TSLA",2020-04-07T14:30:00Z,Buy,37.4853295848,36.3039963696,8683,-10257.52,86.83,-11267.64,0,11267.64,0,"	1137,1138" 
2020-04-07T19:00:00Z,"NVDA",2020-04-07T19:30:00Z,Sell,6.44236406125,6.439126692375,49280,159.54,492.8,-3988.44,785.42,3988.44,1,"	1139,1140" 
2020-04-13T14:00:00Z,"AMD",2020-04-13T19:59:00Z,Buy,49.02,50.99,7808,15381.76,78.08,0,15850.24,4216.32,1,"	1141,1144" 
2020-04-13T15:00:00Z,"TSLA",2020-04-13T19:59:00Z,Buy,40.1579959842,43.4046623262,17073,55430.33,170.73,-3824.35,55589.68,14375.46,1,"	1142,1143" 
2020-04-14T14:00:00Z,"AMD",2020-04-14T15:00:00Z,Buy,54.08,53.58,9067,-4533.5,90.67,-4533.5,1813.4,6346.9,0,"	1146,1148" 
2020-04-14T14:00:00Z,"NVDA",2020-04-14T15:00:00Z,Buy,6.988483287625,6.95835085425,67172,-2024.06,671.72,-3797.2,1906.96,3931.02,0,"	1147,1149" 
2020-04-14T14:00:00Z,"TSLA",2020-04-14T19:00:00Z,Buy,48.6806617986,48.2886618378,10527,-4126.58,105.27,-15299.24,7116.25,22415.49,0,"	1145,1150" 
2020-04-16T14:00:00Z,"NVDA",2020-04-16T16:30:00Z,Buy,7.27162855,7.287566366,99178,1580.68,991.78,-8446.76,17140.51,16004.39,1,"	1151,1156" 
2020-04-16T15:00:00Z,"AMD",2020-04-16T16:30:00Z,Buy,57.18,56.81,11838,-4380.06,118.38,-5800.62,10180.68,15981.3,0,"	1152,1155" 
2020-04-16T15:30:00Z,"TSLA",2020-04-16T16:30:00Z,Buy,50.3879949612,49.3686617298,9396,-9577.66,93.96,-12722.18,438.48,13160.66,0,"	1153,1154" 
2020-04-17T17:30:00Z,"NVDA",2020-04-17T18:30:00Z,Sell,7.179737079625,7.185962789,99186,-617.5,991.86,-3828.52,1333.81,3828.52,0,"	1157,1158" 
2020-04-20T15:00:00Z,"AMD",2020-04-20T16:00:00Z,Buy,58.33,58.21,11561,-1387.32,115.61,-3988.54,2543.42,6531.96,0,"	1159,1160" 
2020-04-21T14:30:00Z,"AMD",2020-04-21T18:30:00Z,Sell,55.37,54.21,12393,14375.88,123.93,0,47341.26,34700.4,1,"	1161,1165" 
2020-04-21T14:30:00Z,"NVDA",2020-04-21T18:30:00Z,Sell,6.9259771655,6.847284199,98807,7775.42,988.07,0,26623.42,20718.04,1,"	1162,1166" 
2020-04-21T15:00:00Z,"TSLA",2020-04-21T17:30:00Z,Sell,47.06666196,47.19999528,14176,-1890.13,141.76,-6832.83,25015.91,26906.05,0,"	1163,1164" 
2020-04-22T14:00:00Z,"NVDA",2020-04-22T15:00:00Z,Buy,7.047253984125,7.0255885155,87350,-1892.48,873.5,-3893.72,1914.23,5372.9,0,"	1167,1168" 
2020-04-22T18:30:00Z,"TSLA",2020-04-22T19:00:00Z,Buy,47.986661868,48.006661866,11502,230.04,115.02,-2683.8,3258.9,5942.7,1,"	1169,1170" 
2020-04-23T14:00:00Z,"TSLA",2020-04-23T14:30:00Z,Sell,47.9446618722,48.5286618138,9438,-5511.79,94.38,-6499.64,0,6499.64,0,"	1171,1172" 
2020-04-24T14:00:00Z,"NVDA",2020-04-24T14:30:00Z,Sell,7.01014875625,7.073650991875,77804,-4940.73,778.04,-6432.63,1065.65,7498.28,0,"	1173,1174" 
2020-04-27T14:00:00Z,"NVDA",2020-04-27T15:00:00Z,Buy,7.547801017875,7.402368446875,69594,-10121.23,695.94,-10121.23,0,10121.23,0,"	1176,1177" 
2020-04-27T14:00:00Z,"TSLA",2020-04-27T19:59:00Z,Buy,52.3333281,53.23332801,8122,7309.8,81.22,-3459.97,7385.6,9145.37,1,"	1175,1178" 
2020-04-28T14:00:00Z,"TSLA",2020-04-28T16:30:00Z,Sell,51.6906614976,51.69999483,6233,-58.17,62.33,-3386.6,7670.74,9927.09,0,"	1179,1182" 
2020-04-28T15:00:00Z,"NVDA",2020-04-28T15:30:00Z,Sell,7.26116935825,7.336624955875,72280,-5453.93,722.8,-5453.93,0,5453.93,0,"	1180,1181" 
2020-04-29T14:00:00Z,"AMD",2020-04-29T14:30:00Z,Sell,53.72,54.17,13160,-5922,131.6,-6843.2,5132.4,11975.6,0,"	1183,1184" 
2020-04-30T17:30:00Z,"NVDA",2020-04-30T18:00:00Z,Sell,7.306243494125,7.310726004875,96177,-431.11,961.77,-1604.7,2179.52,2922,0,"	1185,1187" 
2020-04-30T18:00:00Z,"TSLA",2020-04-30T19:00:00Z,Sell,51.9773281356,51.9713281362,5574,33.44,55.74,-2497.15,5811.82,5778.38,1,"	1186,1188" 
2020-04-30T19:00:00Z,"AMD",2020-04-30T19:30:00Z,Sell,52.12,52.71,13471,-7947.89,134.71,-7947.89,1212.39,9160.28,0,"	1189,1190" 
2020-05-01T14:30:00Z,"AMD",2020-05-01T19:59:00Z,Sell,50.34,49.82,13838,7195.76,138.38,-2905.98,16121.27,14460.71,1,"	1191,1194" 
2020-05-01T15:30:00Z,"TSLA",2020-05-01T19:59:00Z,Sell,48.7526617914,46.7593286574,6622,13199.85,66.22,0,19861.58,15009.87,1,"	1192,1193" 
2020-05-04T14:00:00Z,"NVDA",2020-05-04T17:00:00Z,Buy,7.1331687735,7.1510988165,99521,1784.42,995.21,-1387.88,10384.31,8897.3,1,"	1197,1198" 
2020-05-04T14:00:00Z,"TSLA",2020-05-04T17:30:00Z,Buy,48.836661783,48.8213284512,5607,-85.97,56.07,-1973.66,5909.78,7883.44,0,"	1195,1199" 
2020-05-04T14:00:00Z,"AMD",2020-05-04T19:59:00Z,Buy,50.63,52.5,14027,26230.49,140.27,-1542.97,26931.84,12343.76,1,"	1196,1200" 
2020-05-05T18:30:00Z,"NVDA",2020-05-05T19:00:00Z,Buy,7.446944526,7.4658706825,97738,1849.8,977.38,-997.92,2263.58,1046.6,1,"	1201,1202" 
2020-05-06T14:30:00Z,"NVDA",2020-05-06T16:00:00Z,Buy,7.47134930675,7.472096391875,97515,72.85,975.15,-1869.87,4371.12,6240.99,1,"	1203,1204" 
2020-05-08T14:00:00Z,"TSLA",2020-05-08T16:30:00Z,Buy,54.179994582,54.4753278858,6664,1968.1,66.64,-2025.86,4793.64,3585.23,1,"	1205,1210" 
2020-05-08T14:30:00Z,"NVDA",2020-05-08T15:00:00Z,Buy,7.778899349875,7.743039263875,93558,-3355,935.58,-3355,745.56,4100.55,0,"	1207,1208" 
2020-05-08T14:30:00Z,"AMD",2020-05-08T15:30:00Z,Buy,52.99,53,12730,127.3,127.3,-2800.6,3309.8,4200.9,1,"	1206,1209" 
2020-05-11T14:00:00Z,"AMD",2020-05-11T19:59:00Z,Buy,54.73,55.82,8603,9377.27,86.03,-1720.6,9893.45,5419.89,1,"	1211,1213" 
2020-05-11T14:00:00Z,"NVDA",2020-05-11T19:59:00Z,Buy,7.947740588125,8.041873313875,91387,8602.51,913.87,0,12038.96,4141.95,1,"	1212,1214" 
2020-05-12T14:00:00Z,"NVDA",2020-05-12T14:30:00Z,Sell,7.960690063625,8.0495931935,92613,-8233.59,926.13,-8717.91,138.38,8856.29,0,"	1215,1216" 
2020-05-13T14:30:00Z,"AMD",2020-05-13T15:00:00Z,Buy,55.08,54.23,11456,-9737.6,114.56,-9737.6,1374.72,11112.32,0,"	1217,1219" 
2020-05-13T14:30:00Z,"NVDA",2020-05-13T15:00:00Z,Buy,8.0296709235,7.922339693875,91100,-9777.88,911,-9777.88,1088.95,10866.83,0,"	1218,1220" 
2020-05-13T16:00:00Z,"TSLA",2020-05-13T19:59:00Z,Sell,52.5773280756,52.6913280642,13647,-1555.76,136.47,-5549.78,21298.42,26848.2,0,"	1221,1222" 
2020-05-14T14:00:00Z,"TSLA",2020-05-14T14:30:00Z,Sell,51.3913281942,51.26666154,13940,1737.85,139.4,-9414.15,1923.72,10631.57,1,"	1223,1224" 
2020-05-14T19:30:00Z,"AMD",2020-05-14T19:59:00Z,Buy,53.98,54.35,11157,4128.09,111.57,-2119.83,4797.51,2119.83,1,"	1225,1226" 
2020-05-15T17:00:00Z,"NVDA",2020-05-15T19:59:00Z,Buy,8.12181142225,8.460739040625,88678,30055.42,886.78,-1766.67,30165.84,7640.84,1,"	1227,1228" 
2020-05-19T14:00:00Z,"NVDA",2020-05-19T14:30:00Z,Buy,8.98494377,8.91372165475,59117,-4210.44,591.17,-4210.44,1383.85,5594.29,0,"	1230,1231" 
2020-05-19T14:00:00Z,"AMD",2020-05-19T19:00:00Z,Buy,55.77,55.85,10368,829.44,103.68,-311.04,9590.4,8968.32,1,"	1229,1232" 
2020-05-21T15:00:00Z,"NVDA",2020-05-21T16:00:00Z,Sell,8.829550064,8.8524606745,68529,-1570.04,685.29,-4727.19,5751.13,10478.32,0,"	1235,1236" 
2020-05-21T15:00:00Z,"TSLA",2020-05-21T16:30:00Z,Sell,53.769994623,53.893327944,13702,-1689.91,137.02,-2694.73,9472.65,12167.37,0,"	1233,1237" 
2020-05-21T15:00:00Z,"AMD",2020-05-21T19:59:00Z,Sell,55.2,54.68,11227,5838.04,112.27,-2582.21,6287.12,8700.92,1,"	1234,1238" 
2020-05-22T14:00:00Z,"NVDA",2020-05-22T15:30:00Z,Buy,8.979714174125,8.91670999525,49087,-3092.69,490.87,-3153.81,3679.44,6833.25,0,"	1239,1240" 
2020-05-26T14:00:00Z,"NVDA",2020-05-26T14:30:00Z,Sell,8.853207759625,8.931402669375,68294,-5340.24,682.94,-6241.62,0,6241.62,0,"	1241,1242" 
2020-05-26T19:00:00Z,"AMD",2020-05-26T19:59:00Z,Sell,54.13,53.23,12045,10840.5,120.45,-722.7,13189.28,3191.92,1,"	1243,1244" 
2020-05-27T14:00:00Z,"TSLA",2020-05-27T16:00:00Z,Sell,53.6279946372,53.6326613034,13775,-64.28,137.75,-6409.97,17016.71,19946.2,0,"	1245,1248" 
2020-05-27T14:00:00Z,"NVDA",2020-05-27T16:00:00Z,Sell,8.247072694875,8.228146538375,61586,1165.59,615.86,-2407.86,16701.62,16195.51,1,"	1247,1249" 
2020-05-27T14:00:00Z,"AMD",2020-05-27T16:30:00Z,Sell,51.37,50.73,10069,6444.16,100.69,-100.69,22353.18,16261.44,1,"	1246,1250" 
2020-05-28T14:30:00Z,"NVDA",2020-05-28T15:00:00Z,Buy,8.708273245375,8.68760389025,52684,-1088.94,526.84,-1574.38,944.63,2099.17,0,"	1251,1252" 
2020-05-29T14:00:00Z,"AMD",2020-05-29T14:30:00Z,Buy,52.9,52.22,13376,-9095.68,133.76,-13442.88,0,13442.88,0,"	1253,1254" 
2020-05-29T16:30:00Z,"TSLA",2020-05-29T19:59:00Z,Buy,54.6279945372,55.593327774,13481,13013.66,134.81,-5050.88,13687.71,8717.71,1,"	1255,1256" 
2020-06-01T14:00:00Z,"TSLA",2020-06-01T19:59:00Z,Buy,58.309994169,59.8153273518,12774,19229.13,127.74,-1703.2,20455.43,6983.12,1,"	1257,1258" 
2020-06-02T15:30:00Z,"TSLA",2020-06-02T16:00:00Z,Sell,58.736660793,58.9306607736,11021,-2138.07,110.21,-4592.08,0,4592.08,0,"	1259,1261" 
2020-06-02T15:30:00Z,"AMD",2020-06-02T16:00:00Z,Sell,52.37,52.43,14461,-867.66,144.61,-3470.64,144.61,3470.64,0,"	1260,1262" 
2020-06-03T14:00:00Z,"TSLA",2020-06-03T14:30:00Z,Buy,59.8393273494,59.53332738,8687,-2658.22,86.87,-5397.52,0,5397.52,0,"	1263,1264" 
2020-06-03T16:30:00Z,"AMD",2020-06-03T17:00:00Z,Sell,52.41,52.59,14374,-2587.32,143.74,-2874.8,0,2874.8,0,"	1265,1266" 
2020-06-04T14:00:00Z,"AMD",2020-06-04T15:00:00Z,Buy,53.41,53.29,14077,-1689.24,140.77,-4293.48,3941.56,6053.11,0,"	1267,1269" 
2020-06-04T14:30:00Z,"NVDA",2020-06-04T15:00:00Z,Buy,8.882410584,8.841551296,84707,-3461.07,847.07,-3461.07,2068.2,5529.27,0,"	1268,1270" 
2020-06-04T19:00:00Z,"TSLA",2020-06-04T19:59:00Z,Sell,57.4673275866,57.6093275724,8674,-1231.71,86.74,-1977.67,1596.02,3192.03,0,"	1271,1272" 
2020-06-05T16:30:00Z,"NVDA",2020-06-05T19:59:00Z,Buy,8.925013866,8.886396856,83646,-3230.16,836.46,-5564.21,3292.68,8856.89,0,"	1273,1274" 
2020-06-08T14:00:00Z,"AMD",2020-06-08T14:30:00Z,Sell,52.56,52.69,14153,-1839.89,141.53,-1839.89,2122.95,3962.84,0,"	1275,1277" 
2020-06-08T14:00:00Z,"NVDA",2020-06-08T18:00:00Z,Sell,8.74239278,8.756344732,85040,-1186.47,850.4,-1292.41,6991.72,8284.13,0,"	1276,1279" 
2020-06-08T16:30:00Z,"TSLA",2020-06-08T19:59:00Z,Buy,61.7626604904,63.2093270124,3767,5449.59,37.67,0,5886.56,2006.56,1,"	1278,1280" 
2020-06-09T14:00:00Z,"TSLA",2020-06-09T14:30:00Z,Sell,62.06666046,62.449993755,4038,-1547.9,40.38,-1679.81,1316.39,2996.2,0,"	1281,1284" 
2020-06-09T14:00:00Z,"NVDA",2020-06-09T19:30:00Z,Buy,8.976337118,8.970855994,82981,-454.83,829.81,-5644.02,7918.16,9055.23,0,"	1283,1285" 
2020-06-09T14:00:00Z,"AMD",2020-06-09T19:59:00Z,Buy,55.5,56.45,13423,12751.85,134.23,-10201.48,12751.85,10201.48,1,"	1282,1286" 
2020-06-10T14:00:00Z,"AMD",2020-06-10T15:00:00Z,Buy,58.43,57.75,10421,-7086.28,104.21,-7086.28,5731.55,12817.83,0,"	1287,1290" 
2020-06-10T14:00:00Z,"NVDA",2020-06-10T17:30:00Z,Buy,9.308941688,9.325883344,80700,1367.19,807,-904.76,12445.47,13350.22,1,"	1288,1291" 
2020-06-10T14:30:00Z,"TSLA",2020-06-10T19:59:00Z,Buy,66.6719933328,68.3926598274,7720,13283.55,77.2,-808.03,13854.83,6664.93,1,"	1289,1292" 
2020-06-11T16:30:00Z,"AMD",2020-06-11T19:59:00Z,Sell,54.57,53.02,13848,21464.4,138.48,-6647.04,22849.2,10662.96,1,"	1293,1296" 
2020-06-11T17:00:00Z,"NVDA",2020-06-11T17:30:00Z,Sell,8.925263008,9.010718714,84964,-7260.66,849.64,-9673.82,0,9673.82,0,"	1294,1295" 
2020-06-12T14:30:00Z,"TSLA",2020-06-12T19:59:00Z,Sell,63.736660293,62.3486604318,6943,9636.88,69.43,-740.59,19000.67,10993.08,1,"	1297,1298" 
2020-06-15T16:30:00Z,"TSLA",2020-06-15T19:59:00Z,Buy,63.8586602808,66.1053267228,6269,14084.35,62.69,-367.78,16550.16,4317.25,1,"	1299,1302" 
2020-06-15T19:00:00Z,"NVDA",2020-06-15T19:30:00Z,Buy,9.128313738,9.067273948,73110,-4462.62,731.1,-4462.62,1111.1,5573.72,0,"	1300,1301" 
2020-06-16T14:00:00Z,"NVDA",2020-06-16T15:30:00Z,Sell,9.017196406,8.97409484,72836,3139.35,728.36,-3012.32,13827.64,12521.09,1,"	1303,1304" 
2020-06-19T14:00:00Z,"AMD",2020-06-19T14:30:00Z,Buy,55.19,54.81,14107,-5360.66,141.07,-6559.76,846.42,7406.18,0,"	1305,1307" 
2020-06-19T14:00:00Z,"NVDA",2020-06-19T15:00:00Z,Buy,9.34780784,9.349302692,83276,124.49,832.76,-2261.48,3132.88,3983.53,1,"	1306,1308" 
2020-06-22T16:30:00Z,"NVDA",2020-06-22T19:59:00Z,Buy,9.446717214,9.48857307,81948,3430,819.48,-2511.25,3511.67,4410,1,"	1309,1310" 
2020-06-23T14:00:00Z,"AMD",2020-06-23T14:30:00Z,Sell,54.12,54.59,14336,-6737.92,143.36,-7024.64,2437.12,9461.76,0,"	1311,1313" 
2020-06-23T14:30:00Z,"TSLA",2020-06-23T15:00:00Z,Buy,67.1993266134,67.0646599602,11483,-1546.38,114.83,-3161.65,428.7,3590.35,0,"	1312,1314" 
2020-06-24T14:00:00Z,"TSLA",2020-06-24T14:30:00Z,Sell,64.8339935166,65.5313267802,11874,-8280.14,118.74,-8280.14,12618.1,20898.24,0,"	1315,1317" 
2020-06-24T14:00:00Z,"NVDA",2020-06-24T14:30:00Z,Sell,9.353787248,9.384929998,56785,-1768.44,567.85,-1825.03,1273.28,3098.31,0,"	1316,1318" 
2020-06-24T15:30:00Z,"AMD",2020-06-24T19:59:00Z,Sell,52.92,52.38,14422,7787.88,144.22,-504.77,12186.59,11826.04,1,"	1319,1320" 
2020-06-25T14:00:00Z,"AMD",2020-06-25T14:30:00Z,Sell,51.28,51.59,14979,-4643.49,149.79,-6440.97,4943.07,11384.04,0,"	1321,1322" 
2020-06-25T17:00:00Z,"TSLA",2020-06-25T19:59:00Z,Buy,64.8926601774,65.6593267674,10241,7851.43,102.41,-3010.85,8022.12,3714.07,1,"	1323,1324" 
2020-06-26T14:00:00Z,"NVDA",2020-06-26T19:59:00Z,Sell,9.340831864,9.123829182,73577,15966.41,735.77,0,18184.47,8468.98,1,"	1325,1330" 
2020-06-26T14:30:00Z,"AMD",2020-06-26T15:30:00Z,Sell,51.34,51.32,15089,301.78,150.89,-1207.12,8298.95,9355.18,1,"	1327,1328" 
2020-06-26T14:30:00Z,"TSLA",2020-06-26T16:00:00Z,Sell,64.8673268466,64.9113268422,9725,-427.9,97.25,-2178.4,7092.77,9271.17,0,"	1326,1329" 
2020-06-29T14:00:00Z,"AMD",2020-06-29T14:30:00Z,Sell,48.77,49.39,15993,-9915.66,159.93,-11195.1,0,11195.1,0,"	1331,1333" 
2020-06-29T14:00:00Z,"NVDA",2020-06-29T14:30:00Z,Sell,8.970855994,9.07126022,69998,-7028.1,699.98,-7498.96,0,7498.96,0,"	1332,1334" 
2020-06-29T15:00:00Z,"TSLA",2020-06-29T19:59:00Z,Buy,65.4119934588,67.279993272,10352,19337.53,103.52,-1469.98,19606.69,6832.32,1,"	1335,1336" 
2020-06-30T14:00:00Z,"AMD",2020-06-30T15:30:00Z,Buy,52.44,51.92,14890,-7742.8,148.9,-7742.8,744.5,8487.3,0,"	1338,1340" 
2020-06-30T14:00:00Z,"NVDA",2020-06-30T15:30:00Z,Buy,9.444724078,9.406605352,77619,-2958.74,776.19,-3263.31,2243.23,5506.54,0,"	1339,1341" 
2020-06-30T14:00:00Z,"TSLA",2020-06-30T19:59:00Z,Buy,69.129993087,71.8886594778,6851,18899.62,68.51,-890.63,22727.05,9189.47,1,"	1337,1342" 
2020-07-01T14:00:00Z,"TSLA",2020-07-01T17:30:00Z,Buy,74.1086592558,74.3439925656,7369,1734.17,73.69,-800.76,11210.7,11800.22,1,"	1343,1344" 
2020-07-06T14:00:00Z,"TSLA",2020-07-06T14:30:00Z,Buy,86.9346579732,86.8139913186,6535,-788.56,65.35,-4613.71,1302.64,5916.35,0,"	1345,1346" 
2020-07-06T14:30:00Z,"NVDA",2020-07-06T16:30:00Z,Buy,9.813454238,9.79501773,80117,-1477.08,801.17,-2335.38,4531.04,6866.42,0,"	1347,1348" 
2020-07-06T17:00:00Z,"AMD",2020-07-06T17:30:00Z,Buy,53.46,53.27,14682,-2789.58,146.82,-4845.06,513.87,5358.93,0,"	1349,1350" 
2020-07-08T14:30:00Z,"AMD",2020-07-08T15:00:00Z,Sell,52.35,52.83,13812,-6629.76,138.12,-6629.76,0,6629.76,0,"	1351,1353" 
2020-07-08T14:30:00Z,"NVDA",2020-07-08T15:30:00Z,Buy,10.045654582,9.964932574,77902,-6288.41,779.02,-8423.36,1300.38,9723.74,0,"	1352,1354" 
2020-07-08T19:00:00Z,"TSLA",2020-07-08T19:30:00Z,Sell,89.26665774,90.6259909374,3967,-5392.47,39.67,-6643.4,1801.02,8444.42,0,"	1355,1356" 
2020-07-09T14:00:00Z,"AMD",2020-07-09T15:00:00Z,Buy,54.68,54.88,14084,2816.8,140.84,0,18731.72,16055.76,1,"	1357,1358" 
2020-07-09T18:30:00Z,"NVDA",2020-07-09T19:59:00Z,Buy,10.44901548,10.479909088,73861,2281.83,738.61,-2576.26,5686.18,8262.44,1,"	1359,1360" 
2020-07-10T14:00:00Z,"AMD",2020-07-10T14:30:00Z,Sell,56.61,56.76,10380,-1557,103.8,-4463.4,4774.8,9238.2,0,"	1361,1362" 
2020-07-10T17:00:00Z,"TSLA",2020-07-10T19:59:00Z,Buy,97.06665696,103.2406563426,3222,19892.63,32.22,-1804.32,19903.37,3849.22,1,"	1363,1366" 
2020-07-10T18:30:00Z,"NVDA",2020-07-10T19:00:00Z,Sell,10.393456814,10.417374446,74738,-1787.56,747.38,-1787.56,0,1787.56,0,"	1364,1365" 
2020-07-13T14:00:00Z,"AMD",2020-07-13T14:30:00Z,Buy,57.89,57.11,10738,-8375.64,107.38,-10630.62,0,10630.62,0,"	1367,1370" 
2020-07-13T14:00:00Z,"NVDA",2020-07-13T15:30:00Z,Buy,10.702392894,10.656301624,73177,-3372.82,731.77,-6508.63,674.56,7183.2,0,"	1368,1371" 
2020-07-13T14:30:00Z,"TSLA",2020-07-13T17:00:00Z,Buy,116.03332173,111.003322233,2957,-14873.71,29.57,-14873.71,6625.65,21499.36,0,"	1369,1372" 
2020-07-14T14:00:00Z,"NVDA",2020-07-14T15:00:00Z,Sell,9.925568138,9.956212604,77036,-2360.73,770.36,-9673.22,10652.06,20325.28,0,"	1373,1374" 
2020-07-15T14:00:00Z,"NVDA",2020-07-15T14:30:00Z,Sell,10.222794544,10.299031996,74620,-5688.84,746.2,-6227.98,948.14,7176.12,0,"	1375,1376" 
2020-07-15T16:00:00Z,"TSLA",2020-07-15T16:30:00Z,Sell,97.19999028,99.4153233918,4835,-10711.14,48.35,-10711.14,0,10711.14,0,"	1377,1379" 
2020-07-15T16:00:00Z,"AMD",2020-07-15T16:30:00Z,Sell,53.83,54.27,10816,-4759.04,108.16,-4759.04,540.8,5299.84,0,"	1378,1380" 
2020-07-16T15:30:00Z,"AMD",2020-07-16T16:00:00Z,Sell,53.94,54.29,10641,-3724.35,106.41,-3724.35,212.82,3937.17,0,"	1381,1382" 
2020-07-20T14:30:00Z,"AMD",2020-07-20T19:59:00Z,Buy,55.93,57.5,13337,20939.09,133.37,-866.9,20939.09,7335.35,1,"	1383,1388" 
2020-07-20T15:30:00Z,"NVDA",2020-07-20T18:00:00Z,Buy,10.383491134,10.333413592,66300,-3320.14,663,-4228.64,1437.08,5665.71,0,"	1384,1386" 
2020-07-20T17:00:00Z,"TSLA",2020-07-20T19:59:00Z,Buy,105.596656107,109.6406557026,7112,28760.93,71.12,-3157.73,30681.16,20501.52,1,"	1385,1387" 
2020-07-21T14:30:00Z,"NVDA",2020-07-21T18:00:00Z,Sell,10.355338088,10.373525454,74886,-1361.98,748.86,-1361.98,7425.58,8787.56,0,"	1389,1393" 
2020-07-21T15:00:00Z,"AMD",2020-07-21T16:30:00Z,Sell,56.7,56.88,13701,-2466.18,137.01,-3630.76,4384.32,6850.5,0,"	1390,1391" 
2020-07-21T17:30:00Z,"TSLA",2020-07-21T18:30:00Z,Sell,105.8079894192,107.36665593,4034,-6287.66,40.34,-6287.66,1481.82,7769.48,0,"	1392,1394" 
2020-07-22T14:00:00Z,"NVDA",2020-07-22T15:00:00Z,Buy,10.5262495,10.39046711,73012,-9913.74,730.12,-9913.74,2182.84,12096.59,0,"	1396,1397" 
2020-07-22T14:00:00Z,"AMD",2020-07-22T19:59:00Z,Buy,58.76,61.82,13082,40030.92,130.82,0,41993.22,12297.08,1,"	1395,1398" 
2020-07-23T16:30:00Z,"TSLA",2020-07-23T19:59:00Z,Sell,104.2273229106,100.7779899222,4280,14763.15,42.8,-567.81,23328.85,13824.4,1,"	1399,1402" 
2020-07-23T16:30:00Z,"NVDA",2020-07-23T19:59:00Z,Sell,10.246712176,10.082527598,76864,12619.88,768.64,-114.9,18728.75,8674.97,1,"	1400,1404" 
2020-07-23T17:00:00Z,"AMD",2020-07-23T19:59:00Z,Sell,59.87,59.45,10177,4274.34,101.77,-3561.95,11500.01,10075.23,1,"	1401,1403" 
2020-07-24T14:00:00Z,"AMD",2020-07-24T19:59:00Z,Buy,65.95,69.41,8736,30226.56,87.36,-2664.48,34594.56,15113.28,1,"	1405,1408" 
2020-07-24T15:00:00Z,"NVDA",2020-07-24T17:00:00Z,Buy,10.232760224,10.134847418,79569,-7790.82,795.69,-7790.82,7136.63,14927.46,0,"	1406,1407" 
2020-07-27T14:00:00Z,"TSLA",2020-07-27T14:30:00Z,Buy,98.6406568026,97.0193236314,4256,-6900.39,42.56,-7882.11,0,7882.11,0,"	1409,1411" 
2020-07-27T14:00:00Z,"NVDA",2020-07-27T15:00:00Z,Buy,10.328679894,10.316471936,79661,-972.5,796.61,-2163.31,2004.54,4048.77,0,"	1410,1412" 
2020-07-28T14:00:00Z,"NVDA",2020-07-28T14:30:00Z,Sell,10.22354197,10.311738238,79895,-7046.44,798.95,-7046.44,139.34,7185.78,0,"	1413,1414" 
2020-07-30T14:30:00Z,"AMD",2020-07-30T16:30:00Z,Buy,77.97,77.94,3776,-113.28,37.76,-2869.76,3624.96,3738.24,0,"	1415,1416" 
2020-07-31T14:00:00Z,"AMD",2020-07-31T15:00:00Z,Sell,77.21,76.68,4286,2271.58,42.86,0,7671.94,6814.74,1,"	1417,1419" 
2020-07-31T14:30:00Z,"TSLA",2020-07-31T15:30:00Z,Sell,97.8059902194,98.7153234618,4804,-4368.44,48.04,-4999.36,1694.21,6693.57,0,"	1418,1420" 
2020-08-03T14:00:00Z,"TSLA",2020-08-03T19:00:00Z,Buy,98.13332352,98.8686567798,5256,3864.91,52.56,-1671.41,11983.68,9839.23,1,"	1421,1423" 
2020-08-03T14:00:00Z,"NVDA",2020-08-03T19:59:00Z,Buy,10.824223332,10.980435366,74853,11692.94,748.53,-3468.72,17641.98,10051.83,1,"	1422,1424" 
2020-08-04T14:00:00Z,"AMD",2020-08-04T19:59:00Z,Buy,82.62,85.05,5530,13437.9,55.3,-3871,17474.8,13050.8,1,"	1425,1428" 
2020-08-04T14:30:00Z,"NVDA",2020-08-04T15:30:00Z,Buy,11.095788112,11.04072773,74007,-4074.85,740.07,-4849.26,2821.05,7670.31,0,"	1426,1427" 
2020-08-05T14:30:00Z,"NVDA",2020-08-05T15:00:00Z,Buy,11.307807954,11.25498985,73026,-3857.09,730.26,-5021.5,0,5021.5,0,"	1429,1430" 
2020-08-06T15:00:00Z,"NVDA",2020-08-06T15:30:00Z,Sell,11.174766126,11.194448344,73602,-1448.65,736.02,-4841.06,91.69,4932.75,0,"	1431,1432" 
2020-08-07T14:00:00Z,"NVDA",2020-08-07T15:30:00Z,Buy,11.459535432,11.313787362,71677,-10446.78,716.77,-10625.36,0,10625.36,0,"	1433,1434" 
2020-08-07T16:00:00Z,"TSLA",2020-08-07T19:59:00Z,Sell,96.9726569694,96.916656975,7401,414.46,74.01,-6073.75,19533.7,19119.25,1,"	1435,1437" 
2020-08-07T17:30:00Z,"AMD",2020-08-07T19:59:00Z,Sell,83.5,84.8,5538,-7199.4,55.38,-8362.38,2713.62,11076,0,"	1436,1438" 
2020-08-10T14:00:00Z,"TSLA",2020-08-10T16:00:00Z,Sell,95.1779904822,94.929990507,8502,2108.5,85.02,-3587.84,21765.12,19656.62,1,"	1439,1442" 
2020-08-10T14:00:00Z,"AMD",2020-08-10T17:00:00Z,Sell,83.11,81.91,5427,6512.4,54.27,-1411.02,18668.88,13621.77,1,"	1440,1444" 
2020-08-10T15:00:00Z,"NVDA",2020-08-10T16:00:00Z,Sell,10.84515126,11.100023526,77061,-19640.71,770.61,-20869.46,76.8,20946.25,0,"	1441,1443" 
2020-08-11T19:30:00Z,"AMD",2020-08-11T19:59:00Z,Sell,77.31,76.89,3519,1477.98,35.19,0,3730.14,3272.67,1,"	1445,1447" 
2020-08-11T19:30:00Z,"NVDA",2020-08-11T19:59:00Z,Sell,10.887754542,10.79158573,73582,7076.29,735.82,0,8671.21,1594.92,1,"	1446,1448" 
2020-08-12T14:00:00Z,"AMD",2020-08-12T19:59:00Z,Buy,79.89,82.71,5656,15949.92,56.56,-2997.68,16515.52,4920.72,1,"	1449,1453" 
2020-08-12T14:00:00Z,"NVDA",2020-08-12T19:59:00Z,Buy,11.110238348,11.397249932,72584,20832.45,725.84,-4502.85,22839.74,6980.32,1,"	1450,1454" 
2020-08-12T14:30:00Z,"TSLA",2020-08-12T19:59:00Z,Buy,99.253323408,103.7039896296,8157,36304.08,81.57,-6688.74,51486.98,28418.99,1,"	1451,1452" 
2020-08-13T16:00:00Z,"TSLA",2020-08-13T17:30:00Z,Buy,109.9226556744,108.8673224466,3807,-4017.65,38.07,-6174.95,192.89,6367.84,0,"	1455,1456" 
2020-08-17T14:00:00Z,"TSLA",2020-08-17T19:59:00Z,Buy,116.2879883712,122.1026544564,3757,21845.7,37.57,-1387.59,24871.34,9379.98,1,"	1457,1459" 
2020-08-17T14:00:00Z,"NVDA",2020-08-17T19:59:00Z,Buy,12.106058922,12.299393114,70356,13602.22,703.56,-771.26,18072.02,9027.25,1,"	1458,1460" 
2020-08-18T14:00:00Z,"NVDA",2020-08-18T15:00:00Z,Sell,12.14442679,12.203722586,61461,-3644.38,614.61,-6048.44,2373.44,8421.88,0,"	1461,1464" 
2020-08-18T14:30:00Z,"AMD",2020-08-18T15:00:00Z,Sell,81.11,81.69,7201,-4176.58,72.01,-4176.58,0,4176.58,0,"	1462,1463" 
2020-08-19T15:30:00Z,"AMD",2020-08-19T16:00:00Z,Sell,80.5,81.06,10083,-5646.48,100.83,-5646.48,0,5646.48,0,"	1465,1466" 
2020-08-20T15:00:00Z,"TSLA",2020-08-20T19:59:00Z,Buy,128.8659871134,133.4539866546,2926,13424.49,29.26,-1558.58,16931.78,5625.72,1,"	1467,1469" 
2020-08-20T16:00:00Z,"AMD",2020-08-20T19:59:00Z,Buy,82.37,82.78,10594,4343.54,105.94,-2436.62,4714.33,6356.4,1,"	1468,1470" 
2020-08-21T14:00:00Z,"NVDA",2020-08-21T19:59:00Z,Buy,12.416489854,12.63648224,53561,11783.01,535.61,-2962.43,18335.06,11049.08,1,"	1471,1472" 
2020-08-24T14:00:00Z,"TSLA",2020-08-24T15:30:00Z,Sell,133.3953199938,132.779986722,3514,2162.28,35.14,-3996.59,8370.35,11710.99,1,"	1473,1474" 
2020-08-25T16:30:00Z,"AMD",2020-08-25T17:00:00Z,Buy,84.69,84.85,10465,1674.4,104.65,0,5755.75,4081.35,1,"	1475,1476" 
2020-08-26T14:00:00Z,"TSLA",2020-08-26T15:00:00Z,Buy,140.6666526,140.73331926,4568,304.53,45.68,-4671.54,2664.67,6002.35,1,"	1477,1478" 
2020-08-27T14:00:00Z,"AMD",2020-08-27T14:30:00Z,Sell,84.82,85.35,10460,-5543.8,104.6,-5543.8,7008.2,12552,0,"	1479,1480" 
2020-08-27T16:00:00Z,"TSLA",2020-08-27T16:30:00Z,Buy,151.6253181708,149.13331842,3647,-9088.32,36.47,-9088.32,4719.22,13807.54,0,"	1481,1482" 
2020-08-28T14:00:00Z,"AMD",2020-08-28T15:00:00Z,Buy,85.18,85.01,10303,-1751.51,103.03,-3399.99,8860.58,12260.57,0,"	1483,1485" 
2020-08-28T14:00:00Z,"NVDA",2020-08-28T19:59:00Z,Buy,12.77600176,13.095152662,68669,21915.77,686.69,-2737.33,21967.1,11873.18,1,"	1484,1486" 
2020-08-31T14:00:00Z,"TSLA",2020-08-31T19:59:00Z,Buy,151.923318141,165.89998341,4265,59610.48,42.65,-4193.92,62368.51,31703.16,1,"	1487,1490" 
2020-08-31T14:30:00Z,"AMD",2020-08-31T19:59:00Z,Buy,87.12,91.03,10225,39979.75,102.25,-2965.25,55419.5,18405,1,"	1488,1491" 
2020-08-31T16:30:00Z,"NVDA",2020-08-31T19:59:00Z,Buy,13.378177974,13.364973448,70222,-927.25,702.22,-1557.08,10094.76,11651.84,0,"	1489,1492" 
2020-09-01T14:00:00Z,"TSLA",2020-09-01T14:30:00Z,Sell,157.389984261,167.359983264,3453,-34426.41,34.53,-34426.41,0,34426.41,0,"	1493,1495" 
2020-09-01T14:00:00Z,"NVDA",2020-09-01T17:00:00Z,Buy,13.6710230668,13.7089039824,69896,2647.72,698.96,0,18725.68,17941.82,1,"	1494,1496" 
2020-09-02T14:00:00Z,"AMD",2020-09-02T14:30:00Z,Sell,89.81,91.35,10393,-16005.22,103.93,-16005.22,935.37,16940.59,0,"	1498,1499" 
2020-09-02T14:00:00Z,"TSLA",2020-09-02T17:00:00Z,Sell,146.669985333,147.59998524,3106,-2888.58,31.06,-15214.22,33306.67,39228.78,0,"	1497,1500" 
2020-09-03T14:30:00Z,"AMD",2020-09-03T19:59:00Z,Sell,85.91,82.41,10105,35367.5,101.05,0,42542.05,21220.5,1,"	1501,1503" 
2020-09-03T14:30:00Z,"NVDA",2020-09-03T19:59:00Z,Sell,13.50330032865,12.9532794028,68172,37496.03,681.72,0,43884.11,29493.93,1,"	1502,1504" 
2020-09-04T14:00:00Z,"AMD",2020-09-04T16:00:00Z,Sell,80.05,81.08,7371,-7592.13,73.71,-7592.13,27125.28,34717.41,0,"	1505,1509" 
2020-09-04T14:00:00Z,"NVDA",2020-09-04T16:00:00Z,Sell,12.32151544855,12.29011416325,46414,1457.46,464.14,-5795.14,29392.09,27934.64,1,"	1506,1510" 
2020-09-04T14:30:00Z,"TSLA",2020-09-04T16:00:00Z,Sell,129.003320433,133.926653274,3049,-15011.24,30.49,-15011.24,14747,29758.24,0,"	1507,1508" 
2020-09-09T19:30:00Z,"NVDA",2020-09-09T19:59:00Z,Buy,12.73471648845,12.70829953415,44201,-1167.66,442.01,-5012.11,892.27,5904.37,0,"	1511,1512" 
2020-09-10T18:30:00Z,"AMD",2020-09-10T19:00:00Z,Sell,79.22,79.89,8742,-5857.14,87.42,-6119.4,349.68,6469.08,0,"	1513,1515" 
2020-09-10T18:30:00Z,"NVDA",2020-09-10T19:00:00Z,Sell,12.25073794835,12.3451910208,39371,-3718.71,393.71,-4238.74,529.84,4601.78,0,"	1514,1516" 
2020-09-11T17:00:00Z,"TSLA",2020-09-11T18:00:00Z,Sell,121.676654499,121.76665449,2115,-190.35,21.15,-1952.85,2961,4913.85,0,"	1517,1519" 
2020-09-11T17:00:00Z,"AMD",2020-09-11T19:30:00Z,Sell,76.58,76.76,8912,-1604.16,89.12,-3475.68,13020.43,16496.11,0,"	1518,1520" 
2020-09-14T14:30:00Z,"TSLA",2020-09-14T19:59:00Z,Buy,132.26665344,139.886652678,2017,15369.54,20.17,-3059.12,15430.05,8525.19,1,"	1521,1524" 
2020-09-14T16:00:00Z,"AMD",2020-09-14T16:30:00Z,Buy,78.51,77.57,11924,-11208.56,119.24,-11208.56,2504.04,13712.6,0,"	1522,1523" 
2020-09-15T15:30:00Z,"TSLA",2020-09-15T16:00:00Z,Buy,149.196651747,147.876651879,1589,-2097.48,15.89,-3490.5,0,3490.5,0,"	1525,1527" 
2020-09-15T15:30:00Z,"AMD",2020-09-15T16:00:00Z,Buy,80.13,79.53,10552,-6331.2,105.52,-9391.28,1477.28,10868.56,0,"	1526,1528" 
2020-09-16T15:00:00Z,"NVDA",2020-09-16T15:30:00Z,Sell,12.66294212205,12.72175722785,57678,-3392.34,576.78,-5261,0,5261,0,"	1529,1530" 
2020-09-18T16:30:00Z,"AMD",2020-09-18T19:30:00Z,Sell,74.92,75.07,12547,-1882.05,125.47,-2697.6,12421.53,15119.14,0,"	1531,1533" 
2020-09-18T16:30:00Z,"NVDA",2020-09-18T19:30:00Z,Sell,12.15503879315,12.17696984955,73844,-1619.48,738.44,-1619.48,14041.6,15661.08,0,"	1532,1534" 
2020-09-21T14:00:00Z,"AMD",2020-09-21T14:30:00Z,Buy,76.67,75.25,12227,-17362.34,122.27,-17362.34,4034.91,21397.25,0,"	1535,1537" 
2020-09-21T14:30:00Z,"TSLA",2020-09-21T15:30:00Z,Sell,143.569985643,144.863318847,3193,-4129.61,31.93,-6535.01,24064.57,30599.58,0,"	1536,1538" 
2020-09-22T14:00:00Z,"NVDA",2020-09-22T15:30:00Z,Sell,12.3018273411,12.2410185029,74957,4558.05,749.57,-2017.5,12553.31,10349.01,1,"	1540,1541" 
2020-09-22T14:00:00Z,"AMD",2020-09-22T16:30:00Z,Sell,76.46,76.57,12067,-1327.37,120.67,-1327.37,13635.71,14963.08,0,"	1539,1542" 
2020-09-23T14:00:00Z,"TSLA",2020-09-23T14:30:00Z,Sell,132.6666534,134.096653257,4997,-7145.71,49.97,-7145.71,4980.34,12126.05,0,"	1543,1544" 
2020-09-23T18:30:00Z,"AMD",2020-09-23T19:59:00Z,Sell,75.47,74.58,12184,10843.76,121.84,-1462.08,13036.88,8406.96,1,"	1545,1547" 
2020-09-23T18:30:00Z,"NVDA",2020-09-23T19:59:00Z,Sell,12.25223324765,12.05385687385,74985,14875.25,749.85,-2130.38,15118.19,7306.81,1,"	1546,1548" 
2020-09-24T14:00:00Z,"AMD",2020-09-24T15:00:00Z,Buy,76.29,75.83,12271,-5644.66,122.71,-12761.84,10921.19,23683.03,0,"	1549,1551" 
2020-09-24T14:00:00Z,"NVDA",2020-09-24T19:30:00Z,Buy,12.3187740665,12.2474981332,75959,-5414.05,759.59,-10089.82,15920.33,22564.85,0,"	1550,1554" 
2020-09-24T16:00:00Z,"TSLA",2020-09-24T19:00:00Z,Buy,132.656653401,129.613320372,4047,-12316.37,40.47,-14623.16,1564.84,14623.16,0,"	1552,1553" 
2020-09-25T14:00:00Z,"TSLA",2020-09-25T14:30:00Z,Buy,134.056653261,133.33332,3737,-2703.1,37.37,-8159.12,0,8159.12,0,"	1555,1556" 
2020-09-25T18:30:00Z,"NVDA",2020-09-25T19:59:00Z,Buy,12.73870395325,12.83490154155,72062,6932.19,720.62,-1526.52,7039.94,2927.32,1,"	1557,1558" 
2020-09-29T14:30:00Z,"AMD",2020-09-29T15:00:00Z,Buy,80.99,80.52,11388,-5352.36,113.88,-12697.62,0,12697.62,0,"	1559,1560" 
2020-09-29T17:00:00Z,"NVDA",2020-09-29T19:59:00Z,Buy,13.25258847935,13.18579844395,69301,-4628.62,693.01,-5250.37,9516.3,14766.67,0,"	1561,1562" 
2020-09-30T14:00:00Z,"TSLA",2020-09-30T15:00:00Z,Buy,143.516652315,142.916652375,3518,-2110.8,35.18,-2110.8,2755.77,4866.57,0,"	1563,1565" 
2020-09-30T14:00:00Z,"NVDA",2020-09-30T19:59:00Z,Buy,13.4208096506,13.5279727671,68152,7303.38,681.52,-3430.89,10632.36,11770.33,1,"	1564,1566" 
2020-10-01T19:00:00Z,"AMD",2020-10-01T19:59:00Z,Buy,85.06,84.78,10792,-3021.76,107.92,-4748.48,1510.88,6259.36,0,"	1567,1568" 
2020-10-05T14:00:00Z,"TSLA",2020-10-05T14:30:00Z,Buy,143.923318941,142.43331909,4178,-6225.22,41.78,-6225.22,1712.98,7938.2,0,"	1569,1572" 
2020-10-05T14:00:00Z,"NVDA",2020-10-05T15:00:00Z,Buy,13.44249149045,13.4262924147,68113,-1103.37,681.13,-1103.37,7027.6,8130.97,0,"	1571,1573" 
2020-10-05T14:00:00Z,"AMD",2020-10-05T19:59:00Z,Buy,84.39,86.1,10855,18562.05,108.55,0,20353.12,7707.05,1,"	1570,1574" 
2020-10-06T14:00:00Z,"NVDA",2020-10-06T14:30:00Z,Buy,14.0483369235,14.03413158015,65705,-933.36,657.05,-1825.79,3029.33,4372.06,0,"	1575,1576" 
2020-10-06T15:00:00Z,"TSLA",2020-10-06T16:30:00Z,Sell,139.403319393,140.616652605,4773,-5791.24,47.73,-5982.16,7732.26,13714.42,0,"	1577,1580" 
2020-10-06T15:30:00Z,"AMD",2020-10-06T16:00:00Z,Sell,84.81,85.31,10569,-5284.5,105.69,-6130.02,317.07,6447.09,0,"	1578,1579" 
2020-10-07T14:00:00Z,"AMD",2020-10-07T14:30:00Z,Buy,87.42,86.78,9474,-6063.36,94.74,-6063.36,284.22,6347.58,0,"	1581,1582" 
2020-10-07T17:00:00Z,"TSLA",2020-10-07T19:59:00Z,Buy,142.319985768,141.649985835,4426,-2965.42,44.26,-4189.95,4071.92,8261.87,0,"	1583,1584" 
2020-10-08T17:30:00Z,"NVDA",2020-10-08T19:59:00Z,Sell,13.7522676621,13.7906470108,66013,-2533.54,660.13,-2615.79,1678.06,4293.85,0,"	1585,1586" 
2020-10-09T15:30:00Z,"AMD",2020-10-09T19:59:00Z,Sell,83.63,83.05,10180,5904.4,101.8,0,12317.8,8398.5,1,"	1587,1588" 
2020-10-12T14:30:00Z,"AMD",2020-10-12T16:00:00Z,Buy,84.78,84.29,7464,-3657.36,74.64,-3881.28,2127.24,6008.52,0,"	1589,1591" 
2020-10-12T15:00:00Z,"NVDA",2020-10-12T19:59:00Z,Buy,14.1041614307,14.19313173905,64601,5747.57,646.01,-2382.75,12654.32,8806.5,1,"	1590,1594" 
2020-10-12T18:30:00Z,"TSLA",2020-10-12T19:00:00Z,Buy,149.379985062,148.86665178,6130,-3146.73,61.3,-4107.1,939.93,5047.03,0,"	1592,1593" 
2020-10-13T15:00:00Z,"TSLA",2020-10-13T15:30:00Z,Buy,149.13331842,148.876651779,5895,-1513.05,58.95,-1513.05,2063.25,3576.3,0,"	1595,1597" 
2020-10-13T15:00:00Z,"AMD",2020-10-13T15:30:00Z,Buy,85.85,85.85,8570,0,85.7,-1371.2,1628.3,1628.3,0,"	1596,1598" 
2020-10-14T14:00:00Z,"AMD",2020-10-14T15:30:00Z,Sell,84.36,84.93,6474,-3690.18,64.74,-3819.66,3560.7,7380.36,0,"	1600,1601" 
2020-10-14T14:00:00Z,"TSLA",2020-10-14T17:00:00Z,Buy,152.93331804,152.629984737,5935,-1800.28,59.35,-8744.23,12206.32,17171.93,0,"	1599,1603" 
2020-10-14T16:00:00Z,"NVDA",2020-10-14T18:30:00Z,Sell,14.01469268925,14.04858614005,55865,-1893.46,558.65,-3995.75,4622.26,8618.02,0,"	1602,1604" 
2020-10-15T15:00:00Z,"TSLA",2020-10-15T15:30:00Z,Sell,148.573318476,149.289985071,6071,-4350.88,60.71,-7264.96,1962.96,9227.92,0,"	1605,1606" 
2020-10-16T15:30:00Z,"NVDA",2020-10-16T16:00:00Z,Sell,13.811581201,13.87114395645,65075,-3876.05,650.75,-3876.05,0,3876.05,0,"	1607,1608" 
2020-10-19T19:00:00Z,"AMD",2020-10-19T19:59:00Z,Sell,82.02,82,10928,218.56,109.28,-2076.32,4917.6,6993.92,1,"	1609,1613" 
2020-10-19T19:00:00Z,"NVDA",2020-10-19T19:59:00Z,Sell,13.522490003,13.46043508205,61711,3829.47,617.11,0,9612.13,6197.9,1,"	1610,1614" 
2020-10-19T19:30:00Z,"TSLA",2020-10-19T19:59:00Z,Sell,143.146652352,143.729985627,4357,-2541.58,43.57,-6753.35,0,6753.35,0,"	1611,1612" 
2020-10-20T14:00:00Z,"NVDA",2020-10-20T14:30:00Z,Buy,13.62392113885,13.56560446615,65814,-3838.05,658.14,-3838.05,2952.35,6790.4,0,"	1616,1617" 
2020-10-20T14:00:00Z,"TSLA",2020-10-20T16:00:00Z,Sell,141.346652532,141.53331918,3065,-572.13,30.65,-1093.18,2983.27,3872.12,0,"	1615,1618" 
2020-10-21T14:00:00Z,"NVDA",2020-10-21T15:00:00Z,Buy,13.72958895605,13.58404649085,56685,-8250.07,566.85,-8250.07,0,8250.07,0,"	1619,1621" 
2020-10-21T15:00:00Z,"AMD",2020-10-21T19:59:00Z,Sell,80.23,79.27,11066,10623.36,110.66,-4758.38,10734.02,11176.66,1,"	1620,1624" 
2020-10-21T16:00:00Z,"TSLA",2020-10-21T17:00:00Z,Buy,143.703318963,142.263319107,2661,-3831.84,26.61,-3964.89,638.64,4603.53,0,"	1622,1623" 
2020-10-22T14:00:00Z,"AMD",2020-10-22T14:30:00Z,Buy,80.46,79.44,11087,-11308.74,110.87,-12195.7,2228.49,14424.19,0,"	1625,1626" 
2020-10-22T14:30:00Z,"NVDA",2020-10-22T18:00:00Z,Sell,13.35825629655,13.3764491047,62054,-1128.94,620.54,-1933.11,9897.53,11830.64,0,"	1627,1628" 
2020-10-23T14:00:00Z,"TSLA",2020-10-23T17:00:00Z,Sell,137.779986222,138.556652811,6006,-4664.66,60.06,-5945.94,10950.94,16896.88,0,"	1629,1632" 
2020-10-23T14:30:00Z,"NVDA",2020-10-23T15:00:00Z,Buy,13.48236613845,13.402866059,65790,-5230.31,657.9,-7279.8,557.46,7837.27,0,"	1630,1631" 
2020-10-23T18:30:00Z,"AMD",2020-10-23T19:00:00Z,Buy,81.71,81.28,10723,-4610.89,107.23,-4825.35,321.69,5147.04,0,"	1633,1634" 
2020-10-26T14:00:00Z,"AMD",2020-10-26T14:30:00Z,Buy,84.64,83.48,7476,-8672.16,74.76,-8821.68,1345.68,10167.36,0,"	1635,1636" 
2020-10-26T15:30:00Z,"NVDA",2020-10-26T19:59:00Z,Sell,13.2752671854,13.09259145425,64525,11787.15,645.25,-1559.83,17077.7,5660.41,1,"	1637,1638" 
2020-10-27T14:00:00Z,"AMD",2020-10-27T15:30:00Z,Sell,79.2,80.21,8238,-8320.38,82.38,-10132.74,7414.2,17546.94,0,"	1639,1640" 
2020-10-27T16:00:00Z,"NVDA",2020-10-27T16:30:00Z,Buy,13.3719632068,13.2722765868,52950,-5278.41,529.5,-5278.41,514.64,5793.05,0,"	1641,1642" 
2020-10-28T14:00:00Z,"TSLA",2020-10-28T14:30:00Z,Sell,136.606653006,137.346652932,6333,-4686.42,63.33,-6712.98,992.17,7705.15,0,"	1643,1646" 
2020-10-28T14:00:00Z,"AMD",2020-10-28T15:30:00Z,Sell,77.08,77.02,5996,359.76,59.96,-239.84,7315.12,7554.96,1,"	1644,1647" 
2020-10-28T14:00:00Z,"NVDA",2020-10-28T19:59:00Z,Sell,12.91714300305,12.6143448948,47056,14248.47,470.56,-961.62,15186.64,6485.11,1,"	1645,1648" 
2020-10-29T14:00:00Z,"AMD",2020-10-29T14:30:00Z,Buy,78.24,78.04,10352,-2070.4,103.52,-5072.48,724.64,5797.12,0,"	1649,1650" 
2020-10-29T14:30:00Z,"NVDA",2020-10-29T19:59:00Z,Buy,12.97097377785,13.03975754565,55638,3826.99,556.38,-4908.53,9720,6142.6,1,"	1651,1654" 
2020-10-29T15:30:00Z,"TSLA",2020-10-29T16:00:00Z,Buy,139.09998609,137.9999862,6268,-6894.8,62.68,-6894.8,752.16,7646.96,0,"	1652,1653" 
2020-10-30T14:00:00Z,"TSLA",2020-10-30T16:30:00Z,Sell,132.543320079,130.796653587,6543,11428.44,65.43,-2159.19,39977.73,28549.29,1,"	1655,1658" 
2020-10-30T14:30:00Z,"AMD",2020-10-30T19:59:00Z,Sell,75.41,75.04,10876,4024.12,108.76,-1957.68,12181.12,8374.52,1,"	1656,1659" 
2020-10-30T14:30:00Z,"NVDA",2020-10-30T19:59:00Z,Sell,12.53285108295,12.46655948065,54171,3591.08,541.71,-1242.03,14553.33,10962.25,1,"	1657,1660" 
2020-11-02T15:00:00Z,"TSLA",2020-11-02T16:00:00Z,Buy,134.479986552,133.259986674,6541,-7980.02,65.41,-10858.06,3575.75,14433.81,0,"	1661,1662" 
2020-11-03T15:00:00Z,"NVDA",2020-11-03T19:00:00Z,Buy,12.7843105819,12.8555865152,59065,4209.91,590.65,-706.56,10068.46,6403.19,1,"	1663,1667" 
2020-11-03T15:30:00Z,"AMD",2020-11-03T16:30:00Z,Buy,76.56,76.17,11464,-4470.96,114.64,-4470.96,1604.96,6075.92,0,"	1665,1666" 
2020-11-03T15:30:00Z,"TSLA",2020-11-03T20:59:00Z,Buy,140.916652575,141.253319208,5328,1793.76,53.28,-4759.68,8347.2,13106.88,1,"	1664,1668" 
2020-11-04T15:30:00Z,"NVDA",2020-11-04T16:00:00Z,Buy,13.60996501205,13.57806529365,52265,-1667.24,522.65,-4506.75,0,4506.75,0,"	1669,1670" 
2020-11-05T15:00:00Z,"TSLA",2020-11-05T15:30:00Z,Buy,145.513318782,144.206652246,4685,-6121.73,46.85,-6777.63,4513.22,11290.85,0,"	1671,1673" 
2020-11-05T15:00:00Z,"NVDA",2020-11-05T15:30:00Z,Buy,14.21007846445,14.0692711137,55654,-7836.49,556.54,-7836.49,4479.98,12316.47,0,"	1672,1674" 
2020-11-06T15:00:00Z,"TSLA",2020-11-06T15:30:00Z,Sell,141.876652479,143.16665235,4488,-5789.52,44.88,-6013.92,388.96,6402.88,0,"	1675,1677" 
2020-11-06T15:00:00Z,"NVDA",2020-11-06T15:30:00Z,Sell,13.86765492475,14.195374688,56964,-18668.23,569.64,-18668.23,0,18668.23,0,"	1676,1678" 
2020-11-06T17:00:00Z,"AMD",2020-11-06T17:30:00Z,Buy,84.9,84.7,9134,-1826.8,91.34,-2283.5,2009.48,4292.98,0,"	1679,1680" 
2020-11-09T15:00:00Z,"TSLA",2020-11-09T15:30:00Z,Buy,149.623318371,148.739985126,4327,-3822.18,43.27,-3822.18,5048.17,8870.35,0,"	1681,1682" 
2020-11-09T17:00:00Z,"NVDA",2020-11-09T20:59:00Z,Sell,14.2915722763,13.6575653731,58938,37367.1,589.38,-1468.83,37528.67,7909.66,1,"	1683,1684" 
2020-11-10T15:00:00Z,"TSLA",2020-11-10T16:30:00Z,Sell,136.279986372,135.819986418,5867,2698.82,58.67,-6668.82,23585.34,21942.58,1,"	1685,1688" 
2020-11-10T15:00:00Z,"NVDA",2020-11-10T16:30:00Z,Sell,13.0410036284,12.97745340815,47264,3003.64,472.64,0,20860.56,17856.92,1,"	1687,1689" 
2020-11-10T15:00:00Z,"AMD",2020-11-10T20:59:00Z,Sell,79.06,78.07,10702,10594.98,107.02,-5886.1,14661.74,18835.52,1,"	1686,1690" 
2020-11-11T16:30:00Z,"NVDA",2020-11-11T17:30:00Z,Buy,13.2378847029,13.2812483826,38878,1685.89,388.78,-1632.6,4127.53,2771.07,1,"	1691,1692" 
2020-11-11T20:00:00Z,"AMD",2020-11-11T20:59:00Z,Buy,81.09,81.26,7189,1222.13,71.89,0,2516.15,2084.81,1,"	1693,1694" 
2020-11-12T16:30:00Z,"AMD",2020-11-12T17:00:00Z,Buy,82.54,82.37,7878,-1339.26,78.78,-4884.36,0,4884.36,0,"	1695,1696" 
2020-11-13T16:00:00Z,"NVDA",2020-11-13T16:30:00Z,Sell,13.1262356885,13.21869502855,37598,-3476.29,375.98,-5247.22,0,5247.22,0,"	1698,1699" 
2020-11-13T16:00:00Z,"TSLA",2020-11-13T18:00:00Z,Sell,134.103319923,135.549986445,6550,-9475.67,65.5,-10065.17,0,10065.17,0,"	1697,1700" 
2020-11-16T15:00:00Z,"NVDA",2020-11-16T15:30:00Z,Buy,13.46940687785,13.54516870905,37405,2833.87,374.05,0,5033.85,2209.3,1,"	1701,1703" 
2020-11-16T15:30:00Z,"AMD",2020-11-16T16:30:00Z,Buy,83,82.85,7467,-1120.05,74.67,-1418.73,4330.86,5600.25,0,"	1702,1704" 
2020-11-18T15:30:00Z,"TSLA",2020-11-18T20:59:00Z,Buy,151.613318172,162.56665041,3901,42728.95,39.01,-1365.35,52585.47,13302.41,1,"	1705,1706" 
2020-11-19T15:30:00Z,"TSLA",2020-11-19T17:00:00Z,Buy,167.6666499,166.529983347,1659,-1885.73,16.59,-3677.45,2781.59,6459.04,0,"	1707,1708" 
2020-11-19T17:00:00Z,"AMD",2020-11-19T20:59:00Z,Buy,84.99,85.62,10563,6654.69,105.63,-5070.24,6654.69,7499.73,1,"	1709,1710" 
2020-11-20T15:00:00Z,"AMD",2020-11-20T15:30:00Z,Sell,84.96,85.33,9249,-3422.13,92.49,-4162.05,554.94,4716.99,0,"	1711,1712" 
2020-11-20T17:00:00Z,"NVDA",2020-11-20T17:30:00Z,Sell,13.17832194745,13.22567309195,68252,-3231.81,682.52,-3231.81,0,3231.81,0,"	1713,1714" 
2020-11-23T15:00:00Z,"AMD",2020-11-23T15:30:00Z,Buy,87.12,86.43,10299,-7106.31,102.99,-8033.22,1029.9,9063.12,0,"	1716,1717" 
2020-11-23T15:00:00Z,"TSLA",2020-11-23T17:00:00Z,Buy,172.753316058,172.429982757,2320,-750.13,23.2,-2296.8,5196.8,7493.6,0,"	1715,1718" 
2020-11-24T15:00:00Z,"AMD",2020-11-24T16:00:00Z,Sell,84.06,84.77,10582,-7513.22,105.82,-7513.22,6349.2,13862.42,0,"	1719,1721" 
2020-11-24T15:30:00Z,"NVDA",2020-11-24T16:00:00Z,Sell,12.89969784455,12.9782010578,69354,-5444.51,693.54,-5444.51,2108.67,7553.18,0,"	1720,1722" 
2020-11-25T15:00:00Z,"AMD",2020-11-25T15:30:00Z,Buy,87.56,86.42,10081,-11492.34,100.81,-12298.82,0,12298.82,0,"	1723,1725" 
2020-11-25T15:00:00Z,"NVDA",2020-11-25T15:30:00Z,Buy,13.1531510759,13.08910242255,67101,-4297.73,671.01,-7324.53,0,7324.53,0,"	1724,1726" 
2020-11-25T18:30:00Z,"TSLA",2020-11-25T19:00:00Z,Buy,190.643314269,190.026647664,1965,-1211.75,19.65,-2253.2,340.6,2593.8,0,"	1727,1728" 
2020-11-27T15:00:00Z,"TSLA",2020-11-27T16:30:00Z,Buy,198.889980111,196.616647005,2738,-6224.39,27.38,-7675.53,1542.41,9217.93,0,"	1729,1730" 
2020-11-30T15:00:00Z,"AMD",2020-11-30T15:30:00Z,Buy,89.53,88.73,9682,-7745.6,96.82,-7745.6,5518.74,13264.34,0,"	1731,1733" 
2020-11-30T15:30:00Z,"TSLA",2020-11-30T16:00:00Z,Sell,189.999981,192.309980769,2247,-5190.57,22.47,-5808.49,11227.51,16418.08,0,"	1732,1734" 
2020-11-30T16:00:00Z,"NVDA",2020-11-30T17:00:00Z,Sell,13.053962889,13.0998187342,62941,-2886.21,629.41,-5035.19,1239.19,6274.38,0,"	1735,1736" 
2020-12-02T15:00:00Z,"AMD",2020-12-02T16:30:00Z,Buy,95.5,94.84,7008,-4625.28,70.08,-6797.76,5956.8,12754.56,0,"	1737,1739" 
2020-12-02T16:00:00Z,"NVDA",2020-12-02T20:59:00Z,Buy,13.5314617988,13.49682069835,63174,-2188.42,631.74,-3353.47,5526.15,8879.62,0,"	1738,1740" 
2020-12-03T16:00:00Z,"AMD",2020-12-03T17:00:00Z,Sell,92.67,92.57,5928,592.8,59.28,-59.28,3497.52,2904.72,1,"	1741,1742" 
2020-12-03T17:30:00Z,"NVDA",2020-12-03T18:30:00Z,Sell,13.354723964925,13.3908710403,63688,-2302.13,636.88,-2302.13,2556.16,4858.3,0,"	1743,1744" 
2020-12-07T15:00:00Z,"TSLA",2020-12-07T20:59:00Z,Buy,206.163312717,213.639978636,2263,16919.69,22.63,0,22441.41,8237.32,1,"	1745,1746" 
2020-12-08T15:00:00Z,"NVDA",2020-12-08T16:00:00Z,Sell,13.345250938275,13.3549732551,64437,-626.48,644.37,-2104.32,6007.75,6794.87,0,"	1747,1749" 
2020-12-08T15:30:00Z,"AMD",2020-12-08T19:00:00Z,Sell,92.26,93.02,9362,-7115.12,93.62,-7770.46,2714.98,10485.44,0,"	1748,1750" 
2020-12-09T15:00:00Z,"TSLA",2020-12-09T20:59:00Z,Sell,212.979978702,201.829979817,1935,21575.25,19.35,-2431.65,31772.7,17505.3,1,"	1751,1755" 
2020-12-09T16:00:00Z,"AMD",2020-12-09T16:30:00Z,Buy,94.4,94.21,9055,-1720.45,90.55,-4889.7,0,4889.7,0,"	1752,1753" 
2020-12-09T18:00:00Z,"NVDA",2020-12-09T20:59:00Z,Sell,13.088980638375,12.9122339043,65500,11576.91,655,-2155.36,16410.15,7854.01,1,"	1754,1756" 
2020-12-10T15:00:00Z,"AMD",2020-12-10T17:00:00Z,Buy,91.39,91.09,9576,-2872.8,95.76,-5362.56,5266.8,8426.88,0,"	1757,1762" 
2020-12-10T15:30:00Z,"NVDA",2020-12-10T16:30:00Z,Buy,12.981785863125,12.983032314,67547,84.19,675.47,-2391.11,2929.95,4664.35,1,"	1758,1760" 
2020-12-10T16:00:00Z,"TSLA",2020-12-10T17:00:00Z,Buy,204.493312884,203.6666463,1898,-1569.01,18.98,-1569.01,6472.18,8041.19,0,"	1759,1761" 
2020-12-11T17:00:00Z,"NVDA",2020-12-11T18:00:00Z,Sell,12.827225954625,12.85090852125,67930,-1608.76,679.3,-2557.08,2387.73,4250.5,0,"	1763,1764" 
2020-12-14T15:00:00Z,"AMD",2020-12-14T15:30:00Z,Buy,93.3,93.1,9326,-1865.2,93.26,-3450.62,1585.42,3543.88,0,"	1765,1767" 
2020-12-14T15:00:00Z,"NVDA",2020-12-14T16:00:00Z,Buy,13.23182390865,13.15304821335,65752,-5179.66,657.52,-5179.66,2753.74,7933.4,0,"	1766,1768" 
2020-12-14T18:00:00Z,"TSLA",2020-12-14T18:30:00Z,Buy,213.59997864,212.203312113,1686,-2354.78,16.86,-2916.78,354.06,3270.84,0,"	1769,1770" 
2020-12-15T15:00:00Z,"AMD",2020-12-15T15:30:00Z,Buy,97.33,97.02,8872,-2750.32,88.72,-2927.76,3814.96,6742.72,0,"	1771,1772" 
2020-12-16T15:00:00Z,"NVDA",2020-12-16T16:00:00Z,Sell,13.19492896275,13.28068478295,65239,-5594.62,652.39,-6375.27,650.54,7025.81,0,"	1773,1778" 
2020-12-16T15:30:00Z,"TSLA",2020-12-16T16:00:00Z,Sell,204.783312855,204.429979557,2381,841.29,23.81,-1769.88,2936.57,2095.28,1,"	1774,1776" 
2020-12-16T15:30:00Z,"AMD",2020-12-16T16:00:00Z,Sell,96.12,96.56,8944,-3935.36,89.44,-4293.12,0,4293.12,0,"	1775,1777" 
2020-12-17T18:00:00Z,"TSLA",2020-12-17T18:30:00Z,Buy,216.183311715,215.279978472,1926,-1739.82,19.26,-2612.94,109.14,2722.08,0,"	1779,1780" 
2020-12-18T20:00:00Z,"NVDA",2020-12-18T20:59:00Z,Sell,13.14407376705,13.20888921255,64949,-4209.7,649.49,-4209.7,5925.96,10135.66,0,"	1781,1784" 
2020-12-18T20:30:00Z,"AMD",2020-12-18T20:59:00Z,Sell,94.75,95.58,9050,-7511.5,90.5,-7511.5,3801,11312.5,0,"	1782,1783" 
2020-12-21T15:00:00Z,"TSLA",2020-12-21T15:30:00Z,Sell,219.913311342,220.939977906,2163,-2220.68,21.63,-4008.76,829.15,4758.6,0,"	1785,1787" 
2020-12-21T15:00:00Z,"AMD",2020-12-21T17:30:00Z,Sell,92.65,92.77,8769,-1052.28,87.69,-3595.29,12627.36,16222.65,0,"	1786,1788" 
2020-12-22T15:00:00Z,"TSLA",2020-12-22T19:00:00Z,Sell,211.783312155,210.303312303,1687,2496.76,16.87,-2434.9,10976.75,9244.76,1,"	1789,1794" 
2020-12-22T15:30:00Z,"NVDA",2020-12-22T16:00:00Z,Sell,13.157784726675,13.182464454,64099,-1581.95,640.99,-3643.27,798.96,3787.08,0,"	1790,1792" 
2020-12-22T16:00:00Z,"AMD",2020-12-22T18:30:00Z,Sell,92.07,92.02,6365,318.25,63.65,-1654.9,9229.25,9738.45,1,"	1791,1793" 
2020-12-23T15:00:00Z,"NVDA",2020-12-23T16:00:00Z,Sell,13.078510451025,13.104935209575,64489,-1704.11,644.89,-3070.61,980.66,4051.27,0,"	1795,1797" 
2020-12-23T16:00:00Z,"AMD",2020-12-23T18:30:00Z,Sell,92.02,92.22,8966,-1793.2,89.66,-2241.5,4214.02,6455.52,0,"	1796,1798" 
2020-12-24T15:30:00Z,"TSLA",2020-12-24T17:59:00Z,Buy,219.139978086,220.693311264,1837,2853.47,18.37,0,5235.45,4231.22,1,"	1799,1800" 
2020-12-28T15:30:00Z,"NVDA",2020-12-28T16:00:00Z,Sell,12.778365080325,12.884562694875,65942,-7002.88,659.42,-7002.88,0,7002.88,0,"	1801,1802" 
2020-12-29T17:00:00Z,"AMD",2020-12-29T20:30:00Z,Sell,89.98,90.58,8981,-5388.6,89.81,-5388.6,3951.64,9340.24,0,"	1803,1804" 
2020-12-30T16:30:00Z,"AMD",2020-12-30T17:30:00Z,Buy,91.74,91.97,9095,2091.85,90.95,-1364.25,3410.62,2819.45,1,"	1805,1806" 
2020-12-30T18:30:00Z,"TSLA",2020-12-30T20:59:00Z,Buy,229.123310421,231.493310184,2556,6057.72,25.56,-1635.84,7582.8,6577.44,1,"	1807,1809" 
2020-12-30T19:00:00Z,"NVDA",2020-12-30T20:59:00Z,Buy,13.132606419,13.1166518478,63649,-1015.49,636.49,-3379.69,2459.4,5839.08,0,"	1808,1810" 
2020-12-31T15:00:00Z,"AMD",2020-12-31T15:30:00Z,Sell,91.24,91.73,9188,-4502.12,91.88,-4502.12,367.52,4869.64,0,"	1811,1813" 
2020-12-31T15:00:00Z,"NVDA",2020-12-31T15:30:00Z,Sell,12.9979897245,13.029150996375,64473,-2009.06,644.73,-2909.12,594.68,2909.12,0,"	1812,1814" 
2020-12-31T16:30:00Z,"TSLA",2020-12-31T19:30:00Z,Buy,238.493309484,236.09997639,2942,-7041.19,29.42,-7041.19,2794.9,9836.09,0,"	1815,1816" 
2021-01-04T15:00:00Z,"TSLA",2021-01-04T16:00:00Z,Buy,246.23330871,243.73330896,2367,-5917.5,23.67,-5917.5,4102.8,10020.3,0,"	1817,1820" 
2021-01-04T15:00:00Z,"AMD",2021-01-04T16:00:00Z,Buy,94.58,93.99,8762,-5169.58,87.62,-5169.58,11653.46,16823.04,0,"	1818,1821" 
2021-01-04T15:00:00Z,"NVDA",2021-01-04T16:30:00Z,Buy,13.367188473675,13.29963083625,61995,-4188.24,619.95,-4188.24,14527.46,18715.7,0,"	1819,1822" 
2021-01-05T15:00:00Z,"NVDA",2021-01-05T16:00:00Z,Buy,13.320820501125,13.2781918812,61432,-2618.76,614.32,-2925.05,4456.49,7381.54,0,"	1823,1824" 
2021-01-05T18:00:00Z,"TSLA",2021-01-05T18:30:00Z,Buy,246.109975389,246.243308709,2212,294.93,22.12,-649.59,1275.59,1290.33,1,"	1825,1826" 
2021-01-06T15:00:00Z,"AMD",2021-01-06T15:30:00Z,Sell,89.89,91.2,9079,-11893.49,90.79,-12529.02,2814.49,15343.51,0,"	1827,1829" 
2021-01-06T15:00:00Z,"NVDA",2021-01-06T15:30:00Z,Sell,12.988267407675,13.032641058825,62789,-2786.18,627.89,-2786.18,3474.9,6261.07,0,"	1828,1830" 
2021-01-06T17:00:00Z,"TSLA",2021-01-06T18:30:00Z,Buy,257.053307628,256.506641016,2340,-1279.2,23.4,-1669.2,1645.8,3315,0,"	1831,1832" 
2021-01-07T15:00:00Z,"TSLA",2021-01-07T20:59:00Z,Buy,262.29997377,272.089972791,3070,30055.3,30.7,0,30229.26,13108.9,1,"	1833,1836" 
2021-01-07T15:00:00Z,"AMD",2021-01-07T20:59:00Z,Buy,93.2,95.23,8640,17539.2,86.4,0,19353.6,10713.6,1,"	1834,1837" 
2021-01-07T16:00:00Z,"NVDA",2021-01-07T20:59:00Z,Buy,13.12014191025,13.322066952,36193,7308.27,361.93,-604.51,7858.65,4980.45,1,"	1835,1838" 
2021-01-08T16:00:00Z,"TSLA",2021-01-08T18:30:00Z,Buy,292.649970735,289.589971041,2875,-8797.5,28.75,-15870,5797.92,21667.91,0,"	1839,1842" 
2021-01-08T17:00:00Z,"AMD",2021-01-08T17:30:00Z,Sell,94.07,94.43,8915,-3209.4,89.15,-5170.7,0,5170.7,0,"	1840,1841" 
2021-01-08T18:30:00Z,"NVDA",2021-01-08T19:30:00Z,Sell,13.1106688836,13.112663205,47864,-95.46,478.64,-155.12,4677.35,4832.47,0,"	1843,1844" 
2021-01-11T15:00:00Z,"NVDA",2021-01-11T17:00:00Z,Buy,13.79621686485,13.70048943765,47489,-4546,474.89,-6120.53,4167.17,10287.69,0,"	1846,1847" 
2021-01-11T15:00:00Z,"AMD",2021-01-11T20:30:00Z,Buy,96.18,97.26,8661,9353.88,86.61,0,25723.17,16802.34,1,"	1845,1849" 
2021-01-11T18:30:00Z,"TSLA",2021-01-11T20:59:00Z,Sell,276.13330572,269.969973003,3052,18810.49,30.52,-2828.19,22635.66,11760.37,1,"	1848,1850" 
2021-01-12T15:00:00Z,"TSLA",2021-01-12T19:30:00Z,Buy,282.96663837,283.693304964,1552,1127.79,15.52,-905.33,8924,8727.41,1,"	1851,1853" 
2021-01-12T19:00:00Z,"AMD",2021-01-12T20:59:00Z,Sell,94.71,95.38,8980,-6016.6,89.8,-6016.6,5388,11404.6,0,"	1852,1854" 
2021-01-13T15:30:00Z,"TSLA",2021-01-13T16:00:00Z,Sell,279.789972021,281.379971862,1563,-2485.17,15.63,-3402.13,276.13,3678.26,0,"	1855,1856" 
2021-01-14T20:30:00Z,"NVDA",2021-01-14T20:59:00Z,Sell,13.177229360325,13.161274789125,63977,1020.73,639.77,-5805.38,1961.71,6228.02,1,"	1857,1858" 
2021-01-15T15:30:00Z,"NVDA",2021-01-15T18:00:00Z,Sell,12.916471837275,12.987768827325,65279,-4654.2,652.79,-6379.18,2701.39,9080.56,0,"	1859,1862" 
2021-01-15T16:00:00Z,"AMD",2021-01-15T16:30:00Z,Sell,88.83,89.33,9490,-4745,94.9,-5978.7,1803.1,7781.8,0,"	1860,1861" 
2021-01-15T20:00:00Z,"TSLA",2021-01-15T20:59:00Z,Sell,274.423305891,275.546639112,1367,-1535.6,13.67,-2102.9,1877.35,3980.25,0,"	1863,1864" 
2021-01-20T15:00:00Z,"NVDA",2021-01-20T16:30:00Z,Buy,13.22883242655,13.191688190475,63171,-2346.44,631.71,-2346.44,5291.3,7637.74,0,"	1865,1866" 
2021-01-21T15:00:00Z,"NVDA",2021-01-21T17:30:00Z,Buy,13.480366213125,13.53296644005,53306,2803.91,533.06,-1886.99,7680.85,8305.41,1,"	1867,1868" 
2021-01-21T18:30:00Z,"AMD",2021-01-21T20:59:00Z,Buy,90.78,91.58,9131,7304.8,91.31,-456.55,11505.06,7761.35,1,"	1869,1870" 
2021-01-25T15:00:00Z,"AMD",2021-01-25T15:30:00Z,Buy,95.13,94.97,8065,-1290.4,80.65,-4113.15,3951.85,8065,0,"	1872,1873" 
2021-01-25T15:00:00Z,"TSLA",2021-01-25T16:00:00Z,Buy,298.643303469,288.036637863,2813,-29836.55,28.13,-29836.55,3816.3,33652.85,0,"	1871,1874" 
2021-01-25T16:00:00Z,"NVDA",2021-01-25T18:30:00Z,Sell,13.341760875825,13.5823258947,49482,-11903.64,494.82,-11903.64,5735.95,17639.59,0,"	1875,1876" 
2021-01-27T16:30:00Z,"NVDA",2021-01-27T17:30:00Z,Sell,12.961344068775,13.05532646475,46945,-4412,469.45,-5301.43,3698.13,8999.55,0,"	1877,1878" 
2021-01-27T20:00:00Z,"AMD",2021-01-27T20:59:00Z,Sell,88.93,88.94,9083,-90.83,90.83,-2906.56,8083.87,8356.36,0,"	1879,1880" 
2021-01-28T15:00:00Z,"AMD",2021-01-28T15:30:00Z,Sell,88.02,88.84,7066,-5794.12,70.66,-7136.66,1130.56,8267.22,0,"	1881,1882" 
2021-01-28T15:30:00Z,"NVDA",2021-01-28T16:00:00Z,Buy,13.08125264295,13.05333214335,61440,-1715.44,614.4,-5559.85,76.58,5636.43,0,"	1883,1884" 
2021-01-29T15:30:00Z,"NVDA",2021-01-29T16:00:00Z,Buy,13.272208917,13.1146575264,60440,-9522.41,604.4,-11029.12,1491.64,12520.76,0,"	1885,1886" 
2021-01-29T16:30:00Z,"TSLA",2021-01-29T17:00:00Z,Sell,272.73330606,273.029972697,2530,-750.57,25.3,-1028.87,2395.07,3423.93,0,"	1887,1888" 
2021-01-29T17:30:00Z,"AMD",2021-01-29T20:59:00Z,Sell,86.3,85.7,7013,4207.8,70.13,-911.69,8345.47,9257.16,1,"	1889,1890" 
2021-02-01T17:00:00Z,"TSLA",2021-02-01T20:59:00Z,Buy,275.596639107,280.526638614,2111,10407.23,21.11,-767,10460,8605.84,1,"	1891,1894" 
2021-02-01T19:00:00Z,"NVDA",2021-02-01T19:30:00Z,Buy,13.208141342025,13.1615240793,60639,-2826.82,606.39,-3189.63,0,3189.63,0,"	1892,1893" 
2021-02-02T15:00:00Z,"TSLA",2021-02-02T20:59:00Z,Buy,286.3333047,290.729970927,2018,8872.47,20.18,0,14132.73,6101.09,1,"	1895,1896" 
2021-02-03T15:00:00Z,"NVDA",2021-02-03T15:30:00Z,Buy,13.87997836365,13.6162293585,58223,-15356.26,582.23,-15356.26,391.89,15748.15,0,"	1897,1900" 
2021-02-03T15:30:00Z,"AMD",2021-02-03T16:00:00Z,Sell,87.66,87.8,8969,-1255.66,89.69,-3139.15,1300.5,3139.15,0,"	1899,1901" 
2021-02-03T15:30:00Z,"TSLA",2021-02-03T17:00:00Z,Sell,284.519971548,288.859971114,1957,-8493.38,19.57,-8493.38,0,8493.38,0,"	1898,1902" 
2021-02-04T15:00:00Z,"NVDA",2021-02-04T15:30:00Z,Sell,13.3499874516,13.409567803425,59213,-3527.93,592.13,-6435.89,2553.69,8989.58,0,"	1904,1905" 
2021-02-04T15:00:00Z,"TSLA",2021-02-04T16:30:00Z,Sell,281.256638541,280.459971954,1175,936.08,11.75,-270.25,3826.58,3043.25,1,"	1903,1906" 
2021-02-05T16:30:00Z,"NVDA",2021-02-05T18:00:00Z,Sell,13.52498915445,13.6082520729,58311,-4855.14,583.11,-4956.9,0,4956.9,0,"	1907,1908" 
2021-02-08T15:00:00Z,"AMD",2021-02-08T20:59:00Z,Buy,89.93,91.33,8734,12227.6,87.34,-3842.96,17031.3,8821.34,1,"	1909,1911" 
2021-02-08T15:00:00Z,"NVDA",2021-02-08T20:59:00Z,Buy,14.08140482505,14.399748378525,55769,17753.7,557.69,-4421.05,19435.92,6742.79,1,"	1910,1912" 
2021-02-10T15:00:00Z,"AMD",2021-02-10T15:30:00Z,Buy,92.84,91.54,8180,-10634,81.8,-15051.2,3272,18323.2,0,"	1914,1916" 
2021-02-10T15:00:00Z,"NVDA",2021-02-10T15:30:00Z,Buy,14.68069840575,14.478773364,35457,-7159.66,354.57,-9007.02,3270.46,12277.48,0,"	1915,1917" 
2021-02-10T15:00:00Z,"TSLA",2021-02-10T20:59:00Z,Sell,278.493305484,267.869973213,2889,30690.81,28.89,-934.11,32847.93,17112.51,1,"	1913,1918" 
2021-02-11T15:00:00Z,"TSLA",2021-02-11T15:30:00Z,Buy,274.803305853,271.949972805,2814,-8029.28,28.14,-8273.16,412.72,8685.88,0,"	1919,1920" 
2021-02-11T15:30:00Z,"NVDA",2021-02-11T17:00:00Z,Buy,15.140638778625,15.1548483186,41645,591.76,416.45,-3675.12,3550.54,4318.78,1,"	1921,1922" 
2021-02-12T15:00:00Z,"TSLA",2021-02-12T16:00:00Z,Sell,264.636640203,265.223306811,2756,-1616.85,27.56,-4051.32,7523.88,11198.55,0,"	1923,1924" 
2021-02-12T16:00:00Z,"AMD",2021-02-12T17:00:00Z,Buy,94.03,93.31,8580,-6177.6,85.8,-6177.6,686.4,6864,0,"	1925,1926" 
2021-02-16T15:00:00Z,"AMD",2021-02-16T15:30:00Z,Sell,92.63,92.63,8664,0,86.64,-86.64,3552.24,3552.24,0,"	1927,1928" 
2021-02-16T15:30:00Z,"NVDA",2021-02-16T16:00:00Z,Buy,15.200468420625,15.167562117525,37431,-1231.72,374.31,-3200.59,970.44,4171.04,0,"	1929,1931" 
2021-02-16T16:00:00Z,"TSLA",2021-02-16T20:59:00Z,Sell,268.346639832,265.403306793,2685,7902.85,26.85,-859.2,9791.3,9218.5,1,"	1930,1932" 
2021-02-17T15:00:00Z,"AMD",2021-02-17T17:30:00Z,Sell,89.88,89.58,8973,2691.9,89.73,-2961.09,11305.98,8614.08,1,"	1933,1935" 
2021-02-17T15:30:00Z,"NVDA",2021-02-17T18:30:00Z,Sell,14.880379835925,14.9623963035,44738,-3669.25,447.38,-4539.17,6033.63,10572.8,0,"	1934,1936" 
2021-02-18T15:00:00Z,"AMD",2021-02-18T17:00:00Z,Sell,88.13,87.99,9141,1279.74,91.41,0,6947.16,6672.93,1,"	1937,1938" 
2021-02-19T18:00:00Z,"TSLA",2021-02-19T18:30:00Z,Sell,260.436640623,260.79997392,3096,-1124.88,30.96,-1351.92,2280.72,3632.64,0,"	1939,1940" 
2021-02-22T15:00:00Z,"NVDA",2021-02-22T15:30:00Z,Buy,15.003030602025,14.920764844275,40853,-3360.8,408.53,-3931.12,1700.77,5631.89,0,"	1941,1943" 
2021-02-22T15:30:00Z,"TSLA",2021-02-22T20:59:00Z,Sell,250.946641572,238.3333095,3201,40375.28,32.01,-1515.14,43064.12,14436.51,1,"	1942,1945" 
2021-02-22T17:30:00Z,"AMD",2021-02-22T20:59:00Z,Sell,86.77,85.47,8781,11415.3,87.81,-1492.77,13259.31,2897.73,1,"	1944,1946" 
2021-02-23T18:00:00Z,"AMD",2021-02-23T18:30:00Z,Sell,82.22,83.33,10186,-11306.46,101.86,-11306.46,713.02,12019.48,0,"	1947,1949" 
2021-02-23T18:00:00Z,"NVDA",2021-02-23T18:30:00Z,Sell,13.624455934275,13.835854002675,61439,-12988.09,614.39,-12988.09,260.37,13248.46,0,"	1948,1950" 
2021-02-24T15:00:00Z,"NVDA",2021-02-24T16:00:00Z,Sell,13.8854627475,13.962991991925,59018,-4575.62,590.18,-4914.01,8731.93,13645.94,0,"	1951,1954" 
2021-02-24T15:30:00Z,"AMD",2021-02-24T16:00:00Z,Sell,83.19,84.18,9857,-9758.43,98.57,-10152.71,1379.98,11532.69,0,"	1952,1953" 
2021-02-24T16:30:00Z,"TSLA",2021-02-24T19:30:00Z,Buy,242.329975767,242.343309099,2167,28.89,21.67,-3510.54,7129.43,10639.97,1,"	1955,1956" 
2021-02-25T15:30:00Z,"AMD",2021-02-25T20:59:00Z,Sell,85.22,82.67,9515,24263.25,95.15,-2378.75,30923.75,15890.05,1,"	1957,1961" 
2021-02-25T16:00:00Z,"NVDA",2021-02-25T20:59:00Z,Sell,13.89992157765,13.341760875825,58444,32621.14,584.44,0,41916.49,15924.48,1,"	1958,1962" 
2021-02-25T17:00:00Z,"TSLA",2021-02-25T20:59:00Z,Sell,233.736643293,228.046643862,2080,11835.2,20.8,-2808,20820.8,14442.13,1,"	1959,1960" 
2021-02-26T15:00:00Z,"TSLA",2021-02-26T16:00:00Z,Sell,224.16664425,227.896643877,2122,-7915.06,21.22,-8282.87,8226.29,16509.16,0,"	1963,1964" 
2021-02-26T16:00:00Z,"AMD",2021-02-26T18:00:00Z,Buy,84.69,84.65,9752,-390.08,97.52,-3998.32,8386.72,8971.84,0,"	1965,1966" 
2021-03-01T16:00:00Z,"TSLA",2021-03-01T18:30:00Z,Buy,236.979976302,236.489976351,2000,-980,20,-2046.67,4673.33,6720,0,"	1967,1968" 
2021-03-02T15:00:00Z,"TSLA",2021-03-02T15:30:00Z,Sell,236.09997639,236.526643014,1978,-843.95,19.78,-4595.55,0,4595.55,0,"	1969,1970" 
2021-03-02T16:30:00Z,"AMD",2021-03-02T17:00:00Z,Sell,85.65,85.4,9885,2471.25,98.85,0,5733.3,4052.85,1,"	1971,1973" 
2021-03-02T16:30:00Z,"NVDA",2021-03-02T18:00:00Z,Sell,13.625453094975,13.5873116982,45537,1736.84,455.37,-56.76,3734.78,3791.54,1,"	1972,1974" 
2021-03-03T15:00:00Z,"AMD",2021-03-03T16:30:00Z,Sell,83.22,83.66,9524,-4190.56,95.24,-4190.56,7333.48,11524.04,0,"	1975,1977" 
2021-03-03T15:00:00Z,"NVDA",2021-03-03T20:59:00Z,Sell,13.0717796163,12.791328169425,46214,12960.78,462.14,-2096.77,13732.67,8052.97,1,"	1976,1980" 
2021-03-03T20:30:00Z,"TSLA",2021-03-03T20:59:00Z,Sell,219.09997809,217.853311548,2046,2550.68,20.46,-2346.08,2693.9,4030.62,1,"	1978,1979" 
2021-03-04T15:00:00Z,"TSLA",2021-03-04T16:00:00Z,Sell,212.996645367,217.283311605,2460,-10545.2,24.6,-11496.4,17425,28921.4,0,"	1981,1983" 
2021-03-04T15:00:00Z,"NVDA",2021-03-04T16:00:00Z,Sell,12.5392958025,12.68837132715,51465,-7672.17,514.65,-8531.76,8980.8,17512.57,0,"	1982,1984" 
2021-03-04T18:30:00Z,"AMD",2021-03-04T20:59:00Z,Sell,78.35,77.76,10175,6003.25,101.75,0,15262.5,13532.75,1,"	1985,1986" 
2021-03-05T15:00:00Z,"TSLA",2021-03-05T17:30:00Z,Sell,196.793313654,193.996647267,3006,8406.78,30.06,-4729.44,49989.78,44057.94,1,"	1987,1990" 
2021-03-05T15:00:00Z,"AMD",2021-03-05T17:30:00Z,Sell,77.1,77.14,11025,-441,110.25,-4740.75,31531.5,32303.25,0,"	1988,1991" 
2021-03-05T15:00:00Z,"NVDA",2021-03-05T17:30:00Z,Sell,12.106278768525,12.1045337373,70160,122.43,701.6,-7538.28,31910.87,33047.73,1,"	1989,1992" 
2021-03-08T17:00:00Z,"AMD",2021-03-08T20:59:00Z,Sell,76.04,74.16,11247,21144.36,112.47,-8097.84,22606.47,11696.88,1,"	1993,1997" 
2021-03-08T17:00:00Z,"NVDA",2021-03-08T20:59:00Z,Sell,11.92255190955,11.607199838175,71651,22595.29,716.51,-6501.73,25220.99,15057.57,1,"	1994,1998" 
2021-03-08T19:00:00Z,"TSLA",2021-03-08T19:30:00Z,Sell,190.036647663,192.796647387,2967,-8188.92,29.67,-8188.92,3669.19,11858.11,0,"	1995,1996" 
2021-03-09T15:30:00Z,"NVDA",2021-03-09T16:00:00Z,Buy,12.3423762666,12.2570896062,36657,-3126.35,366.57,-4817.51,649.04,5466.55,0,"	2000,2001" 
2021-03-09T15:30:00Z,"TSLA",2021-03-09T20:59:00Z,Buy,210.523312281,224.963310837,4174,60272.55,41.74,-10713.27,63903.93,26449.24,1,"	1999,2004" 
2021-03-09T18:30:00Z,"AMD",2021-03-09T19:30:00Z,Buy,78.27,78.19,6624,-529.92,66.24,-794.88,3875.04,4669.92,0,"	2002,2003" 
2021-03-11T15:00:00Z,"AMD",2021-03-11T15:30:00Z,Buy,80.5,79.76,8205,-6071.7,82.05,-6071.7,1887.15,7958.85,0,"	2005,2006" 
2021-03-15T15:00:00Z,"AMD",2021-03-15T15:30:00Z,Buy,83,82.45,7606,-4183.3,76.06,-4487.54,2509.98,6997.52,0,"	2007,2009" 
2021-03-15T15:00:00Z,"NVDA",2021-03-15T15:30:00Z,Buy,13.0533478128,12.9423754038,41217,-4573.95,412.17,-5427.07,0,5427.07,0,"	2008,2010" 
2021-03-17T17:00:00Z,"AMD",2021-03-17T17:30:00Z,Sell,80.48,81.09,11248,-6861.28,112.48,-6973.76,0,6973.76,0,"	2011,2012" 
2021-03-17T19:00:00Z,"TSLA",2021-03-17T19:59:00Z,Buy,231.953310138,233.639976636,2890,4874.47,28.9,-539.47,7128.67,7668.13,1,"	2013,2014" 
2021-03-18T14:00:00Z,"AMD",2021-03-18T15:00:00Z,Sell,80.19,80.41,11271,-2479.62,112.71,-3381.3,5635.5,9016.8,0,"	2015,2016" 
2021-03-18T16:00:00Z,"NVDA",2021-03-18T16:30:00Z,Sell,12.985018734,13.0977367764,69449,-7828.16,694.49,-7828.16,502.25,8330.4,0,"	2017,2018" 
2021-03-18T17:00:00Z,"TSLA",2021-03-18T17:30:00Z,Sell,222.663311067,224.313310902,2655,-4380.75,26.55,-6115.35,0,6115.35,0,"	2019,2020" 
2021-03-19T14:00:00Z,"TSLA",2021-03-19T15:00:00Z,Sell,212.956645371,216.939978306,2981,-11874.32,29.81,-11874.32,13295.26,25169.57,0,"	2021,2022" 
2021-03-19T17:00:00Z,"NVDA",2021-03-19T18:30:00Z,Buy,12.870305682,12.8159416704,68809,-3740.73,688.09,-6211.68,1218.31,7429.99,0,"	2023,2024" 
2021-03-22T14:00:00Z,"NVDA",2021-03-22T19:59:00Z,Buy,12.958834233,13.1428738686,68140,12540.46,681.4,-237.89,27187.99,15038.36,1,"	2025,2030" 
2021-03-22T16:30:00Z,"TSLA",2021-03-22T17:30:00Z,Buy,232.626643404,230.06664366,2779,-7114.24,27.79,-7114.24,731.8,7846.04,0,"	2026,2028" 
2021-03-22T16:30:00Z,"AMD",2021-03-22T19:00:00Z,Buy,80.81,81.05,11117,2668.08,111.17,-222.34,4557.97,4780.31,1,"	2027,2029" 
2021-03-23T14:00:00Z,"AMD",2021-03-23T15:00:00Z,Sell,79,79.12,11234,-1348.08,112.34,-2022.12,5336.15,7358.27,0,"	2031,2032" 
2021-03-24T14:00:00Z,"NVDA",2021-03-24T15:00:00Z,Sell,12.9194327934,12.965068638,68600,-3130.62,686,-5046.63,6842.88,11889.51,0,"	2033,2034" 
2021-03-24T17:00:00Z,"TSLA",2021-03-24T19:59:00Z,Sell,217.559978244,210.553312278,3113,21811.75,31.13,0,21842.88,7191.03,1,"	2035,2036" 
2021-03-25T15:00:00Z,"AMD",2021-03-25T15:30:00Z,Sell,75.31,75.75,11930,-5249.2,119.3,-5249.2,1670.2,6919.4,0,"	2037,2039" 
2021-03-25T15:00:00Z,"NVDA",2021-03-25T16:00:00Z,Sell,12.3605807292,12.4443711324,72668,-6088.88,726.68,-6088.88,6795.63,12884.51,0,"	2038,2040" 
2021-03-25T16:30:00Z,"TSLA",2021-03-25T17:00:00Z,Buy,214.406645226,211.303312203,3511,-10895.8,35.11,-10895.8,0,10895.8,0,"	2041,2042" 
2021-03-26T15:30:00Z,"NVDA",2021-03-26T16:00:00Z,Sell,12.365318877,12.4910044818,71385,-8972.07,713.85,-8972.07,249.22,9221.29,0,"	2044,2045" 
2021-03-26T15:30:00Z,"TSLA",2021-03-26T19:59:00Z,Sell,208.386645828,205.809979419,3387,8727.17,33.87,-1580.6,27649.21,19407.51,1,"	2043,2048" 
2021-03-26T17:30:00Z,"AMD",2021-03-26T18:00:00Z,Buy,77.32,76.64,11424,-7768.32,114.24,-8796.48,399.84,9196.32,0,"	2046,2047" 
2021-03-29T14:00:00Z,"TSLA",2021-03-29T15:00:00Z,Sell,200.453313288,202.223313111,3470,-6141.9,34.7,-8744.4,3516.27,12260.67,0,"	2049,2050" 
2021-03-29T17:00:00Z,"NVDA",2021-03-29T17:30:00Z,Buy,12.9655673904,12.9620761236,65723,-229.46,657.23,-442.52,3130.44,3572.97,0,"	2051,2052" 
2021-03-30T14:00:00Z,"AMD",2021-03-30T14:30:00Z,Sell,75.29,75.47,11587,-2085.66,115.87,-4171.32,1506.31,5214.15,0,"	2053,2054" 
2021-03-30T15:30:00Z,"TSLA",2021-03-30T16:30:00Z,Buy,207.69997923,207.96664587,3484,929.07,34.84,-2252.99,11021.05,13274.04,1,"	2055,2056" 
2021-03-31T14:00:00Z,"AMD",2021-03-31T19:59:00Z,Buy,77.65,78.47,11228,9206.96,112.28,-3031.56,16168.32,7410.48,1,"	2057,2061" 
2021-03-31T14:00:00Z,"NVDA",2021-03-31T19:59:00Z,Buy,13.2289086576,13.32915789,65644,6580.76,656.44,-3585.04,13194.26,8250.51,1,"	2058,2062" 
2021-03-31T15:00:00Z,"TSLA",2021-03-31T15:30:00Z,Buy,220.269977973,219.976644669,2335,-684.93,23.35,-3175.6,0,3175.6,0,"	2059,2060" 
2021-04-01T14:30:00Z,"NVDA",2021-04-01T15:30:00Z,Buy,13.6842695988,13.650853188,64398,-2151.95,643.98,-4400.26,256.95,4560.85,0,"	2063,2065" 
2021-04-01T15:30:00Z,"AMD",2021-04-01T16:00:00Z,Buy,80.84,80.36,10882,-5223.36,108.82,-6638.02,0,6638.02,0,"	2064,2066" 
2021-04-06T15:30:00Z,"AMD",2021-04-06T16:00:00Z,Buy,82.44,82.25,10625,-2018.75,106.25,-3240.62,0,3240.62,0,"	2067,2068" 
2021-04-07T15:30:00Z,"NVDA",2021-04-07T16:30:00Z,Buy,13.971301605,13.9747928718,62591,218.52,625.91,-3792.92,2981.26,4854.31,1,"	2069,2070" 
2021-04-07T18:30:00Z,"AMD",2021-04-07T19:30:00Z,Buy,82.95,82.31,10540,-6745.6,105.4,-6956.4,790.5,7746.9,0,"	2071,2072" 
2021-04-08T14:00:00Z,"NVDA",2021-04-08T14:30:00Z,Buy,14.4029718072,14.295490665,60388,-6490.57,603.88,-6852,858.38,7710.38,0,"	2073,2075" 
2021-04-08T14:30:00Z,"TSLA",2021-04-08T15:30:00Z,Buy,228.696643797,228.163310517,2241,-1195.2,22.41,-2905.83,1904.85,4810.68,0,"	2074,2076" 
2021-04-12T14:00:00Z,"AMD",2021-04-12T14:30:00Z,Sell,81.06,81.55,10658,-5222.42,106.58,-6714.54,0,6714.54,0,"	2078,2079" 
2021-04-12T14:00:00Z,"TSLA",2021-04-12T16:00:00Z,Buy,231.36664353,232.096643457,1593,1162.89,15.93,0,5432.13,5283.45,1,"	2077,2082" 
2021-04-12T15:00:00Z,"NVDA",2021-04-12T15:30:00Z,Sell,14.1902539086,14.261824878,60794,-4351.09,607.94,-4502.69,0,4502.69,0,"	2080,2081" 
2021-04-13T14:00:00Z,"AMD",2021-04-13T14:30:00Z,Buy,80.27,79.5,10495,-8081.15,104.95,-12698.95,0,12698.95,0,"	2084,2086" 
2021-04-13T14:00:00Z,"NVDA",2021-04-13T16:00:00Z,Buy,15.5289053502,15.41144916,55241,-6488.4,552.41,-7741.99,3292.41,11034.41,0,"	2085,2087" 
2021-04-13T14:00:00Z,"TSLA",2021-04-13T19:59:00Z,Buy,241.816642485,254.219974578,3479,43151.19,34.79,0,43220.77,7595.82,1,"	2083,2088" 
2021-04-14T14:30:00Z,"NVDA",2021-04-14T15:00:00Z,Sell,15.3643170582,15.5496035748,57031,-10567.08,570.31,-13589.29,0,13589.29,0,"	2090,2091" 
2021-04-14T14:30:00Z,"AMD",2021-04-14T19:59:00Z,Sell,79,78.44,10789,6041.84,107.89,-3776.15,11220.56,9170.65,1,"	2089,2094" 
2021-04-14T15:30:00Z,"TSLA",2021-04-14T16:00:00Z,Sell,249.106641756,251.563308177,2171,-5333.42,21.71,-5774.86,1523.32,7298.18,0,"	2092,2093" 
2021-04-15T14:00:00Z,"TSLA",2021-04-15T14:30:00Z,Sell,241.853309148,244.289975571,2533,-6172.08,25.33,-6172.08,3124.03,9296.11,0,"	2095,2097" 
2021-04-15T14:00:00Z,"NVDA",2021-04-15T15:30:00Z,Buy,15.9062115408,15.8817726732,54671,-1336.1,546.71,-4444.57,5971.54,7307.63,0,"	2096,2099" 
2021-04-15T14:30:00Z,"AMD",2021-04-15T19:59:00Z,Buy,81.2,82.8,10678,17084.8,106.78,-1708.48,28723.82,11745.8,1,"	2098,2100" 
2021-04-16T14:00:00Z,"NVDA",2021-04-16T14:30:00Z,Sell,15.8643163392,15.921423489,52726,-3011.03,527.26,-5075.36,289.27,5364.63,0,"	2102,2103" 
2021-04-16T14:00:00Z,"AMD",2021-04-16T16:30:00Z,Sell,81.64,82.36,8812,-6344.64,88.12,-7225.84,969.32,8195.16,0,"	2101,2104" 
2021-04-19T14:00:00Z,"TSLA",2021-04-19T15:30:00Z,Sell,236.043309729,237.836642883,2656,-4763.09,26.56,-6905.6,14005.97,20911.57,0,"	2105,2107" 
2021-04-19T15:00:00Z,"AMD",2021-04-19T17:30:00Z,Sell,80.95,80.81,8821,1234.94,88.21,-1896.52,4675.13,5469.02,1,"	2106,2110" 
2021-04-19T16:30:00Z,"NVDA",2021-04-19T17:00:00Z,Sell,15.2473596204,15.2765366358,49355,-1440.03,493.55,-1723.11,2301.59,4024.7,0,"	2108,2109" 
2021-04-20T14:00:00Z,"TSLA",2021-04-20T15:00:00Z,Buy,243.623308971,240.543309279,2373,-7308.84,23.73,-7435.4,4295.13,11730.53,0,"	2111,2112" 
2021-04-20T15:00:00Z,"AMD",2021-04-20T19:59:00Z,Sell,79.49,79.34,10821,1623.15,108.21,-2272.41,10496.37,9630.69,1,"	2113,2116" 
2021-04-20T15:30:00Z,"NVDA",2021-04-20T18:00:00Z,Sell,15.0057140826,15.0708012708,49242,-3205.02,492.42,-4825.95,3278.7,8104.66,0,"	2114,2115" 
2021-04-21T14:00:00Z,"AMD",2021-04-21T19:59:00Z,Buy,80.35,81.57,9594,11704.68,95.94,-1822.86,12088.44,6236.1,1,"	2117,2120" 
2021-04-21T16:00:00Z,"TSLA",2021-04-21T17:00:00Z,Buy,242.529975747,241.296642537,3564,-4395.6,35.64,-5274.72,4146.12,9420.84,0,"	2118,2119" 
2021-04-22T14:00:00Z,"AMD",2021-04-22T15:00:00Z,Sell,80.2,80.17,9690,290.7,96.9,-3585.3,920.55,3972.9,1,"	2121,2122" 
2021-04-22T17:30:00Z,"NVDA",2021-04-22T19:59:00Z,Sell,15.0688062612,14.8097043894,49892,12927.11,498.92,0,15515.02,9406.06,1,"	2123,2126" 
2021-04-22T18:00:00Z,"TSLA",2021-04-22T19:59:00Z,Sell,240.949975905,239.653309368,3614,4686.15,36.14,-6999.11,5408.95,12408.07,1,"	2124,2125" 
2021-04-23T14:00:00Z,"TSLA",2021-04-23T15:00:00Z,Buy,243.046642362,242.483309085,2874,-1619.02,28.74,-2222.56,2596.18,4818.74,0,"	2127,2130" 
2021-04-23T14:00:00Z,"AMD",2021-04-23T19:59:00Z,Buy,82.36,82.72,10548,3797.28,105.48,-3902.76,9493.2,7172.64,1,"	2128,2131" 
2021-04-23T14:00:00Z,"NVDA",2021-04-23T19:59:00Z,Buy,15.0890057334,15.225663891,57983,7923.85,579.83,-3947.47,11466.45,4974.1,1,"	2129,2132" 
2021-04-26T14:00:00Z,"AMD",2021-04-26T15:30:00Z,Buy,84.64,84.99,9269,3244.15,92.69,0,10891.08,7646.92,1,"	2133,2134" 
2021-04-27T14:00:00Z,"TSLA",2021-04-27T15:30:00Z,Sell,236.623309671,237.989976201,3732,-5100.4,37.32,-5398.96,4876.48,10275.44,0,"	2135,2136" 
2021-04-29T14:30:00Z,"TSLA",2021-04-29T19:00:00Z,Sell,229.429977057,227.916643875,3834,5802.12,38.34,0,24307.56,18646.02,1,"	2137,2140" 
2021-04-29T16:30:00Z,"NVDA",2021-04-29T17:00:00Z,Sell,15.0977339004,15.1102027104,59188,-738,591.88,-1328.41,1107.01,2435.41,0,"	2138,2139" 
2021-04-30T14:30:00Z,"TSLA",2021-04-30T19:59:00Z,Buy,230.569976943,236.449976355,3125,18375,31.25,0,24145.83,14796.87,1,"	2141,2142" 
2021-05-03T14:00:00Z,"TSLA",2021-05-03T14:30:00Z,Sell,230.713310262,232.079976792,2133,-2915.1,21.33,-7977.42,490.59,8468.01,0,"	2143,2145" 
2021-05-03T14:00:00Z,"AMD",2021-05-03T19:59:00Z,Sell,79.97,78.5,10093,14836.71,100.93,-3330.69,14937.64,5399.76,1,"	2144,2148" 
2021-05-03T15:30:00Z,"NVDA",2021-05-03T16:00:00Z,Sell,14.8047168654,14.854093353,60784,-3001.3,607.84,-4077.52,378.95,4456.48,0,"	2146,2147" 
2021-05-04T14:00:00Z,"TSLA",2021-05-04T14:30:00Z,Sell,222.329977767,223.93331094,1608,-2578.16,16.08,-2578.16,4143.28,6721.44,0,"	2149,2151" 
2021-05-04T14:00:00Z,"NVDA",2021-05-04T18:30:00Z,Sell,14.2650667686,14.2191815478,63050,2893.06,630.5,-440.25,17845.8,17484.16,1,"	2150,2152" 
2021-05-06T14:00:00Z,"NVDA",2021-05-06T15:00:00Z,Sell,14.2822737264,14.3785329396,62985,-6062.89,629.85,-6219.96,5795.87,12015.82,0,"	2153,2158" 
2021-05-06T14:30:00Z,"TSLA",2021-05-06T15:00:00Z,Sell,219.679978032,219.956644671,2525,-698.58,25.25,-3400.33,757.5,3400.33,0,"	2154,2156" 
2021-05-06T14:30:00Z,"AMD",2021-05-06T15:00:00Z,Sell,76.68,77.8,11775,-13188,117.75,-13188,0,13188,0,"	2155,2157" 
2021-05-10T14:00:00Z,"AMD",2021-05-10T16:00:00Z,Sell,76.55,76.87,11557,-3698.24,115.57,-3698.24,5894.07,9592.31,0,"	2160,2162" 
2021-05-10T14:00:00Z,"NVDA",2021-05-10T16:00:00Z,Sell,14.3757898014,14.4259144176,57141,-2864.17,571.41,-5649.97,3904.39,9554.36,0,"	2161,2163" 
2021-05-10T14:00:00Z,"TSLA",2021-05-10T19:59:00Z,Sell,216.56664501,209.896645677,4092,27293.64,40.92,-6315.32,29598.8,9902.64,1,"	2159,2164" 
2021-05-11T17:30:00Z,"AMD",2021-05-11T18:00:00Z,Buy,76.65,76.57,11740,-939.2,117.4,-2700.2,1878.4,4578.6,0,"	2165,2166" 
2021-05-12T19:30:00Z,"NVDA",2021-05-12T19:59:00Z,Sell,13.706962833,13.7284091862,65588,-1406.62,655.88,-2845.96,1651.96,3238.51,0,"	2167,2168" 
2021-05-13T15:30:00Z,"TSLA",2021-05-13T19:59:00Z,Sell,191.359980864,190.649980935,4045,2871.95,40.45,-7227.07,18593.51,21890.19,1,"	2169,2174" 
2021-05-13T16:00:00Z,"AMD",2021-05-13T16:30:00Z,Sell,73.35,73.77,12291,-5162.22,122.91,-6022.59,368.73,6391.32,0,"	2170,2171" 
2021-05-13T17:00:00Z,"NVDA",2021-05-13T17:30:00Z,Sell,13.5506039556,13.539880779,65073,697.79,650.73,-3424.04,3002.12,4170.51,1,"	2172,2173" 
2021-05-14T16:30:00Z,"NVDA",2021-05-14T19:59:00Z,Buy,14.1331467588,14.2154409048,63321,5210.95,633.21,-47.37,10074.5,4863.55,1,"	2175,2176" 
2021-05-17T14:00:00Z,"NVDA",2021-05-17T15:00:00Z,Sell,13.9231719984,14.0164386972,59653,-5563.64,596.53,-9565.29,2960.33,12525.62,0,"	2177,2178" 
2021-05-18T14:30:00Z,"TSLA",2021-05-18T16:30:00Z,Buy,195.549980445,195.146647152,4059,-1637.13,40.59,-3815.46,12867.03,16682.49,0,"	2179,2180" 
2021-05-19T16:30:00Z,"AMD",2021-05-19T19:59:00Z,Buy,76.47,76.13,11693,-3975.62,116.93,-11576.07,4677.2,16253.27,0,"	2181,2182" 
2021-05-20T14:00:00Z,"TSLA",2021-05-20T14:30:00Z,Buy,193.333314,193.936647273,3846,2320.42,38.46,0,5230.56,3307.56,1,"	2183,2184" 
2021-05-20T14:30:00Z,"NVDA",2021-05-20T16:30:00Z,Buy,14.5057148016,14.4777846672,61068,-1705.64,610.68,-2863.03,3502.65,5269.2,0,"	2185,2186" 
2021-05-21T14:30:00Z,"AMD",2021-05-21T15:00:00Z,Sell,77.44,77.6,11509,-1841.44,115.09,-1841.44,3797.97,5639.41,0,"	2187,2188" 
2021-05-24T14:00:00Z,"AMD",2021-05-24T14:30:00Z,Buy,77.58,77.59,11471,114.71,114.71,-1950.07,2638.33,3097.17,1,"	2190,2192" 
2021-05-24T14:00:00Z,"TSLA",2021-05-24T19:59:00Z,Buy,195.6666471,202.189979781,3480,22701.2,34.8,0,31784,9082.8,1,"	2189,2193" 
2021-05-24T14:00:00Z,"NVDA",2021-05-24T19:59:00Z,Buy,15.3668108202,15.5690549184,56177,11361.47,561.77,-14.01,18870.4,7733.08,1,"	2191,2194" 
2021-05-25T14:00:00Z,"AMD",2021-05-25T14:30:00Z,Buy,77.7,77.78,11742,939.36,117.42,0,4814.22,4755.51,1,"	2195,2197" 
2021-05-25T14:00:00Z,"NVDA",2021-05-25T14:30:00Z,Sell,15.476286972,15.5688055422,56160,-5195.84,561.6,-6470.29,518.18,6988.48,0,"	2196,2198" 
2021-05-26T15:00:00Z,"TSLA",2021-05-26T15:30:00Z,Buy,206.009979399,205.669979433,2787,-947.58,27.87,-1384.21,901.13,1848.71,0,"	2199,2200" 
2021-05-27T14:00:00Z,"AMD",2021-05-27T14:30:00Z,Sell,77.56,78.02,11711,-5387.06,117.11,-5445.62,351.33,5796.94,0,"	2202,2204" 
2021-05-27T14:00:00Z,"NVDA",2021-05-27T14:30:00Z,Sell,15.4670600526,15.6141920106,54195,-7973.82,541.95,-9703.73,1446.1,11149.83,0,"	2203,2205" 
2021-05-27T14:00:00Z,"TSLA",2021-05-27T15:00:00Z,Buy,208.763312457,207.016645965,3035,-5301.13,30.35,-5705.8,1972.75,7678.55,0,"	2201,2206" 
2021-05-28T14:00:00Z,"AMD",2021-05-28T19:59:00Z,Buy,80.52,80.1,11121,-4670.82,111.21,-5115.66,6060.94,11176.6,0,"	2207,2209" 
2021-05-28T14:00:00Z,"NVDA",2021-05-28T19:59:00Z,Buy,15.9196778556,16.210699881,33647,9792.02,336.47,-1384.48,10515.3,3557.68,1,"	2208,2210" 
2021-06-01T14:00:00Z,"AMD",2021-06-01T14:30:00Z,Buy,82.18,81.81,10934,-4045.58,109.34,-7325.78,2241.47,9567.25,0,"	2211,2212" 
2021-06-01T15:00:00Z,"NVDA",2021-06-01T15:30:00Z,Sell,15.9660618288,15.9872588058,29565,-626.69,295.65,-1467.19,611.94,2079.13,0,"	2213,2214" 
2021-06-02T14:00:00Z,"AMD",2021-06-02T14:30:00Z,Buy,82.07,81.69,10907,-4144.66,109.07,-6653.27,109.07,6762.34,0,"	2216,2218" 
2021-06-02T14:00:00Z,"TSLA",2021-06-02T19:59:00Z,Sell,205.019979498,201.76664649,3701,12040.59,37.01,-789.55,18825.75,8166.87,1,"	2215,2219" 
2021-06-02T14:00:00Z,"NVDA",2021-06-02T19:59:00Z,Buy,16.5279064074,16.7279061198,28413,5682.59,284.13,-970.72,9586.72,6667.48,1,"	2217,2220" 
2021-06-03T14:30:00Z,"TSLA",2021-06-03T15:00:00Z,Sell,198.846646782,201.523313181,2901,-7765.01,29.01,-7765.01,1121.72,8886.73,0,"	2221,2222" 
2021-06-03T17:00:00Z,"NVDA",2021-06-03T19:30:00Z,Buy,17.1550875504,17.0318957076,28985,-3570.72,289.85,-4785.05,1503.46,6288.51,0,"	2223,2224" 
2021-06-04T14:00:00Z,"TSLA",2021-06-04T19:59:00Z,Buy,197.279980272,199.689980031,3553,8562.73,35.53,-829.03,10197.11,7745.54,1,"	2225,2228" 
2021-06-04T14:00:00Z,"NVDA",2021-06-04T19:59:00Z,Buy,17.446358952,17.5134411498,45022,3020.17,450.22,-5007.43,7612.19,7073.27,1,"	2226,2230" 
2021-06-04T15:30:00Z,"AMD",2021-06-04T19:59:00Z,Buy,81.59,81.49,11051,-1105.1,110.51,-1657.65,6354.32,7459.42,0,"	2227,2229" 
2021-06-07T15:30:00Z,"TSLA",2021-06-07T16:00:00Z,Sell,194.656647201,196.013313732,2702,-3665.71,27.02,-3908.89,0,3908.89,0,"	2231,2233" 
2021-06-07T15:30:00Z,"AMD",2021-06-07T16:00:00Z,Sell,80.59,80.72,11201,-1456.13,112.01,-1904.17,1904.17,3360.3,0,"	2232,2234" 
2021-06-08T15:00:00Z,"AMD",2021-06-08T16:00:00Z,Sell,80.87,80.86,11120,111.2,111.2,-1223.2,3780.8,3669.6,1,"	2235,2236" 
2021-06-09T14:00:00Z,"AMD",2021-06-09T15:30:00Z,Sell,80.34,80.3,11194,447.76,111.94,-2630.59,1791.04,4421.63,1,"	2237,2238" 
2021-06-10T14:00:00Z,"AMD",2021-06-10T15:00:00Z,Buy,80.82,80.41,11129,-4562.89,111.29,-7679.01,2225.8,9904.81,0,"	2239,2240" 
2021-06-10T17:00:00Z,"TSLA",2021-06-10T17:30:00Z,Buy,204.306646236,204.559979544,2345,594.07,23.45,-1203.77,2001.07,1664.95,1,"	2241,2242" 
2021-06-11T14:00:00Z,"NVDA",2021-06-11T19:59:00Z,Buy,17.6793369813,17.76638922045,48871,4254.33,488.71,-4607.84,10629.73,7253.08,1,"	2243,2244" 
2021-06-14T14:00:00Z,"TSLA",2021-06-14T14:30:00Z,Buy,207.589979241,206.246646042,4332,-5819.32,43.32,-7566.56,0,7566.56,0,"	2245,2247" 
2021-06-14T14:00:00Z,"AMD",2021-06-14T14:30:00Z,Sell,80.5,80.64,10865,-1521.1,108.65,-2281.65,1738.4,4020.05,0,"	2246,2248" 
2021-06-15T14:30:00Z,"TSLA",2021-06-15T19:59:00Z,Sell,202.443313089,199.696646697,4416,12129.28,44.16,-4592.64,12541.44,6933.12,1,"	2249,2252" 
2021-06-15T15:30:00Z,"AMD",2021-06-15T16:30:00Z,Sell,80.48,80.93,11095,-4992.75,110.95,-4992.75,998.55,5991.3,0,"	2250,2251" 
2021-06-16T18:30:00Z,"AMD",2021-06-16T19:30:00Z,Sell,79.57,80.1,11296,-5986.88,112.96,-7455.36,6664.64,14120,0,"	2253,2255" 
2021-06-16T19:30:00Z,"TSLA",2021-06-16T19:59:00Z,Buy,201.889979811,201.569979843,3508,-1122.56,35.08,-1122.56,2958.41,4080.97,0,"	2254,2256" 
2021-06-17T14:00:00Z,"TSLA",2021-06-17T19:59:00Z,Buy,203.496646317,205.643312769,3293,7068.97,32.93,-2985.65,11591.36,7826.36,1,"	2257,2260" 
2021-06-17T14:00:00Z,"AMD",2021-06-17T19:59:00Z,Buy,82.65,84.68,10815,21954.45,108.15,-973.35,28876.05,13626.9,1,"	2258,2261" 
2021-06-17T14:00:00Z,"NVDA",2021-06-17T19:59:00Z,Buy,18.16847578065,18.64040367885,49204,23220.74,492.04,-450.42,30326.88,13880.9,1,"	2259,2262" 
2021-06-18T14:00:00Z,"AMD",2021-06-18T14:30:00Z,Buy,85.25,85.04,9009,-1891.89,90.09,-3243.24,3783.78,7027.02,0,"	2263,2265" 
2021-06-18T14:00:00Z,"NVDA",2021-06-18T15:30:00Z,Buy,19.1455062126,18.986866602,48117,-7633.26,481.17,-7633.26,8189.43,15822.7,0,"	2264,2266" 
2021-06-18T16:30:00Z,"TSLA",2021-06-18T18:00:00Z,Buy,208.273312506,207.546645912,4425,-3215.5,44.25,-3392.5,5044.5,8437,0,"	2267,2268" 
2021-06-21T14:00:00Z,"TSLA",2021-06-21T15:30:00Z,Sell,205.186646148,206.26664604,4480,-4838.4,44.8,-6809.6,8750.93,15560.53,0,"	2269,2273" 
2021-06-21T14:00:00Z,"NVDA",2021-06-21T16:00:00Z,Sell,18.0629654736,18.0400176054,50332,1155.01,503.32,-1004.36,14123.79,15128.15,1,"	2270,2274" 
2021-06-21T14:30:00Z,"AMD",2021-06-21T15:00:00Z,Sell,82.26,82.48,9524,-2095.28,95.24,-4285.8,0,4285.8,0,"	2271,2272" 
2021-06-22T15:00:00Z,"NVDA",2021-06-22T15:30:00Z,Buy,18.7888165221,18.7219683843,47309,-3162.52,473.09,-4908.98,625.42,5534.41,0,"	2275,2276" 
2021-06-23T14:00:00Z,"TSLA",2021-06-23T19:59:00Z,Buy,215.879978412,218.839978116,4231,12523.76,42.31,-3920.73,13116.1,10915.98,1,"	2277,2278" 
2021-06-24T14:00:00Z,"AMD",2021-06-24T17:30:00Z,Buy,86.12,86.14,8937,178.74,89.37,-2144.88,8847.63,10992.51,1,"	2279,2281" 
2021-06-24T15:00:00Z,"TSLA",2021-06-24T18:00:00Z,Buy,228.73331046,227.996643867,4042,-2977.61,40.42,-10684.35,15332.65,26017,0,"	2280,2282" 
2021-06-25T14:00:00Z,"AMD",2021-06-25T14:30:00Z,Sell,85.29,85.46,10094,-1715.98,100.94,-1968.33,908.46,2876.79,0,"	2283,2285" 
2021-06-25T14:00:00Z,"NVDA",2021-06-25T14:30:00Z,Sell,18.951945933,18.98611830195,48481,-1656.71,484.81,-1862.29,4087.36,5949.65,0,"	2284,2286" 
2021-06-28T14:00:00Z,"TSLA",2021-06-28T17:30:00Z,Buy,228.619977138,227.473310586,2815,-3227.87,28.15,-3227.87,7516.05,10743.92,0,"	2287,2290" 
2021-06-28T14:00:00Z,"NVDA",2021-06-28T19:59:00Z,Buy,19.75886282025,19.93546163205,46380,8190.65,463.8,-832.95,12436.37,6409.07,1,"	2288,2292" 
2021-06-28T15:30:00Z,"AMD",2021-06-28T18:00:00Z,Buy,87.52,87.05,10582,-4973.54,105.82,-5396.82,2962.96,8359.78,0,"	2289,2291" 
2021-06-29T14:00:00Z,"AMD",2021-06-29T19:59:00Z,Buy,88.44,89.5,10359,10980.54,103.59,-103.59,19164.15,9323.1,1,"	2293,2294" 
2021-06-30T14:00:00Z,"AMD",2021-06-30T19:59:00Z,Buy,93.08,93.99,9921,9028.11,99.21,-2381.04,12401.25,9028.11,1,"	2295,2296" 
2021-07-01T15:30:00Z,"AMD",2021-07-01T16:00:00Z,Sell,91.89,92.29,10113,-4045.2,101.13,-5663.28,1061.86,6725.14,0,"	2297,2298" 
2021-07-02T16:30:00Z,"AMD",2021-07-02T17:00:00Z,Buy,95.04,94.92,8166,-979.92,81.66,-2274.23,645.11,2919.34,0,"	2299,2300" 
2021-07-06T14:00:00Z,"TSLA",2021-07-06T19:59:00Z,Sell,220.753311258,219.903311343,4193,3564.05,41.93,-6065.87,14172.34,11670.52,1,"	2301,2302" 
2021-07-07T14:00:00Z,"NVDA",2021-07-07T19:00:00Z,Sell,20.51314927065,20.4744871014,45241,1749.12,452.41,-2381.05,9862.75,10551.11,1,"	2303,2306" 
2021-07-07T14:30:00Z,"TSLA",2021-07-07T19:59:00Z,Sell,214.603311873,214.663311867,3755,-225.3,37.55,-6120.65,6020.52,12141.17,0,"	2304,2307" 
2021-07-07T15:00:00Z,"AMD",2021-07-07T19:59:00Z,Sell,92.38,90.49,4623,8737.47,46.23,-600.99,9546.5,3259.22,1,"	2305,2308" 
2021-07-12T14:00:00Z,"AMD",2021-07-12T14:30:00Z,Sell,90.16,90.08,8608,688.64,86.08,-1463.36,1979.84,3443.2,1,"	2310,2311" 
2021-07-12T14:00:00Z,"TSLA",2021-07-12T15:30:00Z,Buy,225.83331075,225.273310806,4139,-2317.84,41.39,-3173.23,11037.33,14210.57,0,"	2309,2313" 
2021-07-12T15:00:00Z,"NVDA",2021-07-12T15:30:00Z,Buy,20.35650512685,20.2794302217,46005,-3545.83,460.05,-3545.83,699.99,4245.82,0,"	2312,2314" 
2021-07-13T18:00:00Z,"NVDA",2021-07-13T19:00:00Z,Sell,20.15745731355,20.25673178685,46148,-4581.32,461.48,-4581.32,3844.62,8425.94,0,"	2315,2316" 
2021-07-14T14:30:00Z,"NVDA",2021-07-14T19:59:00Z,Sell,20.06716244085,19.78031408835,46199,13252.11,461.99,-933.41,16213.66,9080.57,1,"	2317,2318" 
2021-07-15T14:30:00Z,"NVDA",2021-07-15T19:59:00Z,Sell,19.38471279525,18.9100411302,39700,18844.47,397,-2950.95,22102.39,6773.31,1,"	2319,2324" 
2021-07-15T15:00:00Z,"AMD",2021-07-15T19:59:00Z,Sell,87.91,86.91,10658,10658,106.58,-3303.98,18225.18,9592.2,1,"	2320,2323" 
2021-07-15T18:00:00Z,"TSLA",2021-07-15T18:30:00Z,Sell,212.6666454,214.293311904,2591,-4214.69,25.91,-4214.69,0,4214.69,0,"	2321,2322" 
2021-07-16T14:00:00Z,"NVDA",2021-07-16T19:59:00Z,Sell,18.6571157133,18.12008571075,40226,21602.57,402.26,-1008.39,25064.2,9823,1,"	2325,2328" 
2021-07-16T15:30:00Z,"TSLA",2021-07-16T16:00:00Z,Sell,214.376645229,215.49997845,3259,-3660.94,32.59,-3878.21,445.4,4323.61,0,"	2326,2327" 
2021-07-19T14:00:00Z,"NVDA",2021-07-19T19:30:00Z,Buy,18.383237895,18.55858954005,30479,5344.54,304.79,-2835.72,18375.19,13213.11,1,"	2329,2330" 
2021-07-20T14:00:00Z,"AMD",2021-07-20T14:30:00Z,Sell,85.65,85.98,11295,-3727.35,112.95,-6325.2,4743.9,11069.1,0,"	2331,2332" 
2021-07-21T14:00:00Z,"NVDA",2021-07-21T14:30:00Z,Buy,19.3181140908,19.2283180848,28506,-2559.72,285.06,-5631.39,0,5631.39,0,"	2334,2335" 
2021-07-21T14:00:00Z,"AMD",2021-07-21T17:00:00Z,Buy,88.52,88.32,10901,-2180.2,109.01,-5450.5,7194.66,9374.86,0,"	2333,2337" 
2021-07-21T17:00:00Z,"TSLA",2021-07-21T17:30:00Z,Sell,216.839978316,218.09997819,4433,-5585.58,44.33,-5969.77,221.65,6191.42,0,"	2336,2338" 
2021-07-22T15:00:00Z,"TSLA",2021-07-22T17:30:00Z,Sell,216.563311677,216.59997834,4421,-162.1,44.21,-2122.08,7294.65,8399.9,0,"	2339,2340" 
2021-07-23T14:30:00Z,"TSLA",2021-07-23T17:00:00Z,Sell,213.509978649,214.383311895,4483,-3915.15,44.83,-4363.45,4184.13,8547.59,0,"	2341,2342" 
2021-07-26T14:30:00Z,"TSLA",2021-07-26T18:30:00Z,Buy,220.309977969,218.506644816,4130,-7447.77,41.3,-9512.77,9347.57,18860.33,0,"	2343,2344" 
2021-07-27T14:00:00Z,"TSLA",2021-07-27T18:30:00Z,Sell,215.003311833,213.929978607,4160,4465.07,41.6,-3147.73,24211.2,22880,1,"	2345,2348" 
2021-07-27T15:30:00Z,"AMD",2021-07-27T19:30:00Z,Sell,90.54,91.2,10546,-6960.36,105.46,-7593.12,14869.86,22462.98,0,"	2346,2350" 
2021-07-27T16:00:00Z,"NVDA",2021-07-27T19:00:00Z,Sell,18.9010615296,19.0547124732,35882,-5513.3,358.82,-5513.3,6981.13,12494.43,0,"	2347,2349" 
2021-07-28T15:00:00Z,"AMD",2021-07-28T19:59:00Z,Buy,95.43,97.97,9896,25135.84,98.96,-1969.3,32063.04,12271.04,1,"	2351,2354" 
2021-07-28T16:00:00Z,"NVDA",2021-07-28T17:30:00Z,Buy,19.4827401018,19.415891964,37907,-2534.01,379.07,-3290.43,3971.21,7261.65,0,"	2352,2353" 
2021-07-29T14:00:00Z,"NVDA",2021-07-29T17:00:00Z,Buy,19.6643275806,19.6643275806,48758,0,487.58,-4037.74,6616.06,8951.14,0,"	2357,2358" 
2021-07-29T14:00:00Z,"AMD",2021-07-29T19:30:00Z,Buy,100.18,102.76,4733,12211.14,47.33,-1609.22,25984.17,13773.03,1,"	2356,2359" 
2021-07-29T14:00:00Z,"TSLA",2021-07-29T19:59:00Z,Buy,220.16664465,225.723310761,4356,24204.84,43.56,-3557.4,33366.96,12937.32,1,"	2355,2360" 
2021-07-30T14:00:00Z,"TSLA",2021-07-30T14:30:00Z,Buy,228.229977177,228.589977141,3180,1144.8,31.8,-2607.6,4939.6,7547.2,1,"	2361,2363" 
2021-07-30T14:00:00Z,"AMD",2021-07-30T15:30:00Z,Buy,105.11,105.37,4941,1284.66,49.41,-2075.22,6275.07,8350.29,1,"	2362,2364" 
2021-08-02T14:00:00Z,"TSLA",2021-08-02T16:00:00Z,Buy,239.73330936,238.646642802,3309,-3595.78,33.09,-3595.78,8217.35,11813.13,0,"	2365,2367" 
2021-08-02T15:30:00Z,"NVDA",2021-08-02T16:00:00Z,Buy,19.8080011902,19.7511303864,49736,-2828.53,497.36,-2828.53,4168.35,6996.88,0,"	2366,2368" 
2021-08-03T15:30:00Z,"NVDA",2021-08-03T16:00:00Z,Sell,19.4079100968,19.680291315,50463,-13745.17,504.63,-14500.4,4128.59,18628.99,0,"	2369,2370" 
2021-08-03T18:00:00Z,"AMD",2021-08-03T18:30:00Z,Buy,114.1,113.43,4890,-3276.3,48.9,-4743.3,0,4743.3,0,"	2371,2372" 
2021-08-04T14:00:00Z,"AMD",2021-08-04T15:30:00Z,Buy,119.11,117.89,5726,-6985.72,57.26,-9218.86,18237.31,25623.85,0,"	2373,2374" 
2021-08-04T16:30:00Z,"NVDA",2021-08-04T19:59:00Z,Buy,20.1611988138,20.2549857534,47788,4481.89,477.88,-2860.78,5149.41,5387.8,1,"	2375,2376" 
2021-08-05T14:00:00Z,"NVDA",2021-08-05T14:30:00Z,Buy,20.5972083096,20.423602698,46908,-8143.49,469.08,-12917.26,421.22,13338.48,0,"	2377,2378" 
2021-08-06T14:00:00Z,"AMD",2021-08-06T15:00:00Z,Buy,114.72,114.77,3342,167.1,33.42,-1904.94,5046.42,5514.3,1,"	2379,2380" 
2021-08-06T15:00:00Z,"NVDA",2021-08-06T15:30:00Z,Sell,20.3258248248,20.3218338912,47246,188.56,472.46,-1296.32,6363.75,6788,1,"	2381,2382" 
2021-08-06T18:00:00Z,"TSLA",2021-08-06T19:59:00Z,Sell,233.569976643,233.006643366,4111,2315.86,41.11,-1178.49,3562.87,3083.25,1,"	2383,2384" 
2021-08-10T14:00:00Z,"TSLA",2021-08-10T15:30:00Z,Sell,234.779976522,235.609976439,4095,-3398.85,40.95,-4818.45,2798.25,7616.7,0,"	2385,2387" 
2021-08-10T14:30:00Z,"NVDA",2021-08-10T19:59:00Z,Sell,20.1322645452,19.8828311952,47687,11894.73,476.87,0,15367.99,11133.47,1,"	2386,2388" 
2021-08-11T14:30:00Z,"NVDA",2021-08-11T19:30:00Z,Sell,19.7461417194,19.6663230474,48948,3906.96,489.48,-781.39,16702.27,13576.7,1,"	2389,2392" 
2021-08-11T16:30:00Z,"TSLA",2021-08-11T17:00:00Z,Sell,235.3333098,235.56664311,4137,-965.3,41.37,-1503.11,592.97,1558.27,0,"	2390,2391" 
2021-08-12T16:00:00Z,"TSLA",2021-08-12T19:59:00Z,Buy,240.036642663,240.793309254,4036,3053.91,40.36,-6538.32,3121.17,9524.96,1,"	2393,2394" 
2021-08-13T14:30:00Z,"NVDA",2021-08-13T15:30:00Z,Buy,20.0714028078,20.064418674,48364,-337.78,483.64,-3812.1,1206.36,5018.46,0,"	2396,2398" 
2021-08-13T14:30:00Z,"AMD",2021-08-13T16:30:00Z,Buy,109.82,109.6,8840,-1944.8,88.4,-1944.8,16442.4,18387.2,0,"	2395,2400" 
2021-08-13T15:30:00Z,"TSLA",2021-08-13T16:00:00Z,Sell,238.793309454,238.776642789,3061,51.02,30.61,-1377.45,846.88,1540.7,1,"	2397,2399" 
2021-08-16T14:00:00Z,"NVDA",2021-08-16T18:00:00Z,Sell,19.7411530524,19.770087321,49056,-1419.4,490.56,-3768.75,14193.99,17277.52,0,"	2403,2404" 
2021-08-16T14:00:00Z,"AMD",2021-08-16T19:30:00Z,Sell,107.7,107.69,6080,60.8,60.8,-2979.2,10579.2,10883.2,1,"	2402,2405" 
2021-08-16T14:00:00Z,"TSLA",2021-08-16T19:59:00Z,Sell,230.386643628,228.716643795,4204,7020.68,42.04,-2102,17726.86,12976.35,1,"	2401,2406" 
2021-08-17T14:00:00Z,"TSLA",2021-08-17T14:30:00Z,Sell,221.49997785,222.409977759,3800,-3458,38,-4281.33,3749.33,8030.67,0,"	2407,2409" 
2021-08-17T14:00:00Z,"NVDA",2021-08-17T14:30:00Z,Sell,19.4438284992,19.5166630374,49956,-3638.52,499.56,-4311.4,4784.91,9096.31,0,"	2408,2410" 
2021-08-18T14:00:00Z,"TSLA",2021-08-18T19:59:00Z,Buy,228.213310512,229.603310373,3632,5048.48,36.32,-3692.53,13244.69,9152.64,1,"	2411,2413" 
2021-08-18T15:00:00Z,"AMD",2021-08-18T19:59:00Z,Sell,105.18,103.39,7945,14221.55,79.45,-8183.35,14340.72,15024,1,"	2412,2414" 
2021-08-19T15:30:00Z,"NVDA",2021-08-19T18:30:00Z,Buy,20.0654164074,19.5785225082,48839,-23779.41,488.39,-24510.34,17396,41906.34,0,"	2415,2416" 
2021-08-20T14:00:00Z,"AMD",2021-08-20T14:30:00Z,Buy,105.46,105.08,8888,-3377.44,88.88,-3644.08,2488.64,6132.72,0,"	2417,2419" 
2021-08-20T14:00:00Z,"NVDA",2021-08-20T16:00:00Z,Buy,20.2779336216,20.1881376156,47523,-4267.38,475.23,-6543.31,12446.51,18989.82,0,"	2418,2420" 
2021-08-23T14:00:00Z,"AMD",2021-08-23T14:30:00Z,Buy,106.92,106.37,8962,-4929.1,89.62,-4929.1,3853.66,8782.76,0,"	2422,2424" 
2021-08-23T14:00:00Z,"TSLA",2021-08-23T19:59:00Z,Buy,231.496643517,235.446643122,3642,14385.9,36.42,0,21038.62,8752.94,1,"	2421,2425" 
2021-08-23T14:00:00Z,"NVDA",2021-08-23T19:59:00Z,Buy,21.426324765,21.90024813,34808,16496.32,348.08,-416.75,17989.68,5417.74,1,"	2423,2426" 
2021-08-24T14:00:00Z,"AMD",2021-08-24T14:30:00Z,Sell,107.45,108.7,9075,-11343.75,90.75,-12795.75,272.25,13068,0,"	2427,2428" 
2021-08-25T14:00:00Z,"AMD",2021-08-25T14:30:00Z,Buy,109.62,108.38,8827,-10945.48,88.27,-10945.48,0,10945.48,0,"	2429,2431" 
2021-08-25T14:00:00Z,"NVDA",2021-08-25T18:30:00Z,Buy,22.394126163,22.1776180152,35332,-7649.67,353.32,-7790.67,282.02,8072.69,0,"	2430,2432" 
2021-08-26T19:30:00Z,"TSLA",2021-08-26T19:59:00Z,Sell,233.473309986,233.683309965,4060,-852.6,40.6,-960.87,1421,2381.87,0,"	2433,2434" 
2021-08-27T14:30:00Z,"AMD",2021-08-27T19:59:00Z,Buy,110.82,111.32,8612,4306,86.12,-1980.76,6889.6,8870.36,1,"	2435,2436" 
2021-08-30T14:30:00Z,"TSLA",2021-08-30T17:30:00Z,Buy,240.723309261,240.719975928,3976,-13.25,39.76,-3379.6,9953.25,9966.51,0,"	2437,2438" 
2021-08-31T14:00:00Z,"AMD",2021-08-31T15:30:00Z,Sell,109.69,110.48,7202,-5689.58,72.02,-5689.58,4400.42,10090,0,"	2439,2443" 
2021-08-31T14:00:00Z,"NVDA",2021-08-31T15:30:00Z,Sell,22.20348415,22.3262270062,43093,-5289.36,430.93,-5289.36,5203.35,10492.71,0,"	2440,2444" 
2021-08-31T15:00:00Z,"TSLA",2021-08-31T15:30:00Z,Buy,246.556642011,245.326642134,3878,-4769.94,38.78,-4769.94,0,4769.94,0,"	2441,2442" 
2021-09-01T14:00:00Z,"TSLA",2021-09-01T14:30:00Z,Buy,246.359975364,245.859975414,3841,-1920.5,38.41,-2983.18,3175.23,6158.4,0,"	2445,2446" 
2021-09-02T14:00:00Z,"AMD",2021-09-02T14:30:00Z,Sell,108.99,109.86,7173,-6240.51,71.73,-6599.16,0,6599.16,0,"	2447,2448" 
2021-09-03T14:00:00Z,"AMD",2021-09-03T15:00:00Z,Buy,110.74,109.88,6424,-5524.64,64.24,-5524.64,2633.84,8158.48,0,"	2449,2451" 
2021-09-03T14:00:00Z,"NVDA",2021-09-03T19:59:00Z,Buy,22.5747064468,22.8112109746,41672,9855.62,416.72,-83.17,15053.73,6674.37,1,"	2450,2454" 
2021-09-03T18:00:00Z,"TSLA",2021-09-03T18:30:00Z,Sell,242.136642453,242.376642429,3899,-935.76,38.99,-1403.64,688.82,2092.46,0,"	2452,2453" 
2021-09-07T14:00:00Z,"NVDA",2021-09-07T15:00:00Z,Sell,22.5816918126,22.7343719508,30850,-4710.18,308.5,-4740.97,2555.2,7296.16,0,"	2456,2457" 
2021-09-07T14:00:00Z,"TSLA",2021-09-07T15:30:00Z,Buy,251.446641522,250.073308326,2737,-3758.81,27.37,-4342.71,4798.87,9141.58,0,"	2455,2458" 
2021-09-07T16:00:00Z,"AMD",2021-09-07T16:30:00Z,Sell,109.26,109.41,8574,-1286.1,85.74,-1286.1,857.4,2143.5,0,"	2459,2460" 
2021-09-08T14:30:00Z,"AMD",2021-09-08T19:59:00Z,Sell,107.13,106.07,8735,9259.1,87.35,0,13277.2,9521.15,1,"	2461,2466" 
2021-09-08T15:00:00Z,"NVDA",2021-09-08T16:30:00Z,Sell,21.9599942564,22.2424026166,30613,-8645.37,306.13,-9195.25,0,9195.25,0,"	2463,2464" 
2021-09-08T15:00:00Z,"TSLA",2021-09-08T17:30:00Z,Sell,248.63330847,250.449974955,2873,-5219.28,28.73,-5219.28,4405.27,9624.55,0,"	2462,2465" 
2021-09-10T14:00:00Z,"NVDA",2021-09-10T14:30:00Z,Buy,22.5208193392,22.3751245668,39244,-5717.65,392.44,-6657.53,0,6657.53,0,"	2467,2468" 
2021-09-10T18:30:00Z,"TSLA",2021-09-10T19:00:00Z,Sell,249.016641765,249.609975039,3728,-2211.95,37.28,-2211.95,1379.36,3591.31,0,"	2469,2470" 
2021-09-13T14:00:00Z,"TSLA",2021-09-13T15:00:00Z,Sell,239.669976033,241.243309209,3202,-5037.81,32.02,-5624.85,10251.74,15876.58,0,"	2471,2474" 
2021-09-13T14:00:00Z,"AMD",2021-09-13T15:00:00Z,Sell,103.69,103.89,8938,-1787.6,89.38,-2323.88,7329.16,9653.04,0,"	2472,2475" 
2021-09-13T14:00:00Z,"NVDA",2021-09-13T19:59:00Z,Sell,22.1675594116,22.093714116,41673,3077.36,416.73,-162.18,14430.3,11394.53,1,"	2473,2476" 
2021-09-14T18:00:00Z,"AMD",2021-09-14T18:30:00Z,Buy,106.63,106.18,8667,-3900.15,86.67,-4246.83,780.03,5026.86,0,"	2477,2478" 
2021-09-15T14:00:00Z,"AMD",2021-09-15T14:30:00Z,Sell,104.84,104.71,8416,1094.08,84.16,-5554.56,2608.96,5554.56,1,"	2479,2480" 
2021-09-15T18:00:00Z,"TSLA",2021-09-15T19:59:00Z,Buy,250.69997493,251.993308134,3646,4715.49,36.46,0,5335.31,2515.74,1,"	2481,2482" 
2021-09-16T19:00:00Z,"AMD",2021-09-16T19:59:00Z,Buy,106.44,106.13,8693,-2694.83,86.93,-2694.83,2260.18,4955.01,0,"	2483,2484" 
2021-09-17T15:30:00Z,"AMD",2021-09-17T19:59:00Z,Sell,104.36,103.9,8848,4070.08,88.48,-3273.76,4645.2,5928.16,1,"	2485,2487" 
2021-09-17T18:00:00Z,"NVDA",2021-09-17T19:59:00Z,Sell,21.9350465214,21.8522200412,40024,3315.05,400.24,-4832.78,4553.2,6550.21,1,"	2486,2488" 
2021-09-20T15:00:00Z,"TSLA",2021-09-20T15:30:00Z,Sell,242.06664246,243.613308972,3833,-5928.37,38.33,-5928.37,1545.98,7474.35,0,"	2489,2490" 
2021-09-20T16:30:00Z,"NVDA",2021-09-20T17:30:00Z,Sell,20.8393420002,20.8692792822,38751,-1160.1,387.51,-1160.1,3364.29,4524.39,0,"	2491,2494" 
2021-09-20T17:00:00Z,"AMD",2021-09-20T17:30:00Z,Sell,100.42,100.77,6399,-2239.65,63.99,-2239.65,1279.8,3519.45,0,"	2492,2493" 
2021-09-21T14:30:00Z,"TSLA",2021-09-21T15:00:00Z,Buy,247.076641959,245.6666421,3128,-4410.48,31.28,-5453.15,500.48,5953.63,0,"	2495,2496" 
2021-09-21T19:30:00Z,"AMD",2021-09-21T19:59:00Z,Buy,103.16,103,8904,-1424.64,89.04,-2136.96,2226,4362.96,0,"	2497,2498" 
2021-09-22T14:00:00Z,"AMD",2021-09-22T19:00:00Z,Buy,103.65,103.44,8853,-1859.13,88.53,-3983.85,7790.64,11774.49,0,"	2499,2503" 
2021-09-22T15:00:00Z,"TSLA",2021-09-22T19:00:00Z,Buy,249.389975061,249.043308429,3064,-1062.19,30.64,-1705.63,4075.12,5780.75,0,"	2500,2502" 
2021-09-22T15:00:00Z,"NVDA",2021-09-22T19:59:00Z,Buy,21.5478576742,21.8671886822,42624,13611.16,426.24,-3019.98,15397.63,11441.89,1,"	2501,2504" 
2021-09-23T14:30:00Z,"NVDA",2021-09-23T16:30:00Z,Buy,22.288306449,22.2913001772,35287,105.64,352.87,-3246.66,1549.38,4796.04,1,"	2506,2507" 
2021-09-23T14:30:00Z,"AMD",2021-09-23T19:59:00Z,Buy,106.17,106.09,8706,-696.48,87.06,-5833.02,5876.55,7400.1,0,"	2505,2508" 
2021-09-24T15:00:00Z,"TSLA",2021-09-24T19:59:00Z,Buy,254.419974558,257.996640867,3630,12983.3,36.3,-4041.4,13031.7,5408.7,1,"	2509,2510" 
2021-09-27T14:00:00Z,"AMD",2021-09-27T14:30:00Z,Sell,103.84,105.25,8976,-12656.16,89.76,-12656.16,1256.64,13912.8,0,"	2511,2513" 
2021-09-27T14:00:00Z,"NVDA",2021-09-27T14:30:00Z,Sell,21.4031608112,21.529895305,33965,-4304.54,339.65,-4304.54,2982.67,7287.21,0,"	2512,2514" 
2021-09-27T15:00:00Z,"TSLA",2021-09-27T19:59:00Z,Buy,261.539973846,263.916640275,3088,7339.15,30.88,-288.21,14266.56,9058.13,1,"	2515,2516" 
2021-09-28T14:00:00Z,"AMD",2021-09-28T19:59:00Z,Sell,105.6,101.55,8762,35486.1,87.62,0,36362.3,7973.42,1,"	2517,2522" 
2021-09-28T14:30:00Z,"NVDA",2021-09-28T19:00:00Z,Sell,20.8503190036,20.8622939164,22626,-270.94,226.26,-948.31,5486.62,6434.93,0,"	2518,2521" 
2021-09-28T18:00:00Z,"TSLA",2021-09-28T19:00:00Z,Sell,257.836640883,260.19997398,3674,-8682.89,36.74,-9307.47,7605.18,16912.64,0,"	2519,2520" 
2021-09-29T14:00:00Z,"TSLA",2021-09-29T15:30:00Z,Buy,262.83330705,260.806640586,3587,-7269.65,35.87,-7269.65,5476.15,12745.81,0,"	2523,2524" 
2021-09-30T14:00:00Z,"AMD",2021-09-30T14:30:00Z,Buy,103.81,103.17,6445,-4124.8,64.45,-4253.7,2513.55,6767.25,0,"	2525,2526" 
2021-10-01T14:00:00Z,"TSLA",2021-10-01T15:00:00Z,Sell,256.026641064,256.993307634,3652,-3530.27,36.52,-3785.91,4966.72,8496.99,0,"	2527,2530" 
2021-10-01T14:00:00Z,"NVDA",2021-10-01T15:30:00Z,Sell,20.3992639548,20.447163606,45828,-2195.15,458.28,-3521.38,10289.74,13811.12,0,"	2528,2532" 
2021-10-01T14:30:00Z,"AMD",2021-10-01T15:00:00Z,Sell,100.87,101.34,6060,-2848.2,60.6,-3090.6,1030.2,4120.8,0,"	2529,2531" 
2021-10-04T14:00:00Z,"TSLA",2021-10-04T14:30:00Z,Buy,268.023306531,264.883306845,3468,-10889.52,34.68,-11825.88,2566.32,14392.2,0,"	2533,2536" 
2021-10-04T14:00:00Z,"AMD",2021-10-04T14:30:00Z,Sell,100.51,100.79,5490,-1537.2,54.9,-3513.6,1372.5,4886.1,0,"	2534,2537" 
2021-10-04T14:00:00Z,"NVDA",2021-10-04T19:59:00Z,Sell,20.023052111,19.6877545526,45999,15423.35,459.99,0,23135.03,9547.79,1,"	2535,2538" 
2021-10-05T14:00:00Z,"TSLA",2021-10-05T14:30:00Z,Buy,265.129973487,262.919973708,3511,-7759.31,35.11,-7759.31,0,7759.31,0,"	2539,2540" 
2021-10-05T15:00:00Z,"NVDA",2021-10-05T19:59:00Z,Buy,20.387289042,20.4032555924,30514,487.2,305.14,-2222.87,6607.7,6577.24,1,"	2541,2542" 
2021-10-06T16:00:00Z,"TSLA",2021-10-06T16:30:00Z,Buy,261.663307167,259.186640748,3538,-8762.45,35.38,-9269.56,0,9269.56,0,"	2543,2544" 
2021-10-07T14:00:00Z,"AMD",2021-10-07T19:00:00Z,Buy,106.14,106.71,5322,3033.54,53.22,0,9419.94,7025.04,1,"	2545,2547" 
2021-10-07T19:00:00Z,"TSLA",2021-10-07T19:59:00Z,Buy,267.963306537,264.283306905,3441,-12662.88,34.41,-13064.33,0,13064.33,0,"	2546,2548" 
2021-10-08T14:00:00Z,"TSLA",2021-10-08T14:30:00Z,Sell,261.079973892,262.559973744,3498,-5177.04,34.98,-5433.56,0,5433.56,0,"	2549,2550" 
2021-10-11T14:00:00Z,"TSLA",2021-10-11T14:30:00Z,Buy,265.819973418,264.916640175,3423,-3092.11,34.23,-3092.11,4016.32,7108.43,0,"	2551,2553" 
2021-10-11T14:00:00Z,"AMD",2021-10-11T16:00:00Z,Buy,106.19,106.48,6590,1911.1,65.9,0,6194.6,4810.7,1,"	2552,2554" 
2021-10-12T15:30:00Z,"TSLA",2021-10-12T19:00:00Z,Buy,268.643306469,269.73330636,3384,3688.56,33.84,-1556.64,7106.4,3959.28,1,"	2555,2556" 
2021-10-13T14:00:00Z,"AMD",2021-10-13T18:00:00Z,Buy,109.21,108.61,6613,-3967.8,66.13,-7009.78,3835.54,8464.64,0,"	2557,2558" 
2021-10-14T15:00:00Z,"NVDA",2021-10-14T19:59:00Z,Buy,21.4560500094,21.6835733526,42358,9637.43,423.58,-2155.74,9975.59,3550.63,1,"	2559,2562" 
2021-10-14T19:30:00Z,"AMD",2021-10-14T19:59:00Z,Buy,111.94,111.99,5138,256.9,51.38,-1284.5,256.9,1541.4,1,"	2560,2561" 
2021-10-15T15:00:00Z,"TSLA",2021-10-15T19:59:00Z,Buy,277.639972236,280.86663858,3296,10635.09,32.96,-1549.12,10646.08,4043.09,1,"	2563,2564" 
2021-10-18T14:00:00Z,"TSLA",2021-10-18T16:00:00Z,Buy,286.793304654,286.613304672,3216,-578.88,32.16,-1629.44,4202.24,5703.04,0,"	2565,2568" 
2021-10-18T14:00:00Z,"AMD",2021-10-18T19:59:00Z,Buy,113.89,116.48,6191,16034.69,61.91,-2847.86,18387.27,4890.89,1,"	2566,2569" 
2021-10-18T14:00:00Z,"NVDA",2021-10-18T19:59:00Z,Buy,21.9500151624,22.1805322338,33621,7750.21,336.21,-234.85,9662.61,4193.84,1,"	2567,2570" 
2021-10-19T14:00:00Z,"TSLA",2021-10-19T14:30:00Z,Sell,288.186637848,289.649971035,3252,-4758.76,32.52,-6363.08,1777.76,8140.84,0,"	2571,2574" 
2021-10-19T14:00:00Z,"AMD",2021-10-19T14:30:00Z,Sell,114.8,115.56,6468,-4915.68,64.68,-5174.4,1487.64,6662.04,0,"	2572,2575" 
2021-10-19T14:00:00Z,"NVDA",2021-10-19T14:30:00Z,Sell,22.0617810152,22.1016973912,41065,-1639.17,410.65,-2089.94,2007.98,4097.91,0,"	2573,2576" 
2021-10-20T17:30:00Z,"NVDA",2021-10-20T18:00:00Z,Sell,22.00390227,22.063776834,42234,-2528.74,422.34,-2528.74,948.28,3477.02,0,"	2577,2578" 
2021-10-21T14:00:00Z,"AMD",2021-10-21T17:30:00Z,Buy,117.67,118.08,7721,3165.61,77.21,0,7875.42,6254.01,1,"	2580,2582" 
2021-10-21T14:00:00Z,"TSLA",2021-10-21T19:59:00Z,Buy,293.996637267,298.036636863,3155,12746.2,31.55,0,18782.76,11831.25,1,"	2579,2583" 
2021-10-21T14:00:00Z,"NVDA",2021-10-21T19:59:00Z,Buy,22.2324235226,22.657532927,41553,17664.57,415.53,0,17706.04,5162.53,1,"	2581,2584" 
2021-10-22T14:00:00Z,"NVDA",2021-10-22T15:00:00Z,Buy,22.9499203812,22.8930395454,41369,-2353.1,413.69,-3632.86,4788.77,8421.63,0,"	2585,2588" 
2021-10-22T14:30:00Z,"TSLA",2021-10-22T15:00:00Z,Buy,303.09996969,301.689969831,2717,-3830.97,27.17,-4211.35,0,4211.35,0,"	2586,2587" 
2021-10-25T14:30:00Z,"TSLA",2021-10-25T19:59:00Z,Buy,325.223300811,341.343299199,2641,42572.92,26.41,-12932.1,55302.53,20080.4,1,"	2589,2592" 
2021-10-25T16:30:00Z,"AMD",2021-10-25T19:59:00Z,Buy,122.91,122.28,7140,-4498.2,71.4,-5569.2,3213,8782.2,0,"	2590,2593" 
2021-10-25T16:30:00Z,"NVDA",2021-10-25T19:59:00Z,Buy,23.1704583586,23.0826423314,41167,-3615.12,411.67,-4149.17,5463.76,9612.94,0,"	2591,2594" 
2021-10-26T14:00:00Z,"TSLA",2021-10-26T15:30:00Z,Buy,357.276630939,349.079965092,887,-7270.44,8.87,-9307.59,6729.37,16036.96,0,"	2595,2598" 
2021-10-26T14:00:00Z,"AMD",2021-10-26T15:30:00Z,Buy,125.1,125.1,7737,0,77.37,-386.85,14236.08,14622.93,0,"	2596,2599" 
2021-10-26T14:00:00Z,"NVDA",2021-10-26T16:00:00Z,Buy,24.5795064314,24.6144332604,39361,1374.75,393.61,-1296.2,23802.9,22860.21,1,"	2597,2600" 
2021-10-27T14:00:00Z,"TSLA",2021-10-27T14:30:00Z,Buy,353.603297973,351.806631486,1073,-1927.82,10.73,-7203.41,797.6,8001,0,"	2601,2602" 
2021-10-27T14:30:00Z,"AMD",2021-10-27T16:30:00Z,Buy,125.09,123.61,7693,-11385.64,76.93,-12847.31,8385.37,21232.68,0,"	2603,2604" 
2021-10-28T19:00:00Z,"AMD",2021-10-28T19:59:00Z,Sell,120.51,121.04,7920,-4197.6,79.2,-4593.6,1267.2,5860.8,0,"	2605,2606" 
2021-10-29T14:00:00Z,"NVDA",2021-10-29T14:30:00Z,Buy,25.3478966694,25.2810367396,27549,-1841.92,275.49,-2171.82,1869.42,4041.24,0,"	2607,2608" 
2021-10-29T17:30:00Z,"TSLA",2021-10-29T18:00:00Z,Buy,367.329963267,365.519963448,1090,-1972.9,10.9,-2358.03,0,2358.03,0,"	2609,2610" 
2021-11-01T15:30:00Z,"TSLA",2021-11-01T18:30:00Z,Buy,387.279961272,388.839961116,1084,1691.04,10.84,-2193.29,10446.15,10027,1,"	2611,2613" 
2021-11-01T15:30:00Z,"AMD",2021-11-01T19:59:00Z,Buy,123.12,125.32,7707,16955.4,77.07,-7090.44,17494.89,9171.33,1,"	2612,2614" 
2021-11-02T14:00:00Z,"NVDA",2021-11-02T14:30:00Z,Buy,26.1432304612,26.0284708802,34530,-3962.65,345.3,-9441.44,0,9441.44,0,"	2615,2616" 
2021-11-02T16:00:00Z,"AMD",2021-11-02T19:59:00Z,Buy,127.53,127.65,7516,901.92,75.16,-6689.24,6689.24,8493.08,1,"	2617,2618" 
2021-11-03T19:00:00Z,"AMD",2021-11-03T19:59:00Z,Buy,130.12,130.56,7236,3183.84,72.36,-1447.2,3256.2,2315.52,1,"	2619,2622" 
2021-11-03T19:30:00Z,"TSLA",2021-11-03T19:59:00Z,Buy,399.403293393,404.483292885,1264,6421.12,12.64,-497.17,6783.47,1183.95,1,"	2620,2621" 
2021-11-04T14:00:00Z,"NVDA",2021-11-04T19:59:00Z,Buy,27.9793837572,29.7786144054,34502,62077.06,345.02,0,114307.17,60768.72,1,"	2623,2626" 
2021-11-04T14:30:00Z,"AMD",2021-11-04T15:30:00Z,Buy,134.65,133.75,5032,-4528.8,50.32,-4579.12,4906.2,9485.32,0,"	2624,2625" 
2021-11-05T14:30:00Z,"NVDA",2021-11-05T16:30:00Z,Buy,30.7036764192,30.605881298,23224,-2271.19,232.24,-3603.78,12630.62,16234.4,0,"	2627,2628" 
2021-11-05T17:30:00Z,"AMD",2021-11-05T18:00:00Z,Sell,134.7,136.3,7436,-11897.6,74.36,-12269.4,0,12269.4,0,"	2629,2630" 
2021-11-08T15:00:00Z,"AMD",2021-11-08T20:59:00Z,Buy,140.31,149.95,7082,68270.48,70.82,-6019.7,91853.54,34276.88,1,"	2631,2632" 
2021-11-09T15:00:00Z,"AMD",2021-11-09T16:00:00Z,Sell,145.81,149.67,5700,-22002,57,-22002,8094,30096,0,"	2634,2635" 
2021-11-09T15:00:00Z,"TSLA",2021-11-09T20:59:00Z,Sell,352.516631415,340.63329927,2936,34889.46,29.36,-45527.57,44216.16,45791.81,1,"	2633,2636" 
2021-11-10T15:00:00Z,"TSLA",2021-11-10T17:30:00Z,Buy,351.183298215,350.303298303,1631,-1435.28,16.31,-1440.72,12466.28,13906.99,0,"	2637,2638" 
2021-11-15T17:00:00Z,"NVDA",2021-11-15T18:30:00Z,Sell,29.53811824,29.6059760792,35420,-2403.52,354.2,-5231.2,9543.41,14774.61,0,"	2639,2640" 
2021-11-16T16:00:00Z,"AMD",2021-11-16T20:59:00Z,Buy,150.59,152.35,6086,10711.36,60.86,-1278.06,15062.85,8094.38,1,"	2641,2642" 
2021-11-17T15:00:00Z,"AMD",2021-11-17T15:30:00Z,Sell,150.38,151.98,5325,-8520,53.25,-10650,0,10650,0,"	2643,2644" 
2021-11-17T15:30:00Z,"NVDA",2021-11-17T16:00:00Z,Sell,29.5660597032,29.7855997712,35372,-7765.57,353.72,-7765.57,0,7765.57,0,"	2645,2647" 
2021-11-17T16:00:00Z,"TSLA",2021-11-17T17:00:00Z,Buy,370.203296313,365.096630157,2733,-13956.52,27.33,-16534.65,1220.74,17755.39,0,"	2646,2648" 
2021-11-19T17:30:00Z,"NVDA",2021-11-19T18:00:00Z,Buy,32.88111473,32.7753363336,21075,-2229.28,210.75,-2712.99,841.24,3554.23,0,"	2649,2650" 
2021-11-19T20:00:00Z,"TSLA",2021-11-19T20:59:00Z,Buy,377.849962215,378.846628782,2604,2595.32,26.04,-4695.88,4244.52,8940.4,1,"	2651,2652" 
2021-11-22T15:00:00Z,"TSLA",2021-11-22T15:30:00Z,Buy,395.329960467,395.736627093,2610,1061.4,26.1,-3793.2,6603.3,8151.9,1,"	2653,2656" 
2021-11-22T15:00:00Z,"AMD",2021-11-22T16:30:00Z,Buy,160.59,157.72,6422,-18431.14,64.22,-18752.24,8155.94,26908.18,0,"	2654,2657" 
2021-11-22T15:00:00Z,"NVDA",2021-11-22T16:30:00Z,Buy,34.058647822,33.100654798,18715,-17928.84,187.15,-19105.42,8740.31,27845.73,0,"	2655,2658" 
2021-11-23T16:00:00Z,"AMD",2021-11-23T20:00:00Z,Sell,146.2,148.68,6535,-16206.8,65.35,-16664.25,5293.35,21957.6,0,"	2660,2661" 
2021-11-23T16:00:00Z,"TSLA",2021-11-23T20:59:00Z,Sell,371.306629536,369.783296355,2713,4132.8,27.13,-17535.02,44059.12,44285.2,1,"	2659,2662" 
2021-11-24T15:00:00Z,"AMD",2021-11-24T20:59:00Z,Buy,151.47,157.74,6602,41394.54,66.02,0,41922.7,11421.46,1,"	2663,2666" 
2021-11-24T16:30:00Z,"NVDA",2021-11-24T19:00:00Z,Buy,32.307316825,32.3512248386,17382,763.21,173.82,-1647.84,4128.27,4388.45,1,"	2664,2665" 
2021-11-26T15:30:00Z,"NVDA",2021-11-26T17:59:00Z,Sell,31.9670297196,31.5598826844,24198,9852.14,241.98,-241.47,16130.47,12773.98,1,"	2667,2668" 
2021-11-29T15:00:00Z,"TSLA",2021-11-29T15:30:00Z,Buy,379.729962027,374.606629206,2708,-13873.99,27.08,-14587.09,0,14587.09,0,"	2669,2670" 
2021-11-29T20:30:00Z,"AMD",2021-11-29T20:59:00Z,Buy,161.77,161.91,6335,886.9,63.35,-1076.95,4497.85,4054.4,1,"	2671,2673" 
2021-11-29T20:30:00Z,"NVDA",2021-11-29T20:59:00Z,Buy,33.050759328,33.3072220438,29109,7465.37,291.09,-464.77,7784.9,3108.15,1,"	2672,2674" 
2021-11-30T15:00:00Z,"TSLA",2021-11-30T15:30:00Z,Buy,388.626627804,387.49996125,2382,-2683.72,23.82,-7296.86,897.22,8194.08,0,"	2675,2676" 
2021-11-30T16:00:00Z,"NVDA",2021-11-30T19:00:00Z,Sell,32.1167161296,32.5178757084,26341,-10566.94,263.41,-10566.94,7964.64,18531.58,0,"	2678,2679" 
2021-11-30T16:00:00Z,"AMD",2021-11-30T20:59:00Z,Sell,158.02,158.55,5896,-3124.88,58.96,-8018.56,13501.84,17805.92,0,"	2677,2680" 
2021-12-01T18:00:00Z,"AMD",2021-12-01T18:30:00Z,Sell,154.38,154.73,5882,-2058.7,58.82,-4293.86,3352.74,6529.02,0,"	2681,2682" 
2021-12-01T20:30:00Z,"TSLA",2021-12-01T20:59:00Z,Sell,368.369963163,365.603296773,2542,7032.87,25.42,-8286.92,7202.33,8905.47,1,"	2683,2685" 
2021-12-01T20:30:00Z,"NVDA",2021-12-01T20:59:00Z,Sell,31.547775715,31.4130414625,27853,3752.75,278.53,-9645.97,3752.75,10368.72,1,"	2684,2686" 
2021-12-02T15:00:00Z,"AMD",2021-12-02T15:30:00Z,Buy,151.85,150.12,4740,-8200.2,47.4,-15499.8,1327.2,16827,0,"	2687,2690" 
2021-12-02T15:00:00Z,"NVDA",2021-12-02T16:00:00Z,Buy,32.03681115,31.8262265035,24703,-5202.07,247.03,-17011.52,3969.35,20980.87,0,"	2688,2692" 
2021-12-02T15:30:00Z,"TSLA",2021-12-02T16:00:00Z,Sell,358.836630783,361.489963851,2562,-6797.84,25.62,-6797.84,15056.02,21853.86,0,"	2689,2691" 
2021-12-03T15:00:00Z,"TSLA",2021-12-03T20:59:00Z,Sell,351.83329815,338.386632828,2617,35189.92,26.17,-942.12,47507.27,20403.87,1,"	2693,2696" 
2021-12-03T15:00:00Z,"AMD",2021-12-03T20:59:00Z,Sell,146.64,144.03,5916,15440.76,59.16,-1479,34431.12,18990.36,1,"	2694,2697" 
2021-12-03T15:00:00Z,"NVDA",2021-12-03T20:59:00Z,Sell,31.0976635085,30.663519806,25791,11197,257.91,-1441.45,25611.53,14414.53,1,"	2695,2698" 
2021-12-06T15:00:00Z,"TSLA",2021-12-06T15:30:00Z,Sell,324.563300877,330.9999669,2423,-15596.04,24.23,-17292.14,6210.96,23503.1,0,"	2699,2701" 
2021-12-06T15:00:00Z,"AMD",2021-12-06T15:30:00Z,Sell,136.37,137.98,6119,-9851.59,61.19,-12666.33,12054.43,24720.76,0,"	2700,2702" 
2021-12-07T17:30:00Z,"NVDA",2021-12-07T20:59:00Z,Buy,31.881118236,32.2773367415,32461,12861.65,324.61,-226.78,12942.64,10950.22,1,"	2703,2704" 
2021-12-09T15:30:00Z,"AMD",2021-12-09T16:00:00Z,Sell,142.19,142.27,7041,-563.28,70.41,-2112.3,3098.04,3661.32,0,"	2706,2707" 
2021-12-09T15:30:00Z,"TSLA",2021-12-09T20:59:00Z,Sell,345.49996545,334.83329985,2567,27381.33,25.67,-2909.27,28450.91,8548.11,1,"	2705,2709" 
2021-12-09T19:30:00Z,"NVDA",2021-12-09T20:59:00Z,Sell,30.6924627195,30.4469469705,23566,5785.82,235.66,-4445.21,6303.26,7244.04,1,"	2708,2710" 
2021-12-10T15:00:00Z,"TSLA",2021-12-10T15:30:00Z,Sell,328.339967166,333.203300013,2304,-11205.12,23.04,-13985.28,0,13985.28,0,"	2711,2712" 
2021-12-13T15:00:00Z,"TSLA",2021-12-13T20:00:00Z,Sell,326.206634046,323.6666343,2810,7137.4,28.1,-5193.82,24840.4,18836.36,1,"	2713,2716" 
2021-12-13T15:30:00Z,"NVDA",2021-12-13T20:59:00Z,Sell,29.5726713765,28.218342631,25456,34475.79,254.56,-1880.04,36813.13,13033.22,1,"	2714,2718" 
2021-12-13T16:30:00Z,"AMD",2021-12-13T20:59:00Z,Sell,135.3,133.99,7491,9813.21,74.91,-3820.41,13708.53,17454.03,1,"	2715,2717" 
2021-12-14T15:30:00Z,"AMD",2021-12-14T16:00:00Z,Buy,136.7,133.75,7509,-22151.55,75.09,-25906.05,2477.97,28384.02,0,"	2719,2720" 
2021-12-15T17:00:00Z,"TSLA",2021-12-15T17:30:00Z,Sell,310.896635577,312.753302058,2927,-5434.46,29.27,-5434.46,4049.02,9483.48,0,"	2721,2722" 
2021-12-15T19:30:00Z,"AMD",2021-12-15T20:59:00Z,Buy,139.44,146.14,7694,51549.8,76.94,-3193.01,53550.24,14464.72,1,"	2723,2725" 
2021-12-15T20:00:00Z,"NVDA",2021-12-15T20:59:00Z,Buy,29.1275493275,30.3032304345,37049,43557.81,370.49,0,44408.26,11499.56,1,"	2724,2726" 
2021-12-16T15:00:00Z,"TSLA",2021-12-16T15:30:00Z,Sell,319.59996804,321.183301215,3293,-5213.92,32.93,-5213.92,2645.38,7859.29,0,"	2727,2730" 
2021-12-16T15:00:00Z,"AMD",2021-12-16T20:59:00Z,Sell,143.5,138.85,5251,24417.15,52.51,-2100.4,33868.95,12234.83,1,"	2728,2731" 
2021-12-16T15:00:00Z,"NVDA",2021-12-16T20:59:00Z,Sell,29.6884430305,28.378027671,23644,30983.46,236.44,-1227.07,38251.48,12223.48,1,"	2729,2732" 
2021-12-17T16:00:00Z,"TSLA",2021-12-17T17:00:00Z,Buy,318.146634852,315.503301783,3675,-9714.25,36.75,-15569.75,5426.75,20996.5,0,"	2733,2734" 
2021-12-21T18:30:00Z,"AMD",2021-12-21T20:59:00Z,Buy,142.03,144.32,5579,12775.91,55.79,0,12831.7,7196.91,1,"	2735,2736" 
2021-12-22T15:00:00Z,"TSLA",2021-12-22T20:59:00Z,Buy,327.779967222,336.309966369,3121,26622.13,31.21,-7043.06,31418.06,24322.99,1,"	2737,2738" 
2021-12-23T15:30:00Z,"TSLA",2021-12-23T20:59:00Z,Buy,343.826632284,355.83329775,2217,26618.78,22.17,-3842.8,30047.74,9954.33,1,"	2739,2742" 
2021-12-23T16:00:00Z,"AMD",2021-12-23T19:30:00Z,Buy,146.74,147.48,6544,4842.56,65.44,-654.4,14658.56,9816,1,"	2740,2741" 
2021-12-27T15:00:00Z,"TSLA",2021-12-27T16:30:00Z,Buy,364.153296918,368.723296461,2399,10963.43,23.99,-1247.48,16777,10083.8,1,"	2743,2746" 
2021-12-27T15:00:00Z,"AMD",2021-12-27T20:59:00Z,Buy,150.77,154.23,8020,27749.2,80.2,-1684.2,32561.2,9872.62,1,"	2744,2747" 
2021-12-27T15:00:00Z,"NVDA",2021-12-27T20:59:00Z,Buy,30.4349705925,30.8601320115,39732,16892.51,397.32,-991.34,22800.93,12451.29,1,"	2745,2748" 
2021-12-28T16:30:00Z,"NVDA",2021-12-28T20:00:00Z,Sell,30.2193957885,30.38007886,41221,-6623.52,412.21,-8845.07,10572.94,19418.01,0,"	2749,2750" 
2021-12-29T15:00:00Z,"NVDA",2021-12-29T16:00:00Z,Sell,29.8082068105,29.6864469675,41631,5068.98,416.31,0,18987.92,14542.17,1,"	2752,2753" 
2021-12-29T15:00:00Z,"AMD",2021-12-29T20:59:00Z,Sell,150.41,148.33,7695,16005.6,76.95,-2924.1,21930.75,14389.65,1,"	2751,2754" 
2022-01-03T15:00:00Z,"AMD",2022-01-03T20:59:00Z,Buy,147.95,150.07,5685,12052.2,56.85,0,20522.85,13189.2,1,"	2755,2760" 
2022-01-03T16:00:00Z,"NVDA",2022-01-03T16:30:00Z,Buy,30.4569272855,30.348141852,37057,-4031.26,370.57,-5066.82,3254.6,8321.41,0,"	2756,2757" 
2022-01-03T18:00:00Z,"TSLA",2022-01-03T20:59:00Z,Buy,391.436627523,399.846626682,3220,27080.2,32.2,-590.33,27144.6,12171.6,1,"	2758,2759" 
2022-01-04T15:00:00Z,"NVDA",2022-01-04T20:30:00Z,Sell,29.6525138965,29.1016005085,43076,23731.15,430.76,0,56103.52,32372.38,1,"	2761,2764" 
2022-01-04T15:30:00Z,"AMD",2022-01-04T20:59:00Z,Sell,146.67,144.64,8351,16952.53,83.51,0,49479.68,32861.18,1,"	2762,2766" 
2022-01-04T16:00:00Z,"TSLA",2022-01-04T20:59:00Z,Sell,383.826628284,383.439961656,1491,576.52,14.91,-6575.31,11619.86,18195.17,1,"	2763,2765" 
2022-01-05T15:00:00Z,"TSLA",2022-01-05T15:30:00Z,Buy,387.349961265,386.306628036,1487,-1551.44,14.87,-4089.25,3261.49,7350.74,0,"	2767,2768" 
2022-01-05T18:00:00Z,"AMD",2022-01-05T18:30:00Z,Sell,138.76,139.41,8813,-5728.45,88.13,-6786.01,3622.14,10408.15,0,"	2769,2771" 
2022-01-05T18:00:00Z,"NVDA",2022-01-05T19:00:00Z,Sell,28.1394981425,28.326130033,46331,-8646.84,463.31,-10635.15,3329.27,13964.42,0,"	2770,2772" 
2022-01-06T15:00:00Z,"AMD",2022-01-06T15:30:00Z,Sell,135.01,134.83,8361,1504.98,83.61,-501.66,25668.27,26169.93,1,"	2774,2775" 
2022-01-06T15:00:00Z,"TSLA",2022-01-06T16:00:00Z,Sell,349.346631732,355.229964477,1626,-9566.3,16.26,-10758.7,13073.04,23831.74,0,"	2773,2776" 
2022-01-06T16:00:00Z,"NVDA",2022-01-06T16:30:00Z,Buy,28.1714351505,28.0137461735,45771,-7217.58,457.71,-11534.43,6395.33,17929.75,0,"	2777,2778" 
2022-01-07T15:30:00Z,"NVDA",2022-01-07T18:00:00Z,Sell,27.4588406595,27.4827934155,45713,-1094.95,457.13,-5748.5,20575.98,26324.48,0,"	2780,2783" 
2022-01-07T15:30:00Z,"TSLA",2022-01-07T20:59:00Z,Sell,349.703298363,342.373299096,1603,11749.99,16.03,-2276.26,20112.3,14218.61,1,"	2779,2784" 
2022-01-07T16:00:00Z,"AMD",2022-01-07T16:30:00Z,Sell,132.3,133.4,8431,-9274.1,84.31,-9948.58,1686.2,11634.78,0,"	2781,2782" 
2022-01-10T15:00:00Z,"NVDA",2022-01-10T16:00:00Z,Sell,25.88893711,25.8440256925,46538,2090.09,465.38,-4992.99,11193.58,13632.02,1,"	2785,2786" 
2022-01-11T16:30:00Z,"AMD",2022-01-11T19:30:00Z,Buy,136.81,137.29,9395,4509.6,93.95,-2066.9,19165.8,16253.35,1,"	2787,2788" 
2022-01-12T15:00:00Z,"AMD",2022-01-12T15:30:00Z,Buy,139.43,139.64,8425,1769.25,84.25,-5813.25,6824.25,8340.75,1,"	2789,2791" 
2022-01-12T15:30:00Z,"TSLA",2022-01-12T16:00:00Z,Buy,366.276630039,362.963297037,3521,-11666.25,35.21,-17522.84,0,17522.84,0,"	2790,2793" 
2022-01-12T15:30:00Z,"NVDA",2022-01-12T16:00:00Z,Buy,28.3440946,27.8820060155,44881,-20739,448.81,-21724.44,0,21724.44,0,"	2792,2794" 
2022-01-13T15:30:00Z,"NVDA",2022-01-13T20:59:00Z,Sell,27.495767825,26.529673333,46083,44520.53,460.83,0,47556.02,18028.98,1,"	2795,2800" 
2022-01-13T16:00:00Z,"TSLA",2022-01-13T20:59:00Z,Sell,357.809964219,343.919965608,2824,39225.36,28.24,-9366.27,43979.09,17565.28,1,"	2796,2798" 
2022-01-13T17:30:00Z,"AMD",2022-01-13T20:59:00Z,Sell,133.4,132.45,9741,9253.95,97.41,-14221.86,15195.96,21137.97,1,"	2797,2799" 
2022-01-14T15:00:00Z,"TSLA",2022-01-14T15:30:00Z,Buy,345.759965424,347.146631952,2844,3943.68,28.44,-11442.36,9091.32,11442.36,1,"	2801,2804" 
2022-01-14T15:00:00Z,"AMD",2022-01-14T15:30:00Z,Buy,135.56,134.53,9799,-10092.97,97.99,-12052.77,3527.64,14894.48,0,"	2802,2805" 
2022-01-14T15:00:00Z,"NVDA",2022-01-14T15:30:00Z,Buy,27.036673335,26.835070972,49135,-9905.73,491.35,-12700.91,2402.88,12700.91,0,"	2803,2806" 
2022-01-19T15:00:00Z,"NVDA",2022-01-19T15:30:00Z,Buy,26.4448406555,26.000716638,49831,-22131.14,498.31,-22131.14,0,22131.14,0,"	2807,2808" 
2022-01-19T16:00:00Z,"TSLA",2022-01-19T17:00:00Z,Sell,337.773299556,336.689966331,3167,3430.92,31.67,-5373.34,16225.6,16742.87,1,"	2809,2811" 
2022-01-19T16:30:00Z,"AMD",2022-01-19T17:00:00Z,Sell,128.84,128.98,9557,-1337.98,95.57,-3918.37,6785.47,10703.84,0,"	2810,2812" 
2022-01-20T15:00:00Z,"TSLA",2022-01-20T15:30:00Z,Buy,340.396632627,342.019965798,2934,4762.86,29.34,-2239.62,7843.56,7090.5,1,"	2813,2814" 
2022-01-20T20:30:00Z,"NVDA",2022-01-20T20:59:00Z,Sell,24.300070962,24.126413481,53779,9339.13,537.79,-3435.08,13579.3,6387.1,1,"	2815,2816" 
2022-01-21T15:00:00Z,"TSLA",2022-01-21T16:00:00Z,Sell,323.006634366,324.513300882,3632,-5472.21,36.32,-16919.06,20411.84,37330.9,0,"	2817,2818" 
2022-01-24T15:00:00Z,"TSLA",2022-01-24T16:00:00Z,Sell,288.003304533,297.29997027,4331,-40263.86,43.31,-54166.37,0,54166.37,0,"	2819,2822" 
2022-01-24T15:00:00Z,"AMD",2022-01-24T16:00:00Z,Sell,111.26,112.68,9986,-14180.12,99.86,-20870.74,15178.72,36049.46,0,"	2820,2823" 
2022-01-24T15:00:00Z,"NVDA",2022-01-24T16:00:00Z,Sell,21.826948905,21.958689063,59966,-7899.93,599.66,-18433.17,21006.63,37823.91,0,"	2821,2824" 
2022-01-25T15:00:00Z,"AMD",2022-01-25T15:30:00Z,Sell,112.48,113.22,11267,-8337.58,112.67,-8337.58,12731.71,21069.29,0,"	2825,2826" 
2022-01-25T18:00:00Z,"NVDA",2022-01-25T18:30:00Z,Sell,22.118374103,22.3469233165,54864,-12539.12,548.64,-12539.12,5420.84,17959.97,0,"	2827,2828" 
2022-01-26T15:30:00Z,"NVDA",2022-01-26T16:00:00Z,Buy,23.3210020605,23.1293800125,52341,-10029.69,523.41,-14783.34,1567.14,16350.48,0,"	2829,2830" 
2022-01-27T15:00:00Z,"TSLA",2022-01-27T20:59:00Z,Sell,294.823303851,277.193305614,3758,66253.53,37.58,-11649.8,68420.65,20975.9,1,"	2831,2835" 
2022-01-27T15:30:00Z,"NVDA",2022-01-27T16:00:00Z,Sell,22.5664902465,22.539543396,48298,1301.48,482.98,-2169.13,13496.82,12195.34,1,"	2833,2834" 
2022-01-27T15:30:00Z,"AMD",2022-01-27T20:59:00Z,Sell,107.77,102.65,11664,59719.68,116.64,-5365.44,67534.56,20528.64,1,"	2832,2836" 
2022-01-28T15:00:00Z,"TSLA",2022-01-28T15:30:00Z,Sell,268.089973191,274.813305852,3083,-20728.03,30.83,-38301.13,1305.14,39606.27,0,"	2837,2840" 
2022-01-28T15:00:00Z,"AMD",2022-01-28T15:30:00Z,Sell,100.03,101.38,13288,-17938.8,132.88,-28702.08,7839.92,36542,0,"	2838,2841" 
2022-01-28T15:00:00Z,"NVDA",2022-01-28T15:30:00Z,Sell,21.4267382735,21.555484337,62030,-7986.12,620.3,-19067.63,9038.55,28106.18,0,"	2839,2842" 
2022-01-31T15:00:00Z,"NVDA",2022-01-31T20:59:00Z,Buy,23.587476471,24.401870175,50640,41240.9,506.4,0,41341.98,16829.92,1,"	2843,2848" 
2022-01-31T15:30:00Z,"AMD",2022-01-31T18:30:00Z,Buy,110.17,111.3,10371,11719.23,103.71,-829.68,25512.66,13793.43,1,"	2845,2846" 
2022-01-31T15:30:00Z,"TSLA",2022-01-31T20:59:00Z,Buy,300.9999699,311.673302166,2588,27622.58,25.88,-560.73,28830.32,14458.29,1,"	2844,2847" 
2022-02-04T18:30:00Z,"TSLA",2022-02-04T20:59:00Z,Buy,308.829969117,308.159969184,2721,-1823.07,27.21,-4498.72,8652.78,11283.08,0,"	2849,2852" 
2022-02-04T20:00:00Z,"AMD",2022-02-04T20:59:00Z,Buy,124.43,123.65,9222,-7193.16,92.22,-10051.98,4334.34,14386.32,0,"	2850,2853" 
2022-02-04T20:00:00Z,"NVDA",2022-02-04T20:59:00Z,Buy,24.4567619075,24.3050611195,40501,-6144.03,405.01,-6669.51,4688.87,11358.38,0,"	2851,2854" 
2022-02-07T15:00:00Z,"TSLA",2022-02-07T15:30:00Z,Buy,314.206635246,308.9999691,2615,-13615.43,26.15,-15071.12,0,15071.12,0,"	2855,2858" 
2022-02-07T15:00:00Z,"AMD",2022-02-07T15:30:00Z,Buy,126.34,126.42,9019,721.52,90.19,-7666.15,5050.64,12716.79,1,"	2856,2859" 
2022-02-07T15:00:00Z,"NVDA",2022-02-07T15:30:00Z,Buy,24.7501831685,24.625429231,41148,-5133.38,411.48,-12525.44,0,12525.44,0,"	2857,2860" 
2022-02-08T17:00:00Z,"AMD",2022-02-08T19:30:00Z,Buy,126.48,126.31,10380,-1764.6,103.8,-4048.2,13805.4,15985.2,0,"	2861,2862" 
2022-02-09T16:00:00Z,"NVDA",2022-02-09T20:59:00Z,Buy,26.0017146695,26.6165020735,47465,29180.88,474.65,0,30602.03,10232.26,1,"	2863,2864" 
2022-02-11T15:00:00Z,"AMD",2022-02-11T20:59:00Z,Sell,123.03,113.3,9200,89516,92,-7636,103040,21344,1,"	2865,2869" 
2022-02-11T15:00:00Z,"NVDA",2022-02-11T20:59:00Z,Sell,25.288122147,23.97271663,50182,66009.68,501.82,-10116.81,77528.82,18480.71,1,"	2866,2870" 
2022-02-11T15:30:00Z,"TSLA",2022-02-11T20:59:00Z,Sell,297.3333036,287.906637876,4551,42900.76,45.51,-8009.76,62075.63,21268.34,1,"	2867,2868" 
2022-02-14T15:00:00Z,"AMD",2022-02-14T15:30:00Z,Buy,117.86,116.78,7050,-7614,70.5,-10857,0,10857,0,"	2872,2874" 
2022-02-14T15:00:00Z,"NVDA",2022-02-14T18:00:00Z,Buy,24.53161427,24.567543404,38710,1390.82,387.1,-12092.38,10662.93,14178.6,1,"	2873,2875" 
2022-02-14T15:00:00Z,"TSLA",2022-02-14T19:00:00Z,Buy,290.9999709,287.509971249,5082,-17736.18,50.82,-17736.18,42587.16,60323.33,0,"	2871,2876" 
2022-02-15T15:00:00Z,"TSLA",2022-02-15T16:00:00Z,Buy,304.953302838,305.476636119,4796,2509.91,47.96,-431.64,10087.59,7577.68,1,"	2877,2879" 
2022-02-15T15:00:00Z,"NVDA",2022-02-15T20:59:00Z,Buy,25.493716636,26.4208878995,37045,34347.06,370.45,0,36676.3,18301.18,1,"	2878,2882" 
2022-02-15T20:30:00Z,"AMD",2022-02-15T20:59:00Z,Buy,121.54,121.36,6791,-1222.38,67.91,-5500.71,1290.29,5500.71,0,"	2880,2881" 
2022-02-16T16:30:00Z,"AMD",2022-02-16T19:30:00Z,Sell,116.44,116.93,6410,-3140.9,64.1,-3589.6,13268.7,16858.3,0,"	2883,2884" 
2022-02-17T15:00:00Z,"NVDA",2022-02-17T16:30:00Z,Sell,24.6264272625,24.884917421,33017,-8534.57,330.17,-8534.57,14202.31,22736.88,0,"	2885,2890" 
2022-02-17T15:30:00Z,"AMD",2022-02-17T16:00:00Z,Sell,113.53,114.5,7110,-6896.7,71.1,-7252.2,213.3,7465.5,0,"	2886,2888" 
2022-02-17T16:00:00Z,"TSLA",2022-02-17T16:30:00Z,Sell,297.573303576,299.089970091,4153,-6298.72,41.53,-8555.18,7461.56,16016.74,0,"	2887,2889" 
2022-02-18T15:30:00Z,"TSLA",2022-02-18T19:30:00Z,Sell,285.606638106,285.79997142,3844,-743.17,38.44,-1114.76,23794.36,24537.53,0,"	2891,2893" 
2022-02-18T15:30:00Z,"NVDA",2022-02-18T19:30:00Z,Sell,23.5206083605,23.862933165,30196,-10336.84,301.96,-10457.39,13471.04,23928.43,0,"	2892,2894" 
2022-02-22T15:00:00Z,"AMD",2022-02-22T16:00:00Z,Buy,117.09,116.68,9851,-4038.91,98.51,-8274.84,20096.04,24824.52,0,"	2895,2896" 
2022-02-22T17:30:00Z,"TSLA",2022-02-22T20:00:00Z,Sell,269.353306398,274.679972532,4589,-24444.07,45.89,-28038.79,10386.44,38425.22,0,"	2897,2898" 
2022-02-23T15:00:00Z,"TSLA",2022-02-23T20:59:00Z,Sell,269.573306376,254.959974504,4314,63041.91,43.14,0,69153.41,19528.04,1,"	2899,2903" 
2022-02-23T16:30:00Z,"AMD",2022-02-23T17:00:00Z,Sell,113.5,114.32,10077,-8263.14,100.77,-9573.15,1511.55,11084.7,0,"	2900,2901" 
2022-02-23T19:30:00Z,"NVDA",2022-02-23T20:59:00Z,Sell,22.653318987,22.399818986,35090,8895.32,350.9,-1085.65,12922.72,4902.93,1,"	2902,2904" 
2022-02-24T19:30:00Z,"AMD",2022-02-24T20:59:00Z,Buy,112.84,116.33,12141,42372.09,121.41,0,49292.46,14933.43,1,"	2905,2907" 
2022-02-24T20:00:00Z,"NVDA",2022-02-24T20:59:00Z,Buy,23.0754863115,23.703248125,64344,40392.71,643.44,-1091.69,42190.79,6807.04,1,"	2906,2908" 
2022-02-25T16:30:00Z,"AMD",2022-02-25T19:00:00Z,Buy,120.51,119.82,9052,-6245.88,90.52,-16384.12,1719.88,18104,0,"	2909,2910" 
2022-02-28T15:00:00Z,"TSLA",2022-02-28T20:59:00Z,Buy,281.079971892,290.129970987,3986,36073.3,39.86,-8716.05,42663.48,29323.67,1,"	2911,2912" 
2022-03-01T16:30:00Z,"AMD",2022-03-01T20:59:00Z,Sell,118.4,113.76,10457,48520.48,104.57,0,58140.92,15580.93,1,"	2913,2916" 
2022-03-01T17:00:00Z,"NVDA",2022-03-01T20:30:00Z,Sell,23.445755998,23.286070958,58965,9415.83,589.65,-8827.34,20773.67,29601.01,1,"	2914,2915" 
2022-03-03T15:30:00Z,"NVDA",2022-03-03T16:30:00Z,Sell,23.7691764992,23.7542034752,62862,941.23,628.62,-3513.94,18322.69,18322.69,1,"	2918,2919" 
2022-03-03T15:30:00Z,"AMD",2022-03-03T20:30:00Z,Sell,114.37,112.19,8600,18748,86,-946,24166,18146,1,"	2917,2921" 
2022-03-03T20:00:00Z,"TSLA",2022-03-03T20:59:00Z,Sell,281.516638515,279.149972085,5706,13504.2,57.06,0,21036.12,9605.1,1,"	2920,2922" 
2022-03-04T15:30:00Z,"AMD",2022-03-04T16:30:00Z,Sell,109.88,109.04,9060,7610.4,90.6,-3624,21109.8,13499.4,1,"	2923,2925" 
2022-03-04T15:30:00Z,"NVDA",2022-03-04T20:59:00Z,Sell,23.0824137984,22.9027375104,70062,12588.48,700.62,-6853.73,43989.74,32869.92,1,"	2924,2926" 
2022-03-07T15:00:00Z,"AMD",2022-03-07T16:30:00Z,Sell,106.44,106.34,10542,1054.2,105.42,-5798.1,20978.58,22349.04,1,"	2927,2929" 
2022-03-07T15:00:00Z,"NVDA",2022-03-07T20:59:00Z,Sell,22.2628902848,21.3685016512,73242,65506.81,732.42,-2997.52,66895.91,32899.63,1,"	2928,2932" 
2022-03-07T18:30:00Z,"TSLA",2022-03-07T20:59:00Z,Sell,272.693306064,268.756639791,4603,18120.47,46.03,-4342.16,19762.21,11016.51,1,"	2930,2931" 
2022-03-08T15:00:00Z,"AMD",2022-03-08T15:30:00Z,Sell,101.61,101.95,12574,-4275.16,125.74,-7041.44,17477.86,24519.3,0,"	2933,2935" 
2022-03-08T15:00:00Z,"NVDA",2022-03-08T16:00:00Z,Sell,21.0331059136,21.56115456,73197,-38651.58,731.97,-38651.58,28568.56,67220.13,0,"	2934,2936" 
2022-03-08T17:00:00Z,"TSLA",2022-03-08T20:59:00Z,Buy,273.939972606,274.496639217,6052,3368.95,60.52,-3167.21,55819.61,52450.66,1,"	2937,2938" 
2022-03-09T15:00:00Z,"NVDA",2022-03-09T16:00:00Z,Buy,22.5353993216,22.6831331584,63974,9451.12,639.74,0,25990.59,16539.47,1,"	2939,2942" 
2022-03-09T15:30:00Z,"TSLA",2022-03-09T16:00:00Z,Buy,284.393304894,285.679971432,5881,7566.89,58.81,-6410.29,8135.38,8939.12,1,"	2940,2941" 
2022-03-10T15:00:00Z,"TSLA",2022-03-10T19:30:00Z,Sell,280.193305314,276.79997232,5151,17479.06,51.51,-326.23,50308.09,32829.04,1,"	2943,2947" 
2022-03-10T15:00:00Z,"AMD",2022-03-10T19:30:00Z,Sell,106.91,105.51,10999,15398.6,109.99,0,41466.23,26397.6,1,"	2944,2948" 
2022-03-10T16:30:00Z,"NVDA",2022-03-10T17:30:00Z,Sell,21.9075305152,22.1530881088,50676,-12443.88,506.76,-14163.76,607.02,14770.78,0,"	2945,2946" 
2022-03-11T15:00:00Z,"TSLA",2022-03-11T16:00:00Z,Sell,274.336639233,273.503305983,6090,5075,60.9,0,17579.8,14169.4,1,"	2949,2950" 
2022-03-14T18:30:00Z,"NVDA",2022-03-14T19:00:00Z,Sell,21.1508937024,21.331568192,52627,-9508.36,526.27,-10121.93,0,10121.93,0,"	2951,2952" 
2022-03-15T14:00:00Z,"AMD",2022-03-15T19:59:00Z,Buy,103.98,109.28,14155,75021.5,141.55,-2123.25,79834.2,22081.8,1,"	2953,2957" 
2022-03-15T14:00:00Z,"NVDA",2022-03-15T19:59:00Z,Buy,21.7248596224,22.9207051392,62107,74270.38,621.07,0,77990.1,19280.54,1,"	2954,2958" 
2022-03-15T15:30:00Z,"TSLA",2022-03-15T16:00:00Z,Buy,266.296640037,263.383306995,5505,-16037.9,55.05,-19983.15,3468.15,23451.3,0,"	2955,2956" 
2022-03-16T14:00:00Z,"TSLA",2022-03-16T17:00:00Z,Buy,274.729972527,274.793305854,4733,299.76,47.33,-3186.89,26110.38,29297.27,1,"	2959,2963" 
2022-03-16T14:00:00Z,"NVDA",2022-03-16T17:00:00Z,Buy,23.6763437504,23.8709930624,46083,8970.02,460.83,0,39376.11,31924.09,1,"	2960,2964" 
2022-03-16T14:30:00Z,"AMD",2022-03-16T15:30:00Z,Buy,114.53,114.73,10725,2145,107.25,-3646.5,8151,11797.5,1,"	2961,2962" 
2022-03-17T14:00:00Z,"TSLA",2022-03-17T14:30:00Z,Buy,284.176638249,283.589971641,4442,-2605.97,44.42,-9002.45,1539.89,10542.35,0,"	2965,2967" 
2022-03-17T14:00:00Z,"NVDA",2022-03-17T14:30:00Z,Buy,24.700498592,24.4599320064,45063,-10840.65,450.63,-17947.8,179.93,18127.73,0,"	2966,2968" 
2022-03-18T14:00:00Z,"NVDA",2022-03-18T19:59:00Z,Buy,25.843439424,26.3145905792,44807,21110.87,448.07,-9482,29698.34,25225.7,1,"	2969,2974" 
2022-03-18T14:30:00Z,"TSLA",2022-03-18T15:00:00Z,Buy,298.949970105,297.976636869,4103,-3993.59,41.03,-13020.19,205.15,13225.34,0,"	2970,2971" 
2022-03-18T16:00:00Z,"AMD",2022-03-18T16:30:00Z,Buy,114.32,113.88,10864,-4780.16,108.64,-6627.04,0,6627.04,0,"	2972,2973" 
2022-03-21T16:00:00Z,"AMD",2022-03-21T16:30:00Z,Buy,117.26,116.15,11407,-12661.77,114.07,-17794.92,0,17794.92,0,"	2975,2976" 
2022-03-22T17:30:00Z,"TSLA",2022-03-22T19:59:00Z,Buy,317.583301575,331.269966873,5560,76097.86,55.6,0,83399.99,16531.73,1,"	2977,2978" 
2022-03-23T14:00:00Z,"AMD",2022-03-23T14:30:00Z,Sell,112.77,114.72,14167,-27625.65,141.67,-30459.05,6233.48,36692.53,0,"	2979,2981" 
2022-03-23T14:30:00Z,"TSLA",2022-03-23T17:30:00Z,Buy,342.053299128,332.669966733,5257,-49328.18,52.57,-57459,23165.84,80624.85,0,"	2980,2982" 
2022-03-24T14:30:00Z,"NVDA",2022-03-24T19:59:00Z,Buy,26.6310204864,28.0604451776,48931,69943.18,489.31,-2832.89,79565.25,21588.61,1,"	2983,2986" 
2022-03-24T15:00:00Z,"AMD",2022-03-24T19:59:00Z,Buy,116.77,120.39,15228,55125.36,152.28,0,55734.48,21014.64,1,"	2984,2985" 
2022-03-25T17:30:00Z,"AMD",2022-03-25T18:00:00Z,Sell,118.09,118.92,15645,-12985.35,156.45,-12985.35,0,12985.35,0,"	2987,2988" 
2022-03-28T14:00:00Z,"TSLA",2022-03-28T14:30:00Z,Buy,359.109964089,357.443297589,5123,-8538.33,51.23,-31284.45,0,31284.45,0,"	2989,2992" 
2022-03-28T14:00:00Z,"AMD",2022-03-28T14:30:00Z,Buy,120.21,118.81,15295,-21413,152.95,-29519.35,0,29519.35,0,"	2990,2993" 
2022-03-28T14:00:00Z,"NVDA",2022-03-28T14:30:00Z,Buy,28.0854002176,27.7130710208,42502,-15824.74,425.02,-23546.19,0,23546.19,0,"	2991,2994" 
2022-03-30T14:00:00Z,"AMD",2022-03-30T15:00:00Z,Buy,124.63,123.76,14511,-12624.57,145.11,-12624.57,9141.93,21766.5,0,"	2995,2996" 
2022-03-30T19:00:00Z,"NVDA",2022-03-30T19:59:00Z,Sell,27.6990961984,27.60027424,43034,4252.7,430.34,-2104.87,10137.76,12242.63,1,"	2997,2998" 
2022-03-31T14:00:00Z,"AMD",2022-03-31T19:59:00Z,Sell,113.41,109.75,15617,57158.22,156.17,-13742.96,67153.1,29828.47,1,"	2999,3000" 
2022-04-01T14:00:00Z,"NVDA",2022-04-01T15:00:00Z,Sell,26.7597884928,26.891551104,68723,-9055.12,687.23,-10907.31,13102.49,24009.79,0,"	3002,3003" 
2022-04-01T14:00:00Z,"AMD",2022-04-01T19:30:00Z,Sell,107.77,106.87,13075,11767.5,130.75,-14513.25,20658.5,27065.25,1,"	3001,3004" 
2022-04-04T14:00:00Z,"NVDA",2022-04-04T18:30:00Z,Buy,27.2688713088,27.1450943104,67521,-8357.55,675.21,-19006.68,15434.5,30801.6,0,"	3005,3007" 
2022-04-04T14:30:00Z,"TSLA",2022-04-04T19:59:00Z,Buy,369.373296396,381.219961878,4212,49898.16,42.12,-2639.52,58392.35,17072.64,1,"	3006,3008" 
2022-04-05T14:00:00Z,"NVDA",2022-04-05T19:59:00Z,Sell,26.7557956864,25.8713890688,69820,61749.27,698.2,-1742.36,67533.91,22232.52,1,"	3009,3014" 
2022-04-05T15:00:00Z,"AMD",2022-04-05T15:30:00Z,Sell,108.07,108.58,11886,-6061.86,118.86,-8082.48,1069.74,9152.22,0,"	3010,3012" 
2022-04-05T15:30:00Z,"TSLA",2022-04-05T19:59:00Z,Sell,371.989962801,363.536630313,5071,42866.85,50.71,-2687.63,47295.52,27941.21,1,"	3011,3013" 
2022-04-06T14:00:00Z,"TSLA",2022-04-06T18:00:00Z,Sell,349.243298409,350.426631624,4930,-5833.83,49.3,-11947.03,32324.36,44271.4,0,"	3015,3020" 
2022-04-06T14:30:00Z,"AMD",2022-04-06T15:00:00Z,Sell,102.3,103.12,16679,-13676.78,166.79,-20014.8,0,20014.8,0,"	3016,3018" 
2022-04-06T14:30:00Z,"NVDA",2022-04-06T15:30:00Z,Sell,24.425993152,24.3930524992,79489,2618.42,794.89,-15710.52,6982.45,21899.51,1,"	3017,3019" 
2022-04-07T14:00:00Z,"TSLA",2022-04-07T14:30:00Z,Buy,357.303297603,354.926631174,4299,-10217.29,42.99,-13455.87,4499.62,17955.49,0,"	3021,3022" 
2022-04-07T16:30:00Z,"NVDA",2022-04-07T17:30:00Z,Sell,23.6843293632,23.9009391104,80830,-17508.57,808.3,-19122.26,18476.78,37599.04,0,"	3023,3024" 
2022-04-08T14:00:00Z,"AMD",2022-04-08T14:30:00Z,Sell,100.87,101.59,18861,-13579.92,188.61,-15466.02,6035.52,21501.54,0,"	3025,3027" 
2022-04-08T14:00:00Z,"NVDA",2022-04-08T15:00:00Z,Sell,23.1952105792,23.4687178176,74671,-20423.06,746.71,-20423.06,7900.89,28323.95,0,"	3026,3028" 
2022-04-11T14:00:00Z,"AMD",2022-04-11T17:00:00Z,Sell,97.08,97.42,19354,-6580.36,193.54,-16644.44,20128.16,26708.52,0,"	3029,3030" 
2022-04-12T14:00:00Z,"TSLA",2022-04-12T14:30:00Z,Buy,339.319966068,336.586633008,4245,-11603,42.45,-11603,2914.9,14517.9,0,"	3031,3032" 
2022-04-12T18:00:00Z,"AMD",2022-04-12T19:59:00Z,Sell,95.87,95.13,19472,14409.28,194.72,-5160.08,23658.48,14506.64,1,"	3033,3035" 
2022-04-12T19:00:00Z,"NVDA",2022-04-12T19:59:00Z,Sell,21.4034387072,21.4922786496,82231,-7305.4,822.31,-13789.96,10999.14,24789.1,0,"	3034,3036" 
2022-04-13T14:30:00Z,"NVDA",2022-04-13T15:00:00Z,Buy,22.0392931264,21.9694190144,76242,-5327.34,762.42,-5327.34,9969.74,15297.08,0,"	3038,3039" 
2022-04-13T14:30:00Z,"AMD",2022-04-13T16:30:00Z,Buy,97.47,96.95,19198,-9982.96,191.98,-14590.48,11902.76,26493.24,0,"	3037,3041" 
2022-04-13T15:30:00Z,"TSLA",2022-04-13T19:59:00Z,Buy,335.523299781,340.879965912,3820,20462.46,38.2,-2928.67,24804.53,11510.93,1,"	3040,3042" 
2022-04-14T14:00:00Z,"AMD",2022-04-14T19:59:00Z,Sell,96.25,92.99,19462,63446.12,194.62,-1556.96,64029.98,18683.52,1,"	3043,3048" 
2022-04-14T14:30:00Z,"NVDA",2022-04-14T15:30:00Z,Sell,21.7019009856,21.76079488,79035,-4654.68,790.35,-5995.86,13175.11,19170.97,0,"	3044,3047" 
2022-04-14T15:00:00Z,"TSLA",2022-04-14T15:30:00Z,Sell,328.443300489,330.56663361,5141,-10916.06,51.41,-10916.06,0,10916.06,0,"	3045,3046" 
2022-04-18T14:30:00Z,"NVDA",2022-04-18T15:00:00Z,Buy,21.7528092672,21.6519909056,83016,-8369.54,830.16,-10938.4,82.87,11021.27,0,"	3050,3051" 
2022-04-18T14:30:00Z,"TSLA",2022-04-18T15:30:00Z,Buy,334.913299842,332.56663341,5236,-12287.15,52.36,-12723.48,7042.42,19765.9,0,"	3049,3052" 
2022-04-19T14:00:00Z,"TSLA",2022-04-19T14:30:00Z,Buy,339.906632676,338.773299456,5077,-5753.93,50.77,-5753.93,5347.77,11101.71,0,"	3053,3055" 
2022-04-19T14:00:00Z,"AMD",2022-04-19T14:30:00Z,Buy,95.09,95.71,19877,12323.74,198.77,0,16299.14,5764.33,1,"	3054,3056" 
2022-04-19T15:30:00Z,"NVDA",2022-04-19T16:00:00Z,Buy,22.2389334464,22.2209658176,74386,-1336.54,743.86,-6905.46,6014.43,7350.97,0,"	3057,3058" 
2022-04-20T14:00:00Z,"AMD",2022-04-20T14:30:00Z,Sell,95.67,95.78,17982,-1978.02,179.82,-3056.94,12767.22,15824.16,0,"	3060,3062" 
2022-04-20T14:00:00Z,"NVDA",2022-04-20T14:30:00Z,Sell,21.7518110656,21.6769459456,84427,6320.64,844.27,-758.48,23597.05,24186.97,1,"	3061,3063" 
2022-04-20T14:00:00Z,"TSLA",2022-04-20T19:59:00Z,Sell,334.439966556,325.39996746,5659,51157.35,56.59,-5149.69,51251.67,24965.62,1,"	3059,3064" 
2022-04-21T16:00:00Z,"AMD",2022-04-21T17:30:00Z,Sell,91.46,91.67,19861,-4170.81,198.61,-7348.57,14498.53,18669.34,0,"	3065,3067" 
2022-04-21T16:30:00Z,"NVDA",2022-04-21T19:59:00Z,Sell,20.8234835776,20.1806417472,89083,57266.28,890.83,-10226.12,75762.22,34057.43,1,"	3066,3068" 
2022-04-26T14:00:00Z,"AMD",2022-04-26T16:30:00Z,Sell,87.3,86.89,21534,8828.94,215.34,0,36392.46,28209.54,1,"	3070,3072" 
2022-04-26T14:00:00Z,"NVDA",2022-04-26T16:30:00Z,Sell,19.0906056,19.0846163904,97166,581.95,971.66,-387.97,42094.21,42482.17,1,"	3071,3073" 
2022-04-26T14:00:00Z,"TSLA",2022-04-26T19:59:00Z,Sell,314.336635233,292.656637401,6246,135413.27,62.46,-5142.54,138244.79,29939.16,1,"	3069,3074" 
2022-04-27T14:00:00Z,"AMD",2022-04-27T14:30:00Z,Buy,87.24,84.92,23255,-53951.6,232.55,-54184.15,8139.25,62323.4,0,"	3075,3076" 
2022-04-28T14:00:00Z,"TSLA",2022-04-28T16:30:00Z,Sell,280.409971959,283.63330497,4056,-13073.84,40.56,-13073.84,23578.88,36652.72,0,"	3077,3078" 
2022-04-28T17:00:00Z,"NVDA",2022-04-28T19:59:00Z,Buy,19.4329887488,19.7005067776,103674,27734.66,1036.74,0,58677.44,33426.48,1,"	3079,3082" 
2022-04-28T18:00:00Z,"AMD",2022-04-28T19:59:00Z,Buy,89.14,89.46,21801,6976.32,218.01,-6540.3,30957.42,26815.23,1,"	3080,3081" 
2022-04-29T14:00:00Z,"TSLA",2022-04-29T14:30:00Z,Buy,310.976635569,305.6666361,4096,-21749.76,40.96,-23388.16,0,23388.16,0,"	3083,3086" 
2022-04-29T14:00:00Z,"AMD",2022-04-29T14:30:00Z,Buy,91.57,89.06,16656,-41806.56,166.56,-44221.68,0,44221.68,0,"	3084,3087" 
2022-04-29T14:00:00Z,"NVDA",2022-04-29T14:30:00Z,Buy,20.0548683456,19.4439689664,66549,-40654.74,665.49,-42381.91,0,42381.91,0,"	3085,3088" 
2022-05-02T14:00:00Z,"AMD",2022-05-02T15:00:00Z,Buy,87.87,87.1,15292,-11774.84,152.92,-19879.6,11774.84,23549.68,0,"	3089,3091" 
2022-05-02T14:00:00Z,"NVDA",2022-05-02T15:00:00Z,Buy,18.91592032,18.7971343296,61387,-7291.92,613.87,-20098.73,11060.43,20098.73,0,"	3090,3092" 
2022-05-04T14:00:00Z,"NVDA",2022-05-04T16:30:00Z,Sell,19.1784473408,19.2063969856,56102,-1568.03,561.02,-1568.03,23912.47,25480.5,0,"	3093,3094" 
2022-05-04T19:00:00Z,"TSLA",2022-05-04T19:59:00Z,Buy,308.96663577,317.673301566,6324,55060.95,63.24,-1117.24,59825.03,19182.8,1,"	3095,3096" 
2022-05-05T14:00:00Z,"NVDA",2022-05-05T19:59:00Z,Sell,19.3421524032,18.8081145472,64600,34498.85,646,0,55842.99,38174.42,1,"	3097,3102" 
2022-05-05T14:30:00Z,"AMD",2022-05-05T16:30:00Z,Sell,94.44,95.43,13719,-13581.81,137.19,-16188.42,19206.6,35395.02,0,"	3099,3100" 
2022-05-05T14:30:00Z,"TSLA",2022-05-05T19:59:00Z,Sell,300.169969983,290.753304258,6677,62875.08,66.77,-5230.32,93322.19,32427.96,1,"	3098,3101" 
2022-05-06T14:00:00Z,"TSLA",2022-05-06T14:30:00Z,Sell,284.019971598,289.586637708,4668,-25985.2,46.68,-39942.52,0,39942.52,0,"	3103,3104" 
2022-05-06T15:00:00Z,"AMD",2022-05-06T16:00:00Z,Buy,96.89,95.44,11209,-16253.05,112.09,-17598.13,13787.07,31385.2,0,"	3105,3106" 
2022-05-09T14:30:00Z,"TSLA",2022-05-09T19:59:00Z,Sell,271.063306227,262.86664038,4822,39524.32,48.22,-15655.43,50197.01,38463.48,1,"	3107,3110" 
2022-05-09T14:30:00Z,"NVDA",2022-05-09T19:59:00Z,Sell,17.4815046208,16.9654343936,78709,40619.37,787.09,-11078.01,53583,34019.71,1,"	3108,3112" 
2022-05-09T15:00:00Z,"AMD",2022-05-09T19:59:00Z,Sell,89.02,86.42,14124,36722.4,141.24,-8615.64,50987.64,30084.12,1,"	3109,3111" 
2022-05-11T14:00:00Z,"AMD",2022-05-11T15:30:00Z,Buy,90.91,91.57,10607,7000.62,106.07,-9334.16,25244.66,31396.72,1,"	3113,3114" 
2022-05-11T17:00:00Z,"TSLA",2022-05-11T19:59:00Z,Sell,254.363307897,244.403308893,4520,45019.2,45.2,0,53328.46,19194.93,1,"	3115,3117" 
2022-05-11T19:00:00Z,"NVDA",2022-05-11T19:59:00Z,Sell,16.774777888,16.600092608,69450,12131.89,694.5,-1525.15,15251.52,11161.34,1,"	3116,3118" 
2022-05-12T14:00:00Z,"AMD",2022-05-12T14:30:00Z,Sell,84.49,86.37,16642,-31286.96,166.42,-35946.72,10484.46,46431.18,0,"	3119,3121" 
2022-05-12T14:00:00Z,"NVDA",2022-05-12T14:30:00Z,Sell,15.89636048,16.360524224,85444,-39660.01,854.44,-44862.72,10234.84,55097.56,0,"	3120,3122" 
2022-05-12T15:00:00Z,"TSLA",2022-05-12T15:30:00Z,Buy,251.86664148,248.19997518,5578,-20452.66,55.78,-30362.91,6154.39,36517.3,0,"	3123,3124" 
2022-05-13T14:00:00Z,"AMD",2022-05-13T19:59:00Z,Buy,90.64,94.96,16121,69642.72,161.21,0,95355.72,38529.19,1,"	3125,3127" 
2022-05-13T14:00:00Z,"NVDA",2022-05-13T19:59:00Z,Buy,17.1980153664,17.6292384576,82653,35641.88,826.53,-2392.63,56515.48,44304.84,1,"	3126,3128" 
2022-05-16T14:00:00Z,"TSLA",2022-05-16T14:30:00Z,Sell,250.969974903,254.989974501,4481,-18013.62,44.81,-21553.61,7393.65,28947.26,0,"	3129,3130" 
2022-05-16T14:30:00Z,"AMD",2022-05-16T15:00:00Z,Buy,98.01,95.48,10765,-27235.45,107.65,-27235.45,1076.5,28311.95,0,"	3131,3132" 
2022-05-17T15:30:00Z,"AMD",2022-05-17T16:30:00Z,Buy,101.13,101.42,15769,4573.01,157.69,-1261.52,15611.31,16872.83,1,"	3133,3134" 
2022-05-18T15:30:00Z,"NVDA",2022-05-18T17:00:00Z,Sell,17.3617204288,17.313806752,65009,3114.82,650.09,-8890.22,16223.02,13108.2,1,"	3135,3137" 
2022-05-18T16:00:00Z,"TSLA",2022-05-18T19:59:00Z,Sell,242.796642387,237.249976275,4640,25736.53,46.4,-634.13,42239.46,20539.73,1,"	3136,3139" 
2022-05-18T19:00:00Z,"AMD",2022-05-18T19:59:00Z,Sell,96.25,96.33,13708,-1096.64,137.08,-8910.2,5209.04,14119.24,0,"	3138,3140" 
2022-05-19T15:00:00Z,"AMD",2022-05-19T15:30:00Z,Buy,99.42,99.16,10731,-2790.06,107.31,-5580.12,7082.46,10838.31,0,"	3141,3143" 
2022-05-19T15:00:00Z,"NVDA",2022-05-19T17:30:00Z,Buy,17.413626912,17.1830423424,61918,-14277.34,619.18,-18294.77,14771.79,33066.56,0,"	3142,3146" 
2022-05-19T16:00:00Z,"TSLA",2022-05-19T16:30:00Z,Buy,242.783309055,241.036642563,5012,-8754.29,50.12,-14451.27,2288.81,16740.08,0,"	3144,3145" 
2022-05-20T14:00:00Z,"TSLA",2022-05-20T19:59:00Z,Sell,232.836643383,221.279977872,5168,59724.85,51.68,0,112490.12,52765.27,1,"	3147,3150" 
2022-05-20T14:00:00Z,"NVDA",2022-05-20T19:59:00Z,Sell,16.874598048,16.6789505344,65897,12892.58,658.97,0,74724.37,62029.12,1,"	3148,3152" 
2022-05-20T15:30:00Z,"AMD",2022-05-20T19:59:00Z,Sell,93.2,93.49,11893,-3448.97,118.93,-4281.48,57799.98,62081.46,0,"	3149,3151" 
2022-05-24T14:00:00Z,"TSLA",2022-05-24T14:30:00Z,Sell,211.039978896,213.406645326,6600,-15620,66,-15620,10164,25784,0,"	3153,3156" 
2022-05-24T14:00:00Z,"AMD",2022-05-24T14:30:00Z,Sell,90.08,91.34,14332,-18058.32,143.32,-18058.32,5302.84,23361.16,0,"	3154,3157" 
2022-05-24T14:00:00Z,"NVDA",2022-05-24T15:30:00Z,Sell,15.8933658752,16.0580691392,100147,-16494.54,1001.47,-24491.89,13695.46,38187.35,0,"	3155,3158" 
2022-05-25T14:30:00Z,"NVDA",2022-05-25T15:00:00Z,Buy,16.659984704,16.500272448,122583,-19578.01,1225.83,-29734.1,5873.4,35607.5,0,"	3160,3161" 
2022-05-25T14:30:00Z,"TSLA",2022-05-25T19:59:00Z,Buy,216.256645041,219.446644722,7924,25277.56,79.24,-12995.36,52800.25,36159.85,1,"	3159,3162" 
2022-05-26T14:00:00Z,"TSLA",2022-05-26T19:59:00Z,Buy,224.323310901,235.836643083,6182,71175.42,61.82,-5337.13,93987,36329.55,1,"	3163,3167" 
2022-05-26T14:00:00Z,"AMD",2022-05-26T19:59:00Z,Buy,95.32,98.68,22349,75092.64,223.49,-4469.8,110851.04,47715.12,1,"	3164,3168" 
2022-05-26T15:00:00Z,"NVDA",2022-05-26T15:30:00Z,Buy,17.468528,17.5014686528,114552,3773.42,1145.52,0,17837.97,14064.56,1,"	3165,3166" 
2022-05-27T14:00:00Z,"TSLA",2022-05-27T15:00:00Z,Buy,247.389975261,249.013308432,4626,7509.54,46.26,-4733.94,19460.04,11950.5,1,"	3169,3170" 
2022-06-02T14:00:00Z,"AMD",2022-06-02T19:59:00Z,Buy,103.28,108.32,21635,109040.4,216.35,0,134245.18,41322.85,1,"	3171,3175" 
2022-06-02T14:30:00Z,"NVDA",2022-06-02T19:59:00Z,Buy,18.8829796672,19.4519545792,110958,63132.32,1109.58,-1772.14,76644.85,25142.17,1,"	3172,3176" 
2022-06-02T15:00:00Z,"TSLA",2022-06-02T19:59:00Z,Buy,256.063307727,257.996640867,6657,12870.2,66.57,0,53921.69,44357.81,1,"	3173,3174" 
2022-06-08T14:00:00Z,"NVDA",2022-06-08T14:30:00Z,Buy,19.1176044648,18.9708378126,106638,-15650.9,1066.38,-21080.81,0,21080.81,0,"	3178,3179" 
2022-06-08T14:00:00Z,"TSLA",2022-06-08T15:30:00Z,Buy,247.436641923,247.193308614,6190,-1506.23,61.9,-5612.27,13184.7,18693.8,0,"	3177,3180" 
2022-06-08T16:00:00Z,"AMD",2022-06-08T18:00:00Z,Sell,102.2,102.19,21536,215.36,215.36,-3230.4,37688,37688,1,"	3181,3182" 
2022-06-09T14:30:00Z,"AMD",2022-06-09T15:00:00Z,Buy,103.62,102.03,19075,-30329.25,190.75,-32618.25,5531.75,38150,0,"	3183,3184" 
2022-06-10T14:00:00Z,"NVDA",2022-06-10T19:00:00Z,Sell,17.3464205124,17.1457395798,131916,26473.03,1319.16,0,65985,48468.03,1,"	3186,3189" 
2022-06-10T14:00:00Z,"AMD",2022-06-10T19:59:00Z,Sell,97.15,94.89,23913,54043.38,239.13,0,67434.66,46391.22,1,"	3185,3190" 
2022-06-10T15:30:00Z,"TSLA",2022-06-10T18:00:00Z,Sell,229.036643763,231.693310164,4884,-12975.16,48.84,-17256.8,4151.4,21408.2,0,"	3187,3188" 
2022-06-13T14:00:00Z,"TSLA",2022-06-13T15:30:00Z,Sell,219.503311383,220.586644608,10784,-11682.67,107.84,-27283.52,50361.27,77644.79,0,"	3191,3193" 
2022-06-13T14:00:00Z,"AMD",2022-06-13T16:30:00Z,Sell,89.47,89.58,26450,-2909.5,264.5,-26185.5,35707.5,41791,0,"	3192,3194" 
2022-06-13T19:30:00Z,"NVDA",2022-06-13T19:59:00Z,Sell,15.6491190924,15.6191667144,110002,3294.82,1100.02,-5930.68,7468.26,8786.19,1,"	3195,3196" 
2022-06-14T16:00:00Z,"TSLA",2022-06-14T19:00:00Z,Buy,221.623311171,220.386644628,10205,-12620.18,102.05,-21056.31,45140.11,57760.29,0,"	3197,3200" 
2022-06-14T17:30:00Z,"NVDA",2022-06-14T18:00:00Z,Buy,15.9686111244,15.7918920942,138198,-24422.22,1381.98,-26077.96,0,26077.96,0,"	3198,3199" 
2022-06-15T14:00:00Z,"TSLA",2022-06-15T14:30:00Z,Buy,224.883310845,225.169977483,9220,2643.07,92.2,-7990.67,31240.43,39231.1,1,"	3201,3202" 
2022-06-15T16:30:00Z,"NVDA",2022-06-15T17:00:00Z,Buy,16.2871047438,16.164299994,134565,-16525.22,1345.65,-17062.63,537.41,17600.03,0,"	3203,3204" 
2022-06-15T19:30:00Z,"AMD",2022-06-15T19:59:00Z,Buy,90.25,89.24,25744,-26001.44,257.44,-28318.4,11584.8,39903.2,0,"	3205,3206" 
2022-06-16T14:00:00Z,"TSLA",2022-06-16T14:30:00Z,Sell,219.183311415,220.379977962,7250,-8675.83,72.5,-8675.83,7105,15780.83,0,"	3207,3210" 
2022-06-16T14:00:00Z,"NVDA",2022-06-16T14:30:00Z,Sell,15.5982000498,15.6461238546,98447,-4717.95,984.47,-7273.51,7371.8,14645.32,0,"	3209,3211" 
2022-06-16T14:00:00Z,"AMD",2022-06-16T19:59:00Z,Sell,84.2,82.12,22171,46115.68,221.71,-3103.94,77376.79,32147.95,1,"	3208,3212" 
2022-06-17T14:00:00Z,"TSLA",2022-06-17T14:30:00Z,Buy,218.853311448,215.046645162,5922,-22543.08,59.22,-25839.66,1401.54,27241.2,0,"	3213,3215" 
2022-06-17T14:00:00Z,"NVDA",2022-06-17T14:30:00Z,Buy,15.864776214,15.4843810134,93666,-35630.1,936.66,-40025.41,0,40025.41,0,"	3214,3217" 
2022-06-17T14:30:00Z,"AMD",2022-06-17T15:00:00Z,Sell,80.34,80.73,19664,-7668.96,196.64,-7668.96,15337.92,23006.88,0,"	3216,3218" 
2022-06-21T14:00:00Z,"AMD",2022-06-21T14:30:00Z,Buy,85.38,84.4,17881,-17523.38,178.81,-17523.38,4649.06,22172.44,0,"	3220,3222" 
2022-06-21T14:00:00Z,"NVDA",2022-06-21T16:00:00Z,Buy,16.8851538912,16.7194173996,86879,-14399.02,868.79,-14399.02,7112.77,21511.79,0,"	3221,3223" 
2022-06-21T14:00:00Z,"TSLA",2022-06-21T19:59:00Z,Buy,235.363309797,236.676642999,5232,6871.36,52.32,-9993.12,42222.24,35350.88,1,"	3219,3224" 
2022-06-22T14:00:00Z,"TSLA",2022-06-22T15:30:00Z,Buy,242.409975759,241.859975814,4705,-2587.75,47.05,-11699.77,18772.95,21360.7,0,"	3225,3228" 
2022-06-22T14:30:00Z,"AMD",2022-06-22T15:00:00Z,Buy,85.91,85.4,20044,-10222.44,200.44,-11024.2,8819.36,19843.56,0,"	3226,3227" 
2022-06-23T14:00:00Z,"AMD",2022-06-23T14:30:00Z,Sell,82.8,83.19,20639,-8049.21,206.39,-13002.57,6914.06,19916.64,0,"	3229,3230" 
2022-06-23T16:00:00Z,"NVDA",2022-06-23T19:30:00Z,Sell,16.1383412664,16.094411112,110853,4869.79,1108.53,0,33313.79,29550.77,1,"	3231,3232" 
2022-06-24T14:00:00Z,"AMD",2022-06-24T19:59:00Z,Buy,85.15,86.95,22092,39765.6,220.92,0,51032.52,34242.6,1,"	3233,3238" 
2022-06-24T14:30:00Z,"TSLA",2022-06-24T15:00:00Z,Buy,244.976642169,243.043309029,4887,-9448.2,48.87,-15068.25,781.92,15850.17,0,"	3234,3236" 
2022-06-24T14:30:00Z,"NVDA",2022-06-24T18:00:00Z,Buy,16.9570395984,16.7992904076,121588,-19180.41,1215.88,-24764.58,7890.67,32655.25,0,"	3235,3237" 
2022-06-27T14:00:00Z,"NVDA",2022-06-27T15:00:00Z,Sell,16.7713348548,17.0488935576,134705,-37388.55,1347.05,-39002.44,13718.1,52720.54,0,"	3239,3240" 
2022-06-28T15:00:00Z,"AMD",2022-06-28T19:59:00Z,Sell,82.76,80.8,26989,52898.44,269.89,-6477.36,62344.59,22670.76,1,"	3241,3245" 
2022-06-28T15:00:00Z,"NVDA",2022-06-28T19:59:00Z,Sell,16.4708126622,15.9586269984,134048,68657.46,1340.48,-2275.2,73341.7,21413.63,1,"	3242,3246" 
2022-06-28T16:00:00Z,"TSLA",2022-06-28T17:00:00Z,Sell,236.339976366,236.56664301,7474,-1694.11,74.74,-5605.5,8271.23,13851.81,0,"	3243,3244" 
2022-06-29T14:00:00Z,"AMD",2022-06-29T14:30:00Z,Sell,77.63,77.82,23501,-4465.19,235.01,-32666.39,12220.52,32666.39,0,"	3247,3249" 
2022-06-29T14:30:00Z,"NVDA",2022-06-29T15:30:00Z,Sell,15.4035095928,15.4364572086,128907,-4247.18,1289.07,-19434.06,10038.79,21622,0,"	3250,3251" 
2022-06-29T14:30:00Z,"TSLA",2022-06-29T17:30:00Z,Sell,225.719977428,224.736644193,10181,10011.32,101.81,-18461.54,31187.79,29728.52,1,"	3248,3252" 
2022-06-30T14:00:00Z,"AMD",2022-06-30T15:00:00Z,Sell,76.46,76.35,23057,2536.27,230.57,-3689.12,21212.44,18676.17,1,"	3253,3257" 
2022-06-30T14:00:00Z,"NVDA",2022-06-30T15:00:00Z,Sell,14.9991524898,15.061054071,128822,-7974.29,1288.22,-7974.29,18906.77,26881.06,0,"	3254,3258" 
2022-06-30T14:30:00Z,"TSLA",2022-06-30T15:00:00Z,Sell,219.79997802,222.053311128,10360,-23344.53,103.6,-23344.53,7942.67,31287.2,0,"	3255,3256" 
2022-07-01T14:30:00Z,"AMD",2022-07-01T15:30:00Z,Sell,72.94,73.62,23917,-16263.56,239.17,-24395.34,4783.4,29178.74,0,"	3259,3260" 
2022-07-01T16:00:00Z,"NVDA",2022-07-01T16:30:00Z,Sell,14.5398826938,14.611768401,129379,-9300.5,1293.79,-10204.72,7104.55,17309.27,0,"	3261,3262" 
2022-07-05T14:00:00Z,"TSLA",2022-07-05T14:30:00Z,Sell,218.3333115,219.316644735,8398,-8258.03,83.98,-12597,9209.81,21806.8,0,"	3263,3264" 
2022-07-05T19:30:00Z,"NVDA",2022-07-05T19:59:00Z,Buy,14.8843350408,14.9222747196,152380,5781.25,1523.8,-2282.07,5933.39,6922.28,1,"	3265,3266" 
2022-07-07T14:00:00Z,"AMD",2022-07-07T14:30:00Z,Buy,78.59,79,27925,11449.25,279.25,-10332.25,13124.75,17313.5,1,"	3268,3269" 
2022-07-07T14:00:00Z,"TSLA",2022-07-07T19:59:00Z,Buy,240.26664264,244.619975538,9455,41160.76,94.55,-13772.78,47574.4,15521.96,1,"	3267,3272" 
2022-07-07T16:00:00Z,"NVDA",2022-07-07T17:30:00Z,Buy,15.7279936878,15.7579460658,115058,3446.26,1150.58,-3561.14,7007.4,5628.89,1,"	3270,3271" 
2022-07-08T14:30:00Z,"TSLA",2022-07-08T17:00:00Z,Buy,251.36664153,249.469975053,9181,-17413.29,91.81,-23166.72,29409.8,52576.52,0,"	3273,3274" 
2022-07-11T14:00:00Z,"AMD",2022-07-11T14:30:00Z,Sell,76.35,76.69,26489,-9006.26,264.89,-12184.94,8211.59,20396.53,0,"	3276,3278" 
2022-07-11T14:00:00Z,"NVDA",2022-07-11T15:30:00Z,Sell,15.1239540648,15.2018302476,126743,-9870.26,1267.43,-17589.31,10123.34,27712.66,0,"	3277,3279" 
2022-07-11T14:00:00Z,"TSLA",2022-07-11T19:59:00Z,Sell,241.786642488,233.989976601,9490,73990.36,94.9,-4207.23,76615.93,45140.76,1,"	3275,3280" 
2022-07-12T14:00:00Z,"TSLA",2022-07-12T14:30:00Z,Sell,229.673310366,230.406643626,7417,-5439.13,74.17,-17973.86,9024.02,26997.88,0,"	3281,3284" 
2022-07-12T14:00:00Z,"NVDA",2022-07-12T14:30:00Z,Sell,14.9971556646,14.9881699512,149946,1347.37,1499.46,-6587.15,20210.58,26797.73,1,"	3283,3285" 
2022-07-12T14:00:00Z,"AMD",2022-07-12T15:00:00Z,Sell,74.91,75.91,31119,-31119,311.19,-38898.75,12758.79,51657.54,0,"	3282,3286" 
2022-07-13T15:00:00Z,"AMD",2022-07-13T19:59:00Z,Buy,78.65,77.59,29334,-31094.04,293.34,-31094.04,9386.88,40480.92,0,"	3287,3292" 
2022-07-13T17:00:00Z,"NVDA",2022-07-13T17:30:00Z,Buy,15.2577413532,15.2277889752,151268,-4530.84,1512.68,-6343.17,8155.51,14498.68,0,"	3288,3290" 
2022-07-13T17:30:00Z,"TSLA",2022-07-13T19:00:00Z,Buy,241.146642552,240.546642612,7139,-4283.4,71.39,-15729.6,2760.41,18490.01,0,"	3289,3291" 
2022-07-15T18:00:00Z,"AMD",2022-07-15T19:59:00Z,Buy,80.63,81.11,28265,13567.2,282.65,-6783.6,13708.52,15121.78,1,"	3293,3294" 
2022-07-18T14:00:00Z,"NVDA",2022-07-18T14:30:00Z,Buy,16.5896237616,16.4498459976,137922,-19278.43,1379.22,-30983.19,3993.39,34976.58,0,"	3295,3296" 
2022-07-18T15:30:00Z,"AMD",2022-07-18T17:00:00Z,Buy,83.54,83.49,27225,-1361.25,272.25,-4628.25,24774.75,28041.75,0,"	3297,3298" 
2022-07-19T15:30:00Z,"AMD",2022-07-19T19:59:00Z,Buy,84.96,85.85,20064,17856.96,200.64,-6420.48,28290.24,14446.08,1,"	3299,3301" 
2022-07-19T17:00:00Z,"NVDA",2022-07-19T19:59:00Z,Buy,16.793299932,16.9650268992,122834,21093.91,1228.34,0,33971.01,29065.45,1,"	3300,3302" 
2022-07-20T14:30:00Z,"AMD",2022-07-20T19:59:00Z,Buy,87.97,89.39,17270,24523.4,172.7,-6735.3,32467.6,29704.4,1,"	3303,3305" 
2022-07-20T14:30:00Z,"NVDA",2022-07-20T19:59:00Z,Buy,17.5311268434,17.7737411052,90857,22043.2,908.57,-11248.38,32928.74,39732.19,1,"	3304,3306" 
2022-07-21T14:00:00Z,"TSLA",2022-07-21T19:59:00Z,Buy,262.373307096,271.546639512,8876,81422.5,88.76,-26154.61,95683.27,38166.8,1,"	3307,3310" 
2022-07-21T16:30:00Z,"AMD",2022-07-21T17:00:00Z,Buy,91.54,91.19,15542,-5439.7,155.42,-10413.14,310.84,10723.98,0,"	3308,3309" 
2022-07-22T14:00:00Z,"AMD",2022-07-22T14:30:00Z,Sell,88.94,89.03,26738,-2406.42,267.38,-5080.22,21657.78,26738,0,"	3311,3314" 
2022-07-22T14:00:00Z,"NVDA",2022-07-22T15:00:00Z,Sell,17.4802078008,17.6080046136,136007,-17381.26,1360.07,-22948.7,20436.56,43385.26,0,"	3312,3316" 
2022-07-22T14:30:00Z,"TSLA",2022-07-22T15:00:00Z,Buy,280.316638635,278.236638843,4832,-10050.56,48.32,-10050.56,0,10050.56,0,"	3313,3315" 
2022-07-26T14:00:00Z,"TSLA",2022-07-26T15:00:00Z,Sell,263.589973641,263.403306993,6864,1281.28,68.64,-6154.72,13384.8,12103.52,1,"	3317,3318" 
2022-07-26T16:00:00Z,"NVDA",2022-07-26T16:30:00Z,Sell,16.488784089,16.5626666214,116566,-8612.19,1165.66,-9077.72,814.67,9892.38,0,"	3319,3320" 
2022-07-27T14:00:00Z,"NVDA",2022-07-27T14:30:00Z,Buy,17.2815236934,17.37237924,127505,11584.54,1275.05,0,26351.64,14894.4,1,"	3322,3324" 
2022-07-27T14:00:00Z,"AMD",2022-07-27T15:30:00Z,Buy,88.37,88.37,26618,0,266.18,-9316.3,22092.94,26351.82,0,"	3321,3325" 
2022-07-27T14:30:00Z,"TSLA",2022-07-27T16:00:00Z,Buy,269.279973072,268.859973114,5773,-2424.66,57.73,-8409.34,5676.78,10449.13,0,"	3323,3326" 
2022-07-29T14:00:00Z,"AMD",2022-07-29T15:00:00Z,Buy,93.1,92.55,23824,-13103.2,238.24,-21941.9,10959.04,32900.94,0,"	3328,3329" 
2022-07-29T14:00:00Z,"TSLA",2022-07-29T19:59:00Z,Buy,286.023304731,296.73330366,7453,79821.62,74.53,-770.14,91150.18,21191.36,1,"	3327,3330" 
2022-08-01T14:00:00Z,"TSLA",2022-08-01T14:30:00Z,Buy,308.553302478,304.416636225,6066,-25093.02,60.66,-30309.78,7319.64,37629.42,0,"	3331,3333" 
2022-08-01T14:00:00Z,"NVDA",2022-08-01T17:30:00Z,Buy,18.3438346998,18.315879147,108062,-3020.93,1080.62,-3020.93,48874.38,51895.31,0,"	3332,3336" 
2022-08-01T15:00:00Z,"AMD",2022-08-01T17:00:00Z,Buy,98.08,96.44,24617,-40371.88,246.17,-44310.6,2707.87,47018.47,0,"	3334,3335" 
2022-08-02T15:00:00Z,"TSLA",2022-08-02T18:00:00Z,Buy,305.346636132,302.509969749,6346,-18001.48,63.46,-35918.36,14997.71,50916.07,0,"	3337,3341" 
2022-08-02T15:00:00Z,"AMD",2022-08-02T19:59:00Z,Buy,98.36,99.3,23940,22503.6,239.4,-13645.8,58533.3,47042.1,1,"	3338,3342" 
2022-08-02T16:30:00Z,"NVDA",2022-08-02T17:30:00Z,Buy,18.8420425872,18.6124076892,113005,-25949.89,1130.05,-27642.28,5415.63,33057.91,0,"	3339,3340" 
2022-08-04T14:00:00Z,"AMD",2022-08-04T19:59:00Z,Buy,100.36,103.87,14640,51386.4,146.4,-4099.2,59438.4,25473.6,1,"	3343,3344" 
2022-08-05T15:30:00Z,"TSLA",2022-08-05T19:59:00Z,Sell,293.443303989,287.929971207,4228,23310.37,42.28,-6976.2,32809.28,20533.98,1,"	3345,3346" 
2022-08-08T14:00:00Z,"TSLA",2022-08-08T16:30:00Z,Buy,301.319969868,298.339970166,4925,-14676.5,49.25,-15382.42,17352.41,32734.83,0,"	3347,3348" 
2022-08-09T14:00:00Z,"TSLA",2022-08-09T14:30:00Z,Sell,284.096638257,286.666638,7925,-20367.25,79.25,-20367.25,8400.5,28767.75,0,"	3349,3350" 
2022-08-09T16:00:00Z,"NVDA",2022-08-09T17:30:00Z,Sell,16.8292427856,16.9200983322,139172,-12644.55,1391.72,-12644.55,17090.98,29735.53,0,"	3352,3353" 
2022-08-09T16:00:00Z,"AMD",2022-08-09T18:00:00Z,Sell,94.92,95.03,24136,-2654.96,241.36,-2896.32,28963.2,31859.52,0,"	3351,3354" 
2022-08-10T16:00:00Z,"NVDA",2022-08-10T16:30:00Z,Buy,17.926498233,17.806688721,122617,-14690.68,1226.17,-22036.02,7467.76,29503.79,0,"	3355,3356" 
2022-08-11T14:00:00Z,"NVDA",2022-08-11T15:30:00Z,Buy,18.42071247,18.2529791532,89066,-14939.34,890.66,-22231.15,22320.08,44551.23,0,"	3357,3360" 
2022-08-11T15:00:00Z,"AMD",2022-08-11T15:30:00Z,Buy,101.9,100.39,17711,-26743.61,177.11,-34182.23,0,34182.23,0,"	3358,3359" 
2022-08-11T19:30:00Z,"TSLA",2022-08-11T19:59:00Z,Sell,286.666638,286.526638014,6845,958.3,68.45,-2487.02,5179.38,7666.4,1,"	3361,3362" 
2022-08-12T14:00:00Z,"AMD",2022-08-12T15:30:00Z,Buy,100.63,100.32,23014,-7134.34,230.14,-12887.84,16800.22,27156.52,0,"	3363,3365" 
2022-08-12T14:30:00Z,"NVDA",2022-08-12T19:59:00Z,Buy,18.4666394496,18.6693172074,92001,18646.56,920.01,-18279.14,18738.41,18279.14,1,"	3364,3368" 
2022-08-12T18:00:00Z,"TSLA",2022-08-12T19:59:00Z,Buy,295.56663711,299.946636672,6630,29039.4,66.3,0,29857.1,6497.4,1,"	3366,3367" 
2022-08-15T16:00:00Z,"TSLA",2022-08-15T19:59:00Z,Buy,308.803302453,309.216635745,7440,3075.2,74.4,-2901.6,31223.2,28148,1,"	3369,3371" 
2022-08-15T19:30:00Z,"NVDA",2022-08-15T19:59:00Z,Buy,18.994799715,19.0057822536,79596,874.17,795.96,-2781.44,10569.46,9695.3,1,"	3370,3372" 
2022-08-16T14:30:00Z,"TSLA",2022-08-16T15:00:00Z,Sell,304.3333029,305.449969455,7254,-8100.3,72.54,-21254.22,8342.1,29596.32,0,"	3373,3375" 
2022-08-16T14:30:00Z,"AMD",2022-08-16T16:00:00Z,Sell,99.14,100.16,23641,-24113.82,236.41,-24113.82,17021.52,41135.34,0,"	3374,3378" 
2022-08-16T15:00:00Z,"NVDA",2022-08-16T15:30:00Z,Sell,18.6223918152,18.7891267194,106483,-17754.43,1064.83,-17754.43,2764.16,20518.6,0,"	3376,3377" 
2022-08-17T14:30:00Z,"AMD",2022-08-17T18:30:00Z,Sell,97.42,98.58,23707,-27500.12,237.07,-27500.12,16120.76,43620.88,0,"	3379,3381" 
2022-08-17T15:00:00Z,"NVDA",2022-08-17T18:30:00Z,Sell,18.1800950334,18.4486680228,113199,-30402.19,1131.99,-31306.35,6442.1,37748.45,0,"	3380,3382" 
2022-08-18T15:00:00Z,"NVDA",2022-08-18T19:59:00Z,Buy,18.680299746,18.7272251382,105791,4964.28,1057.91,-9611.7,15104.1,24715.8,1,"	3383,3386" 
2022-08-18T15:30:00Z,"AMD",2022-08-18T19:59:00Z,Buy,100,100.37,22766,8423.42,227.66,-4894.69,23676.64,24473.45,1,"	3384,3385" 
2022-08-19T14:00:00Z,"TSLA",2022-08-19T17:00:00Z,Sell,295.493303784,295.706637096,7179,-1531.52,71.79,-5073.16,19885.83,23092.45,0,"	3387,3390" 
2022-08-19T14:00:00Z,"AMD",2022-08-19T19:59:00Z,Sell,97.34,95.99,23403,31594.05,234.03,-3744.48,64358.25,39668.08,1,"	3388,3391" 
2022-08-19T14:00:00Z,"NVDA",2022-08-19T19:59:00Z,Sell,18.076260123,17.8356426864,107928,25969.36,1079.28,-7111.94,35020.92,16810.04,1,"	3389,3392" 
2022-08-22T14:00:00Z,"TSLA",2022-08-22T16:00:00Z,Sell,287.113304622,289.353304398,8061,-18056.64,80.61,-18056.64,5427.74,23484.38,0,"	3393,3396" 
2022-08-22T14:30:00Z,"NVDA",2022-08-22T16:00:00Z,Sell,17.2435840146,17.277530043,105316,-3575.06,1053.16,-4521.4,11776.67,15351.73,0,"	3394,3398" 
2022-08-22T15:30:00Z,"AMD",2022-08-22T16:00:00Z,Sell,92.91,93.48,24265,-13831.05,242.65,-13831.05,1698.55,15529.6,0,"	3395,3397" 
2022-08-23T14:00:00Z,"NVDA",2022-08-23T15:00:00Z,Buy,17.247577665,17.1637110066,68487,-5743.78,684.87,-6085.67,11966.2,18051.87,0,"	3399,3400" 
2022-08-23T15:30:00Z,"TSLA",2022-08-23T19:59:00Z,Buy,294.306637236,296.3333037,7770,15747.2,77.7,-6267.8,34757.8,26029.5,1,"	3401,3402" 
2022-08-24T14:00:00Z,"TSLA",2022-08-24T15:00:00Z,Buy,302.996636367,301.163303217,7581,-13898.5,75.81,-17183.6,2754.43,19938.03,0,"	3403,3404" 
2022-08-25T14:00:00Z,"AMD",2022-08-25T19:00:00Z,Buy,95.48,96.24,21943,16676.68,219.43,-658.29,44873.44,32365.92,1,"	3405,3409" 
2022-08-25T14:30:00Z,"NVDA",2022-08-25T19:59:00Z,Buy,17.6659125444,17.8805712534,97180,20860.53,971.8,-15912.22,21151.61,28137.46,1,"	3406,3410" 
2022-08-25T15:30:00Z,"TSLA",2022-08-25T16:00:00Z,Sell,293.05,294.31,7848,-9888.48,78.48,-13734,0,13734,0,"	3407,3408" 
2022-08-26T14:30:00Z,"NVDA",2022-08-26T19:59:00Z,Sell,17.3484173376,16.2471682398,96686,106475.37,966.86,0,106668.44,10232.45,1,"	3411,3416" 
2022-08-26T15:00:00Z,"AMD",2022-08-26T19:59:00Z,Sell,94.21,91.31,19008,55123.2,190.08,0,57024,15966.72,1,"	3412,3415" 
2022-08-26T15:30:00Z,"TSLA",2022-08-26T19:59:00Z,Sell,291,288.52,8056,19978.88,80.56,-10714.48,27309.84,19133,1,"	3413,3414" 
2022-08-29T15:00:00Z,"AMD",2022-08-29T15:30:00Z,Sell,88.52,88.67,21412,-3211.8,214.12,-10491.88,3532.98,10491.88,0,"	3417,3418" 
2022-08-30T14:30:00Z,"AMD",2022-08-30T19:30:00Z,Sell,86.85,86.76,20676,1860.84,206.76,-7236.6,31014,38250.6,1,"	3419,3423" 
2022-08-30T16:30:00Z,"TSLA",2022-08-30T19:59:00Z,Sell,279.17,277.65,8705,13231.6,87.05,0,55015.6,43089.75,1,"	3420,3424" 
2022-08-30T17:30:00Z,"NVDA",2022-08-30T18:30:00Z,Sell,15.205823898,15.2617350036,97743,-5464.92,977.43,-13174.36,4489.04,17663.4,0,"	3421,3422" 
2022-08-31T15:00:00Z,"AMD",2022-08-31T15:30:00Z,Sell,84.15,84.29,17307,-2422.98,173.07,-2596.05,6749.73,9345.78,0,"	3425,3426" 
2022-09-01T14:00:00Z,"AMD",2022-09-01T14:30:00Z,Sell,80.9,80.66,15909,3818.16,159.09,0,13045.38,10022.67,1,"	3427,3429" 
2022-09-01T14:00:00Z,"NVDA",2022-09-01T18:30:00Z,Sell,13.8869208534,13.688236746,79223,15740.35,792.23,-1502.85,49673.07,37017.51,1,"	3428,3432" 
2022-09-01T15:30:00Z,"TSLA",2022-09-01T16:30:00Z,Sell,266.52,268.39,9230,-17260.1,92.3,-20398.3,184.6,20582.9,0,"	3430,3431" 
2022-09-02T14:00:00Z,"TSLA",2022-09-02T14:30:00Z,Sell,275.42,279.13,8811,-32688.81,88.11,-32688.81,7048.8,39737.61,0,"	3433,3435" 
2022-09-02T14:00:00Z,"NVDA",2022-09-02T14:30:00Z,Sell,13.7311684878,13.987760526,97347,-24978.47,973.47,-24978.47,11079.94,36058.41,0,"	3434,3436" 
2022-09-02T19:00:00Z,"AMD",2022-09-02T19:59:00Z,Sell,80.15,80.15,29792,0,297.92,-15789.76,9533.44,20258.56,0,"	3437,3438" 
2022-09-06T14:30:00Z,"TSLA",2022-09-06T15:00:00Z,Sell,267.08,270.51,6537,-22421.91,65.37,-23794.68,3399.24,27193.92,0,"	3439,3442" 
2022-09-06T14:30:00Z,"AMD",2022-09-06T15:00:00Z,Sell,78.75,79.78,30318,-31227.54,303.18,-34714.11,6215.19,40929.3,0,"	3440,3443" 
2022-09-06T14:30:00Z,"NVDA",2022-09-06T15:00:00Z,Sell,13.418665344,13.633324053,70307,-15092.01,703.07,-15092.01,3650.16,18742.17,0,"	3441,3444" 
2022-09-07T14:00:00Z,"TSLA",2022-09-07T15:00:00Z,Buy,278.77,278.34,4732,-2034.76,47.32,-6766.76,4802.98,10457.72,0,"	3445,3446" 
2022-09-08T14:00:00Z,"AMD",2022-09-08T16:30:00Z,Buy,81.31,81.49,28787,5181.66,287.87,-16696.46,60740.57,65058.62,1,"	3447,3448" 
2022-09-09T14:00:00Z,"TSLA",2022-09-09T19:59:00Z,Buy,296.38,299.59,7907,25381.47,79.07,-7590.72,25539.61,15339.58,1,"	3449,3450" 
2022-09-12T16:00:00Z,"AMD",2022-09-12T16:30:00Z,Sell,83.66,83.92,24019,-6244.94,240.19,-6485.13,3602.85,10087.98,0,"	3451,3452" 
2022-09-13T14:00:00Z,"AMD",2022-09-13T19:59:00Z,Sell,79.94,77.09,17205,49034.25,172.05,-1548.45,53507.55,8344.42,1,"	3453,3455" 
2022-09-13T15:00:00Z,"NVDA",2022-09-13T19:59:00Z,Sell,13.4636000733,13.0920802137,162696,60444.8,1626.96,-2437.29,61257.23,17061.03,1,"	3454,3456" 
2022-09-14T14:00:00Z,"TSLA",2022-09-14T14:30:00Z,Buy,299.15,296.64,8114,-20366.14,81.14,-20366.14,13753.23,34119.37,0,"	3457,3458" 
2022-09-14T14:30:00Z,"NVDA",2022-09-14T15:00:00Z,Sell,12.9143099583,13.1070608532,122158,-23546.06,1221.58,-29402.08,0,29402.08,0,"	3459,3460" 
2022-09-15T15:00:00Z,"NVDA",2022-09-15T15:30:00Z,Sell,12.7954635516,12.9213009234,125928,-15846.45,1259.28,-15846.45,1131.89,16978.34,0,"	3461,3462" 
2022-09-16T14:00:00Z,"AMD",2022-09-16T14:30:00Z,Sell,74.85,75.88,23452,-24155.56,234.52,-27673.36,0,27673.36,0,"	3463,3464" 
2022-09-19T15:00:00Z,"NVDA",2022-09-19T15:30:00Z,Buy,13.3857007479,13.2448827366,129649,-18256.91,1296.49,-18256.91,0,18256.91,0,"	3466,3467" 
2022-09-19T15:00:00Z,"TSLA",2022-09-19T16:00:00Z,Buy,307.76,306.53,7701,-9472.23,77.01,-9472.23,15324.99,24797.22,0,"	3465,3468" 
2022-09-20T18:00:00Z,"AMD",2022-09-20T18:30:00Z,Sell,74.82,75.25,26149,-11244.07,261.49,-13074.5,0,13074.5,0,"	3469,3470" 
2022-09-21T14:30:00Z,"NVDA",2022-09-21T15:00:00Z,Buy,13.4156620269,13.3707201084,144974,-6515.41,1449.74,-9845.51,0,9845.51,0,"	3472,3473" 
2022-09-21T14:30:00Z,"AMD",2022-09-21T18:30:00Z,Buy,76.6,75.73,30589,-26612.43,305.89,-48330.62,15294.5,63625.12,0,"	3471,3474" 
2022-09-22T14:00:00Z,"TSLA",2022-09-22T19:59:00Z,Sell,295.73,289.43,6249,39368.7,62.49,-3561.93,59865.42,30495.12,1,"	3475,3478" 
2022-09-22T14:00:00Z,"AMD",2022-09-22T19:59:00Z,Sell,72.15,69.83,32142,74569.44,321.42,-12535.38,93211.8,41141.76,1,"	3476,3479" 
2022-09-22T14:00:00Z,"NVDA",2022-09-22T19:59:00Z,Sell,12.743530668,12.6017139474,139227,19744.72,1392.27,-12514.26,45120.85,41505.62,1,"	3477,3480" 
2022-09-23T14:00:00Z,"TSLA",2022-09-23T14:30:00Z,Sell,275.41,278.4,8741,-26135.59,87.41,-26135.59,0,26135.59,0,"	3481,3482" 
2022-09-26T14:00:00Z,"TSLA",2022-09-26T15:00:00Z,Buy,280.73,280.44,8297,-2406.13,82.97,-9209.67,26799.31,36008.98,0,"	3483,3484" 
2022-09-26T16:30:00Z,"AMD",2022-09-26T17:00:00Z,Sell,66.62,66.9,35849,-10037.72,358.49,-14698.09,3943.39,18641.48,0,"	3485,3486" 
2022-09-28T14:00:00Z,"AMD",2022-09-28T15:00:00Z,Buy,67.88,67.92,34590,1383.6,345.9,-23175.3,14527.8,34244.1,1,"	3487,3489" 
2022-09-28T14:00:00Z,"NVDA",2022-09-28T16:30:00Z,Buy,12.5727513777,12.613698459,189382,7754.64,1893.82,-19292.03,28370.63,30072.87,1,"	3488,3490" 
2022-09-29T14:00:00Z,"NVDA",2022-09-29T16:00:00Z,Sell,12.2261992506,12.2102199018,195074,3117.16,1950.74,0,33119.78,30976.73,1,"	3493,3494" 
2022-09-29T14:00:00Z,"TSLA",2022-09-29T19:59:00Z,Sell,275.89,268.49,8611,63721.4,86.11,0,84990.57,43055,1,"	3491,3495" 
2022-09-29T14:00:00Z,"AMD",2022-09-29T19:59:00Z,Sell,65.4,64.21,34993,41641.67,349.93,0,88882.22,50389.92,1,"	3492,3496" 
2022-09-30T14:00:00Z,"NVDA",2022-09-30T16:30:00Z,Buy,12.3450456573,12.4199488548,198990,14904.99,1989.9,-6160.73,51471.89,44118.76,1,"	3497,3502" 
2022-09-30T14:30:00Z,"AMD",2022-09-30T16:00:00Z,Buy,65.03,64.59,37967,-16705.48,379.67,-16705.48,30373.6,47079.08,0,"	3498,3501" 
2022-09-30T15:30:00Z,"TSLA",2022-09-30T16:00:00Z,Buy,274.43,270.7,7213,-26904.49,72.13,-29789.69,432.78,30222.47,0,"	3499,3500" 
2022-10-03T14:00:00Z,"TSLA",2022-10-03T14:30:00Z,Sell,246.4,247.61,8448,-10222.08,84.48,-20951.04,4392.96,20951.04,0,"	3503,3504" 
2022-10-03T14:30:00Z,"AMD",2022-10-03T16:00:00Z,Buy,65.95,65.65,36197,-10859.1,361.97,-17917.52,13030.92,28595.63,0,"	3505,3506" 
2022-10-03T19:00:00Z,"NVDA",2022-10-03T19:59:00Z,Buy,12.613698459,12.4848649593,191960,-24730.88,1919.6,-26264.58,9010.48,35275.05,0,"	3507,3508" 
2022-10-04T15:00:00Z,"NVDA",2022-10-04T15:30:00Z,Buy,13.1949472716,13.1090582718,182148,-15644.51,1821.48,-16372.16,0,16372.16,0,"	3509,3510" 
2022-10-05T14:00:00Z,"AMD",2022-10-05T15:00:00Z,Sell,65.38,65.04,29647,10079.98,296.47,0,24903.48,14823.5,1,"	3512,3514" 
2022-10-05T14:00:00Z,"TSLA",2022-10-05T17:30:00Z,Sell,241.05,238.58,6500,16055,65,0,50115,45175,1,"	3511,3516" 
2022-10-05T14:30:00Z,"NVDA",2022-10-05T15:00:00Z,Sell,12.6206894241,12.6546455403,177371,-6022.83,1773.71,-9034.25,1594.28,10628.52,0,"	3513,3515" 
2022-10-06T14:00:00Z,"AMD",2022-10-06T14:30:00Z,Buy,69.67,67.7,28548,-56239.56,285.48,-56239.56,0,56239.56,0,"	3517,3518" 
2022-10-07T14:00:00Z,"TSLA",2022-10-07T14:30:00Z,Sell,230.14,230.11,6907,207.21,69.07,-8150.26,2279.31,10429.57,1,"	3519,3521" 
2022-10-07T14:00:00Z,"AMD",2022-10-07T19:59:00Z,Sell,62.45,58.4,37885,153434.25,378.85,-15911.7,156843.9,24435.82,1,"	3520,3523" 
2022-10-07T16:00:00Z,"NVDA",2022-10-07T19:59:00Z,Sell,12.2811282621,12.0664057626,196323,42154.97,1963.23,-5882.09,51958.45,19018.75,1,"	3522,3524" 
2022-10-10T14:00:00Z,"NVDA",2022-10-10T16:00:00Z,Sell,11.6309685078,11.644950438,142608,-1993.94,1426.08,-4842.41,31048.42,35890.83,0,"	3525,3526" 
2022-10-11T14:00:00Z,"NVDA",2022-10-11T15:00:00Z,Sell,11.3573221596,11.3343518457,150766,3463.14,1507.66,-21682.28,11895.14,33577.42,1,"	3527,3528" 
2022-10-11T19:00:00Z,"TSLA",2022-10-11T19:59:00Z,Sell,215.76,216.5,11110,-8221.4,111.1,-9999,8110.3,18109.3,0,"	3529,3530" 
2022-10-12T14:30:00Z,"AMD",2022-10-12T15:00:00Z,Sell,56.69,56.77,24320,-1945.6,243.2,-6323.2,6080,12403.2,0,"	3531,3532" 
2022-10-13T15:30:00Z,"NVDA",2022-10-13T19:59:00Z,Buy,11.7468187866,11.9595438675,211713,45036.67,2117.13,-12686.38,62586.16,75272.55,1,"	3533,3538" 
2022-10-13T16:00:00Z,"TSLA",2022-10-13T16:30:00Z,Buy,219.68,216.86,11402,-32153.64,114.02,-36942.48,29075.1,66017.58,0,"	3534,3536" 
2022-10-13T16:00:00Z,"AMD",2022-10-13T16:30:00Z,Buy,59.11,57.8,23308,-30533.48,233.08,-32398.12,3030.04,35428.16,0,"	3535,3537" 
2022-10-14T14:00:00Z,"TSLA",2022-10-14T19:59:00Z,Sell,218.27,204.87,11332,151848.8,113.32,0,159441.24,28669.96,1,"	3539,3542" 
2022-10-14T14:00:00Z,"AMD",2022-10-14T19:59:00Z,Sell,57.53,55.87,22553,37437.98,225.53,-1917,37663.51,25146.6,1,"	3540,3543" 
2022-10-14T14:00:00Z,"NVDA",2022-10-14T19:59:00Z,Sell,11.5610588568,11.1975286716,163360,59386.29,1633.6,-1794.64,59549.44,42418.78,1,"	3541,3544" 
2022-10-17T14:00:00Z,"TSLA",2022-10-17T19:59:00Z,Buy,214.72,218.98,10706,45607.56,107.06,-5781.24,75477.3,43680.48,1,"	3545,3546" 
2022-10-18T15:30:00Z,"AMD",2022-10-18T16:00:00Z,Sell,56.76,57.16,47005,-18802,470.05,-19272.05,15981.7,35253.75,0,"	3547,3548" 
2022-10-19T14:30:00Z,"NVDA",2022-10-19T15:00:00Z,Buy,12.3100908318,12.0873786579,155570,-34647.33,1555.7,-34647.33,0,34647.33,0,"	3549,3550" 
2022-10-20T14:00:00Z,"TSLA",2022-10-20T14:30:00Z,Sell,204.13,209.27,8258,-42446.12,82.58,-55989.24,0,55989.24,0,"	3551,3554" 
2022-10-20T14:00:00Z,"AMD",2022-10-20T15:30:00Z,Buy,59.1,59.3,44531,8906.2,445.31,0,46757.55,42304.45,1,"	3552,3555" 
2022-10-20T14:00:00Z,"NVDA",2022-10-20T15:30:00Z,Buy,12.5507797731,12.5377965522,153487,-1992.76,1534.87,-4445.38,27745.29,32190.67,0,"	3553,3556" 
2022-10-24T14:00:00Z,"AMD",2022-10-24T15:00:00Z,Sell,57.26,57.8,45506,-24573.24,455.06,-24573.24,24118.18,48691.42,0,"	3557,3560" 
2022-10-24T14:30:00Z,"TSLA",2022-10-24T15:00:00Z,Sell,199.81,204.45,6504,-30178.56,65.04,-30178.56,0,30178.56,0,"	3558,3559" 
2022-10-25T14:00:00Z,"TSLA",2022-10-25T18:00:00Z,Buy,217.47,219.01,3473,5348.42,34.73,-729.33,23442.75,19796.1,1,"	3561,3564" 
2022-10-25T14:00:00Z,"AMD",2022-10-25T19:59:00Z,Buy,60.55,61.38,40746,33819.18,407.46,-5296.98,57248.13,34634.1,1,"	3562,3565" 
2022-10-25T14:00:00Z,"NVDA",2022-10-25T19:59:00Z,Buy,13.043143458,13.2209137134,196969,35015.23,1969.69,-17310.9,46818.12,37375.81,1,"	3563,3566" 
2022-10-26T14:30:00Z,"TSLA",2022-10-26T17:00:00Z,Buy,227.91,226.02,6201,-11719.89,62.01,-13766.22,15316.47,29082.69,0,"	3567,3568" 
2022-10-28T14:00:00Z,"TSLA",2022-10-28T14:30:00Z,Sell,220.13,220.78,11853,-7704.45,118.53,-10667.7,40063.14,50730.84,0,"	3569,3571" 
2022-10-28T14:00:00Z,"AMD",2022-10-28T19:59:00Z,Buy,60.96,62.01,40417,42437.85,404.17,-57392.14,53754.61,62242.18,1,"	3570,3573" 
2022-10-28T15:00:00Z,"NVDA",2022-10-28T19:59:00Z,Buy,13.432640085,13.8191405841,192728,74489.47,1927.28,0,75451.86,28101.97,1,"	3572,3574" 
2022-10-31T14:30:00Z,"NVDA",2022-10-31T15:30:00Z,Sell,13.3817059107,13.4436258873,190940,-11823,1909.4,-15446.18,15255.48,30701.66,0,"	3575,3576" 
2022-11-02T17:00:00Z,"TSLA",2022-11-02T18:00:00Z,Sell,222.32,221.89,12014,5166.02,120.14,0,10091.76,9851.48,1,"	3577,3578" 
2022-11-02T18:30:00Z,"NVDA",2022-11-02T19:00:00Z,Buy,14.1467172345,13.6593470961,93258,-45451.16,932.58,-50946.28,2421.58,53367.86,0,"	3579,3580" 
2022-11-03T14:30:00Z,"TSLA",2022-11-03T15:30:00Z,Buy,218.88,216.6,12080,-27542.4,120.8,-27542.4,23072.8,50615.2,0,"	3581,3584" 
2022-11-03T14:30:00Z,"NVDA",2022-11-03T18:00:00Z,Buy,13.5614735847,13.4076723525,192807,-29653.95,1928.07,-33312.56,35815.81,65469.77,0,"	3583,3585" 
2022-11-03T14:30:00Z,"AMD",2022-11-03T19:59:00Z,Buy,61.17,60.13,38146,-39671.84,381.46,-39671.84,39290.38,78962.22,0,"	3582,3586" 
2022-11-04T16:00:00Z,"TSLA",2022-11-04T19:59:00Z,Sell,211.33,206.99,12195,52926.3,121.95,-9268.2,99023.4,66828.6,1,"	3587,3588" 
2022-11-07T15:00:00Z,"TSLA",2022-11-07T20:59:00Z,Sell,202.39,197.12,12909,68030.43,129.09,-16265.34,73968.57,45697.86,1,"	3589,3590" 
2022-11-08T15:00:00Z,"TSLA",2022-11-08T16:00:00Z,Sell,188.65,190.34,12943,-21873.67,129.43,-25109.42,21355.95,46465.37,0,"	3591,3592" 
2022-11-09T15:00:00Z,"AMD",2022-11-09T16:00:00Z,Sell,61.39,61.05,43056,14639.04,430.56,-15930.72,25833.6,22819.68,1,"	3593,3595" 
2022-11-09T15:30:00Z,"NVDA",2022-11-09T19:30:00Z,Sell,13.9180128048,13.8630837933,155489,8540.86,1554.89,-12423.06,25467.28,25855.5,1,"	3594,3597" 
2022-11-09T18:00:00Z,"TSLA",2022-11-09T20:59:00Z,Sell,183.86,177.72,14407,88458.98,144.07,-10517.11,94509.92,51432.99,1,"	3596,3598" 
2022-11-10T15:00:00Z,"NVDA",2022-11-10T15:30:00Z,Buy,14.9586678954,14.9356975815,150144,-3448.85,1501.44,-11996.02,7197.61,19193.63,0,"	3600,3601" 
2022-11-10T15:00:00Z,"AMD",2022-11-10T20:59:00Z,Buy,66.01,68.41,36076,86582.4,360.76,-11905.08,99569.76,33550.68,1,"	3599,3602" 
2022-11-11T15:30:00Z,"AMD",2022-11-11T16:30:00Z,Buy,70.97,70.77,17792,-3558.4,177.92,-10497.28,20016,23574.4,0,"	3603,3605" 
2022-11-11T15:30:00Z,"NVDA",2022-11-11T16:30:00Z,Buy,16.0722287649,15.7945875795,79222,-21995.29,792.22,-21995.29,1898.87,23894.16,0,"	3604,3606" 
2022-11-14T15:00:00Z,"TSLA",2022-11-14T15:30:00Z,Sell,188.7,190.5,8198,-14756.4,81.98,-19347.28,0,19347.28,0,"	3607,3608" 
2022-11-15T15:00:00Z,"NVDA",2022-11-15T15:30:00Z,Buy,16.8741923328,16.9011574839,74421,2006.77,744.21,-5723.02,7581.14,13304.17,1,"	3610,3611" 
2022-11-15T15:00:00Z,"TSLA",2022-11-15T16:00:00Z,Buy,199.47,197.84,8169,-13315.47,81.69,-15357.72,9639.42,24997.14,0,"	3609,3612" 
2022-11-16T15:00:00Z,"TSLA",2022-11-16T18:00:00Z,Sell,188.68,188.9,8784,-1932.48,87.84,-8256.96,15723.36,23980.32,0,"	3613,3616" 
2022-11-16T16:00:00Z,"NVDA",2022-11-16T16:30:00Z,Sell,15.9034468932,16.1441358345,78946,-19001.43,789.46,-19001.43,0,19001.43,0,"	3614,3615" 
2022-11-17T15:30:00Z,"NVDA",2022-11-17T16:00:00Z,Buy,16.2280274157,15.9513849396,80255,-22201.94,802.55,-22201.94,0,22201.94,0,"	3617,3618" 
2022-11-17T18:00:00Z,"AMD",2022-11-17T18:30:00Z,Buy,74.23,74.03,17661,-3532.2,176.61,-5298.3,2295.93,6534.57,0,"	3619,3620" 
2022-11-18T15:00:00Z,"TSLA",2022-11-18T18:30:00Z,Sell,179.56,179.5,15047,902.82,150.47,0,41228.78,40325.96,1,"	3621,3623" 
2022-11-18T16:00:00Z,"NVDA",2022-11-18T20:59:00Z,Sell,15.3172045341,15.3831193479,177704,-11713.33,1777.04,-21296.96,36204.83,55194.61,0,"	3622,3624" 
2022-11-21T16:00:00Z,"TSLA",2022-11-21T20:59:00Z,Sell,171.02,167.94,15750,48510,157.5,-20947.5,54652.5,29137.5,1,"	3625,3626" 
2022-11-22T15:30:00Z,"NVDA",2022-11-22T20:59:00Z,Buy,15.5828612079,16.0222932999,174939,76873.81,1749.39,-15549.48,77397.95,28827.68,1,"	3627,3630" 
2022-11-22T17:30:00Z,"AMD",2022-11-22T18:00:00Z,Buy,74.03,73.86,33085,-5624.45,330.85,-5624.45,1985.1,7609.55,0,"	3628,3629" 
2022-11-23T15:00:00Z,"NVDA",2022-11-23T16:00:00Z,Buy,16.3239035085,16.4077950897,160886,13496.98,1608.86,-5463.06,15907.16,11247.48,1,"	3633,3634" 
2022-11-23T15:00:00Z,"AMD",2022-11-23T16:30:00Z,Buy,77.5,76.48,34964,-35663.28,349.64,-40558.24,22726.6,63284.84,0,"	3632,3635" 
2022-11-23T15:00:00Z,"TSLA",2022-11-23T18:00:00Z,Buy,177.33,178.08,15634,11725.5,156.34,-312.68,61910.64,55657.04,1,"	3631,3636" 
2022-11-28T17:00:00Z,"TSLA",2022-11-28T17:30:00Z,Buy,187.56,187.02,8676,-4685.04,86.76,-8676,4424.76,13100.76,0,"	3637,3638" 
2022-11-29T16:30:00Z,"NVDA",2022-11-29T17:00:00Z,Sell,15.5838599172,15.6837308472,177083,-17685.44,1770.83,-17685.44,1061.13,18746.57,0,"	3639,3640" 
2022-11-30T19:00:00Z,"AMD",2022-11-30T20:59:00Z,Buy,74.85,77.49,36712,96919.68,367.12,0,102426.48,27166.88,1,"	3641,3645" 
2022-11-30T19:00:00Z,"NVDA",2022-11-30T20:59:00Z,Buy,16.1602535696,16.8605278944,162357,113694.44,1623.57,0,113856.63,27491.02,1,"	3642,3646" 
2022-11-30T19:30:00Z,"TSLA",2022-11-30T20:59:00Z,Buy,190.56,194.11,12560,44588,125.6,-34540,49172.4,34540,1,"	3643,3644" 
2022-12-01T15:00:00Z,"NVDA",2022-12-01T15:30:00Z,Buy,17.1462318272,16.7266666112,126641,-53134.16,1266.41,-65911.66,0,65911.66,0,"	3647,3649" 
2022-12-01T15:30:00Z,"AMD",2022-12-01T16:00:00Z,Sell,76.75,77.54,37528,-29647.12,375.28,-29647.12,11258.4,40905.52,0,"	3648,3650" 
2022-12-02T15:00:00Z,"NVDA",2022-12-02T15:30:00Z,Sell,16.5248757216,16.6107866944,132066,-11345.92,1320.66,-19261.68,395.79,19657.46,0,"	3651,3652" 
2022-12-02T17:30:00Z,"AMD",2022-12-02T19:00:00Z,Sell,74.51,74.54,38261,-1147.83,382.61,-6504.37,28121.84,34626.2,0,"	3653,3654" 
2022-12-05T15:00:00Z,"TSLA",2022-12-05T20:59:00Z,Sell,185.86,182.4,14357,49675.22,143.57,-20961.22,73077.13,43645.28,1,"	3655,3658" 
2022-12-05T15:30:00Z,"AMD",2022-12-05T16:00:00Z,Sell,73.87,74.51,36479,-23346.56,364.79,-23346.56,4742.27,28088.83,0,"	3656,3657" 
2022-12-06T15:00:00Z,"TSLA",2022-12-06T16:30:00Z,Sell,176.71,179.37,10847,-28853.02,108.47,-31456.3,13992.63,45448.93,0,"	3659,3662" 
2022-12-06T15:00:00Z,"AMD",2022-12-06T20:59:00Z,Sell,70.97,70.32,39508,25680.2,395.08,-19358.92,60644.78,36149.82,1,"	3660,3663" 
2022-12-06T15:00:00Z,"NVDA",2022-12-06T20:59:00Z,Sell,16.1812318304,15.9674533632,141867,30328.11,1418.67,-5668.81,53428.49,28060.59,1,"	3661,3664" 
2022-12-07T16:30:00Z,"TSLA",2022-12-07T17:30:00Z,Sell,173.02,173.21,11100,-2109,111,-7770,8325,16095,0,"	3665,3666" 
2022-12-08T15:30:00Z,"NVDA",2022-12-08T20:59:00Z,Buy,16.6467494272,17.152225616,173164,87530.28,1731.64,-4151.63,87703.26,31483.22,1,"	3667,3668" 
2022-12-09T15:00:00Z,"TSLA",2022-12-09T18:30:00Z,Buy,178.06,178.95,16515,14698.35,165.15,-6606,72996.3,62096.4,1,"	3669,3672" 
2022-12-09T16:30:00Z,"NVDA",2022-12-09T18:00:00Z,Buy,17.4299378304,17.371997872,116803,-6767.56,1168.03,-6767.56,14468.58,21236.14,0,"	3670,3671" 
2022-12-12T15:00:00Z,"TSLA",2022-12-12T20:59:00Z,Sell,173.12,167.55,13852,77155.64,138.52,-1108.16,77294.16,31721.08,1,"	3673,3676" 
2022-12-12T17:30:00Z,"AMD",2022-12-12T19:00:00Z,Buy,70.17,69.46,42266,-30008.86,422.66,-30431.52,2113.3,32544.82,0,"	3674,3675" 
2022-12-13T15:30:00Z,"TSLA",2022-12-13T20:59:00Z,Sell,163.8,161.03,17331,48006.87,173.31,-9358.74,116637.63,102946.14,1,"	3677,3678" 
2022-12-14T19:30:00Z,"AMD",2022-12-14T20:59:00Z,Sell,69.61,69.01,43190,25914,431.9,-32824.4,53123.7,85948.1,1,"	3679,3680" 
2022-12-15T15:00:00Z,"AMD",2022-12-15T17:30:00Z,Sell,66.62,66.68,45389,-2723.34,453.89,-17701.71,16340.04,28141.18,0,"	3681,3683" 
2022-12-15T15:00:00Z,"NVDA",2022-12-15T17:30:00Z,Sell,16.8595289296,16.9054813104,168283,-7733,1682.83,-13953.03,25720.65,39673.68,0,"	3682,3684" 
2022-12-16T15:30:00Z,"TSLA",2022-12-16T16:00:00Z,Sell,152.46,151.94,17550,9126,175.5,-1053,20533.5,19217.25,1,"	3685,3688" 
2022-12-16T15:30:00Z,"AMD",2022-12-16T16:00:00Z,Sell,65.41,65.45,46098,-1843.92,460.98,-4609.8,16134.3,18900.18,0,"	3686,3689" 
2022-12-16T15:30:00Z,"NVDA",2022-12-16T20:00:00Z,Sell,16.5118891792,16.617779448,182578,-19333.23,1825.78,-22069.07,17509.34,39578.41,0,"	3687,3690" 
2022-12-19T15:00:00Z,"NVDA",2022-12-19T15:30:00Z,Sell,16.2441666128,16.323084832,163134,-12874.24,1631.34,-12874.24,13037.21,25911.45,0,"	3692,3693" 
2022-12-19T15:00:00Z,"AMD",2022-12-19T16:00:00Z,Sell,64.37,64.26,45674,5024.14,456.74,0,24207.22,20096.56,1,"	3691,3694" 
2022-12-20T15:00:00Z,"AMD",2022-12-20T15:30:00Z,Buy,65.34,65.38,45916,1836.64,459.16,-16529.76,7116.98,21121.36,1,"	3695,3696" 
2022-12-21T15:30:00Z,"AMD",2022-12-21T20:59:00Z,Buy,66.82,67.63,42495,34420.95,424.95,0,42707.48,24009.68,1,"	3697,3699" 
2022-12-21T15:30:00Z,"NVDA",2022-12-21T20:59:00Z,Buy,16.3840216848,16.4819202352,183089,17924.15,1830.89,-1280.3,40786.58,34568,1,"	3698,3700" 
2022-12-22T15:00:00Z,"AMD",2022-12-22T20:30:00Z,Sell,64.17,63.89,47260,13232.8,472.6,0,89321.4,77979,1,"	3702,3704" 
2022-12-22T15:00:00Z,"NVDA",2022-12-22T20:30:00Z,Sell,15.7027276912,15.329114856,193088,72140.16,1930.88,0,159518.47,95865.39,1,"	3703,3705" 
2022-12-22T15:00:00Z,"TSLA",2022-12-22T20:59:00Z,Sell,133.35,125.11,17869,147240.56,178.69,0,193878.65,72190.76,1,"	3701,3706" 
2022-12-23T15:00:00Z,"TSLA",2022-12-23T15:30:00Z,Sell,121.95,124.74,21131,-58955.49,211.31,-64343.9,10459.84,74803.74,0,"	3707,3709" 
2022-12-23T15:00:00Z,"NVDA",2022-12-23T15:30:00Z,Sell,14.969487528,15.2072411504,207231,-49269.92,2072.31,-51961.14,12628,64589.14,0,"	3708,3710" 
2022-12-27T15:00:00Z,"NVDA",2022-12-27T15:30:00Z,Sell,14.554917136,14.7207452928,206823,-34297.08,2068.23,-48553.09,5371.83,53924.92,0,"	3712,3713" 
2022-12-27T15:00:00Z,"TSLA",2022-12-27T20:59:00Z,Sell,115.05,108.84,21098,131018.58,210.98,-23207.8,131124.07,37765.42,1,"	3711,3714" 
2022-12-28T15:00:00Z,"TSLA",2022-12-28T15:30:00Z,Buy,113.81,111.67,19326,-41357.64,193.26,-45029.58,17393.4,62422.98,0,"	3715,3716" 
2022-12-29T16:00:00Z,"AMD",2022-12-29T17:00:00Z,Buy,64.72,64.78,45407,2724.42,454.07,-8627.33,14076.17,12259.89,1,"	3717,3718" 
2023-01-03T15:00:00Z,"TSLA",2023-01-03T20:59:00Z,Sell,111.62,108.08,13039,46158.06,130.39,-5867.55,90751.44,59197.06,1,"	3719,3724" 
2023-01-03T15:30:00Z,"NVDA",2023-01-03T20:30:00Z,Sell,14.33514488,14.3311490208,184035,735.38,1840.35,-8273,44949.98,53222.98,1,"	3720,3723" 
2023-01-03T16:30:00Z,"AMD",2023-01-03T19:00:00Z,Sell,64.2,64.14,49758,2985.48,497.58,-8458.86,21893.52,21893.52,1,"	3721,3722" 
2023-01-04T17:00:00Z,"TSLA",2023-01-04T17:30:00Z,Buy,113.2,112.73,10336,-4857.92,103.36,-5994.88,0,5994.88,0,"	3725,3726" 
2023-01-05T15:00:00Z,"AMD",2023-01-05T15:30:00Z,Sell,63.35,63.33,50155,1003.1,501.55,-12538.75,14043.4,15297.28,1,"	3727,3729" 
2023-01-05T15:00:00Z,"NVDA",2023-01-05T15:30:00Z,Sell,14.3061749008,14.3281521264,222056,-4880.17,2220.56,-12422.26,20408,27728.27,0,"	3728,3730" 
2023-01-06T15:00:00Z,"AMD",2023-01-06T15:30:00Z,Sell,60.16,60.97,52750,-42727.5,527.5,-49585,4747.5,54332.5,0,"	3731,3733" 
2023-01-06T15:00:00Z,"NVDA",2023-01-06T15:30:00Z,Sell,14.0774119616,14.240243224,225343,-36692.89,2253.43,-52900.79,0,52900.79,0,"	3732,3734" 
2023-01-09T15:00:00Z,"TSLA",2023-01-09T15:30:00Z,Buy,122.44,121.6,12612,-10594.08,126.12,-24088.92,6936.6,31025.52,0,"	3735,3738" 
2023-01-09T15:00:00Z,"AMD",2023-01-09T20:00:00Z,Buy,67.53,67.93,46182,18472.8,461.82,0,80818.5,62345.7,1,"	3736,3739" 
2023-01-09T15:00:00Z,"NVDA",2023-01-09T20:00:00Z,Buy,15.6977328672,15.7956314176,198628,19445.39,1986.28,0,63892.01,48811.91,1,"	3737,3740" 
2023-01-11T15:30:00Z,"TSLA",2023-01-11T16:00:00Z,Buy,125.05,122.67,22246,-52945.48,222.46,-53167.94,0,53167.94,0,"	3741,3742" 
2023-01-12T15:00:00Z,"TSLA",2023-01-12T15:30:00Z,Sell,118.11,119.6,24846,-37020.54,248.46,-67332.66,0,67332.66,0,"	3743,3746" 
2023-01-12T15:00:00Z,"AMD",2023-01-12T15:30:00Z,Sell,67.66,68.57,45798,-41676.18,457.98,-62285.28,0,62285.28,0,"	3744,3747" 
2023-01-12T15:00:00Z,"NVDA",2023-01-12T15:30:00Z,Sell,15.628804296,15.948473032,198198,-63357.7,1981.98,-85928.89,0,85928.89,0,"	3745,3748" 
2023-01-17T15:00:00Z,"AMD",2023-01-17T15:30:00Z,Buy,72.09,71.95,41669,-5833.66,416.69,-5833.66,21251.19,27084.85,0,"	3750,3752" 
2023-01-17T15:00:00Z,"TSLA",2023-01-17T16:00:00Z,Buy,128.5,128.82,15922,5095.04,159.22,-6846.46,27560.98,34407.44,1,"	3749,3753" 
2023-01-17T15:00:00Z,"NVDA",2023-01-17T16:30:00Z,Buy,17.33203928,17.3180537728,173253,-2423.03,1732.53,-9345.98,56941.23,66287.21,0,"	3751,3754" 
2023-01-18T17:00:00Z,"AMD",2023-01-18T18:00:00Z,Sell,70.99,71.02,42247,-1267.41,422.47,-10984.22,6337.05,16265.1,0,"	3755,3757" 
2023-01-18T18:00:00Z,"TSLA",2023-01-18T20:00:00Z,Sell,127.85,128.57,9255,-6663.6,92.55,-8699.7,7126.35,15826.05,0,"	3756,3758" 
2023-01-19T16:30:00Z,"AMD",2023-01-19T19:00:00Z,Sell,67.64,68.2,44263,-24787.28,442.63,-27443.06,13942.84,41385.9,0,"	3759,3760" 
2023-01-20T16:30:00Z,"AMD",2023-01-20T17:00:00Z,Buy,68.84,68.51,43260,-14275.8,432.6,-16006.2,1730.4,17736.6,0,"	3761,3762" 
2023-01-20T17:00:00Z,"NVDA",2023-01-20T20:59:00Z,Buy,17.3090630896,17.7885661936,154834,74243.38,1548.34,0,79038.27,25675.84,1,"	3763,3766" 
2023-01-20T19:30:00Z,"TSLA",2023-01-20T20:59:00Z,Buy,132.27,133.24,18683,18122.51,186.83,-10649.31,20738.13,16254.21,1,"	3764,3765" 
2023-01-23T15:00:00Z,"TSLA",2023-01-23T15:30:00Z,Buy,138.77,138.78,17145,171.45,171.45,-7543.8,11144.25,15773.4,1,"	3767,3770" 
2023-01-23T15:00:00Z,"AMD",2023-01-23T20:59:00Z,Buy,74.81,76.51,40475,68807.5,404.75,-3238,71640.75,44522.5,1,"	3768,3771" 
2023-01-23T15:00:00Z,"NVDA",2023-01-23T20:59:00Z,Buy,18.4838456944,19.1541510752,129816,87016.36,1298.16,0,94926.94,41368.44,1,"	3769,3772" 
2023-01-25T15:00:00Z,"TSLA",2023-01-25T16:00:00Z,Sell,138.9,141.68,17807,-49503.46,178.07,-49681.53,13177.18,62858.71,0,"	3773,3774" 
2023-01-27T15:30:00Z,"NVDA",2023-01-27T16:00:00Z,Buy,20.0851862688,19.974301176,152197,-16876.38,1521.97,-20525.33,10946.84,31472.17,0,"	3776,3777" 
2023-01-27T15:30:00Z,"TSLA",2023-01-27T20:59:00Z,Buy,165.7,178.05,13341,164761.35,133.41,0,196512.93,52029.9,1,"	3775,3778" 
2023-01-30T15:30:00Z,"TSLA",2023-01-30T17:00:00Z,Sell,172.78,172.68,11360,1136,113.6,-8406.4,45212.8,53619.2,1,"	3779,3780" 
2023-01-30T18:00:00Z,"NVDA",2023-01-30T18:30:00Z,Sell,19.4238715712,19.4788146352,164484,-9037.25,1644.84,-16924.31,6408.24,23332.55,0,"	3781,3782" 
2023-01-31T15:30:00Z,"AMD",2023-01-31T20:59:00Z,Buy,73.72,75,43250,55360,432.5,-6055,58387.5,32221.25,1,"	3783,3788" 
2023-01-31T16:00:00Z,"TSLA",2023-01-31T17:00:00Z,Buy,173.28,171.04,7937,-17778.88,79.37,-17778.88,1746.14,19525.02,0,"	3784,3786" 
2023-01-31T16:00:00Z,"NVDA",2023-01-31T17:00:00Z,Buy,19.5976914464,19.3829140144,151261,-32487.45,1512.61,-41251.51,3928.71,45180.22,0,"	3785,3787" 
2023-02-01T15:00:00Z,"AMD",2023-02-01T16:00:00Z,Buy,79.67,79.88,40053,8411.13,400.53,-4005.3,66087.45,57676.32,1,"	3789,3791" 
2023-02-01T15:00:00Z,"NVDA",2023-02-01T16:00:00Z,Buy,20.0082659792,19.9163612176,147630,-13567.9,1476.3,-13567.9,26693.37,40261.27,0,"	3790,3792" 
2023-02-01T20:30:00Z,"TSLA",2023-02-01T20:59:00Z,Buy,182.24,181.32,7958,-7321.36,79.58,-8435.48,11618.68,20054.16,0,"	3793,3794" 
2023-02-02T15:00:00Z,"AMD",2023-02-02T20:00:00Z,Buy,85.73,86.35,20021,12413.02,200.21,-4604.83,63666.78,51253.76,1,"	3795,3799" 
2023-02-02T16:00:00Z,"TSLA",2023-02-02T17:00:00Z,Buy,193.79,192.54,7828,-9785,78.28,-19022.04,20431.08,39453.12,0,"	3796,3797" 
2023-02-02T17:30:00Z,"NVDA",2023-02-02T20:00:00Z,Buy,21.467753552,21.2969305712,105402,-18005.08,1054.02,-18005.08,47908.26,65913.35,0,"	3798,3800" 
2023-02-03T15:00:00Z,"TSLA",2023-02-03T18:00:00Z,Buy,193.21,194.47,8863,11167.38,88.63,0,46796.64,35629.26,1,"	3801,3802" 
2023-02-07T18:00:00Z,"NVDA",2023-02-07T18:30:00Z,Buy,22.0451552064,21.5356831584,104773,-53378.91,1047.73,-53378.91,0,53378.91,0,"	3803,3804" 
2023-02-08T15:00:00Z,"TSLA",2023-02-08T16:00:00Z,Buy,201.12,200.2,15621,-14371.32,156.21,-36709.35,24368.76,61078.11,0,"	3805,3806" 
2023-02-09T16:00:00Z,"NVDA",2023-02-09T16:30:00Z,Buy,22.9731935056,22.8403311872,87501,-11625.59,875.01,-13636.03,1136.34,14335.31,0,"	3807,3808" 
2023-02-09T20:30:00Z,"AMD",2023-02-09T20:59:00Z,Sell,83.07,83.21,23616,-3306.24,236.16,-12044.16,5904,17948.16,0,"	3809,3810" 
2023-02-10T15:00:00Z,"AMD",2023-02-10T15:30:00Z,Sell,81.03,81.94,27721,-25226.11,277.21,-25226.11,13860.5,39086.61,0,"	3811,3812" 
2023-02-10T16:00:00Z,"NVDA",2023-02-10T20:59:00Z,Sell,21.3059212544,21.2489802608,80936,4608.58,809.36,-4608.58,40183.55,42124,1,"	3813,3816" 
2023-02-10T17:00:00Z,"TSLA",2023-02-10T20:59:00Z,Sell,196.42,196.94,15882,-8258.64,158.82,-18899.58,52410.6,71310.18,0,"	3814,3815" 
2023-02-13T15:00:00Z,"TSLA",2023-02-13T15:30:00Z,Sell,189.87,191.86,14066,-27991.34,140.66,-28342.99,15050.62,43393.61,0,"	3817,3818" 
2023-02-13T16:00:00Z,"AMD",2023-02-13T20:59:00Z,Buy,82.16,82.97,37514,30386.34,375.14,0,72777.16,42765.96,1,"	3819,3822" 
2023-02-13T16:30:00Z,"NVDA",2023-02-13T17:00:00Z,Buy,21.872334296,21.8833229088,114877,1262.34,1148.77,-11361.05,7918.31,14803.79,1,"	3820,3821" 
2023-02-14T15:00:00Z,"AMD",2023-02-14T16:00:00Z,Buy,85.19,84.45,36412,-26944.88,364.12,-52069.16,30221.96,82291.12,0,"	3824,3826" 
2023-02-14T15:00:00Z,"TSLA",2023-02-14T20:59:00Z,Buy,201.48,209.01,13939,104960.67,139.39,-63004.28,114160.41,102869.82,1,"	3823,3827" 
2023-02-14T15:00:00Z,"NVDA",2023-02-14T20:59:00Z,Buy,22.5606210432,22.9582090336,110242,43830.9,1102.42,-40747.31,49667.67,64094.42,1,"	3825,3828" 
2023-02-15T15:00:00Z,"AMD",2023-02-15T17:00:00Z,Sell,83.98,84.24,37879,-9848.54,378.79,-20833.45,22159.22,42992.66,0,"	3829,3830" 
2023-02-16T20:30:00Z,"TSLA",2023-02-16T20:59:00Z,Sell,204.72,201.98,11052,30282.48,110.52,-1270.98,30393,21661.92,1,"	3831,3833" 
2023-02-16T20:30:00Z,"AMD",2023-02-16T20:59:00Z,Sell,80.5,80.19,39440,12226.4,394.4,-10648.8,14592.8,18536.8,1,"	3832,3834" 
2023-02-17T15:00:00Z,"AMD",2023-02-17T20:00:00Z,Sell,78.01,78.56,37452,-20598.6,374.52,-27714.48,22471.2,43069.8,0,"	3835,3839" 
2023-02-17T16:00:00Z,"NVDA",2023-02-17T19:00:00Z,Sell,21.1400930976,21.1700620416,121209,-3632.51,1212.09,-16467.36,20947.45,26638.38,0,"	3836,3837" 
2023-02-17T20:00:00Z,"TSLA",2023-02-17T20:30:00Z,Buy,207.61,205.28,9387,-21871.71,93.87,-21871.71,4036.41,25908.12,0,"	3838,3840" 
2023-02-21T16:30:00Z,"TSLA",2023-02-21T18:00:00Z,Sell,200.83,203.32,10709,-26665.41,107.09,-27200.86,9852.28,37053.14,0,"	3841,3842" 
2023-02-22T15:30:00Z,"TSLA",2023-02-22T16:00:00Z,Sell,193.33,195.05,9563,-16448.36,95.63,-16448.36,11188.71,27637.07,0,"	3843,3844" 
2023-02-23T15:00:00Z,"NVDA",2023-02-23T16:00:00Z,Buy,23.6944460912,23.5196272512,132630,-23186.22,1326.3,-28220.95,19211.44,47432.39,0,"	3845,3847" 
2023-02-23T16:00:00Z,"TSLA",2023-02-23T17:30:00Z,Sell,198.04,199.39,8651,-11678.85,86.51,-11678.85,12803.48,24482.33,0,"	3846,3848" 
2023-02-27T15:00:00Z,"TSLA",2023-02-27T16:00:00Z,Buy,205.93,205.21,14946,-10761.12,149.46,-22419,29144.7,51563.7,0,"	3849,3850" 
2023-02-28T17:30:00Z,"NVDA",2023-02-28T20:00:00Z,Buy,23.645496816,23.55059516,63974,-6071.24,639.74,-6071.24,8244.1,14315.34,0,"	3851,3853" 
2023-02-28T18:30:00Z,"AMD",2023-02-28T20:30:00Z,Buy,79.69,79.03,39105,-25809.3,391.05,-29328.75,15837.52,45166.28,0,"	3852,3854" 
2023-03-01T15:00:00Z,"AMD",2023-03-01T15:30:00Z,Buy,79.99,78.76,38631,-47516.13,386.31,-47709.28,8112.51,55821.8,0,"	3856,3858" 
2023-03-01T15:00:00Z,"TSLA",2023-03-01T17:30:00Z,Sell,202.72,201.98,15237,11275.38,152.37,0,57748.23,50434.47,1,"	3855,3859" 
2023-03-01T15:00:00Z,"NVDA",2023-03-01T20:59:00Z,Sell,22.9751914352,22.6755019952,67165,20128.64,671.65,-536.76,32205.83,20262.83,1,"	3857,3860" 
2023-03-02T19:00:00Z,"NVDA",2023-03-02T20:59:00Z,Buy,23.0621013728,23.2798756992,65023,14160.34,650.23,0,18642.28,8054.51,1,"	3861,3864" 
2023-03-02T19:30:00Z,"AMD",2023-03-02T20:59:00Z,Buy,79.81,80.39,38636,22408.88,386.36,-6181.76,41726.88,24533.86,1,"	3862,3863" 
2023-03-03T16:00:00Z,"AMD",2023-03-03T16:30:00Z,Sell,79.78,79.87,38867,-3498.03,388.67,-12048.77,3498.03,15546.8,0,"	3865,3866" 
2023-03-03T17:00:00Z,"TSLA",2023-03-03T20:59:00Z,Buy,198.33,197.87,8801,-4048.46,88.01,-11969.36,18130.06,30099.42,0,"	3867,3869" 
2023-03-03T19:30:00Z,"NVDA",2023-03-03T20:59:00Z,Buy,23.67546576,23.8692649312,131304,25446.61,1313.04,0,25577.77,11936.29,1,"	3868,3870" 
2023-03-06T15:30:00Z,"AMD",2023-03-06T16:30:00Z,Buy,82.63,82.34,37674,-10925.46,376.74,-12809.16,23734.62,36543.78,0,"	3871,3873" 
2023-03-06T15:30:00Z,"NVDA",2023-03-06T16:30:00Z,Buy,24.1030226944,24.0390889472,120417,-7698.71,1204.17,-13593.03,13713.33,23577.3,0,"	3872,3874" 
2023-03-06T18:00:00Z,"TSLA",2023-03-06T18:30:00Z,Sell,193.39,194.3,7357,-6694.87,73.57,-7724.85,3089.94,10814.79,0,"	3875,3876" 
2023-03-07T16:30:00Z,"AMD",2023-03-07T19:00:00Z,Buy,82.11,82.63,37683,19595.16,376.83,0,101744.1,82148.94,1,"	3877,3880" 
2023-03-07T17:00:00Z,"NVDA",2023-03-07T18:30:00Z,Buy,23.9382634855,23.7923898485,116528,-16998.36,1165.28,-17114.79,17929.78,35044.57,0,"	3878,3879" 
2023-03-08T15:00:00Z,"TSLA",2023-03-08T15:30:00Z,Sell,181.41,181.88,10076,-4735.72,100.76,-10680.56,12292.72,22973.28,0,"	3881,3884" 
2023-03-08T15:00:00Z,"AMD",2023-03-08T18:30:00Z,Buy,83.45,84.25,37084,29667.2,370.84,-24475.44,84551.52,56367.68,1,"	3882,3885" 
2023-03-08T15:00:00Z,"NVDA",2023-03-08T20:30:00Z,Buy,23.729444375,23.9262738715,114383,22513.95,1143.83,-17371.17,30628.11,29828.12,1,"	3883,3886" 
2023-03-09T15:00:00Z,"NVDA",2023-03-09T15:30:00Z,Buy,24.344911227,24.1280990405,123591,-26796.03,1235.91,-34081.59,7779.49,41861.09,0,"	3888,3889" 
2023-03-09T15:00:00Z,"AMD",2023-03-09T16:00:00Z,Buy,87.25,86.61,35818,-22923.52,358.18,-24714.42,16476.28,41190.7,0,"	3887,3890" 
2023-03-09T19:00:00Z,"TSLA",2023-03-09T20:59:00Z,Sell,176.74,172.93,11558,44035.98,115.58,-8552.92,45885.26,20862.19,1,"	3891,3892" 
2023-03-10T15:00:00Z,"AMD",2023-03-10T16:00:00Z,Sell,82.77,83.81,37693,-39200.72,376.93,-39200.72,22615.8,61816.52,0,"	3893,3896" 
2023-03-10T15:00:00Z,"NVDA",2023-03-10T16:00:00Z,Sell,22.984090038,23.3267931715,124834,-42781,1248.34,-42781,14967.11,57748.12,0,"	3894,3897" 
2023-03-10T16:00:00Z,"TSLA",2023-03-10T17:00:00Z,Buy,176.86,175.88,14093,-13811.14,140.93,-17616.25,19730.2,37346.45,0,"	3895,3898" 
2023-03-13T15:30:00Z,"NVDA",2023-03-13T16:00:00Z,Buy,23.1049853125,23.1409541545,112603,4050.2,1126.03,-13950.69,9225.45,15975.79,1,"	3899,3900" 
2023-03-13T18:30:00Z,"TSLA",2023-03-13T19:30:00Z,Buy,176.26,174.23,17347,-35214.41,173.47,-41285.86,17173.53,58459.39,0,"	3901,3902" 
2023-03-14T14:00:00Z,"TSLA",2023-03-14T15:00:00Z,Buy,180.57,179.17,16803,-23524.2,168.03,-25204.5,15626.79,39150.99,0,"	3903,3906" 
2023-03-14T14:00:00Z,"NVDA",2023-03-14T18:00:00Z,Buy,23.789392445,23.8443448425,118720,6523.95,1187.2,-3677.13,47921.37,42346.36,1,"	3905,3907" 
2023-03-14T14:00:00Z,"AMD",2023-03-14T19:00:00Z,Buy,86.41,86.46,35110,1755.5,351.1,-1755.5,64602.4,62846.9,1,"	3904,3908" 
2023-03-15T14:30:00Z,"NVDA",2023-03-15T15:00:00Z,Sell,23.431702294,23.523622668,124144,-11411.36,1241.44,-13395.95,10108.98,21520.34,0,"	3909,3910" 
2023-03-15T17:00:00Z,"TSLA",2023-03-15T17:30:00Z,Sell,176.62,178.45,14899,-27265.17,148.99,-30840.93,8045.46,38886.39,0,"	3911,3912" 
2023-03-15T19:00:00Z,"AMD",2023-03-15T19:59:00Z,Buy,89.55,89.23,29800,-9536,298,-19668,23989,43657,0,"	3913,3914" 
2023-03-16T14:00:00Z,"AMD",2023-03-16T19:59:00Z,Buy,92.82,96.59,30308,114261.16,303.08,-4849.28,114564.24,60616,1,"	3915,3919" 
2023-03-16T14:30:00Z,"NVDA",2023-03-16T19:59:00Z,Buy,24.4817926535,25.5348804165,122997,129526.64,1229.97,-14869.76,131861.56,22734.75,1,"	3916,3920" 
2023-03-16T15:30:00Z,"TSLA",2023-03-16T18:00:00Z,Buy,183.85,184.41,15433,8642.48,154.33,-9414.13,28242.39,26081.77,1,"	3917,3918" 
2023-03-17T14:30:00Z,"TSLA",2023-03-17T18:00:00Z,Sell,180.87,180.4,17446,8199.62,174.46,-4884.88,58967.48,51465.7,1,"	3921,3922" 
2023-03-20T14:00:00Z,"NVDA",2023-03-20T14:30:00Z,Sell,25.2451314115,25.453950522,125167,-26137.26,1251.67,-26137.26,0,26137.26,0,"	3924,3926" 
2023-03-20T14:00:00Z,"AMD",2023-03-20T15:30:00Z,Sell,93.34,95.31,27866,-54896.02,278.66,-54896.02,11703.72,66599.74,0,"	3923,3927" 
2023-03-20T14:30:00Z,"TSLA",2023-03-20T16:00:00Z,Buy,185.12,183.95,16923,-19799.91,169.23,-20138.37,17430.69,37569.06,0,"	3925,3928" 
2023-03-21T14:00:00Z,"TSLA",2023-03-21T14:30:00Z,Buy,191.97,190.85,16078,-18007.36,160.78,-34567.7,7395.88,41963.58,0,"	3929,3930" 
2023-03-22T14:00:00Z,"AMD",2023-03-22T15:00:00Z,Buy,98.46,96.8,25864,-42934.24,258.64,-45003.36,13966.56,58969.92,0,"	3931,3933" 
2023-03-22T14:00:00Z,"NVDA",2023-03-22T19:59:00Z,Buy,26.860731898,26.547003665,114708,-35987.14,1147.08,-36101.75,78850.8,114952.55,0,"	3932,3934" 
2023-03-24T14:30:00Z,"NVDA",2023-03-24T16:00:00Z,Sell,26.6918781675,26.664901536,113394,3058.99,1133.94,-2492.51,37047.75,34781.83,1,"	3935,3938" 
2023-03-24T15:00:00Z,"AMD",2023-03-24T16:00:00Z,Sell,97.57,97.86,27713,-8036.77,277.13,-12747.98,19121.97,31869.95,0,"	3936,3937" 
2023-03-27T16:00:00Z,"AMD",2023-03-27T16:30:00Z,Sell,95.72,96.34,31580,-19579.6,315.8,-19579.6,2210.6,21790.2,0,"	3939,3940" 
2023-03-28T14:00:00Z,"AMD",2023-03-28T14:30:00Z,Sell,93.05,94.05,32340,-32340,323.4,-39454.8,1293.6,40748.4,0,"	3942,3944" 
2023-03-28T14:00:00Z,"TSLA",2023-03-28T15:30:00Z,Sell,188.44,189.22,8989,-7011.42,89.89,-11685.7,4764.17,13303.72,0,"	3941,3945" 
2023-03-28T14:00:00Z,"NVDA",2023-03-28T15:30:00Z,Sell,25.89756624,26.2102953385,116142,-36320.98,1161.42,-39802.23,2785,42587.22,0,"	3943,3946" 
2023-03-30T14:30:00Z,"NVDA",2023-03-30T15:00:00Z,Buy,27.414252411,27.404261066,105027,-1049.36,1050.27,-10073.87,4092.51,14166.37,0,"	3947,3948" 
2023-03-31T14:30:00Z,"TSLA",2023-03-31T19:59:00Z,Buy,199.73,207.1,14808,109134.96,148.08,0,118315.92,28875.6,1,"	3949,3951" 
2023-03-31T16:30:00Z,"NVDA",2023-03-31T19:59:00Z,Buy,27.700004878,27.7609520825,108757,6628.44,1087.57,-12604.89,10757.62,23362.52,1,"	3950,3952" 
2023-04-03T14:00:00Z,"AMD",2023-04-03T14:30:00Z,Sell,94.87,96.16,31964,-41233.56,319.64,-41233.56,639.28,41872.84,0,"	3954,3955" 
2023-04-03T14:00:00Z,"TSLA",2023-04-03T19:59:00Z,Sell,198.22,194.98,9721,31496.04,97.21,-97.21,57937.16,28482.53,1,"	3953,3956" 
2023-04-04T14:00:00Z,"NVDA",2023-04-04T15:00:00Z,Sell,27.618075849,27.733975451,109574,-12699.58,1095.74,-17297.71,7663.54,24961.25,0,"	3957,3958" 
2023-04-04T15:30:00Z,"TSLA",2023-04-04T16:00:00Z,Sell,191.21,191.63,5812,-2441.04,58.12,-3777.8,1917.96,5695.76,0,"	3959,3960" 
2023-04-04T19:30:00Z,"AMD",2023-04-04T19:59:00Z,Sell,95.21,95.88,29904,-20035.68,299.04,-21829.92,0,21829.92,0,"	3961,3962" 
2023-04-05T14:00:00Z,"TSLA",2023-04-05T18:00:00Z,Sell,187.8,186.6,6773,8127.6,67.73,-3996.07,26076.05,17948.45,1,"	3963,3966" 
2023-04-05T15:00:00Z,"NVDA",2023-04-05T16:00:00Z,Sell,26.439097139,26.6479162495,114037,-23813.1,1140.37,-27459.13,5241.16,32700.29,0,"	3964,3965" 
2023-04-10T14:00:00Z,"TSLA",2023-04-10T14:30:00Z,Sell,177.1,177.91,7257,-5878.17,72.57,-9651.81,1161.12,10812.93,0,"	3967,3968" 
2023-04-10T14:30:00Z,"AMD",2023-04-10T19:59:00Z,Buy,93.33,95.29,32012,62743.52,320.12,0,77629.1,21448.04,1,"	3969,3972" 
2023-04-10T15:30:00Z,"NVDA",2023-04-10T16:30:00Z,Buy,27.318335499,27.2713761775,110081,-5169.33,1100.81,-7369.04,8908.84,16277.89,0,"	3970,3971" 
2023-04-11T14:00:00Z,"NVDA",2023-04-11T14:30:00Z,Sell,27.382280107,27.31633723,110411,7280.82,1104.11,-10700.6,10369.65,10700.6,1,"	3974,3975" 
2023-04-11T14:00:00Z,"AMD",2023-04-11T18:00:00Z,Sell,94.32,94.21,28419,3126.09,284.19,-8525.7,42628.5,39502.41,1,"	3973,3976" 
2023-04-12T14:00:00Z,"AMD",2023-04-12T14:30:00Z,Sell,92.51,93.6,26012,-28353.08,260.12,-28613.2,10404.8,39018,0,"	3977,3979" 
2023-04-12T14:00:00Z,"NVDA",2023-04-12T16:00:00Z,Sell,26.6918781675,26.866726705,113522,-19849.16,1135.22,-23535.43,19962.58,41626.52,0,"	3978,3982" 
2023-04-12T15:00:00Z,"TSLA",2023-04-12T16:00:00Z,Sell,183.18,184.09,16481,-14997.71,164.81,-18293.91,21095.68,39389.59,0,"	3980,3981" 
2023-04-13T15:30:00Z,"TSLA",2023-04-13T16:00:00Z,Buy,186.03,185.16,16062,-13973.94,160.62,-15258.9,0,15258.9,0,"	3983,3984" 
2023-04-14T14:00:00Z,"NVDA",2023-04-14T14:30:00Z,Buy,26.8117743075,26.4081239695,111088,-44840.71,1110.88,-44951.7,1997.85,46949.55,0,"	3985,3986" 
2023-04-17T14:00:00Z,"TSLA",2023-04-17T14:30:00Z,Buy,188.29,186.5,13680,-24487.2,136.8,-24487.2,12722.4,37209.6,0,"	3987,3988" 
2023-04-17T16:30:00Z,"AMD",2023-04-17T17:00:00Z,Sell,88.46,88.86,33133,-13253.2,331.33,-13253.2,4969.95,18223.15,0,"	3989,3990" 
2023-04-18T14:00:00Z,"TSLA",2023-04-18T15:30:00Z,Sell,185.05,185.22,8792,-1494.64,87.92,-6242.32,11605.44,17847.76,0,"	3991,3993" 
2023-04-18T15:00:00Z,"NVDA",2023-04-18T16:00:00Z,Buy,27.851873322,27.785930445,89698,-5914.94,896.98,-12367.61,6273.43,18641.04,0,"	3992,3994" 
2023-04-19T18:00:00Z,"NVDA",2023-04-19T18:30:00Z,Buy,27.8109088075,27.765947755,84072,-3779.97,840.72,-6299.94,2855.97,9155.92,0,"	3995,3996" 
2023-04-20T14:00:00Z,"AMD",2023-04-20T15:30:00Z,Buy,90.79,90.64,32095,-4814.25,320.95,-15405.6,18936.05,34341.65,0,"	3997,3998" 
2023-04-20T16:00:00Z,"TSLA",2023-04-20T19:59:00Z,Sell,163.81,162.67,9674,11028.36,96.74,-8222.9,30956.8,24668.7,1,"	3999,4001" 
2023-04-20T18:30:00Z,"NVDA",2023-04-20T19:59:00Z,Sell,27.412254142,27.05656226,106513,37885.81,1065.13,-1809.15,45016,12664.08,1,"	4000,4002" 
2023-04-21T14:00:00Z,"TSLA",2023-04-21T14:30:00Z,Sell,161.82,163.58,7200,-12672,72,-17856,0,17856,0,"	4003,4005" 
2023-04-21T14:00:00Z,"AMD",2023-04-21T14:30:00Z,Sell,88.69,89.28,33170,-19570.3,331.7,-23219,995.1,24214.1,0,"	4004,4006" 
2023-04-24T14:30:00Z,"TSLA",2023-04-24T18:30:00Z,Sell,161.96,161.37,7503,4426.77,75.03,0,24534.81,22133.85,1,"	4007,4012" 
2023-04-24T15:30:00Z,"AMD",2023-04-24T16:30:00Z,Sell,86.46,86.8,33933,-11537.22,339.33,-15269.85,3393.3,15269.85,0,"	4008,4010" 
2023-04-24T16:00:00Z,"NVDA",2023-04-24T17:00:00Z,Sell,26.6938764365,26.906692085,101931,-21692.51,1019.31,-22609.1,407.37,23016.47,0,"	4009,4011" 
2023-04-25T14:00:00Z,"AMD",2023-04-25T15:30:00Z,Sell,85.91,85.82,33757,3038.13,337.57,-12152.52,30043.73,27005.6,1,"	4013,4015" 
2023-04-25T14:00:00Z,"NVDA",2023-04-25T19:59:00Z,Sell,26.7778037345,26.213292742,87561,49429.15,875.61,-8836.01,49560.37,17934.47,1,"	4014,4016" 
2023-04-26T14:00:00Z,"TSLA",2023-04-26T16:00:00Z,Sell,156.23,156.14,10156,914.04,101.56,0,29655.52,28741.48,1,"	4017,4018" 
2023-04-27T14:00:00Z,"AMD",2023-04-27T14:30:00Z,Sell,84.35,85.29,34792,-32704.48,347.92,-32704.48,7306.32,40010.8,0,"	4019,4021" 
2023-04-27T14:00:00Z,"NVDA",2023-04-27T15:30:00Z,Sell,26.6619041325,26.866726705,110041,-22538.88,1100.41,-30894.76,4287.88,35182.64,0,"	4020,4023" 
2023-04-27T15:30:00Z,"TSLA",2023-04-27T19:59:00Z,Buy,157.64,160.18,12437,31589.98,124.37,-5223.54,34823.6,12561.37,1,"	4022,4024" 
2023-04-28T17:00:00Z,"TSLA",2023-04-28T17:30:00Z,Buy,164.96,164.16,14370,-11496,143.7,-14513.7,0,14513.7,0,"	4025,4028" 
2023-04-28T17:00:00Z,"AMD",2023-04-28T19:59:00Z,Buy,88.55,89.32,30817,23729.09,308.17,-3081.7,36518.14,15562.58,1,"	4026,4029" 
2023-04-28T17:00:00Z,"NVDA",2023-04-28T19:59:00Z,Buy,27.538145089,27.709996223,105940,18205.91,1059.4,-5927.51,18417.61,8256.17,1,"	4027,4030" 
2023-05-01T14:00:00Z,"NVDA",2023-05-01T19:59:00Z,Buy,28.223551356,28.9339359855,104102,73952.46,1041.02,-8216.94,83521.56,30163.45,1,"	4031,4032" 
2023-05-02T14:00:00Z,"TSLA",2023-05-02T14:30:00Z,Buy,164.35,164.03,15700,-5024,157,-25591,0,25591,0,"	4033,4034" 
2023-05-02T15:00:00Z,"AMD",2023-05-02T15:30:00Z,Sell,88.22,88.72,33803,-16901.5,338.03,-17915.59,676.06,18591.65,0,"	4035,4037" 
2023-05-02T15:00:00Z,"NVDA",2023-05-02T16:00:00Z,Sell,28.1705972275,28.2165574145,105844,-4864.61,1058.44,-15016.84,1586.29,16603.13,0,"	4036,4038" 
2023-05-03T14:00:00Z,"AMD",2023-05-03T14:30:00Z,Sell,82.1,83.31,36117,-43701.57,361.17,-53453.16,0,53453.16,0,"	4040,4041" 
2023-05-03T14:00:00Z,"TSLA",2023-05-03T15:30:00Z,Buy,163.19,163.01,9821,-1767.78,98.21,-3437.35,17186.75,19642,0,"	4039,4042" 
2023-05-04T14:00:00Z,"AMD",2023-05-04T14:30:00Z,Buy,82.93,82.31,22455,-13922.1,224.55,-14595.75,7859.25,22455,0,"	4043,4044" 
2023-05-05T14:00:00Z,"TSLA",2023-05-05T19:59:00Z,Buy,166.4,169.99,17594,63162.46,175.94,-1231.58,75478.26,22520.32,1,"	4045,4048" 
2023-05-05T14:00:00Z,"AMD",2023-05-05T19:59:00Z,Buy,87.82,89.78,14979,29358.84,149.79,-7040.13,38346.24,12282.78,1,"	4046,4049" 
2023-05-05T14:00:00Z,"NVDA",2023-05-05T19:59:00Z,Buy,28.069684643,28.629199963,97381,54486.16,973.81,-2237.82,63826.65,15372.88,1,"	4047,4050" 
2023-05-08T15:30:00Z,"AMD",2023-05-08T19:59:00Z,Buy,92.67,94.95,18758,42768.24,187.58,-1688.22,55148.52,24197.82,1,"	4051,4052" 
2023-05-09T14:00:00Z,"NVDA",2023-05-09T15:00:00Z,Sell,28.6881488985,28.571250162,106377,12435.34,1063.77,-3188.55,20459.85,14826.75,1,"	4053,4054" 
2023-05-10T14:30:00Z,"AMD",2023-05-10T15:00:00Z,Buy,99.69,98.14,15526,-24065.3,155.26,-27170.5,2173.64,29344.14,0,"	4055,4056" 
2023-05-11T14:00:00Z,"NVDA",2023-05-11T15:30:00Z,Sell,28.5162977645,28.5482700685,106723,-3412.18,1067.23,-6717.73,29963.21,33375.39,0,"	4057,4058" 
2023-05-12T14:00:00Z,"AMD",2023-05-12T14:30:00Z,Sell,95.58,95.76,31805,-5724.9,318.05,-11449.8,9064.42,20514.22,0,"	4059,4060" 
2023-05-12T16:30:00Z,"NVDA",2023-05-12T17:30:00Z,Sell,28.1026560815,28.229546163,108019,-13706.54,1080.19,-19642.44,8202.34,27844.78,0,"	4062,4063" 
2023-05-12T16:30:00Z,"TSLA",2023-05-12T19:59:00Z,Sell,167.98,168.09,16801,-1848.11,168.01,-15624.93,12096.72,27721.65,0,"	4061,4064" 
2023-05-15T14:00:00Z,"TSLA",2023-05-15T14:30:00Z,Sell,165.27,166.26,18302,-18118.98,183.02,-23243.54,0,23243.54,0,"	4065,4066" 
2023-05-15T14:30:00Z,"AMD",2023-05-15T15:00:00Z,Sell,93.61,94.21,21476,-12885.6,214.76,-18039.84,0,18039.84,0,"	4067,4068" 
2023-05-15T18:30:00Z,"NVDA",2023-05-15T19:59:00Z,Buy,28.817037249,28.9159515645,104257,10312.51,1042.57,-2291.67,10416.68,9895.84,1,"	4069,4070" 
2023-05-16T14:00:00Z,"TSLA",2023-05-16T14:30:00Z,Sell,164.8,167.47,18264,-48764.88,182.64,-48764.88,0,48764.88,0,"	4071,4074" 
2023-05-16T14:00:00Z,"NVDA",2023-05-16T19:30:00Z,Buy,29.256656429,29.370557762,102850,11714.75,1028.5,-19113.54,58676.52,54052.28,1,"	4073,4075" 
2023-05-16T14:00:00Z,"AMD",2023-05-16T19:59:00Z,Buy,100.9,101.46,29780,16676.8,297.8,-7147.2,69387.4,54199.6,1,"	4072,4076" 
2023-05-17T14:00:00Z,"TSLA",2023-05-17T19:59:00Z,Buy,169.73,173.74,17653,70788.53,176.53,0,82969.1,25067.26,1,"	4077,4079" 
2023-05-17T18:00:00Z,"NVDA",2023-05-17T19:59:00Z,Buy,30.0329839355,30.1488835375,101402,11752.45,1014.02,-9219.6,13474.79,11651.14,1,"	4078,4080" 
2023-05-18T14:00:00Z,"NVDA",2023-05-18T19:59:00Z,Buy,30.7703451965,31.6475852875,99128,86959.06,991.28,-3070.31,100032.63,51303.86,1,"	4081,4084" 
2023-05-18T14:30:00Z,"AMD",2023-05-18T16:30:00Z,Buy,106.89,105.73,27656,-32080.96,276.56,-35123.12,28485.68,63608.8,0,"	4082,4083" 
2023-05-19T14:00:00Z,"NVDA",2023-05-19T14:30:00Z,Sell,31.21296178,31.1400249615,98831,7208.42,988.31,-5134.76,19354.11,24488.87,1,"	4086,4087" 
2023-05-19T14:00:00Z,"TSLA",2023-05-19T15:30:00Z,Buy,179.17,178.82,15920,-5572,159.2,-8437.6,38208,43780,0,"	4085,4088" 
2023-05-22T14:00:00Z,"TSLA",2023-05-22T19:59:00Z,Buy,183.81,188.81,16792,83960,167.92,-20486.24,91516.4,25355.92,1,"	4089,4092" 
2023-05-22T14:30:00Z,"AMD",2023-05-22T15:30:00Z,Buy,108.46,107.76,26243,-18370.1,262.43,-23881.13,3149.16,27030.29,0,"	4090,4091" 
2023-05-23T14:00:00Z,"TSLA",2023-05-23T14:30:00Z,Buy,191.18,191.67,16370,8021.3,163.7,-18661.8,8348.7,18825.5,1,"	4093,4095" 
2023-05-23T14:00:00Z,"AMD",2023-05-23T14:30:00Z,Buy,110.47,109.72,26540,-19905,265.4,-29990.2,7962,37952.2,0,"	4094,4096" 
2023-05-25T16:00:00Z,"AMD",2023-05-25T17:30:00Z,Buy,119.61,119.17,26098,-11483.12,260.98,-14353.9,16963.7,28446.82,0,"	4097,4098" 
2023-05-26T14:00:00Z,"TSLA",2023-05-26T19:59:00Z,Buy,189.18,193.23,16461,66667.05,164.61,-2304.54,151111.98,105185.79,1,"	4099,4102" 
2023-05-26T14:30:00Z,"AMD",2023-05-26T19:59:00Z,Buy,124.79,126.87,16314,33933.12,163.14,-4241.64,42253.26,34504.11,1,"	4100,4103" 
2023-05-26T15:00:00Z,"NVDA",2023-05-26T19:59:00Z,Buy,38.518633244,38.890311278,24239,9009.1,242.39,-8839.58,14748.77,10220,1,"	4101,4104" 
2023-05-30T14:00:00Z,"AMD",2023-05-30T15:00:00Z,Sell,125.17,126.82,18280,-30162,182.8,-30162,27602.8,57764.8,0,"	4105,4106" 
2023-05-30T15:30:00Z,"NVDA",2023-05-30T16:30:00Z,Buy,41.080414102,40.2741125605,23548,-18986.79,235.48,-18986.79,5270.19,24256.98,0,"	4107,4108" 
2023-05-31T14:30:00Z,"NVDA",2023-05-31T15:00:00Z,Sell,39.180060283,39.1510853825,25254,731.73,252.54,-5248.29,4869.8,10118.09,1,"	4109,4110" 
2023-05-31T15:30:00Z,"TSLA",2023-05-31T16:00:00Z,Sell,195.97,196.79,16087,-13191.34,160.87,-18500.05,7078.28,25578.33,0,"	4111,4112" 
2023-05-31T16:00:00Z,"AMD",2023-05-31T18:00:00Z,Sell,119.57,120.36,16915,-13362.85,169.15,-15054.35,15392.65,30447,0,"	4113,4114" 
2023-06-01T14:00:00Z,"NVDA",2023-06-01T14:30:00Z,Buy,39.124108751,38.6495198635,23383,-11097.31,233.83,-13690.58,2429.73,16120.31,0,"	4115,4116" 
2023-06-01T18:30:00Z,"TSLA",2023-06-01T19:59:00Z,Buy,208.28,207.37,15019,-13667.29,150.19,-18773.75,21777.55,40551.3,0,"	4117,4118" 
2023-06-02T14:00:00Z,"AMD",2023-06-02T14:30:00Z,Sell,118.11,118.65,13705,-7400.7,137.05,-11238.1,137.05,11375.15,0,"	4119,4122" 
2023-06-02T14:00:00Z,"NVDA",2023-06-02T14:30:00Z,Sell,39.234013546,39.6066907145,23949,-8925.25,239.49,-9786.66,0,9786.66,0,"	4120,4123" 
2023-06-02T14:30:00Z,"TSLA",2023-06-02T19:59:00Z,Buy,213.73,214.03,14543,4362.9,145.43,-1454.3,48428.19,49446.2,1,"	4121,4124" 
2023-06-06T14:00:00Z,"TSLA",2023-06-06T14:30:00Z,Sell,213.81,214.8,14546,-14400.54,145.46,-21964.46,7418.46,29382.92,0,"	4125,4127" 
2023-06-06T14:00:00Z,"AMD",2023-06-06T17:00:00Z,Buy,122.14,122.16,20076,401.52,200.76,-9234.96,44367.96,46375.56,1,"	4126,4128" 
2023-06-07T15:00:00Z,"AMD",2023-06-07T15:30:00Z,Sell,120.94,121.27,9720,-3207.6,97.2,-5540.4,2721.6,6463.8,0,"	4129,4130" 
2023-06-07T19:30:00Z,"NVDA",2023-06-07T19:59:00Z,Sell,37.6962497775,37.4964021975,32184,6431.89,321.84,-611.03,11030.7,4984.72,1,"	4131,4132" 
2023-06-08T14:00:00Z,"AMD",2023-06-08T14:30:00Z,Buy,120.66,119.88,9617,-7501.26,96.17,-12405.93,2452.34,14858.26,0,"	4134,4136" 
2023-06-08T14:00:00Z,"TSLA",2023-06-08T19:59:00Z,Buy,227.05,234.94,13668,107840.52,136.68,0,111667.56,29932.92,1,"	4133,4137" 
2023-06-08T14:00:00Z,"NVDA",2023-06-08T19:59:00Z,Buy,38.220849675,38.5076309523,37294,10695.22,372.94,-8384.76,21614.04,20086.15,1,"	4135,4138" 
2023-06-09T14:00:00Z,"NVDA",2023-06-09T15:00:00Z,Buy,39.4728947637,39.1641302526,77004,-23776.1,770.04,-31239.8,15389.06,46628.86,0,"	4139,4142" 
2023-06-09T14:30:00Z,"AMD",2023-06-09T15:00:00Z,Buy,126.43,125.78,12801,-8320.65,128.01,-17537.37,1152.09,18689.46,0,"	4140,4141" 
2023-06-13T14:30:00Z,"AMD",2023-06-13T15:00:00Z,Sell,126.19,128.47,13415,-30586.2,134.15,-30586.2,0,30586.2,0,"	4143,4144" 
2023-06-13T15:30:00Z,"NVDA",2023-06-13T16:30:00Z,Buy,40.688967288,40.6120259697,71300,-5485.92,713,-15032.83,7516.42,22549.25,0,"	4145,4147" 
2023-06-13T16:30:00Z,"TSLA",2023-06-13T18:30:00Z,Buy,258.62,255.94,12103,-32436.04,121.03,-32557.07,10892.7,43449.77,0,"	4146,4148" 
2023-06-14T14:00:00Z,"TSLA",2023-06-14T14:30:00Z,Sell,257.07,260.02,12088,-35659.6,120.88,-51011.36,8461.6,59472.96,0,"	4149,4150" 
2023-06-14T14:30:00Z,"NVDA",2023-06-14T19:59:00Z,Buy,41.4843606564,42.9032784744,60319,85587.7,603.19,-4339.66,85587.7,49092.38,1,"	4151,4152" 
2023-06-15T14:30:00Z,"AMD",2023-06-15T16:00:00Z,Sell,123.17,123.94,18303,-14093.31,183.03,-14093.31,14001.8,28095.1,0,"	4153,4154" 
2023-06-16T14:00:00Z,"AMD",2023-06-16T14:30:00Z,Sell,121.63,122.44,19515,-15807.15,195.15,-17758.65,0,17758.65,0,"	4156,4157" 
2023-06-16T14:00:00Z,"TSLA",2023-06-16T15:00:00Z,Buy,261.97,259.29,11953,-32034.04,119.53,-35261.35,17092.79,52354.14,0,"	4155,4158" 
2023-06-20T14:00:00Z,"TSLA",2023-06-20T14:30:00Z,Buy,265.24,262.42,11687,-32957.34,116.87,-32957.34,8297.77,41255.11,0,"	4159,4160" 
2023-06-20T17:30:00Z,"NVDA",2023-06-20T18:00:00Z,Buy,43.4908303596,43.3439423883,69605,-10224.14,696.05,-10676.22,4729.53,15405.76,0,"	4161,4162" 
2023-06-21T14:00:00Z,"NVDA",2023-06-21T16:30:00Z,Sell,42.5935147254,42.7543920273,72057,-11592.34,720.57,-17856.52,37225.08,55081.6,0,"	4165,4166" 
2023-06-21T14:00:00Z,"TSLA",2023-06-21T19:59:00Z,Sell,268.05,259.52,10930,93232.9,109.3,-29948.2,107223.3,66345.1,1,"	4163,4167" 
2023-06-21T14:00:00Z,"AMD",2023-06-21T19:59:00Z,Sell,116.53,112.15,26341,115373.58,263.41,0,126173.39,57686.79,1,"	4164,4168" 
2023-06-26T14:00:00Z,"AMD",2023-06-26T14:30:00Z,Buy,112.43,111.73,28470,-19929,284.7,-29608.8,0,29608.8,0,"	4169,4170" 
2023-06-26T15:30:00Z,"NVDA",2023-06-26T19:59:00Z,Sell,41.3464658262,40.6150236834,77065,56368.59,770.65,-9086.74,97104.9,76390.22,1,"	4171,4172" 
2023-06-27T18:00:00Z,"NVDA",2023-06-27T19:59:00Z,Buy,41.6532318615,41.8101122118,77403,12143.01,774.03,-14153.95,18253.19,21037.57,1,"	4173,4176" 
2023-06-27T19:30:00Z,"AMD",2023-06-27T19:59:00Z,Buy,110.94,110.31,29150,-18364.5,291.5,-24777.5,0,24777.5,0,"	4174,4175" 
2023-06-28T14:30:00Z,"TSLA",2023-06-28T16:30:00Z,Buy,257.34,256.18,8940,-10370.4,89.4,-19310.4,21724.2,41034.6,0,"	4177,4178" 
2023-06-30T14:00:00Z,"NVDA",2023-06-30T16:00:00Z,Buy,42.0019658886,42.207808896,76478,15742.46,764.78,-2216.17,37904.18,38591.96,1,"	4179,4183" 
2023-06-30T15:00:00Z,"AMD",2023-06-30T15:30:00Z,Buy,114.05,114.03,28294,-565.88,282.94,-8488.2,4809.98,13298.18,0,"	4180,4182" 
2023-06-30T15:30:00Z,"TSLA",2023-06-30T16:30:00Z,Buy,263.89,263.7,7661,-1455.59,76.61,-15628.44,0,15628.44,0,"	4181,4184" 
2023-07-03T14:00:00Z,"TSLA",2023-07-03T15:00:00Z,Buy,282,279.2,8362,-23413.6,83.62,-23580.84,5351.68,28932.52,0,"	4185,4186" 
2023-07-05T14:00:00Z,"NVDA",2023-07-05T15:30:00Z,Buy,42.7054293702,42.5035833144,56283,-11360.5,562.83,-11360.5,23508.36,34868.87,0,"	4187,4189" 
2023-07-05T15:30:00Z,"AMD",2023-07-05T16:30:00Z,Sell,114.6,115.11,27897,-14227.47,278.97,-15901.29,3626.61,19527.9,0,"	4188,4190" 
2023-07-06T14:00:00Z,"TSLA",2023-07-06T14:30:00Z,Sell,274.15,275.4,8951,-11188.75,89.51,-11188.75,8682.47,19871.22,0,"	4191,4193" 
2023-07-06T14:00:00Z,"AMD",2023-07-06T14:30:00Z,Sell,110.84,111.57,28746,-20984.58,287.46,-24146.64,8623.8,32770.44,0,"	4192,4194" 
2023-07-07T14:00:00Z,"AMD",2023-07-07T14:30:00Z,Buy,114.75,114.05,27589,-19312.3,275.89,-23450.65,7449.03,30899.68,0,"	4195,4196" 
2023-07-07T15:30:00Z,"NVDA",2023-07-07T19:30:00Z,Buy,42.777374499,42.7064286081,73705,-5229.07,737.05,-5229.07,28943.99,34173.06,0,"	4197,4198" 
2023-07-10T14:00:00Z,"TSLA",2023-07-10T14:30:00Z,Sell,270.68,272.04,6731,-9154.16,67.31,-15212.06,2086.61,17298.67,0,"	4199,4202" 
2023-07-10T14:00:00Z,"NVDA",2023-07-10T14:30:00Z,Sell,41.9520039936,42.3307151577,75018,-28410.15,750.18,-37405.45,0,37405.45,0,"	4201,4203" 
2023-07-10T14:00:00Z,"AMD",2023-07-10T15:30:00Z,Sell,110.08,112.23,28599,-61487.85,285.99,-64633.74,0,64633.74,0,"	4200,4204" 
2023-07-11T14:30:00Z,"AMD",2023-07-11T19:00:00Z,Sell,110.83,110.94,27015,-2971.65,270.15,-21071.7,30256.8,34579.2,0,"	4205,4206" 
2023-07-12T14:00:00Z,"AMD",2023-07-12T15:00:00Z,Buy,114.83,113.69,25614,-29199.96,256.14,-33554.34,11782.44,45336.78,0,"	4207,4209" 
2023-07-12T14:00:00Z,"NVDA",2023-07-12T16:00:00Z,Buy,43.5977488149,43.2430193604,70635,-25056.32,706.35,-28655.95,19692.15,48348.1,0,"	4208,4210" 
2023-07-13T17:30:00Z,"NVDA",2023-07-13T19:59:00Z,Buy,45.0186651087,45.9649434,60487,57237.54,604.87,-4049.54,58688.12,8824.37,1,"	4211,4214" 
2023-07-13T19:00:00Z,"TSLA",2023-07-13T19:59:00Z,Buy,278.39,277.66,10991,-8023.43,109.91,-8023.43,11540.55,19563.98,0,"	4212,4213" 
2023-07-14T14:00:00Z,"TSLA",2023-07-14T14:30:00Z,Buy,280.54,279.42,10964,-12279.68,109.64,-23353.32,0,23353.32,0,"	4215,4218" 
2023-07-14T14:00:00Z,"NVDA",2023-07-14T15:00:00Z,Buy,47.3658749358,47.1720227832,51870,-10055.11,518.7,-10055.11,29180.55,39235.67,0,"	4217,4219" 
2023-07-14T14:00:00Z,"AMD",2023-07-14T16:30:00Z,Buy,120.47,119.45,25445,-25953.9,254.45,-33078.5,39694.2,72772.7,0,"	4216,4220" 
2023-07-17T14:00:00Z,"TSLA",2023-07-17T14:30:00Z,Buy,290.46,287.01,10476,-36142.2,104.76,-38970.72,0,38970.72,0,"	4221,4223" 
2023-07-17T14:00:00Z,"AMD",2023-07-17T14:30:00Z,Sell,112.94,114.25,26939,-35290.09,269.39,-44718.74,0,44718.74,0,"	4222,4224" 
2023-07-18T14:30:00Z,"TSLA",2023-07-18T15:00:00Z,Sell,286.58,288.51,10450,-20168.5,104.5,-22781,5434,28215,0,"	4225,4226" 
2023-07-18T15:00:00Z,"NVDA",2023-07-18T15:30:00Z,Sell,45.9429601662,45.9999167265,47199,-2688.29,471.99,-7970.55,2924.11,10894.66,0,"	4227,4228" 
2023-07-19T15:30:00Z,"TSLA",2023-07-19T16:00:00Z,Buy,298.1,296.93,9995,-11694.15,99.95,-14992.5,8595.7,23588.2,0,"	4229,4230" 
2023-07-19T16:30:00Z,"AMD",2023-07-19T19:30:00Z,Sell,116.2,116.96,25525,-19399,255.25,-25014.5,14804.5,39819,0,"	4231,4232" 
2023-07-20T14:00:00Z,"TSLA",2023-07-20T19:59:00Z,Sell,275.57,262.81,10736,136991.36,107.36,0,151055.52,43910.24,1,"	4233,4238" 
2023-07-20T14:30:00Z,"AMD",2023-07-20T15:30:00Z,Sell,111.76,112.91,26649,-30646.35,266.49,-39440.52,18920.79,58361.31,0,"	4234,4236" 
2023-07-20T14:30:00Z,"NVDA",2023-07-20T15:30:00Z,Sell,45.7241270661,46.1258207019,42899,-17232.26,428.99,-19246.97,15260.41,34507.38,0,"	4235,4237" 
2023-07-21T14:00:00Z,"NVDA",2023-07-21T17:30:00Z,Sell,44.9177420808,45.06562929,67165,-9932.84,671.65,-17718.05,31342.15,41275,0,"	4239,4242" 
2023-07-21T14:30:00Z,"TSLA",2023-07-21T15:30:00Z,Sell,256.66,262.44,7056,-40783.68,70.56,-40783.68,1728.72,42512.4,0,"	4240,4241" 
2023-07-24T15:30:00Z,"TSLA",2023-07-24T19:59:00Z,Buy,263.95,268.97,7281,36550.62,72.81,-1601.82,41865.75,15290.1,1,"	4243,4244" 
2023-07-25T14:00:00Z,"NVDA",2023-07-25T15:00:00Z,Buy,45.9629449242,45.6222048003,65426,-22293.26,654.26,-30007.65,4053.32,34060.97,0,"	4245,4246" 
2023-07-25T16:00:00Z,"AMD",2023-07-25T16:30:00Z,Buy,112.54,112.55,26588,265.88,265.88,-6912.88,2924.68,9837.56,1,"	4247,4248" 
2023-07-26T15:00:00Z,"AMD",2023-07-26T16:00:00Z,Sell,109.7,110.4,27271,-19089.7,272.71,-21271.38,5181.49,26452.87,0,"	4249,4251" 
2023-07-26T15:00:00Z,"NVDA",2023-07-26T17:30:00Z,Sell,44.7818457264,45.1305797535,66796,-23294.04,667.96,-26297.57,11747.14,38044.7,0,"	4250,4252" 
2023-07-27T15:30:00Z,"AMD",2023-07-27T18:00:00Z,Buy,113.2,113.15,26181,-1309.05,261.81,-5759.82,47911.23,53671.05,0,"	4253,4256" 
2023-07-27T16:30:00Z,"NVDA",2023-07-27T17:00:00Z,Buy,47.2869351417,47.2209854403,63102,-4161.56,631.02,-8260.06,2585.21,10845.27,0,"	4254,4255" 
2023-07-28T15:30:00Z,"TSLA",2023-07-28T19:00:00Z,Buy,264.34,266.94,9034,23488.4,90.34,-2168.16,26017.92,24120.78,1,"	4257,4260" 
2023-07-28T16:00:00Z,"AMD",2023-07-28T16:30:00Z,Buy,114.56,114.63,25932,1815.24,259.32,-12447.36,1815.24,12447.36,1,"	4258,4259" 
2023-08-01T14:00:00Z,"TSLA",2023-08-01T15:00:00Z,Sell,262.81,263.7,7187,-6396.43,71.87,-7761.96,7833.83,15595.79,0,"	4261,4263" 
2023-08-01T14:30:00Z,"AMD",2023-08-01T19:59:00Z,Buy,115.98,117.66,23892,40138.56,238.92,0,52084.56,32493.12,1,"	4262,4264" 
2023-08-02T14:00:00Z,"AMD",2023-08-02T19:59:00Z,Sell,113.69,109.44,21563,91642.75,215.63,0,128515.48,75901.76,1,"	4265,4269" 
2023-08-02T14:00:00Z,"NVDA",2023-08-02T19:59:00Z,Sell,45.2335012572,44.3042100102,66265,61579.48,662.65,-463.5,118523.95,66082.07,1,"	4266,4270" 
2023-08-02T16:00:00Z,"TSLA",2023-08-02T17:30:00Z,Sell,251.76,253.88,7069,-14986.28,70.69,-18379.4,8553.49,26932.89,0,"	4267,4268" 
2023-08-03T14:00:00Z,"NVDA",2023-08-03T14:30:00Z,Buy,44.7818457264,44.2632412563,68994,-35780.6,689.94,-35780.6,9444.97,45225.57,0,"	4272,4273" 
2023-08-03T14:00:00Z,"AMD",2023-08-03T19:30:00Z,Buy,112.43,112.96,21668,11484.04,216.68,-16251,52869.92,50703.12,1,"	4271,4276" 
2023-08-03T17:00:00Z,"TSLA",2023-08-03T17:30:00Z,Buy,257.69,257.69,12020,0,120.2,-1442.4,7212,7212,0,"	4274,4275" 
2023-08-04T17:00:00Z,"AMD",2023-08-04T17:30:00Z,Buy,118.67,117.43,18733,-23228.92,187.33,-25476.88,1030.32,26507.2,0,"	4277,4278" 
2023-08-04T18:30:00Z,"TSLA",2023-08-04T19:59:00Z,Sell,255.64,253.81,11954,21875.82,119.54,-4064.36,29048.22,12432.16,1,"	4279,4280" 
2023-08-07T14:00:00Z,"TSLA",2023-08-07T18:00:00Z,Sell,246.01,248.4,12483,-29834.37,124.83,-42567.03,39695.94,71402.76,0,"	4281,4282" 
2023-08-09T14:00:00Z,"NVDA",2023-08-09T17:30:00Z,Sell,43.446863892,43.0521649215,70223,27716.95,702.23,-8069.49,93535.92,68695.92,1,"	4283,4285" 
2023-08-09T14:30:00Z,"TSLA",2023-08-09T18:30:00Z,Sell,246.68,246.07,12401,7564.61,124.01,-5084.41,46999.79,42845.46,1,"	4284,4286" 
2023-08-10T14:00:00Z,"AMD",2023-08-10T14:30:00Z,Buy,113.5,112.76,22202,-16429.48,222.02,-16429.48,6438.58,22868.06,0,"	4288,4290" 
2023-08-10T14:00:00Z,"NVDA",2023-08-10T14:30:00Z,Buy,43.3329507714,42.9192662808,66788,-27629.16,667.88,-32500.97,10811.41,43312.38,0,"	4289,4291" 
2023-08-10T14:00:00Z,"TSLA",2023-08-10T15:00:00Z,Buy,250.51,249.1,12272,-17303.52,122.72,-25648.48,12149.28,37797.76,0,"	4287,4292" 
2023-08-11T14:00:00Z,"AMD",2023-08-11T14:30:00Z,Sell,107.21,108.54,25557,-33990.81,255.57,-39741.14,0,39741.14,0,"	4293,4294" 
2023-08-11T15:30:00Z,"NVDA",2023-08-11T19:59:00Z,Sell,40.9028041986,40.7958857433,61913,6619.64,619.13,-13424.88,14785.93,28210.81,1,"	4295,4296" 
2023-08-14T14:00:00Z,"NVDA",2023-08-14T19:59:00Z,Buy,41.6102646318,43.6936756533,52193,108739.47,521.93,-1825.36,108739.47,19557.46,1,"	4297,4300" 
2023-08-14T15:00:00Z,"AMD",2023-08-14T19:59:00Z,Buy,109.7,111.81,27811,58681.21,278.11,-7508.97,58820.26,20580.14,1,"	4298,4299" 
2023-08-15T14:30:00Z,"TSLA",2023-08-15T19:59:00Z,Sell,235.34,232.96,13276,31596.88,132.76,-12346.68,35845.2,25556.3,1,"	4301,4302" 
2023-08-16T14:30:00Z,"AMD",2023-08-16T15:30:00Z,Sell,108.06,108.12,28055,-1683.3,280.55,-17674.65,3927.7,17674.65,0,"	4303,4304" 
2023-08-17T14:30:00Z,"AMD",2023-08-17T16:30:00Z,Sell,104.41,105.62,26399,-31942.79,263.99,-31942.79,0,31942.79,0,"	4305,4308" 
2023-08-17T15:30:00Z,"TSLA",2023-08-17T16:00:00Z,Sell,223.39,224.02,14049,-8850.87,140.49,-8850.87,2950.29,11801.16,0,"	4306,4307" 
2023-08-18T14:00:00Z,"NVDA",2023-08-18T15:00:00Z,Sell,41.8300969698,42.1768325211,35489,-12305.3,354.89,-15709.65,6383.15,22092.8,0,"	4309,4310" 
2023-08-21T14:00:00Z,"AMD",2023-08-21T14:30:00Z,Buy,107.64,106.08,15603,-24340.68,156.03,-24340.68,0,24340.68,0,"	4312,4314" 
2023-08-21T14:00:00Z,"NVDA",2023-08-21T14:30:00Z,Buy,45.295454007,45.1205873745,34292,-5996.53,342.92,-7093.03,7230.1,14323.13,0,"	4313,4315" 
2023-08-21T14:00:00Z,"TSLA",2023-08-21T15:00:00Z,Buy,228.4,225.77,13611,-35796.93,136.11,-35796.93,18783.18,54580.11,0,"	4311,4316" 
2023-08-22T14:00:00Z,"AMD",2023-08-22T15:00:00Z,Sell,106.94,106.78,28654,4584.64,286.54,-16905.86,26648.22,24069.36,1,"	4317,4319" 
2023-08-22T14:00:00Z,"NVDA",2023-08-22T15:00:00Z,Sell,46.2327391572,46.514524245,56416,-15897.19,564.16,-39799.34,30892.41,46789.59,0,"	4318,4320" 
2023-08-23T14:00:00Z,"AMD",2023-08-23T19:59:00Z,Buy,107.5,109.32,28435,51751.7,284.35,-3412.2,72793.6,29003.7,1,"	4321,4326" 
2023-08-23T15:00:00Z,"NVDA",2023-08-23T15:30:00Z,Buy,46.6604129784,46.5405044304,50527,-6058.62,505.27,-8381.09,2120.52,10501.61,0,"	4322,4323" 
2023-08-23T16:00:00Z,"TSLA",2023-08-23T16:30:00Z,Buy,236.97,236.48,10056,-4927.44,100.56,-11966.64,0,11966.64,0,"	4324,4325" 
2023-08-24T14:00:00Z,"AMD",2023-08-24T19:59:00Z,Sell,106.19,101.99,29025,121905,290.25,-13061.25,153832.5,62113.5,1,"	4327,4330" 
2023-08-24T14:30:00Z,"TSLA",2023-08-24T16:30:00Z,Sell,229.25,232.73,11601,-40371.48,116.01,-43155.72,9280.8,52436.52,0,"	4328,4329" 
2023-08-25T15:00:00Z,"NVDA",2023-08-25T18:30:00Z,Sell,45.2684745837,45.914981505,54115,-34985.72,541.15,-36175.34,12923.63,47909.35,0,"	4331,4333" 
2023-08-25T18:30:00Z,"TSLA",2023-08-25T19:59:00Z,Buy,238.46,238.65,11057,2100.83,110.57,-13047.26,4201.66,13710.68,1,"	4332,4334" 
2023-08-29T14:30:00Z,"NVDA",2023-08-29T15:00:00Z,Buy,48.1173018366,48.1862492517,64719,4462.21,647.19,0,21017.65,19465.57,1,"	4336,4337" 
2023-08-29T14:30:00Z,"TSLA",2023-08-29T19:59:00Z,Buy,249.24,256.91,12495,95836.65,124.95,-5497.8,96586.35,26239.5,1,"	4335,4340" 
2023-08-29T17:00:00Z,"AMD",2023-08-29T18:00:00Z,Buy,105.92,106.13,21460,4506.6,214.6,-4055.94,12876,8369.4,1,"	4338,4339" 
2023-09-01T14:00:00Z,"TSLA",2023-09-01T19:59:00Z,Sell,252.67,244.98,8115,62404.35,81.15,-8115,81799.2,21423.6,1,"	4341,4346" 
2023-09-01T14:30:00Z,"AMD",2023-09-01T15:00:00Z,Buy,108.4,108.24,29372,-4699.52,293.72,-23791.32,6168.12,23791.32,0,"	4342,4343" 
2023-09-01T15:00:00Z,"NVDA",2023-09-01T16:00:00Z,Sell,48.3041593239,48.2621913321,59923,2514.85,599.23,-14250.81,7484.67,21735.47,1,"	4344,4345" 
2023-09-05T14:00:00Z,"AMD",2023-09-05T15:00:00Z,Sell,106.98,108,30120,-30722.4,301.2,-35240.4,17770.8,53011.2,0,"	4347,4349" 
2023-09-05T14:30:00Z,"TSLA",2023-09-05T19:59:00Z,Buy,252.16,256.55,6953,30523.67,69.53,-5910.05,39979.75,12167.75,1,"	4348,4350" 
2023-09-06T14:00:00Z,"TSLA",2023-09-06T16:00:00Z,Sell,249.62,248.63,6513,6447.87,65.13,0,25726.35,20060.04,1,"	4351,4353" 
2023-09-06T14:00:00Z,"NVDA",2023-09-06T19:59:00Z,Sell,47.6805647026,46.998029006,67560,46112.11,675.6,0,72172.54,35917.49,1,"	4352,4356" 
2023-09-06T17:00:00Z,"AMD",2023-09-06T17:30:00Z,Sell,108.44,108.85,30150,-12361.5,301.5,-15075,5728.5,20803.5,0,"	4354,4355" 
2023-09-08T14:00:00Z,"AMD",2023-09-08T14:30:00Z,Buy,109.06,108.39,26323,-17636.41,263.23,-19742.25,0,19742.25,0,"	4357,4358" 
2023-09-11T14:00:00Z,"AMD",2023-09-11T17:30:00Z,Sell,103.93,104.44,24821,-12658.71,248.21,-12658.71,22090.69,34749.4,0,"	4359,4363" 
2023-09-11T14:00:00Z,"NVDA",2023-09-11T17:30:00Z,Sell,44.554691117,44.9304355122,72623,-27287.69,726.23,-32004.97,18143.41,50148.38,0,"	4360,4364" 
2023-09-11T16:00:00Z,"TSLA",2023-09-11T17:00:00Z,Buy,271.58,270.76,6334,-5193.88,63.34,-7600.8,4750.5,12351.3,0,"	4361,4362" 
2023-09-12T14:00:00Z,"TSLA",2023-09-12T14:30:00Z,Buy,277.53,273.55,3808,-15155.84,38.08,-15193.92,2094.4,17288.32,0,"	4365,4366" 
2023-09-13T14:30:00Z,"AMD",2023-09-13T19:59:00Z,Buy,106.92,107.68,29889,22715.64,298.89,-2988.9,52305.75,45132.39,1,"	4367,4370" 
2023-09-13T15:30:00Z,"NVDA",2023-09-13T16:30:00Z,Buy,45.628960332,45.598980726,70625,-2117.31,706.25,-17009.05,7057.7,24066.75,0,"	4368,4369" 
2023-09-14T14:30:00Z,"TSLA",2023-09-14T16:30:00Z,Buy,273.21,274.28,4430,4740.1,44.3,0,12005.3,10011.8,1,"	4371,4372" 
2023-09-15T14:00:00Z,"TSLA",2023-09-15T14:30:00Z,Sell,272.2,275.04,3893,-11056.12,38.93,-11834.72,0,11834.72,0,"	4373,4375" 
2023-09-15T14:00:00Z,"AMD",2023-09-15T19:59:00Z,Sell,104.01,101.52,30872,76871.28,308.72,-5248.24,83045.68,26549.92,1,"	4374,4377" 
2023-09-15T14:30:00Z,"NVDA",2023-09-15T19:59:00Z,Sell,44.6466285754,43.8771520214,72126,55499.27,721.26,-6522.97,61049.19,29443.44,1,"	4376,4378" 
2023-09-18T14:00:00Z,"TSLA",2023-09-18T15:30:00Z,Sell,266.1,267.92,6882,-12525.24,68.82,-14658.66,8740.14,21265.38,0,"	4379,4380" 
2023-09-20T17:30:00Z,"TSLA",2023-09-20T19:00:00Z,Buy,271.59,270.32,12090,-15354.3,120.9,-22729.2,18860.4,34940.1,0,"	4381,4382" 
2023-09-21T14:00:00Z,"AMD",2023-09-21T17:30:00Z,Sell,97.13,97.3,31040,-5276.8,310.4,-19244.8,21417.6,26694.4,0,"	4383,4384" 
2023-09-22T16:00:00Z,"TSLA",2023-09-22T19:59:00Z,Sell,254.16,245.18,12863,115509.74,128.63,-5916.98,123742.06,28427.23,1,"	4385,4386" 
2023-09-25T14:00:00Z,"NVDA",2023-09-25T15:00:00Z,Buy,42.1733110804,41.8545279366,78343,-24974.43,783.43,-24974.43,23095.47,48069.9,0,"	4387,4390" 
2023-09-25T14:30:00Z,"AMD",2023-09-25T15:00:00Z,Sell,95.54,95.64,33986,-3398.6,339.86,-8836.36,4078.32,11895.1,0,"	4388,4389" 
2023-09-25T16:30:00Z,"TSLA",2023-09-25T17:00:00Z,Buy,246.79,245.13,13478,-22373.48,134.78,-29247.26,0,29247.26,0,"	4391,4392" 
2023-09-26T17:30:00Z,"AMD",2023-09-26T18:00:00Z,Sell,95.88,96.12,34536,-8288.64,345.36,-8288.64,12432.96,20721.6,0,"	4393,4394" 
2023-09-27T14:00:00Z,"AMD",2023-09-27T16:00:00Z,Buy,97.78,97.69,33599,-3023.91,335.99,-23519.3,31919.05,44014.69,0,"	4395,4398" 
2023-09-27T15:00:00Z,"TSLA",2023-09-27T15:30:00Z,Sell,241.69,242.57,13669,-12028.72,136.69,-13669,7517.95,21186.95,0,"	4396,4397" 
2023-09-28T14:00:00Z,"TSLA",2023-09-28T14:30:00Z,Buy,242.68,239.6,13579,-41823.32,135.79,-43995.96,5431.6,49427.56,0,"	4399,4402" 
2023-09-28T14:00:00Z,"NVDA",2023-09-28T14:30:00Z,Buy,42.755914757,42.531067712,77088,-17333.01,770.88,-17333.01,18180.4,35513.41,0,"	4401,4403" 
2023-09-28T14:00:00Z,"AMD",2023-09-28T19:59:00Z,Buy,100.87,102.82,26906,52466.7,269.06,-9955.22,87713.56,54619.18,1,"	4400,4404" 
2023-09-29T14:00:00Z,"TSLA",2023-09-29T15:30:00Z,Buy,253.25,251.27,8308,-16449.84,83.08,-16449.84,11548.12,27997.96,0,"	4405,4406" 
2023-10-02T14:00:00Z,"NVDA",2023-10-02T16:00:00Z,Buy,44.5536917968,44.6726109006,73607,8753.28,736.07,0,41265.46,35380.9,1,"	4407,4410" 
2023-10-02T15:30:00Z,"TSLA",2023-10-02T16:00:00Z,Buy,254.09,251.42,10978,-29311.26,109.78,-30738.4,0,30738.4,0,"	4408,4409" 
2023-10-03T14:30:00Z,"NVDA",2023-10-03T19:59:00Z,Sell,44.3518291164,43.4624341384,73595,65455.02,735.95,-6324.87,81634.92,34786.77,1,"	4411,4416" 
2023-10-03T15:00:00Z,"TSLA",2023-10-03T15:30:00Z,Sell,244.75,246.88,13468,-28686.84,134.68,-35555.52,0,35555.52,0,"	4412,4414" 
2023-10-03T15:00:00Z,"AMD",2023-10-03T15:30:00Z,Sell,100.2,100.66,23410,-10768.6,234.1,-12407.3,3979.7,16387,0,"	4413,4415" 
2023-10-04T14:00:00Z,"TSLA",2023-10-04T14:30:00Z,Buy,252.66,251.34,12990,-17146.8,129.9,-24551.1,2468.1,24551.1,0,"	4417,4418" 
2023-10-04T16:00:00Z,"AMD",2023-10-04T17:30:00Z,Buy,102.57,101.98,24797,-14630.23,247.97,-14630.23,2479.7,17109.93,0,"	4419,4420" 
2023-10-05T14:00:00Z,"AMD",2023-10-05T14:30:00Z,Sell,101.07,101.89,26920,-22074.4,269.2,-22074.4,18305.6,40380,0,"	4421,4422" 
2023-10-05T14:30:00Z,"NVDA",2023-10-05T15:00:00Z,Buy,44.4577570576,44.1219854704,72997,-24510.32,729.97,-29470.74,0,29470.74,0,"	4423,4424" 
2023-10-06T14:30:00Z,"AMD",2023-10-06T19:59:00Z,Buy,104.44,107.21,30173,83579.21,301.73,0,101683.01,18103.8,1,"	4425,4427" 
2023-10-06T16:00:00Z,"NVDA",2023-10-06T19:59:00Z,Buy,45.449082696,45.7368869136,72055,20737.73,720.55,-4824.4,20809.74,13105.1,1,"	4426,4428" 
2023-10-10T14:00:00Z,"NVDA",2023-10-10T14:30:00Z,Buy,45.5420194746,45.578994322,72392,2676.68,723.92,-11430.16,3038.4,14106.84,1,"	4430,4431" 
2023-10-10T14:00:00Z,"TSLA",2023-10-10T17:00:00Z,Buy,265.3,265.29,11036,-110.36,110.36,-15229.68,37853.48,38294.92,0,"	4429,4433" 
2023-10-10T16:00:00Z,"AMD",2023-10-10T17:30:00Z,Buy,109.62,108.78,25441,-21370.44,254.41,-29765.97,11702.86,41468.83,0,"	4432,4434" 
2023-10-11T15:00:00Z,"NVDA",2023-10-11T15:30:00Z,Buy,46.5943036452,46.4054321274,70479,-13311.48,704.79,-13311.48,4578.02,17889.5,0,"	4435,4436" 
2023-10-12T14:00:00Z,"AMD",2023-10-12T15:30:00Z,Buy,110,110.09,16674,1500.66,166.74,-1333.92,20509.02,21842.94,1,"	4437,4439" 
2023-10-12T14:00:00Z,"NVDA",2023-10-12T15:30:00Z,Buy,47.1419311148,47.1769073218,62322,2179.79,623.22,-3923.62,24102.22,26095.17,1,"	4438,4440" 
2023-10-12T18:00:00Z,"TSLA",2023-10-12T18:30:00Z,Sell,258.54,259.1,12672,-7096.32,126.72,-7856.64,22429.44,30286.08,0,"	4441,4442" 
2023-10-13T14:00:00Z,"AMD",2023-10-13T19:59:00Z,Sell,107.1,105.04,22045,45412.7,220.45,-8377.1,51364.85,26013.1,1,"	4443,4448" 
2023-10-13T14:30:00Z,"NVDA",2023-10-13T15:00:00Z,Sell,46.5523321968,46.4094294082,69974,9999.48,699.74,-12167.2,11957.42,13635.65,1,"	4445,4446" 
2023-10-13T14:30:00Z,"TSLA",2023-10-13T19:59:00Z,Sell,255.23,251.03,12832,53894.4,128.32,-11420.48,61721.92,22584.32,1,"	4444,4447" 
2023-10-16T14:30:00Z,"AMD",2023-10-16T16:00:00Z,Buy,107.26,106.65,30261,-18459.21,302.61,-19064.43,6052.2,25116.63,0,"	4449,4451" 
2023-10-16T14:30:00Z,"NVDA",2023-10-16T16:00:00Z,Buy,45.9907142444,45.7918495246,65877,-13100.61,658.77,-15602.24,11125.64,24226.26,0,"	4450,4452" 
2023-10-17T14:00:00Z,"AMD",2023-10-17T14:30:00Z,Sell,102.48,104.69,31231,-69020.51,312.31,-69332.82,0,69332.82,0,"	4453,4455" 
2023-10-17T14:00:00Z,"NVDA",2023-10-17T14:30:00Z,Sell,42.9707686,43.7032703066,74424,-54515.71,744.24,-58085.63,0,58085.63,0,"	4454,4456" 
2023-10-18T14:30:00Z,"TSLA",2023-10-18T19:59:00Z,Sell,250.44,242.73,12932,99705.72,129.32,0,106495.02,40477.16,1,"	4457,4460" 
2023-10-18T19:00:00Z,"AMD",2023-10-18T19:30:00Z,Sell,102.06,102.17,32391,-3563.01,323.91,-4210.83,7935.8,12146.62,0,"	4458,4459" 
2023-10-19T14:00:00Z,"TSLA",2023-10-19T19:59:00Z,Sell,223.66,221,14371,38226.86,143.71,-33340.72,95567.15,57340.29,1,"	4461,4462" 
2023-10-20T14:00:00Z,"AMD",2023-10-20T14:30:00Z,Buy,103.47,103.03,32168,-14153.92,321.68,-17049.04,21391.72,38440.76,0,"	4463,4464" 
2023-10-20T15:00:00Z,"NVDA",2023-10-20T17:00:00Z,Sell,41.0740588604,41.6106938078,80772,-43345.08,807.72,-43345.08,0,43345.08,0,"	4465,4468" 
2023-10-20T15:30:00Z,"TSLA",2023-10-20T17:00:00Z,Sell,211.63,215.06,9896,-33943.28,98.96,-34932.88,10093.92,45026.8,0,"	4466,4467" 
2023-10-23T14:00:00Z,"NVDA",2023-10-23T19:59:00Z,Buy,41.9084912274,42.9018155062,72408,71924.62,724.08,-10564.38,92836.31,26266.24,1,"	4469,4472" 
2023-10-23T17:00:00Z,"TSLA",2023-10-23T17:30:00Z,Buy,216.74,213.61,8532,-26705.16,85.32,-30373.92,0,30373.92,0,"	4470,4471" 
2023-10-24T14:00:00Z,"TSLA",2023-10-24T15:00:00Z,Buy,220.31,217.85,8039,-19775.94,80.39,-21705.3,11978.11,33683.41,0,"	4473,4474" 
2023-10-25T14:00:00Z,"AMD",2023-10-25T19:59:00Z,Sell,99.91,96.07,32854,126159.36,328.54,-7556.42,153428.18,32196.92,1,"	4475,4477" 
2023-10-25T15:30:00Z,"NVDA",2023-10-25T19:59:00Z,Sell,42.8688379396,41.7396061136,68046,76839.71,680.46,-1835.99,90167.66,26451.9,1,"	4476,4478" 
2023-10-26T14:00:00Z,"TSLA",2023-10-26T14:30:00Z,Sell,208.46,210.98,12306,-31011.12,123.06,-33017,10090.92,43107.92,0,"	4479,4481" 
2023-10-26T14:00:00Z,"NVDA",2023-10-26T19:00:00Z,Sell,41.1530051562,40.8911832638,82991,21728.86,829.91,-8874,103170.62,81441.76,1,"	4480,4484" 
2023-10-26T14:30:00Z,"AMD",2023-10-26T19:00:00Z,Sell,94.36,95.14,36075,-28138.5,360.75,-35714.25,41486.25,69624.75,0,"	4482,4483" 
2023-10-27T16:00:00Z,"AMD",2023-10-27T16:30:00Z,Buy,97.22,96.81,34887,-14303.67,348.87,-18490.11,1395.48,19885.59,0,"	4485,4486" 
2023-10-30T14:00:00Z,"NVDA",2023-10-30T14:30:00Z,Buy,41.5237529504,40.907172387,66643,-41090.78,666.43,-41090.78,266.39,41357.17,0,"	4487,4490" 
2023-10-30T14:30:00Z,"AMD",2023-10-30T15:30:00Z,Sell,95.16,95.04,29328,3519.36,293.28,-14370.72,10264.8,24635.52,1,"	4489,4491" 
2023-10-30T14:30:00Z,"TSLA",2023-10-30T19:59:00Z,Sell,201.43,197.33,16653,68277.3,166.53,-999.18,111408.57,65612.82,1,"	4488,4492" 
2023-10-31T14:00:00Z,"NVDA",2023-10-31T14:30:00Z,Sell,39.6190486492,39.8648814184,85821,-21097.61,858.21,-24699.65,10291.52,34991.16,0,"	4493,4494" 
2023-10-31T15:00:00Z,"AMD",2023-10-31T15:30:00Z,Buy,97.1,96.31,30969,-24465.51,309.69,-24465.51,8361.63,32827.14,0,"	4495,4496" 
2023-10-31T19:00:00Z,"TSLA",2023-10-31T19:59:00Z,Buy,201.54,200.88,16724,-11037.84,167.24,-15051.6,15887.8,30939.4,0,"	4497,4498" 
2023-11-01T14:00:00Z,"AMD",2023-11-01T19:59:00Z,Buy,102.34,108.03,26709,151974.21,267.09,0,154645.11,43001.49,1,"	4499,4502" 
2023-11-01T14:30:00Z,"NVDA",2023-11-01T17:30:00Z,Buy,41.5857108028,41.62168633,81707,2939.45,817.07,-9308.27,33640.4,35232.6,1,"	4500,4501" 
2023-11-02T14:00:00Z,"TSLA",2023-11-02T15:00:00Z,Buy,215.76,216.93,16060,18790.2,160.6,-33244.2,21921.9,33244.2,1,"	4503,4504" 
2023-11-03T14:00:00Z,"TSLA",2023-11-03T14:30:00Z,Buy,225.12,222.59,11270,-28513.1,112.7,-37303.7,0,37303.7,0,"	4505,4506" 
2023-11-03T15:30:00Z,"NVDA",2023-11-03T19:59:00Z,Buy,44.4477638556,44.954419197,77815,39425.39,778.15,0,63842.69,26322.47,1,"	4507,4510" 
2023-11-03T17:30:00Z,"AMD",2023-11-03T19:59:00Z,Buy,111.67,112.25,22246,12902.68,222.46,0,36038.52,25026.75,1,"	4508,4509" 
2023-11-07T16:00:00Z,"AMD",2023-11-07T16:30:00Z,Buy,114.43,113.8,19020,-11982.6,190.2,-14074.8,2472.6,16547.4,0,"	4511,4512" 
2023-11-08T15:00:00Z,"NVDA",2023-11-08T15:30:00Z,Buy,46.4374103738,46.1556020774,75053,-21150.56,750.53,-23925.63,0,23925.63,0,"	4513,4515" 
2023-11-08T15:30:00Z,"TSLA",2023-11-08T16:00:00Z,Sell,218.26,219.65,13805,-19188.95,138.05,-20845.55,0,20845.55,0,"	4514,4516" 
2023-11-09T15:00:00Z,"AMD",2023-11-09T15:30:00Z,Buy,114.9,114.21,27496,-18972.24,274.96,-18972.24,8523.76,27496,0,"	4517,4520" 
2023-11-09T15:00:00Z,"NVDA",2023-11-09T16:00:00Z,Buy,47.8014824468,47.6715708208,72334,-9397.03,723.34,-29419.92,0,29419.92,0,"	4518,4521" 
2023-11-09T15:30:00Z,"TSLA",2023-11-09T20:59:00Z,Sell,213.98,210,10261,40838.78,102.61,-11902.76,73981.81,36836.99,1,"	4519,4522" 
2023-11-10T15:00:00Z,"AMD",2023-11-10T20:59:00Z,Buy,116.99,118.47,26988,39942.24,269.88,-10795.2,71788.08,35354.28,1,"	4523,4528" 
2023-11-10T16:00:00Z,"NVDA",2023-11-10T16:30:00Z,Buy,47.8404559346,47.7545143974,72569,-6236.69,725.69,-7614.57,8992.44,16607,0,"	4524,4525" 
2023-11-10T19:00:00Z,"TSLA",2023-11-10T20:59:00Z,Buy,214.68,214.49,10233,-1944.27,102.33,-9312.03,6139.8,15451.83,0,"	4526,4527" 
2023-11-13T15:00:00Z,"AMD",2023-11-13T16:00:00Z,Sell,116.64,117.01,23705,-8770.85,237.05,-22756.8,8533.8,25601.4,0,"	4529,4532" 
2023-11-13T15:30:00Z,"NVDA",2023-11-13T18:30:00Z,Buy,48.8697557406,48.6878794642,71315,-12970.51,713.15,-20025.89,9799.15,25620.31,0,"	4531,4533" 
2023-11-13T15:30:00Z,"TSLA",2023-11-13T20:59:00Z,Buy,220,223.81,8540,32537.4,85.4,-4013.8,45176.6,31000.2,1,"	4530,4534" 
2023-11-14T16:00:00Z,"AMD",2023-11-14T17:00:00Z,Buy,121.56,120.62,22373,-21030.62,223.73,-24834.03,2684.76,27518.79,0,"	4535,4536" 
2023-11-15T15:00:00Z,"AMD",2023-11-15T15:30:00Z,Sell,117.28,118.5,22233,-27124.26,222.33,-39463.58,2667.96,42131.54,0,"	4537,4539" 
2023-11-15T15:00:00Z,"NVDA",2023-11-15T16:30:00Z,Sell,48.821788371,49.2754797418,71209,-32306.91,712.09,-39280.65,0,39280.65,0,"	4538,4541" 
2023-11-15T16:00:00Z,"TSLA",2023-11-15T17:00:00Z,Buy,246.41,241.98,5635,-24963.05,56.35,-25470.2,788.9,26259.1,0,"	4540,4542" 
2023-11-16T17:30:00Z,"AMD",2023-11-16T18:00:00Z,Buy,120.52,120.4,26829,-3219.48,268.29,-6036.52,5365.8,11402.32,0,"	4543,4544" 
2023-11-16T18:30:00Z,"TSLA",2023-11-16T20:30:00Z,Sell,233.72,232.74,8420,8251.6,84.2,-3536.4,22607.7,18987.1,1,"	4545,4546" 
2023-11-20T15:30:00Z,"NVDA",2023-11-20T17:30:00Z,Buy,49.7401636348,49.7891303246,68833,3370.52,688.33,-9595.68,6397.12,14204.35,1,"	4547,4548" 
2023-11-21T15:00:00Z,"TSLA",2023-11-21T15:30:00Z,Buy,241.33,240.16,7747,-9063.99,77.47,-11155.68,16810.99,27966.67,0,"	4549,4550" 
2023-11-21T15:30:00Z,"NVDA",2023-11-21T17:30:00Z,Sell,49.246499456,49.6282397724,69418,-26499.65,694.18,-37737.72,1595.53,39333.25,0,"	4552,4553" 
2023-11-21T15:30:00Z,"AMD",2023-11-21T18:00:00Z,Sell,118.42,118.84,28872,-12126.24,288.72,-18766.8,9239.04,28005.84,0,"	4551,4554" 
2023-11-22T15:00:00Z,"AMD",2023-11-22T15:30:00Z,Buy,123.22,122.7,27536,-14318.72,275.36,-45709.76,0,45709.76,0,"	4556,4558" 
2023-11-22T15:00:00Z,"NVDA",2023-11-22T17:30:00Z,Sell,48.596941326,48.8437734154,69792,-17226.91,697.92,-17924.35,56981.3,74905.65,0,"	4557,4559" 
2023-11-22T15:00:00Z,"TSLA",2023-11-22T20:59:00Z,Sell,236.73,234.35,10191,24254.58,101.91,0,51770.28,31490.19,1,"	4555,4560" 
2023-11-27T14:31:00Z,"NVDA",2023-11-27T15:00:00Z,Sell,47.76750556,48.1052757876,70949,-23964.46,709.49,-29920.12,3899.54,33819.67,0,"	4561,4562" 
2023-11-28T15:00:00Z,"NVDA",2023-11-28T15:30:00Z,Sell,47.7315300328,47.6795653824,66237,3441.98,662.37,-5162.97,12046.94,12973.63,1,"	4563,4564" 
2023-11-28T17:00:00Z,"TSLA",2023-11-28T20:59:00Z,Buy,241.95,246.74,13611,65196.69,136.11,-6601.34,65468.91,20416.5,1,"	4565,4566" 
2023-11-29T15:00:00Z,"AMD",2023-11-29T15:30:00Z,Buy,125.33,125.14,27257,-5178.83,272.57,-23168.45,4361.12,27529.57,0,"	4567,4568" 
2023-11-30T15:30:00Z,"AMD",2023-11-30T20:59:00Z,Sell,122.07,121.23,27953,23480.52,279.53,-6988.25,64012.37,40531.85,1,"	4569,4573" 
2023-11-30T15:30:00Z,"NVDA",2023-11-30T20:59:00Z,Sell,47.342794475,46.803161567,72056,38883.79,720.56,-10152.99,67254.55,28370.76,1,"	4570,4574" 
2023-11-30T17:00:00Z,"TSLA",2023-11-30T17:30:00Z,Sell,239.7,240.19,9139,-4478.11,91.39,-6854.25,3746.99,10601.24,0,"	4571,4572" 
2023-12-01T15:30:00Z,"AMD",2023-12-01T16:00:00Z,Sell,118.86,120.01,29026,-33379.9,290.26,-33379.9,2322.08,35701.98,0,"	4575,4576" 
2023-12-04T15:00:00Z,"AMD",2023-12-04T17:00:00Z,Sell,118.22,118.35,28992,-3768.96,289.92,-9567.36,50736,54504.96,0,"	4577,4581" 
2023-12-04T15:30:00Z,"NVDA",2023-12-04T17:00:00Z,Sell,45.2472200156,45.4360915334,76248,-14401.08,762.48,-14401.08,20191.98,34593.06,0,"	4578,4582" 
2023-12-04T16:00:00Z,"TSLA",2023-12-04T16:30:00Z,Sell,233.71,235.46,10066,-17615.5,100.66,-18722.76,3120.46,21843.22,0,"	4579,4580" 
2023-12-05T15:00:00Z,"NVDA",2023-12-05T16:30:00Z,Buy,46.0667169614,46.0207441888,73868,-3395.92,738.68,-5241.52,34106.82,39348.34,0,"	4584,4585" 
2023-12-05T15:00:00Z,"TSLA",2023-12-05T18:00:00Z,Buy,238.15,241.25,10180,31558,101.8,0,85308.4,57415.2,1,"	4583,4586" 
2023-12-06T19:30:00Z,"AMD",2023-12-06T20:59:00Z,Sell,116.83,116.75,28233,2258.64,282.33,-14681.16,11857.86,26539.02,1,"	4587,4589" 
2023-12-06T19:30:00Z,"NVDA",2023-12-06T20:59:00Z,Sell,45.77289098,45.4141034721,52871,18969.45,528.71,-5601.01,19814.89,9458.31,1,"	4588,4590" 
2023-12-07T15:30:00Z,"AMD",2023-12-07T20:59:00Z,Buy,123.42,128.3,27835,135834.8,278.35,0,144185.3,34515.4,1,"	4591,4592" 
2023-12-08T15:00:00Z,"NVDA",2023-12-08T20:59:00Z,Buy,47.0941084882,47.4698859338,63355,23807.38,633.55,0,38022.16,34476.38,1,"	4593,4594" 
2023-12-11T15:00:00Z,"AMD",2023-12-11T17:00:00Z,Buy,131.83,132.16,11000,3630,110,0,33880,32670,1,"	4595,4598" 
2023-12-11T15:00:00Z,"NVDA",2023-12-11T18:30:00Z,Sell,46.8612464009,46.522447055,58704,19888.88,587.04,0,60488,43297.91,1,"	4596,4599" 
2023-12-11T17:00:00Z,"TSLA",2023-12-11T19:30:00Z,Sell,237.98,240.2,15044,-33397.68,150.44,-35654.28,2106.16,37760.44,0,"	4597,4600" 
2023-12-12T15:00:00Z,"NVDA",2023-12-12T15:30:00Z,Buy,47.301985373,46.9721807,65481,-21595.94,654.81,-21595.94,981.63,22577.57,0,"	4601,4602" 
2023-12-12T16:00:00Z,"AMD",2023-12-12T18:30:00Z,Buy,138.48,136.45,11518,-23381.54,115.18,-27297.66,16125.2,43422.86,0,"	4603,4605" 
2023-12-12T17:30:00Z,"TSLA",2023-12-12T19:00:00Z,Sell,234.35,236.27,14982,-28765.44,149.82,-32660.76,0,32660.76,0,"	4604,4606" 
2023-12-13T15:00:00Z,"NVDA",2023-12-13T15:30:00Z,Buy,48.331375716,48.3073899216,63243,-1516.93,632.43,-5024.84,13778.81,15295.75,0,"	4607,4608" 
2023-12-13T16:30:00Z,"TSLA",2023-12-13T19:30:00Z,Sell,229.39,234,15181,-69984.41,151.81,-75753.19,2884.39,78637.58,0,"	4609,4610" 
2023-12-14T15:00:00Z,"AMD",2023-12-14T15:30:00Z,Buy,141.12,140.84,11859,-3320.52,118.59,-9605.79,7352.58,16958.37,0,"	4612,4613" 
2023-12-14T15:00:00Z,"TSLA",2023-12-14T20:59:00Z,Buy,246.69,250.79,13928,57104.8,139.28,-19081.36,99863.76,92481.92,1,"	4611,4614" 
2023-12-15T15:30:00Z,"NVDA",2023-12-15T16:30:00Z,Buy,49.2448347194,49.0989211368,70496,-10286.32,704.96,-19374.93,6552.25,25927.17,0,"	4615,4616" 
2023-12-18T15:00:00Z,"TSLA",2023-12-18T16:00:00Z,Buy,256.78,255.54,9660,-11978.4,96.6,-11978.4,18160.8,30139.2,0,"	4617,4618" 
2023-12-18T19:30:00Z,"NVDA",2023-12-18T20:59:00Z,Buy,50.2472410437,50.0963304206,68781,-10379.78,687.81,-10379.78,9348.68,19728.46,0,"	4619,4620" 
2023-12-19T15:00:00Z,"AMD",2023-12-19T15:30:00Z,Buy,142.02,141.35,24285,-16270.95,242.85,-33756.15,0,33756.15,0,"	4621,4623" 
2023-12-19T15:30:00Z,"TSLA",2023-12-19T17:00:00Z,Buy,256.97,256.39,6581,-3816.98,65.81,-8028.82,8423.68,12240.66,0,"	4622,4624" 
2023-12-20T20:00:00Z,"TSLA",2023-12-20T20:59:00Z,Sell,249.37,247.2,6216,13488.72,62.16,-6837.6,13675.2,17777.76,1,"	4625,4628" 
2023-12-20T20:00:00Z,"AMD",2023-12-20T20:59:00Z,Sell,136.21,135.56,25214,16389.1,252.14,-18154.08,18154.08,36056.02,1,"	4626,4629" 
2023-12-20T20:00:00Z,"NVDA",2023-12-20T20:59:00Z,Sell,48.4902816039,48.1794656848,53789,16718.48,537.89,-5536.99,17578.59,18492.46,1,"	4627,4630" 
2023-12-21T16:30:00Z,"AMD",2023-12-21T19:00:00Z,Buy,139.32,138.98,24875,-8457.5,248.75,-17412.5,7835.62,25248.12,0,"	4631,4632" 
2023-12-22T19:30:00Z,"TSLA",2023-12-22T20:00:00Z,Sell,251.77,253.26,12363,-18420.87,123.63,-18420.87,1607.19,20028.06,0,"	4633,4635" 
2023-12-22T19:30:00Z,"AMD",2023-12-22T20:00:00Z,Sell,138.67,139.33,24948,-16465.68,249.48,-16465.68,5738.04,22203.72,0,"	4634,4636" 
2023-12-26T15:00:00Z,"AMD",2023-12-26T16:00:00Z,Buy,142.13,141.44,24179,-16683.51,241.79,-16683.51,10638.76,27322.27,0,"	4637,4639" 
2023-12-26T15:00:00Z,"NVDA",2023-12-26T16:00:00Z,Buy,49.4077382397,49.220848925,69554,-12998.9,695.54,-15292.82,7090.31,22383.13,0,"	4638,4640" 
2023-12-26T16:30:00Z,"TSLA",2023-12-26T20:00:00Z,Buy,256.41,256.63,11871,2611.62,118.71,-2849.04,16975.53,18993.6,1,"	4641,4642" 
2023-12-27T15:00:00Z,"TSLA",2023-12-27T20:00:00Z,Buy,262.54,261.5,11014,-11454.56,110.14,-18944.08,8040.22,26984.3,0,"	4643,4644" 
2023-12-28T15:30:00Z,"AMD",2023-12-28T20:30:00Z,Buy,149.19,148.98,19852,-4168.92,198.52,-10720.08,20249.04,30969.12,0,"	4645,4647" 
2023-12-28T16:30:00Z,"TSLA",2023-12-28T20:59:00Z,Sell,258.97,253.03,11208,66575.52,112.08,-8742.24,69265.44,18605.28,1,"	4646,4648" 
2023-12-29T16:00:00Z,"NVDA",2023-12-29T18:30:00Z,Sell,49.2328418222,49.3957453425,70080,-11416.28,700.8,-11696.43,33128.22,44824.65,0,"	4650,4651" 
2023-12-29T16:00:00Z,"TSLA",2023-12-29T19:00:00Z,Sell,249.61,250.76,7101,-8166.15,71.01,-9799.38,14628.06,24427.44,0,"	4649,4652" 
2024-01-02T15:00:00Z,"NVDA",2024-01-02T16:30:00Z,Sell,47.8526592361,48.0935165882,71807,-17295.24,718.07,-17295.24,19304.65,36599.89,0,"	4654,4655" 
2024-01-02T15:00:00Z,"AMD",2024-01-02T20:59:00Z,Sell,140.93,138.69,14412,32282.88,144.12,-9800.16,50009.64,25076.88,1,"	4653,4656" 
2024-01-03T15:00:00Z,"TSLA",2024-01-03T17:00:00Z,Sell,239.14,240.1,13737,-13187.52,137.37,-14629.9,35578.83,48766.35,0,"	4657,4658" 
2024-01-04T16:30:00Z,"AMD",2024-01-04T17:00:00Z,Buy,137.53,136.62,15309,-13931.19,153.09,-14696.64,918.54,15615.18,0,"	4659,4661" 
2024-01-04T16:30:00Z,"NVDA",2024-01-04T18:00:00Z,Buy,48.2804059029,48.1764674605,71209,-7401.35,712.09,-16795.38,12027.2,28822.57,0,"	4660,4662" 
2024-01-05T15:00:00Z,"AMD",2024-01-05T17:30:00Z,Buy,138.31,139.23,15428,14193.76,154.28,0,40729.92,26536.16,1,"	4663,4665" 
2024-01-05T15:30:00Z,"NVDA",2024-01-05T20:00:00Z,Buy,48.9340188003,48.931020576,70302,-210.78,703.02,-3161.72,39064.78,42226.49,0,"	4664,4666" 
2024-01-08T15:00:00Z,"AMD",2024-01-08T20:59:00Z,Buy,143.14,146.27,16589,51923.57,165.89,-2654.24,65028.88,22809.88,1,"	4667,4671" 
2024-01-08T15:00:00Z,"NVDA",2024-01-08T20:59:00Z,Buy,51.0507651561,52.1920892063,67230,76731.22,672.3,-7458.11,76731.22,33393.53,1,"	4668,4672" 
2024-01-08T20:00:00Z,"TSLA",2024-01-08T20:59:00Z,Buy,240.71,240.57,14515,-2032.1,145.15,-5660.85,5515.7,9579.9,0,"	4669,4670" 
2024-01-09T15:00:00Z,"TSLA",2024-01-09T17:00:00Z,Sell,235.61,235.15,14919,6862.74,149.19,-5072.46,49531.08,44309.43,1,"	4673,4674" 
2024-01-09T17:30:00Z,"NVDA",2024-01-09T20:59:00Z,Buy,53.4043712316,53.0875588639,54933,-17403.45,549.33,-19434.77,48367.33,67802.1,0,"	4675,4676" 
2024-01-10T15:00:00Z,"AMD",2024-01-10T15:30:00Z,Sell,147.45,148.4,21071,-20017.45,210.71,-20438.87,13906.86,34345.73,0,"	4677,4678" 
2024-01-10T16:00:00Z,"NVDA",2024-01-10T16:30:00Z,Buy,54.5406982413,54.2688592381,57380,-15598.12,573.8,-19956.42,344.08,20300.5,0,"	4679,4680" 
2024-01-11T15:00:00Z,"TSLA",2024-01-11T19:00:00Z,Sell,228.07,227.68,15277,5958.03,152.77,-1833.24,37428.65,35595.41,1,"	4681,4684" 
2024-01-11T16:30:00Z,"AMD",2024-01-11T18:00:00Z,Sell,144.61,145.78,18876,-22084.92,188.76,-22651.2,13590.72,36241.92,0,"	4682,4683" 
2024-01-12T20:00:00Z,"TSLA",2024-01-12T20:30:00Z,Sell,217.74,218.54,15950,-12760,159.5,-13079,2711.5,15790.5,0,"	4685,4686" 
2024-01-16T15:00:00Z,"NVDA",2024-01-16T20:30:00Z,Buy,55.7100057183,56.0597985533,58098,20322.26,580.98,-8419.22,60792.6,42386.44,1,"	4688,4691" 
2024-01-16T15:00:00Z,"AMD",2024-01-16T20:59:00Z,Buy,154.1,158.66,19697,89818.32,196.97,-7681.83,108530.47,70318.29,1,"	4687,4692" 
2024-01-16T15:30:00Z,"TSLA",2024-01-16T16:30:00Z,Buy,222.99,221.4,15769,-25072.71,157.69,-48410.83,6149.91,54560.74,0,"	4689,4690" 
2024-01-17T15:00:00Z,"AMD",2024-01-17T15:30:00Z,Sell,154.61,156.51,10800,-20520,108,-22248,0,22248,0,"	4693,4695" 
2024-01-17T15:00:00Z,"NVDA",2024-01-17T15:30:00Z,Sell,54.9434597056,55.3941927587,64056,-28872.16,640.56,-32841.28,10370.93,43212.21,0,"	4694,4696" 
2024-01-18T16:00:00Z,"TSLA",2024-01-18T20:59:00Z,Sell,211.45,211.98,16487,-8738.11,164.87,-19454.66,43772.98,52511.1,0,"	4697,4698" 
2024-01-19T17:30:00Z,"NVDA",2024-01-19T20:59:00Z,Buy,58.855143009,59.424805626,59151,33696.11,591.51,-7803.31,34641.97,16138.66,1,"	4699,4702" 
2024-01-19T19:30:00Z,"AMD",2024-01-19T20:59:00Z,Buy,169.69,173.8,10470,43031.7,104.7,-2094,43031.7,5549.1,1,"	4700,4701" 
2024-01-22T15:00:00Z,"TSLA",2024-01-22T15:30:00Z,Buy,217,212.68,16279,-70325.28,162.79,-70325.28,6837.18,77162.46,0,"	4703,4705" 
2024-01-22T15:00:00Z,"AMD",2024-01-22T17:00:00Z,Sell,169.28,168.38,11570,10413,115.7,-5785,57734.3,47321.3,1,"	4704,4706" 
2024-01-24T15:00:00Z,"AMD",2024-01-24T19:30:00Z,Buy,175.64,177.23,8995,14302.05,89.95,-8545.25,42906.15,36249.85,1,"	4707,4709" 
2024-01-24T15:00:00Z,"NVDA",2024-01-24T20:30:00Z,Buy,61.2427289599,61.1907597387,52451,-2725.84,524.51,-8754.13,79730.75,82456.59,0,"	4708,4710" 
2024-01-25T15:30:00Z,"TSLA",2024-01-25T20:59:00Z,Sell,187.11,182.69,18697,82640.74,186.97,-3365.46,129757.18,61700.1,1,"	4711,4712" 
2024-01-29T15:00:00Z,"NVDA",2024-01-29T15:30:00Z,Buy,61.6784708915,61.683467932,57622,287.94,576.22,-14224.21,5989.14,14224.21,1,"	4713,4714" 
2024-01-29T16:00:00Z,"TSLA",2024-01-29T17:30:00Z,Buy,187.29,187.66,8412,3112.44,84.12,0,29442,26329.56,1,"	4715,4716" 
2024-01-30T18:30:00Z,"AMD",2024-01-30T20:59:00Z,Sell,172.38,172.19,18231,3463.89,182.31,-10938.6,49041.39,59979.99,1,"	4717,4718" 
2024-02-01T16:00:00Z,"TSLA",2024-02-01T16:30:00Z,Sell,184.56,185.12,7191,-4026.96,71.91,-6471.9,287.64,6759.54,0,"	4719,4720" 
2024-02-01T18:00:00Z,"NVDA",2024-02-01T20:59:00Z,Buy,62.512976655,62.9757026053,56871,26315.69,568.71,-10003.37,35466.5,16539.67,1,"	4721,4722" 
2024-02-02T15:00:00Z,"AMD",2024-02-02T15:30:00Z,Buy,177.87,175.74,20081,-42772.53,200.81,-42772.53,16265.61,59038.14,0,"	4723,4726" 
2024-02-02T15:00:00Z,"NVDA",2024-02-02T20:59:00Z,Buy,65.1654057524,66.1268363446,54838,52722.93,548.38,-23018.33,75138.4,38473.49,1,"	4724,4728" 
2024-02-02T15:30:00Z,"TSLA",2024-02-02T16:30:00Z,Sell,183.68,183.42,17550,4563,175.5,-4036.5,19480.5,18427.5,1,"	4725,4727" 
2024-02-05T15:00:00Z,"NVDA",2024-02-05T15:30:00Z,Buy,69.288963573,68.1176572798,51707,-60564.73,517.07,-73535.51,0,73535.51,0,"	4730,4732" 
2024-02-05T15:00:00Z,"TSLA",2024-02-05T17:30:00Z,Sell,182.6,180.36,19613,43933.12,196.13,0,145920.72,101987.6,1,"	4729,4733" 
2024-02-05T15:30:00Z,"AMD",2024-02-05T19:30:00Z,Sell,173.92,174.34,17769,-7462.98,177.69,-17946.69,49575.51,67522.2,0,"	4731,4734" 
2024-02-06T15:00:00Z,"TSLA",2024-02-06T15:30:00Z,Buy,183.91,182.83,19384,-20934.72,193.84,-20934.72,43226.32,64161.04,0,"	4735,4738" 
2024-02-06T15:00:00Z,"NVDA",2024-02-06T20:00:00Z,Sell,68.2535767814,67.9567525757,44657,13255.28,446.57,-2320.79,84530.29,72301.52,1,"	4737,4739" 
2024-02-06T15:00:00Z,"AMD",2024-02-06T20:59:00Z,Sell,168.86,167.87,16748,16580.52,167.48,-8708.96,55100.92,43879.76,1,"	4736,4740" 
2024-02-07T15:30:00Z,"NVDA",2024-02-07T16:00:00Z,Buy,69.2579819219,68.799253604,44705,-20507.45,447.05,-20507.45,8488.92,28996.37,0,"	4741,4742" 
2024-02-09T15:00:00Z,"TSLA",2024-02-09T16:00:00Z,Buy,193.64,192.07,18367,-28836.19,183.67,-37101.34,6244.78,43346.12,0,"	4743,4745" 
2024-02-09T15:30:00Z,"AMD",2024-02-09T16:00:00Z,Buy,173.87,173.39,18197,-8734.56,181.97,-22018.37,0,22018.37,0,"	4744,4746" 
2024-02-09T16:00:00Z,"NVDA",2024-02-09T17:00:00Z,Buy,71.4946572497,71.5096483712,44951,673.87,449.51,-10197.84,10692.01,20889.84,1,"	4747,4748" 
2024-02-12T16:00:00Z,"NVDA",2024-02-12T17:30:00Z,Buy,74.05614021,73.5454426709,43492,-22211.26,434.92,-30556.78,17777.7,48334.48,0,"	4749,4752" 
2024-02-12T16:30:00Z,"AMD",2024-02-12T19:00:00Z,Buy,175.94,174.01,20063,-38721.59,200.63,-46546.16,29291.98,75838.14,0,"	4750,4753" 
2024-02-12T17:30:00Z,"TSLA",2024-02-12T20:59:00Z,Sell,188.31,188.17,18730,2622.2,187.3,-34088.6,17606.2,34088.6,1,"	4751,4754" 
2024-02-14T15:00:00Z,"NVDA",2024-02-14T15:30:00Z,Buy,74.0041709888,74.0451467209,42814,1754.33,428.14,-13478.43,6375.51,19853.94,1,"	4756,4757" 
2024-02-14T15:00:00Z,"AMD",2024-02-14T16:00:00Z,Buy,175.37,175.4,19914,597.42,199.14,-1393.98,41421.12,40823.7,1,"	4755,4758" 
2024-02-14T19:30:00Z,"TSLA",2024-02-14T20:00:00Z,Buy,187.17,186.92,14379,-3594.75,143.79,-6182.97,1437.9,7620.87,0,"	4759,4760" 
2024-02-15T15:00:00Z,"AMD",2024-02-15T15:30:00Z,Sell,176.52,176.84,19769,-6326.08,197.69,-29258.12,0,29258.12,0,"	4762,4764" 
2024-02-15T15:00:00Z,"NVDA",2024-02-15T15:30:00Z,Sell,72.4580866581,73.0277492751,48162,-27436.09,481.62,-34704.25,0,34704.25,0,"	4763,4765" 
2024-02-15T15:00:00Z,"TSLA",2024-02-15T16:00:00Z,Buy,192.89,193.05,15385,2461.6,153.85,-1846.2,40924.1,38462.5,1,"	4761,4766" 
2024-02-16T15:00:00Z,"AMD",2024-02-16T15:30:00Z,Sell,174.93,174.32,19825,12093.25,198.25,-7335.25,23988.25,31323.5,1,"	4767,4768" 
2024-02-20T15:00:00Z,"AMD",2024-02-20T20:00:00Z,Sell,166.53,165.17,19743,26850.48,197.43,-394.86,89238.36,66336.48,1,"	4770,4772" 
2024-02-20T15:00:00Z,"NVDA",2024-02-20T20:00:00Z,Sell,69.0660955667,69.1170653798,50316,-2564.6,503.16,-13979.57,63863.5,77843.07,0,"	4771,4773" 
2024-02-20T15:00:00Z,"TSLA",2024-02-20T20:30:00Z,Sell,193.28,193.15,10535,1369.55,105.35,-10745.7,42666.75,41297.2,1,"	4769,4774" 
2024-02-21T15:00:00Z,"TSLA",2024-02-21T15:30:00Z,Buy,197.22,196.15,14357,-15361.99,143.57,-16941.26,25268.32,42209.58,0,"	4775,4776" 
2024-02-21T19:30:00Z,"NVDA",2024-02-21T20:30:00Z,Sell,66.770455161,66.8594024819,52151,-4638.69,521.51,-8704.06,25330.38,29969.08,0,"	4777,4778" 
2024-02-22T15:00:00Z,"AMD",2024-02-22T20:59:00Z,Buy,176.66,181.62,18829,93391.84,188.29,-5648.7,132273.72,47260.79,1,"	4779,4781" 
2024-02-22T15:00:00Z,"NVDA",2024-02-22T20:59:00Z,Buy,77.074352672,78.4295500556,45154,61192.58,451.54,-6408.07,63381.26,41065.82,1,"	4780,4782" 
2024-02-23T15:00:00Z,"AMD",2024-02-23T20:59:00Z,Sell,178.31,176.73,11391,17997.78,113.91,-7745.88,40893.69,27680.13,1,"	4783,4784" 
2024-02-26T15:00:00Z,"TSLA",2024-02-26T20:59:00Z,Buy,196.45,199.4,18296,53973.2,182.96,-914.8,92211.84,52875.44,1,"	4785,4786" 
2024-02-28T16:00:00Z,"TSLA",2024-02-28T17:30:00Z,Buy,203.73,203.24,17816,-8729.84,178.16,-12114.88,24764.24,36879.12,0,"	4787,4788" 
2024-02-29T15:00:00Z,"AMD",2024-02-29T20:59:00Z,Buy,183,192.76,12502,122019.52,125.02,0,123644.78,45507.28,1,"	4789,4790" 
2024-03-01T15:30:00Z,"NVDA",2024-03-01T20:59:00Z,Buy,80.7431798071,82.1873245116,45899,66284.8,458.99,-7201.88,66560.03,22798.3,1,"	4791,4794" 
2024-03-01T19:30:00Z,"AMD",2024-03-01T20:00:00Z,Buy,202.43,202.08,8127,-2844.45,81.27,-11946.69,0,11946.69,0,"	4792,4793" 
2024-03-04T15:00:00Z,"TSLA",2024-03-04T20:59:00Z,Sell,193.28,188.37,19382,95165.62,193.82,-1550.56,125207.72,62410.04,1,"	4795,4799" 
2024-03-04T15:30:00Z,"AMD",2024-03-04T16:30:00Z,Buy,208.26,207.82,9694,-4265.36,96.94,-7367.44,23265.6,30633.04,0,"	4796,4798" 
2024-03-04T15:30:00Z,"NVDA",2024-03-04T20:59:00Z,Buy,84.789783204,85.1735559144,44375,17029.91,443.75,0,124797.34,117701.54,1,"	4797,4800" 
2024-03-05T15:30:00Z,"NVDA",2024-03-05T16:30:00Z,Sell,84.10413825,84.67182869,45379,-25761.22,453.79,-28618.54,29480.27,58098.82,0,"	4802,4803" 
2024-03-05T15:30:00Z,"TSLA",2024-03-05T17:30:00Z,Sell,178.88,181.26,19424,-46229.12,194.24,-46229.12,25056.96,71286.08,0,"	4801,4804" 
2024-03-06T15:00:00Z,"TSLA",2024-03-06T16:00:00Z,Sell,176.25,176.96,18447,-13097.37,184.47,-33758.01,43165.98,76923.99,0,"	4805,4806" 
2024-03-06T18:30:00Z,"NVDA",2024-03-06T19:00:00Z,Buy,89.426236125,89.01945794,42060,-17109.09,420.6,-33839.85,3110.74,36950.59,0,"	4807,4808" 
2024-03-07T15:00:00Z,"NVDA",2024-03-07T20:59:00Z,Buy,90.4506775,92.59950575,41462,89094.72,414.62,-414.39,91705.4,31162.43,1,"	4809,4810" 
2024-03-08T15:00:00Z,"NVDA",2024-03-08T16:00:00Z,Buy,95.67582824,95.3280179,39817,-13848.76,398.17,-28334.25,64229.61,92563.87,0,"	4812,4813" 
2024-03-08T15:00:00Z,"AMD",2024-03-08T16:30:00Z,Buy,219.85,211.61,16387,-135028.88,163.87,-139125.63,111103.86,250229.49,0,"	4811,4814" 
2024-03-11T14:00:00Z,"TSLA",2024-03-11T14:30:00Z,Buy,181.83,179.87,17239,-33788.44,172.39,-45338.57,14825.54,60164.11,0,"	4815,4818" 
2024-03-11T14:00:00Z,"AMD",2024-03-11T14:30:00Z,Sell,197.09,200.24,18813,-59260.95,188.13,-74123.22,0,74123.22,0,"	4816,4819" 
2024-03-11T14:00:00Z,"NVDA",2024-03-11T14:30:00Z,Sell,85.502375795,87.057527775,27566,-42869.32,275.66,-45321.36,4793.87,50115.23,0,"	4817,4820" 
2024-03-12T14:00:00Z,"TSLA",2024-03-12T14:30:00Z,Sell,173.2,175.3,20883,-43854.3,208.83,-44480.79,6473.73,50954.52,0,"	4821,4822" 
2024-03-12T15:00:00Z,"NVDA",2024-03-12T17:00:00Z,Buy,89.949950545,89.4512225,27927,-13927.98,279.27,-13927.98,31372.84,45300.82,0,"	4823,4824" 
2024-03-13T14:00:00Z,"NVDA",2024-03-13T16:00:00Z,Sell,88.86754078,89.28931079,20927,-8826.38,209.27,-22965.32,7696.94,30662.26,0,"	4826,4827" 
2024-03-13T14:00:00Z,"AMD",2024-03-13T16:30:00Z,Sell,194.81,195.11,16742,-5022.6,167.42,-21429.76,32479.48,53909.24,0,"	4825,4828" 
2024-03-13T19:30:00Z,"TSLA",2024-03-13T19:59:00Z,Sell,169.55,169.51,21052,842.08,210.52,-8841.84,5894.56,10104.96,1,"	4829,4830" 
2024-03-14T14:00:00Z,"NVDA",2024-03-14T14:30:00Z,Sell,88.01800403,88.65365741,24722,-15714.62,247.22,-20112.74,8054.98,28167.72,0,"	4831,4832" 
2024-03-14T15:30:00Z,"TSLA",2024-03-14T19:59:00Z,Sell,163.33,162.56,21791,16779.07,217.91,-9152.22,58835.7,42056.63,1,"	4833,4835" 
2024-03-14T17:30:00Z,"AMD",2024-03-14T19:59:00Z,Sell,188.24,187.21,19006,19576.18,190.06,-4751.5,78114.66,59488.78,1,"	4834,4836" 
2024-03-15T15:00:00Z,"AMD",2024-03-15T19:59:00Z,Buy,191.84,190.97,18682,-16253.34,186.82,-16253.34,36056.26,52309.6,0,"	4837,4838" 
2024-03-18T15:00:00Z,"TSLA",2024-03-18T19:59:00Z,Buy,173.01,173.66,20652,13423.8,206.52,-21891.12,32010.6,53901.72,1,"	4839,4840" 
2024-03-19T14:00:00Z,"TSLA",2024-03-19T15:00:00Z,Sell,168.88,170.5,16269,-26355.78,162.69,-39045.6,7483.74,46529.34,0,"	4841,4843" 
2024-03-19T14:30:00Z,"AMD",2024-03-19T16:30:00Z,Sell,177.61,179.96,20133,-47312.55,201.33,-48721.86,2818.62,51540.48,0,"	4842,4844" 
2024-03-20T16:30:00Z,"AMD",2024-03-20T19:00:00Z,Sell,174.69,178.34,17755,-64805.75,177.55,-67646.55,10653,78299.55,0,"	4845,4846" 
2024-03-21T17:30:00Z,"TSLA",2024-03-21T19:00:00Z,Sell,173.36,172.94,13295,5583.9,132.95,-2791.95,20607.25,15422.2,1,"	4847,4848" 
2024-03-22T14:30:00Z,"NVDA",2024-03-22T19:59:00Z,Buy,92.81538803,94.25860105,37635,54315.32,376.35,-17979.73,70752.85,46529.12,1,"	4849,4850" 
2024-03-25T14:00:00Z,"NVDA",2024-03-25T16:00:00Z,Buy,95.520912715,95.1681051,36949,-13035.89,369.49,-13035.89,39661.6,52697.49,0,"	4851,4852" 
2024-03-25T17:00:00Z,"TSLA",2024-03-25T17:30:00Z,Buy,172.88,172.27,9837,-6000.57,98.37,-6098.94,0,6098.94,0,"	4853,4854" 
2024-03-26T14:00:00Z,"TSLA",2024-03-26T16:00:00Z,Buy,182,180.85,15211,-17492.65,152.11,-17492.65,33768.42,51261.07,0,"	4855,4856" 
2024-03-27T14:00:00Z,"NVDA",2024-03-27T18:00:00Z,Sell,90.12485517,90.53263281,20467,-8345.98,204.67,-9634.7,20261.51,29896.22,0,"	4857,4858" 
2024-04-01T14:00:00Z,"AMD",2024-04-01T14:30:00Z,Buy,185.95,183.27,18812,-50416.16,188.12,-50416.16,3198.04,53614.2,0,"	4859,4862" 
2024-04-01T14:00:00Z,"NVDA",2024-04-01T14:30:00Z,Buy,91.6500235,91.283223515,19884,-7293.45,198.84,-10532.78,1987.32,11526.43,0,"	4860,4863" 
2024-04-01T14:30:00Z,"TSLA",2024-04-01T17:00:00Z,Sell,171.71,173.03,12247,-16166.04,122.47,-18125.56,17378.49,35504.05,0,"	4861,4864" 
2024-04-02T15:00:00Z,"AMD",2024-04-02T15:30:00Z,Sell,175.63,176.71,19636,-21206.88,196.36,-21206.88,3730.84,24937.72,0,"	4865,4866" 
2024-04-03T15:00:00Z,"AMD",2024-04-03T16:00:00Z,Buy,181.2,180.45,18956,-14217,189.56,-15733.48,14027.44,29760.92,0,"	4867,4868" 
2024-04-03T16:30:00Z,"TSLA",2024-04-03T17:00:00Z,Buy,168.18,167.94,11679,-2802.96,116.79,-2802.96,7240.98,10043.94,0,"	4869,4870" 
2024-04-04T15:30:00Z,"AMD",2024-04-04T16:30:00Z,Sell,177.47,177.94,18081,-8498.07,180.81,-8498.07,2531.34,11029.41,0,"	4871,4873" 
2024-04-04T16:00:00Z,"TSLA",2024-04-04T19:00:00Z,Buy,175.28,172.22,11756,-35973.36,117.56,-38207,20690.56,58897.56,0,"	4872,4874" 
2024-04-04T19:00:00Z,"NVDA",2024-04-04T19:59:00Z,Sell,87.391345745,85.93513981,38804,56506.62,388.04,0,56661.75,16831.76,1,"	4875,4876" 
2024-04-05T15:00:00Z,"NVDA",2024-04-05T15:30:00Z,Buy,87.7121708,87.445316315,39108,-10436.15,391.08,-19230.65,1055.34,20285.99,0,"	4877,4880" 
2024-04-05T15:30:00Z,"TSLA",2024-04-05T16:30:00Z,Sell,161.35,167.11,18279,-105287.04,182.79,-120275.82,12064.14,132339.96,0,"	4878,4881" 
2024-04-05T15:30:00Z,"AMD",2024-04-05T18:00:00Z,Buy,171.38,170.62,11154,-8477.04,111.54,-8477.04,13830.96,22308,0,"	4879,4882" 
2024-04-08T14:00:00Z,"NVDA",2024-04-08T14:30:00Z,Sell,87.2923997,87.787129925,38337,-18966.47,383.37,-18966.47,5824.05,24790.52,0,"	4884,4885" 
2024-04-08T14:00:00Z,"TSLA",2024-04-08T16:00:00Z,Buy,172.09,172.97,19378,17052.64,193.78,-25772.74,44181.84,35461.74,1,"	4883,4886" 
2024-04-09T14:00:00Z,"TSLA",2024-04-09T15:00:00Z,Buy,176,176.17,14791,2514.47,147.91,-5768.49,46295.83,52064.32,1,"	4887,4889" 
2024-04-09T14:00:00Z,"NVDA",2024-04-09T19:30:00Z,Sell,86.213987755,84.91769462,38788,50280.62,387.88,-1705.74,125565.86,75711.68,1,"	4888,4890" 
2024-04-10T14:00:00Z,"NVDA",2024-04-10T14:30:00Z,Buy,86.707718525,86.51482371,38989,-7520.78,389.89,-22874.07,0,22874.07,0,"	4891,4892" 
2024-04-11T14:30:00Z,"TSLA",2024-04-11T15:30:00Z,Sell,169.36,170.53,18217,-21313.89,182.17,-28418.52,0,28418.52,0,"	4893,4894" 
2024-04-11T17:00:00Z,"NVDA",2024-04-11T19:59:00Z,Buy,89.40124975,90.56461537,37596,43737.89,375.96,0,47683.32,16533.22,1,"	4895,4896" 
2024-04-12T14:00:00Z,"AMD",2024-04-12T14:30:00Z,Sell,163.09,163.95,20780,-17870.8,207.8,-34910.4,15377.2,50287.6,0,"	4897,4898" 
2024-04-15T14:00:00Z,"TSLA",2024-04-15T15:30:00Z,Sell,165.14,166.32,17805,-21009.9,178.05,-21009.9,12641.55,33651.45,0,"	4899,4900" 
2024-04-15T16:30:00Z,"AMD",2024-04-15T17:00:00Z,Sell,161.99,161.99,20762,0,207.62,-622.86,15779.12,16401.98,0,"	4901,4902" 
2024-04-16T14:00:00Z,"AMD",2024-04-16T14:30:00Z,Buy,163.9,162.89,20527,-20732.27,205.27,-29558.88,0,29558.88,0,"	4903,4904" 
2024-04-17T14:00:00Z,"TSLA",2024-04-17T15:30:00Z,Sell,154.64,155.88,21657,-26854.68,216.57,-35734.05,16242.75,51976.8,0,"	4905,4908" 
2024-04-17T14:30:00Z,"AMD",2024-04-17T19:59:00Z,Sell,161.61,154.33,20704,150725.12,207.04,-7246.4,152692,40993.92,1,"	4906,4910" 
2024-04-17T15:00:00Z,"NVDA",2024-04-17T15:30:00Z,Sell,85.768230825,86.166013915,36407,-14482.09,364.07,-24852.43,0,24852.43,0,"	4907,4909" 
2024-04-18T16:00:00Z,"TSLA",2024-04-18T16:30:00Z,Sell,150.04,150.5,22804,-10489.84,228.04,-10489.84,4104.72,14594.56,0,"	4911,4912" 
2024-04-19T14:30:00Z,"NVDA",2024-04-19T15:00:00Z,Sell,81.856363955,82.33910072,40050,-19333.61,400.5,-26658.76,19493.72,46152.48,0,"	4913,4914" 
2024-04-19T15:30:00Z,"AMD",2024-04-19T17:30:00Z,Sell,149.71,149.04,16060,10760.2,160.6,-3051.4,31156.4,30674.6,1,"	4915,4916" 
2024-04-23T14:00:00Z,"TSLA",2024-04-23T19:59:00Z,Buy,145.02,144.68,23507,-7992.38,235.07,-22801.79,49834.84,59942.85,0,"	4917,4922" 
2024-04-23T14:30:00Z,"AMD",2024-04-23T15:00:00Z,Buy,152.83,152.66,12502,-2125.34,125.02,-6876.1,3250.52,9126.46,0,"	4918,4920" 
2024-04-23T14:30:00Z,"NVDA",2024-04-23T16:30:00Z,Buy,82.352093635,82.09123588,15770,-4113.73,157.7,-7707.33,4176.77,11884.1,0,"	4919,4921" 
2024-04-24T14:30:00Z,"TSLA",2024-04-24T15:00:00Z,Buy,164.6,161.89,20653,-55969.63,206.53,-63404.71,6608.96,70013.67,0,"	4923,4924" 
2024-04-24T16:00:00Z,"NVDA",2024-04-24T16:30:00Z,Sell,80.76395964,80.675008145,23363,2078.17,233.63,-5277.16,7518.79,10297.47,1,"	4925,4926" 
2024-04-25T14:00:00Z,"NVDA",2024-04-25T19:59:00Z,Buy,80.99783211,82.561979185,23546,36829.41,235.46,-9036.74,52361.3,28310.4,1,"	4927,4932" 
2024-04-25T14:30:00Z,"TSLA",2024-04-25T16:30:00Z,Buy,165.49,163.65,10449,-19226.16,104.49,-21106.98,13792.68,34899.66,0,"	4928,4929" 
2024-04-25T17:00:00Z,"AMD",2024-04-25T17:30:00Z,Buy,153.74,153.55,21911,-4163.09,219.11,-14461.26,3067.54,17528.8,0,"	4930,4931" 
2024-04-26T14:00:00Z,"AMD",2024-04-26T18:30:00Z,Buy,155.68,157.5,21662,39424.84,216.62,0,61953.32,40291.32,1,"	4933,4935" 
2024-04-26T14:00:00Z,"NVDA",2024-04-26T19:59:00Z,Buy,85.568339825,87.715169165,21108,45315.27,211.08,-5611.67,55715.85,27636.41,1,"	4934,4936" 
2024-04-29T15:30:00Z,"TSLA",2024-04-29T19:59:00Z,Buy,192.79,193.91,6666,7465.92,66.66,-9132.42,38329.5,47461.92,1,"	4937,4938" 
2024-05-01T15:30:00Z,"AMD",2024-05-01T18:30:00Z,Sell,144.14,145.53,23807,-33091.73,238.07,-33091.73,46661.72,79753.45,0,"	4939,4941" 
2024-05-01T15:30:00Z,"NVDA",2024-05-01T18:30:00Z,Sell,82.64493395,83.72034753,30610,-32918.41,306.1,-32918.41,42463.52,75381.93,0,"	4940,4942" 
2024-05-02T14:00:00Z,"AMD",2024-05-02T14:30:00Z,Sell,142.59,143.33,17083,-12641.42,170.83,-15374.7,19474.62,34849.32,0,"	4943,4944" 
2024-05-03T14:00:00Z,"TSLA",2024-05-03T14:30:00Z,Buy,184.1,181.01,7635,-23592.15,76.35,-25424.55,0,25424.55,0,"	4945,4946" 
2024-05-03T18:30:00Z,"NVDA",2024-05-03T19:00:00Z,Buy,89.092418155,88.77359201,31800,-10138.67,318,-10742.54,2542.61,13285.16,0,"	4948,4949" 
2024-05-03T18:30:00Z,"AMD",2024-05-03T19:59:00Z,Buy,150.39,150.5,16091,1770.01,160.91,-3218.2,3379.11,6597.31,1,"	4947,4950" 
2024-05-06T14:00:00Z,"TSLA",2024-05-06T14:30:00Z,Buy,187.22,184.45,7551,-20916.27,75.51,-21746.88,377.55,22124.43,0,"	4951,4954" 
2024-05-06T14:00:00Z,"AMD",2024-05-06T16:30:00Z,Buy,155.23,154.79,15153,-6667.32,151.53,-9243.33,20001.96,26669.28,0,"	4952,4955" 
2024-05-06T14:00:00Z,"NVDA",2024-05-06T19:59:00Z,Buy,91.54807909,91.98184256,36682,15911.31,366.82,-26085.02,21630.58,26085.02,1,"	4953,4956" 
2024-05-07T14:00:00Z,"TSLA",2024-05-07T15:00:00Z,Sell,179.07,179.95,18702,-16457.76,187.02,-19263.06,14400.54,33663.6,0,"	4957,4959" 
2024-05-07T14:00:00Z,"NVDA",2024-05-07T15:00:00Z,Sell,89.584150015,90.51864044,35584,-33252.91,355.84,-33252.91,11985.27,45238.18,0,"	4958,4960" 
2024-05-07T18:30:00Z,"AMD",2024-05-07T19:59:00Z,Sell,154.34,154.54,14241,-2848.2,142.41,-7120.5,7974.96,15095.46,0,"	4961,4962" 
2024-05-09T14:00:00Z,"NVDA",2024-05-09T15:30:00Z,Sell,89.00146775,89.49319961,32848,-16152.41,328.48,-16382.22,23801.82,40184.04,0,"	4963,4966" 
2024-05-09T14:30:00Z,"AMD",2024-05-09T15:00:00Z,Sell,150.97,152.56,22051,-35061.09,220.51,-35061.09,0,35061.09,0,"	4964,4965" 
2024-05-09T18:30:00Z,"TSLA",2024-05-09T19:59:00Z,Sell,172.31,172.01,18947,5684.1,189.47,-568.41,15157.6,11936.61,1,"	4967,4968" 
2024-05-10T14:00:00Z,"AMD",2024-05-10T14:30:00Z,Buy,155.8,151.96,21074,-80924.16,210.74,-80924.16,0,80924.16,0,"	4969,4971" 
2024-05-10T14:30:00Z,"TSLA",2024-05-10T19:59:00Z,Sell,169.21,168.76,19084,8587.8,190.84,-7061.08,26908.44,27480.96,1,"	4970,4972" 
2024-05-13T14:00:00Z,"TSLA",2024-05-13T15:00:00Z,Buy,174.97,172.92,18277,-37467.85,182.77,-43864.8,5117.56,48982.36,0,"	4973,4974" 
2024-05-14T15:00:00Z,"TSLA",2024-05-14T16:30:00Z,Buy,178.05,177.02,4981,-5130.43,49.81,-5528.91,6674.54,12203.45,0,"	4975,4979" 
2024-05-14T15:30:00Z,"NVDA",2024-05-14T16:00:00Z,Buy,91.14429927,90.823474215,14904,-4781.58,149.04,-6911.69,0,6911.69,0,"	4977,4978" 
2024-05-14T15:30:00Z,"AMD",2024-05-14T19:59:00Z,Buy,153.41,153.16,20943,-5235.75,209.43,-31623.93,837.72,32461.65,0,"	4976,4980" 
2024-05-15T14:00:00Z,"TSLA",2024-05-15T15:00:00Z,Sell,174.07,174.15,10466,-837.28,104.66,-5337.66,8372.8,9838.04,0,"	4981,4982" 
2024-05-15T15:00:00Z,"AMD",2024-05-15T16:00:00Z,Buy,157.62,156.97,20297,-13193.05,202.97,-13193.05,10757.41,23950.46,0,"	4983,4985" 
2024-05-15T15:00:00Z,"NVDA",2024-05-15T19:59:00Z,Buy,93.921784715,94.58642229,34058,22636.23,340.58,-2484.88,29784.51,19640.76,1,"	4984,4986" 
2024-05-16T14:00:00Z,"AMD",2024-05-16T17:30:00Z,Buy,163.11,164.86,19585,34273.75,195.85,-25264.65,94595.55,63651.25,1,"	4987,4988" 
2024-05-17T14:00:00Z,"NVDA",2024-05-17T14:30:00Z,Sell,93.671920965,93.73888445,34443,-2306.42,344.43,-5576.73,22100.35,24406.78,0,"	4989,4990" 
2024-05-17T16:00:00Z,"TSLA",2024-05-17T17:30:00Z,Buy,179,177.21,14129,-25290.91,141.29,-25714.78,6923.21,32637.99,0,"	4991,4992" 
2024-05-20T14:00:00Z,"TSLA",2024-05-20T14:30:00Z,Sell,174.09,174.74,18083,-11753.95,180.83,-28571.14,1446.64,30017.78,0,"	4993,4995" 
2024-05-20T14:00:00Z,"NVDA",2024-05-20T15:30:00Z,Buy,94.91624244,94.503467525,32379,-13365.24,323.79,-22911.84,0,22911.84,0,"	4994,4996" 
2024-05-21T14:00:00Z,"TSLA",2024-05-21T14:30:00Z,Buy,178.17,178.13,14718,-588.72,147.18,-8683.62,19427.76,28111.38,0,"	4997,4998" 
2024-05-22T14:00:00Z,"NVDA",2024-05-22T15:00:00Z,Sell,94.673374875,94.765324735,33700,-3098.71,337,-13169.52,11620.16,14718.87,0,"	4999,5000" 
2024-05-22T18:30:00Z,"TSLA",2024-05-22T19:00:00Z,Sell,178.17,178.98,12255,-9926.55,122.55,-9926.55,0,9926.55,0,"	5001,5002" 
2024-05-23T14:00:00Z,"TSLA",2024-05-23T16:00:00Z,Sell,176.91,176.95,7865,-314.6,78.65,-4561.7,12269.4,14157,0,"	5003,5006" 
2024-05-23T14:30:00Z,"NVDA",2024-05-23T18:30:00Z,Buy,104.188186475,103.94332,30569,-7485.32,305.69,-20592.28,61562.96,77480.73,0,"	5004,5008" 
2024-05-23T15:00:00Z,"AMD",2024-05-23T16:30:00Z,Sell,160.85,164.07,19738,-63556.36,197.38,-68490.86,0,68490.86,0,"	5005,5007" 
2024-05-24T14:00:00Z,"AMD",2024-05-24T19:59:00Z,Buy,163.4,166.24,19187,54491.08,191.87,0,80585.4,29739.85,1,"	5009,5013" 
2024-05-24T14:30:00Z,"TSLA",2024-05-24T15:00:00Z,Buy,177.87,177.92,12262,613.1,122.62,-9319.12,4536.94,9809.6,1,"	5010,5011" 
2024-05-24T19:30:00Z,"NVDA",2024-05-24T19:59:00Z,Buy,105.91224635,106.181099745,20087,5400.46,200.87,-2609.89,5430.57,4215.97,1,"	5012,5014" 
2024-05-28T14:00:00Z,"NVDA",2024-05-28T14:30:00Z,Buy,111.632127315,111.31530008,25077,-7945.08,250.77,-18822.56,0,18822.56,0,"	5015,5016" 
2024-05-28T17:00:00Z,"AMD",2024-05-28T18:00:00Z,Buy,173.69,172.84,18247,-15509.95,182.47,-15509.95,10400.79,25910.74,0,"	5017,5018" 
2024-05-29T14:00:00Z,"AMD",2024-05-29T14:30:00Z,Sell,164.2,165.24,19234,-20003.36,192.34,-20003.36,5962.54,25965.9,0,"	5019,5020" 
2024-05-30T14:00:00Z,"TSLA",2024-05-30T15:00:00Z,Buy,181.1,177.99,17370,-54020.7,173.7,-59058,25881.3,84939.3,0,"	5021,5022" 
2024-05-30T15:00:00Z,"NVDA",2024-05-30T16:00:00Z,Sell,113.262218132,113.462116152,22149,-4427.54,221.49,-12729.18,13747.52,26476.7,0,"	5023,5024" 
2024-05-31T14:30:00Z,"NVDA",2024-05-31T15:00:00Z,Sell,109.384196544,109.5731001729,18468,-3488.67,184.68,-9875.34,19012.34,28887.68,0,"	5025,5026" 
2024-05-31T15:30:00Z,"TSLA",2024-05-31T18:00:00Z,Sell,175.45,176.05,17687,-10612.2,176.87,-13795.86,26176.76,39972.62,0,"	5027,5029" 
2024-05-31T15:30:00Z,"AMD",2024-05-31T19:00:00Z,Sell,162.42,163,18488,-10723.04,184.88,-15160.16,40303.84,55464,0,"	5028,5030" 
2024-06-03T15:00:00Z,"AMD",2024-06-03T15:30:00Z,Sell,163.86,164.52,16703,-11023.98,167.03,-16535.97,4843.87,21379.84,0,"	5031,5032" 
2024-06-03T17:30:00Z,"TSLA",2024-06-03T18:00:00Z,Sell,175.79,176.22,17529,-7537.47,175.29,-7712.76,1752.9,9465.66,0,"	5033,5034" 
2024-06-04T19:30:00Z,"AMD",2024-06-04T19:59:00Z,Sell,159.36,160.1,14291,-10575.34,142.91,-13004.81,5073.3,18078.12,0,"	5035,5036" 
2024-06-05T14:00:00Z,"NVDA",2024-06-05T15:00:00Z,Buy,119.3181286479,119.778893584,13220,6091.31,132.2,-4452.87,7055.88,4466.08,1,"	5038,5039" 
2024-06-05T14:00:00Z,"AMD",2024-06-05T16:30:00Z,Buy,164.9,164.87,15885,-476.55,158.85,-14773.05,32087.7,32564.25,0,"	5037,5040" 
2024-06-06T14:00:00Z,"NVDA",2024-06-06T15:00:00Z,Sell,118.399597246,121.2041664666,12307,-34515.83,123.07,-47013.37,0,47013.37,0,"	5041,5042" 
2024-06-06T17:00:00Z,"TSLA",2024-06-06T19:59:00Z,Buy,177.47,178.01,17187,9280.98,171.87,-5671.71,37639.53,32655.3,1,"	5043,5044" 
2024-06-10T14:00:00Z,"NVDA",2024-06-10T14:30:00Z,Sell,118.179709424,119.888837495,15967,-27289.65,159.67,-33034.84,0,33034.84,0,"	5045,5046" 
2024-06-10T18:30:00Z,"TSLA",2024-06-10T19:30:00Z,Sell,173.71,175,17484,-22554.36,174.84,-22554.36,8392.32,30946.68,0,"	5047,5048" 
2024-06-11T14:00:00Z,"AMD",2024-06-11T15:30:00Z,Sell,157.12,158.65,12553,-19206.09,125.53,-25608.12,0,25608.12,0,"	5050,5051" 
2024-06-11T14:00:00Z,"TSLA",2024-06-11T18:00:00Z,Sell,167.92,169.51,17998,-28616.82,179.98,-36715.92,6479.28,36715.92,0,"	5049,5054" 
2024-06-11T16:00:00Z,"NVDA",2024-06-11T16:30:00Z,Sell,119.188989128,120.558403042,21499,-29441.03,214.99,-30300.62,0,30300.62,0,"	5052,5053" 
2024-06-12T14:00:00Z,"TSLA",2024-06-12T19:59:00Z,Buy,173.94,177.39,17080,58926,170.8,-11785.2,112027.72,56176.12,1,"	5055,5058" 
2024-06-12T14:30:00Z,"NVDA",2024-06-12T19:30:00Z,Buy,126.785737848,124.386764568,20182,-48416.08,201.82,-48416.08,0,48416.08,0,"	5056,5057" 
2024-06-13T14:00:00Z,"AMD",2024-06-13T14:30:00Z,Sell,158.6,159.09,18366,-8999.34,183.66,-12488.88,12121.56,21120.9,0,"	5059,5060" 
2024-06-14T14:30:00Z,"TSLA",2024-06-14T15:00:00Z,Sell,179.17,178.91,13738,3571.88,137.38,-7006.38,7830.66,14837.04,1,"	5061,5063" 
2024-06-14T14:30:00Z,"NVDA",2024-06-14T15:30:00Z,Buy,132.583256608,130.604103652,22413,-44358.76,224.13,-46823.13,3136.48,49959.61,0,"	5062,5064" 
2024-06-17T14:00:00Z,"TSLA",2024-06-17T19:59:00Z,Buy,180.94,187.39,11762,75864.9,117.62,-2587.64,91273.12,29052.14,1,"	5065,5068" 
2024-06-17T14:30:00Z,"AMD",2024-06-17T15:30:00Z,Sell,154.75,156.44,19074,-32235.06,190.74,-32235.06,6294.42,38529.48,0,"	5066,5067" 
2024-06-18T14:00:00Z,"NVDA",2024-06-18T14:30:00Z,Buy,133.133021318,133.003076932,13947,-1812.33,139.47,-4321.72,6134.05,10455.78,0,"	5069,5070" 
2024-06-18T15:00:00Z,"AMD",2024-06-18T17:00:00Z,Sell,154.91,155.17,19181,-4987.06,191.81,-5178.87,29346.93,34525.8,0,"	5071,5072" 
2024-06-20T14:00:00Z,"TSLA",2024-06-20T14:30:00Z,Sell,182.02,182.46,8556,-3764.64,85.56,-8556,4620.24,8727.12,0,"	5073,5075" 
2024-06-20T14:00:00Z,"AMD",2024-06-20T16:30:00Z,Buy,163.65,161.8,18139,-33557.15,181.39,-46254.45,57137.85,90695,0,"	5074,5076" 
2024-06-20T17:30:00Z,"NVDA",2024-06-20T19:59:00Z,Sell,131.183855528,130.74404376,21523,9466.07,215.23,-43673,33561.52,77234.51,1,"	5077,5078" 
2024-06-24T14:00:00Z,"TSLA",2024-06-24T14:30:00Z,Buy,187.76,183.95,14622,-55709.82,146.22,-55709.82,5995.02,61704.84,0,"	5079,5080" 
2024-06-24T14:30:00Z,"NVDA",2024-06-24T19:30:00Z,Sell,120.79830037,120.338497158,22978,10565.36,229.78,-20901.03,55812.65,63392.15,1,"	5081,5082" 
2024-06-25T14:00:00Z,"AMD",2024-06-25T14:30:00Z,Sell,157.1,158.68,18577,-29351.66,185.77,-29351.66,8173.88,37525.54,0,"	5083,5085" 
2024-06-25T14:00:00Z,"NVDA",2024-06-25T14:30:00Z,Buy,121.837855458,121.927816956,19053,1714.04,190.53,-19044.85,12950.5,31995.35,1,"	5084,5086" 
2024-06-25T16:00:00Z,"TSLA",2024-06-25T16:30:00Z,Buy,187.28,185.93,15491,-20912.85,154.91,-20912.85,5731.67,26644.52,0,"	5087,5088" 
2024-06-26T14:00:00Z,"TSLA",2024-06-26T19:59:00Z,Buy,191.98,196.38,15038,66167.2,150.38,-3985.07,82558.62,33008.41,1,"	5089,5094" 
2024-06-26T15:00:00Z,"NVDA",2024-06-26T16:00:00Z,Sell,123.956948522,124.416751734,11182,-5141.52,111.82,-6929.87,14083.29,21013.17,0,"	5090,5093" 
2024-06-26T15:30:00Z,"AMD",2024-06-26T16:00:00Z,Sell,156.9,157.64,18492,-13684.08,184.92,-15718.2,5547.6,21265.8,0,"	5091,5092" 
2024-06-28T14:00:00Z,"TSLA",2024-06-28T14:30:00Z,Buy,202.05,200.4,13011,-21468.15,130.11,-21468.15,8717.37,30185.52,0,"	5095,5098" 
2024-06-28T14:00:00Z,"AMD",2024-06-28T15:00:00Z,Buy,163.36,163.94,17860,10358.8,178.6,0,53758.6,43399.8,1,"	5096,5099" 
2024-06-28T14:00:00Z,"NVDA",2024-06-28T15:30:00Z,Buy,126.126020196,125.89611859,8464,-1945.89,84.64,-7614.34,11759.93,19374.27,0,"	5097,5100" 
2024-07-01T14:00:00Z,"NVDA",2024-07-01T14:30:00Z,Sell,120.538411598,121.827859736,10644,-13724.89,106.44,-16703.93,8511.56,25215.49,0,"	5103,5104" 
2024-07-01T14:00:00Z,"AMD",2024-07-01T15:30:00Z,Sell,155.36,156.16,18721,-14976.8,187.21,-14976.8,28455.92,43432.72,0,"	5102,5105" 
2024-07-01T14:00:00Z,"TSLA",2024-07-01T19:59:00Z,Buy,206.25,209.42,14103,44706.51,141.03,0,97874.82,53168.31,1,"	5101,5106" 
2024-07-02T14:00:00Z,"TSLA",2024-07-02T19:59:00Z,Buy,224.22,230.89,12532,83588.44,125.32,0,86533.46,65354.38,1,"	5107,5109" 
2024-07-02T17:30:00Z,"AMD",2024-07-02T19:59:00Z,Buy,160.76,164.14,18324,61935.12,183.24,-366.48,69814.44,10444.68,1,"	5108,5110" 
2024-07-03T14:30:00Z,"TSLA",2024-07-03T16:59:00Z,Buy,244.57,245.74,5765,6745.05,57.65,-24760.68,21445.8,46206.48,1,"	5111,5113" 
2024-07-03T15:00:00Z,"NVDA",2024-07-03T16:59:00Z,Buy,125.306370992,127.9452416,24012,63364.56,240.12,-18241.31,63484.57,30962.23,1,"	5112,5114" 
2024-07-05T14:30:00Z,"AMD",2024-07-05T19:59:00Z,Buy,170,171.82,18012,32781.84,180.12,-12428.28,71687.76,47371.56,1,"	5115,5116" 
2024-07-08T14:00:00Z,"NVDA",2024-07-08T14:30:00Z,Buy,130.464163544,128.904830912,23640,-36862.62,236.4,-51985.75,0,51985.75,0,"	5117,5118" 
2024-07-08T16:00:00Z,"TSLA",2024-07-08T16:30:00Z,Buy,259.21,256.1,9385,-29187.35,93.85,-32472.1,0,32472.1,0,"	5119,5120" 
2024-07-09T14:00:00Z,"NVDA",2024-07-09T14:30:00Z,Buy,132.403333612,131.903547512,22961,-11475.59,229.61,-11475.59,28688.97,40164.56,0,"	5121,5122" 
2024-07-09T16:30:00Z,"TSLA",2024-07-09T19:59:00Z,Buy,264.28,261.92,9534,-22500.24,95.34,-37754.64,11154.78,43093.68,0,"	5123,5124" 
2024-07-10T14:00:00Z,"AMD",2024-07-10T15:00:00Z,Buy,183.16,182.4,16473,-12519.48,164.73,-12519.48,63750.51,76269.99,0,"	5125,5126" 
2024-07-10T19:30:00Z,"NVDA",2024-07-10T19:59:00Z,Buy,134.632379618,134.822298336,22347,4244.11,223.47,-6477.86,8711.6,9940.16,1,"	5127,5128" 
2024-07-11T14:00:00Z,"TSLA",2024-07-11T14:30:00Z,Buy,269.78,266.22,11031,-39270.36,110.31,-61442.67,10038.21,71480.88,0,"	5129,5130" 
2024-07-11T14:30:00Z,"NVDA",2024-07-11T19:59:00Z,Sell,131.753611682,127.54541272,22653,95328.33,226.53,-13812.42,105517.82,57966.87,1,"	5131,5134" 
2024-07-11T15:00:00Z,"AMD",2024-07-11T19:00:00Z,Sell,180.33,180.27,15848,950.88,158.48,-31854.48,48177.92,47227.04,1,"	5132,5133" 
2024-07-12T14:00:00Z,"NVDA",2024-07-12T14:30:00Z,Buy,129.874415946,128.954809522,21936,-20172.49,219.36,-30039.46,5898.26,35937.72,0,"	5136,5137" 
2024-07-12T14:00:00Z,"TSLA",2024-07-12T19:59:00Z,Buy,246.19,248.02,8795,16094.85,87.95,-15039.45,47932.75,34740.25,1,"	5135,5140" 
2024-07-12T15:00:00Z,"AMD",2024-07-12T16:00:00Z,Buy,185.38,185.12,16464,-4280.64,164.64,-8725.92,18768.96,27494.88,0,"	5138,5139" 
2024-07-15T14:00:00Z,"TSLA",2024-07-15T15:30:00Z,Buy,260.98,261.97,8054,7973.46,80.54,-5798.88,36001.38,31330.06,1,"	5141,5142" 
2024-07-16T14:00:00Z,"NVDA",2024-07-16T15:30:00Z,Sell,126.056050142,126.405900412,21904,-7663.12,219.04,-16858.86,30433.53,47292.4,0,"	5144,5145" 
2024-07-16T14:00:00Z,"AMD",2024-07-16T17:00:00Z,Sell,176.71,176.85,17245,-2414.3,172.45,-9484.75,35007.35,37421.65,0,"	5143,5146" 
2024-07-17T14:00:00Z,"AMD",2024-07-17T19:59:00Z,Sell,166.2,159.6,18295,120747,182.95,0,120747,36224.1,1,"	5147,5150" 
2024-07-17T14:30:00Z,"NVDA",2024-07-17T15:00:00Z,Sell,118.9490918,119.518847954,24457,-13934.53,244.57,-30802.64,0,30802.64,0,"	5148,5149" 
2024-07-18T15:30:00Z,"AMD",2024-07-18T17:00:00Z,Sell,154.08,156.21,16163,-34427.19,161.63,-34427.19,13415.29,47842.48,0,"	5151,5152" 
2024-07-19T15:30:00Z,"TSLA",2024-07-19T19:59:00Z,Sell,240.26,239.24,12854,13111.08,128.54,-11954.22,41518.42,51544.54,1,"	5153,5156" 
2024-07-19T17:30:00Z,"NVDA",2024-07-19T18:00:00Z,Sell,117.9495196,118.169425484,23182,-5097.86,231.82,-6951.62,6488.18,13439.81,0,"	5154,5155" 
2024-07-22T14:00:00Z,"TSLA",2024-07-22T14:30:00Z,Buy,250.06,246.39,12376,-45419.92,123.76,-45419.92,4455.36,49875.28,0,"	5157,5159" 
2024-07-22T14:00:00Z,"NVDA",2024-07-22T15:30:00Z,Buy,122.427603056,120.738326038,24310,-41066.32,243.1,-43982.28,13850.77,57833.05,0,"	5158,5160" 
2024-07-23T15:00:00Z,"TSLA",2024-07-23T15:30:00Z,Sell,247.26,249.11,11102,-20538.7,111.02,-25201.54,0,25201.54,0,"	5161,5162" 
2024-07-24T14:00:00Z,"AMD",2024-07-24T15:30:00Z,Sell,149.91,149.42,14307,7010.43,143.07,-13162.44,21031.29,14020.86,1,"	5164,5165" 
2024-07-24T14:00:00Z,"TSLA",2024-07-24T16:00:00Z,Sell,215.84,220.55,12784,-60212.64,127.84,-66860.32,14445.92,81306.24,0,"	5163,5166" 
2024-07-24T16:00:00Z,"NVDA",2024-07-24T19:59:00Z,Sell,116.810007292,114.181132406,19245,50592.7,192.45,-7694.71,63096.6,33087.24,1,"	5167,5168" 
2024-07-25T14:00:00Z,"AMD",2024-07-25T14:30:00Z,Sell,139.92,141.18,21585,-27197.1,215.85,-27197.1,64539.15,91736.25,0,"	5169,5172" 
2024-07-25T14:00:00Z,"NVDA",2024-07-25T14:30:00Z,Sell,109.733036116,111.332351636,20432,-32677.21,204.32,-32677.21,68009.45,100686.67,0,"	5170,5173" 
2024-07-25T14:30:00Z,"TSLA",2024-07-25T19:59:00Z,Buy,224.38,220.85,6928,-24455.84,69.28,-26395.68,10599.84,36995.52,0,"	5171,5174" 
2024-07-29T14:00:00Z,"TSLA",2024-07-29T15:30:00Z,Buy,230.89,229.31,6499,-10268.42,64.99,-17287.34,21186.74,38474.08,0,"	5175,5176" 
2024-07-30T14:00:00Z,"NVDA",2024-07-30T19:59:00Z,Sell,108.063750542,103.765590082,27351,117558.99,273.51,-25972.33,150366.15,103069.16,1,"	5177,5182" 
2024-07-30T15:30:00Z,"AMD",2024-07-30T18:30:00Z,Sell,137.3,137.87,21806,-12429.42,218.06,-15918.38,68688.9,84607.28,0,"	5179,5180" 
2024-07-30T15:30:00Z,"TSLA",2024-07-30T19:59:00Z,Sell,226.65,223.13,6574,23140.48,65.74,-1446.28,42599.52,26690.44,1,"	5178,5181" 
2024-07-31T14:00:00Z,"TSLA",2024-07-31T14:30:00Z,Buy,233.53,230.5,6380,-19331.4,63.8,-19331.4,2424.4,21755.8,0,"	5183,5184" 
2024-07-31T15:30:00Z,"NVDA",2024-07-31T16:00:00Z,Buy,115.70048215,115.560542042,25167,-3521.87,251.67,-3521.87,14590.62,18112.49,0,"	5185,5186" 
2024-08-01T14:00:00Z,"AMD",2024-08-01T19:59:00Z,Sell,142.65,132.42,21217,217049.91,212.17,0,260969.1,52405.99,1,"	5187,5192" 
2024-08-01T15:00:00Z,"NVDA",2024-08-01T15:30:00Z,Sell,113.921243634,114.20112385,12418,-3475.55,124.18,-9309.52,10302.53,19612.05,0,"	5188,5189" 
2024-08-01T17:30:00Z,"TSLA",2024-08-01T19:59:00Z,Sell,219.78,216.81,12537,37234.89,125.37,-6017.76,64064.07,29524.64,1,"	5190,5191" 
2024-08-02T14:00:00Z,"AMD",2024-08-02T14:30:00Z,Buy,135.78,134.95,16936,-14056.88,169.36,-51146.72,8806.72,59953.44,0,"	5193,5194" 
2024-08-02T15:00:00Z,"TSLA",2024-08-02T19:59:00Z,Sell,209.27,207.22,9781,20051.05,97.81,-23376.59,33548.83,43525.45,1,"	5195,5196" 
2024-08-05T16:30:00Z,"AMD",2024-08-05T17:00:00Z,Buy,139.07,136.04,16912,-51243.36,169.12,-53780.16,0,53780.16,0,"	5197,5198" 
2024-08-07T18:30:00Z,"TSLA",2024-08-07T19:59:00Z,Sell,193.53,191.72,12406,22454.86,124.06,-10669.16,22578.92,31139.06,1,"	5199,5200" 
2024-08-12T14:30:00Z,"NVDA",2024-08-12T15:30:00Z,Buy,110.022912054,109.173275684,17843,-15160.06,178.43,-22294.21,9631.1,31925.31,0,"	5201,5202" 
2024-08-13T14:00:00Z,"NVDA",2024-08-13T14:30:00Z,Buy,113.741320638,113.771307804,20915,627.18,209.15,-522.65,14843.3,15365.95,1,"	5205,5206" 
2024-08-13T14:00:00Z,"AMD",2024-08-13T15:00:00Z,Buy,140.07,139.6,20701,-9729.47,207.01,-12627.61,7659.37,19769.46,0,"	5204,5207" 
2024-08-13T14:00:00Z,"TSLA",2024-08-13T19:59:00Z,Buy,203.43,208.05,15571,71938.02,155.71,-1557.1,77076.45,37370.4,1,"	5203,5208" 
2024-08-14T14:00:00Z,"AMD",2024-08-14T15:00:00Z,Sell,139.22,139.99,23042,-17742.34,230.42,-20046.54,33871.74,53918.28,0,"	5210,5211" 
2024-08-14T14:00:00Z,"TSLA",2024-08-14T16:00:00Z,Sell,202.76,203.12,13747,-4948.92,137.47,-10722.66,36704.49,43852.93,0,"	5209,5212" 
2024-08-15T14:00:00Z,"TSLA",2024-08-15T19:59:00Z,Buy,211.06,213.8,13496,36979.04,134.96,0,63026.32,34549.76,1,"	5213,5216" 
2024-08-15T15:00:00Z,"NVDA",2024-08-15T19:59:00Z,Buy,121.507996632,122.377624446,26561,23098.18,265.61,0,44205.15,29204.6,1,"	5214,5218" 
2024-08-15T15:30:00Z,"AMD",2024-08-15T19:59:00Z,Buy,145.8,147.17,22135,30324.95,221.35,-885.4,47147.55,19478.8,1,"	5215,5217" 
2024-08-19T14:30:00Z,"AMD",2024-08-19T19:59:00Z,Buy,152.61,155.1,21321,53089.29,213.21,-14924.7,57779.91,44774.1,1,"	5219,5222" 
2024-08-19T16:00:00Z,"NVDA",2024-08-19T16:30:00Z,Buy,127.025635176,126.99564801,25677,-769.98,256.77,-9496.43,2951.59,9496.43,0,"	5220,5221" 
2024-08-20T14:00:00Z,"AMD",2024-08-20T14:30:00Z,Buy,159.9,159.13,20561,-15831.97,205.61,-20561,41122,61683,0,"	5223,5224" 
2024-08-22T15:00:00Z,"TSLA",2024-08-22T19:59:00Z,Sell,217.94,210.72,13521,97621.62,135.21,-14873.1,98838.51,29070.15,1,"	5225,5229" 
2024-08-22T15:30:00Z,"AMD",2024-08-22T19:59:00Z,Sell,155.12,151.65,21099,73213.53,210.99,0,84606.99,47683.74,1,"	5226,5230" 
2024-08-22T16:00:00Z,"NVDA",2024-08-22T16:30:00Z,Sell,125.556264042,126.525849076,24564,-23816.89,245.64,-24799.03,5156.23,29955.26,0,"	5227,5228" 
2024-08-23T14:00:00Z,"TSLA",2024-08-23T15:00:00Z,Buy,216.64,217.71,14872,15913.04,148.72,0,68857.36,61867.52,1,"	5231,5234" 
2024-08-23T14:00:00Z,"NVDA",2024-08-23T16:30:00Z,Buy,127.365489724,127.4454555,26313,2104.14,263.13,-20778.38,54444.61,75222.99,1,"	5232,5236" 
2024-08-23T14:30:00Z,"AMD",2024-08-23T15:00:00Z,Buy,156.18,154.05,22095,-47062.35,220.95,-66505.95,0,66505.95,0,"	5233,5235" 
2024-08-26T14:00:00Z,"TSLA",2024-08-26T19:59:00Z,Sell,217.29,213.1,13074,54780.06,130.74,-3072.39,81058.8,30723.9,1,"	5237,5241" 
2024-08-26T14:30:00Z,"NVDA",2024-08-26T18:30:00Z,Sell,126.785737848,126.54584052,24089,5778.89,240.89,-15169.58,58270.44,73440.02,1,"	5239,5240" 
2024-08-26T14:30:00Z,"AMD",2024-08-26T19:59:00Z,Sell,150.59,150.01,22523,13063.34,225.23,-21171.62,35811.57,56757.96,1,"	5238,5242" 
2024-08-27T14:00:00Z,"TSLA",2024-08-27T15:00:00Z,Sell,209.4,210.14,13391,-9909.34,133.91,-12989.27,27719.37,40708.64,0,"	5243,5244" 
2024-08-27T15:00:00Z,"NVDA",2024-08-27T15:30:00Z,Buy,128.425036256,128.055194542,25888,-9574.46,258.88,-10609.54,10868.31,21477.85,0,"	5245,5246" 
2024-08-28T14:00:00Z,"AMD",2024-08-28T14:30:00Z,Sell,148.5,148.49,22824,228.24,228.24,-5706,15748.56,15520.32,1,"	5247,5249" 
2024-08-28T14:00:00Z,"NVDA",2024-08-28T14:30:00Z,Sell,126.775742126,127.225549616,26312,-11835.33,263.12,-17358.49,3156.09,20514.58,0,"	5248,5250" 
2024-08-28T15:30:00Z,"TSLA",2024-08-28T16:00:00Z,Sell,205.19,205.87,13356,-9082.08,133.56,-10017,3205.44,13222.44,0,"	5251,5252" 
2024-08-29T14:00:00Z,"TSLA",2024-08-29T14:30:00Z,Buy,213.4,211.49,13235,-25278.85,132.35,-38381.5,0,38381.5,0,"	5253,5255" 
2024-08-29T14:00:00Z,"AMD",2024-08-29T14:30:00Z,Buy,148.4,147.47,22751,-21158.43,227.51,-41179.31,0,41179.31,0,"	5254,5256" 
2024-08-29T19:00:00Z,"NVDA",2024-08-29T19:30:00Z,Sell,117.709622272,117.89954099,26787,-5087.35,267.87,-15529.81,8835.93,17671.86,0,"	5257,5258" 
2024-09-03T14:00:00Z,"AMD",2024-09-03T19:59:00Z,Sell,142.6,137.03,23428,130493.96,234.28,-14291.08,146190.72,30456.4,1,"	5259,5263" 
2024-09-03T14:00:00Z,"NVDA",2024-09-03T19:59:00Z,Sell,112.841705658,108.073746264,24153,115160.52,241.53,-13037.04,129887.55,44905.36,1,"	5260,5264" 
2024-09-03T14:30:00Z,"TSLA",2024-09-03T15:00:00Z,Buy,218.06,213.85,15028,-63267.88,150.28,-63267.88,0,63267.88,0,"	5261,5262" 
2024-09-04T14:00:00Z,"TSLA",2024-09-04T19:00:00Z,Buy,217.95,218.38,15884,6830.12,158.84,-29861.92,64965.56,58135.44,1,"	5265,5268" 
2024-09-04T15:00:00Z,"AMD",2024-09-04T15:30:00Z,Buy,142.96,141.71,21385,-26731.25,213.85,-26731.25,7057.05,33788.3,0,"	5266,5267" 
2024-09-05T14:00:00Z,"NVDA",2024-09-05T15:00:00Z,Buy,108.833421136,107.633934496,24537,-29431.8,245.37,-29431.8,18149.61,47581.42,0,"	5270,5271" 
2024-09-05T14:00:00Z,"TSLA",2024-09-05T15:30:00Z,Buy,229.76,227.63,15012,-31975.56,150.12,-31975.56,75960.72,107936.28,0,"	5269,5272" 
2024-09-06T14:00:00Z,"AMD",2024-09-06T19:30:00Z,Sell,136.17,134.49,19875,33390,198.75,-4770,80295,49687.5,1,"	5274,5276" 
2024-09-06T14:00:00Z,"NVDA",2024-09-06T19:30:00Z,Sell,104.115440352,103.35576548,22915,17407.95,229.15,-23592.35,71922.32,57492.04,1,"	5275,5277" 
2024-09-06T14:00:00Z,"TSLA",2024-09-06T19:59:00Z,Sell,224.36,211.31,15184,198151.2,151.84,-1518.4,198303.04,37048.96,1,"	5273,5278" 
2024-09-10T14:00:00Z,"TSLA",2024-09-10T14:30:00Z,Buy,225.19,223.6,9637,-15322.83,96.37,-25441.68,8866.04,34307.72,0,"	5279,5280" 
2024-09-10T19:30:00Z,"AMD",2024-09-10T19:59:00Z,Buy,142.65,142.93,18437,5162.36,184.37,-3687.4,5899.84,9587.24,1,"	5281,5282" 
2024-09-11T16:30:00Z,"NVDA",2024-09-11T17:00:00Z,Buy,112.781731326,112.022056454,31614,-24016.36,316.14,-32232.49,0,32232.49,0,"	5283,5284" 
2024-09-11T19:00:00Z,"AMD",2024-09-11T19:59:00Z,Buy,147.63,150.05,24039,58174.38,240.39,-11538.72,58174.38,11538.72,1,"	5285,5286" 
2024-09-12T14:30:00Z,"NVDA",2024-09-12T15:00:00Z,Buy,119.569057497,118.579396374,22710,-22475.2,227.1,-23837.34,8626.85,32464.18,0,"	5287,5288" 
2024-09-16T17:00:00Z,"TSLA",2024-09-16T18:00:00Z,Sell,226.46,227,15774,-8517.96,157.74,-18297.84,5520.9,23818.74,0,"	5289,5290" 
2024-09-17T17:00:00Z,"AMD",2024-09-17T19:59:00Z,Sell,150.68,150.78,23671,-2367.1,236.71,-8048.14,32429.27,38110.31,0,"	5291,5292" 
2024-09-18T15:30:00Z,"NVDA",2024-09-18T16:30:00Z,Sell,114.780697114,114.66073819,13414,1609.13,134.14,0,14884.44,14079.88,1,"	5293,5296" 
2024-09-18T16:00:00Z,"AMD",2024-09-18T16:30:00Z,Sell,148.95,150.22,18629,-23658.83,186.29,-24031.41,0,24031.41,0,"	5294,5295" 
2024-09-18T18:30:00Z,"TSLA",2024-09-18T19:00:00Z,Buy,233.4,231.5,15214,-28906.6,152.14,-28906.6,33927.22,62833.82,0,"	5297,5298" 
2024-09-19T14:00:00Z,"NVDA",2024-09-19T19:00:00Z,Buy,118.369468257,118.509420335,20879,2922.06,208.79,-3548.22,25046.22,26715.97,1,"	5300,5302" 
2024-09-19T14:00:00Z,"TSLA",2024-09-19T19:59:00Z,Buy,237.05,243.9,14900,102065,149,0,102810,30694,1,"	5299,5303" 
2024-09-19T14:30:00Z,"AMD",2024-09-19T19:59:00Z,Buy,156.6,156.67,22774,1594.18,227.74,-20041.12,58756.92,58756.92,1,"	5301,5304" 
2024-09-20T14:00:00Z,"AMD",2024-09-20T19:30:00Z,Sell,155.08,154.96,23123,2774.76,231.23,-1849.84,58732.42,60119.8,1,"	5305,5310" 
2024-09-20T15:00:00Z,"TSLA",2024-09-20T16:00:00Z,Sell,238.05,239.71,12558,-20846.28,125.58,-27878.76,24990.42,52869.18,0,"	5306,5308" 
2024-09-20T15:30:00Z,"NVDA",2024-09-20T16:00:00Z,Sell,115.700382198,116.26019051,31363,-17557.27,313.63,-25395.33,0,25395.33,0,"	5307,5309" 
2024-09-23T14:00:00Z,"TSLA",2024-09-23T19:59:00Z,Buy,246.98,249.9,11345,33127.4,113.45,-7260.8,33354.3,28249.05,1,"	5311,5312" 
2024-09-24T14:00:00Z,"NVDA",2024-09-24T14:30:00Z,Buy,117.169879017,115.940300046,30722,-37775.13,307.22,-40539.16,0,40539.16,0,"	5313,5315" 
2024-09-24T14:30:00Z,"AMD",2024-09-24T15:00:00Z,Sell,154.81,156.25,23087,-33245.28,230.87,-33245.28,2308.7,35553.98,0,"	5314,5316" 
2024-09-25T14:00:00Z,"AMD",2024-09-25T14:30:00Z,Buy,160.2,159.86,22171,-7538.14,221.71,-7538.14,19953.9,27492.04,0,"	5317,5319" 
2024-09-25T14:00:00Z,"NVDA",2024-09-25T16:00:00Z,Buy,124.127496609,123.527701989,28614,-17162.52,286.14,-27174,20022.94,47196.94,0,"	5318,5320" 
2024-09-26T14:00:00Z,"AMD",2024-09-26T14:30:00Z,Buy,168.21,166.73,21017,-31105.16,210.17,-31105.16,630.51,31735.67,0,"	5321,5322" 
2024-09-26T15:00:00Z,"TSLA",2024-09-26T15:30:00Z,Sell,251.94,254.29,10240,-24064,102.4,-27545.6,0,27545.6,0,"	5323,5324" 
2024-09-27T14:00:00Z,"NVDA",2024-09-27T19:59:00Z,Sell,122.697986098,121.328455049,27280,37360.81,272.8,-4908.72,92174.84,57268.39,1,"	5325,5328" 
2024-09-27T15:30:00Z,"AMD",2024-09-27T19:59:00Z,Sell,164.94,164.59,21477,7516.95,214.77,-13315.74,22980.39,23409.93,1,"	5326,5327" 
2024-09-30T14:00:00Z,"TSLA",2024-09-30T14:30:00Z,Buy,263.07,259.61,13182,-45609.72,131.82,-47718.84,14368.38,62087.22,0,"	5329,5330" 
2024-10-01T14:00:00Z,"TSLA",2024-10-01T16:30:00Z,Sell,256.24,255.08,13648,15831.68,136.48,-7096.96,99903.36,84071.68,1,"	5331,5334" 
2024-10-01T14:00:00Z,"AMD",2024-10-01T19:00:00Z,Sell,162.31,161.05,18851,23752.26,188.51,-6409.34,77477.61,56175.98,1,"	5332,5335" 
2024-10-01T14:00:00Z,"NVDA",2024-10-01T19:59:00Z,Sell,120.128865809,117.169879017,22835,67568.46,228.35,-6391.61,97472.07,48393.63,1,"	5333,5336" 
2024-10-02T14:00:00Z,"TSLA",2024-10-02T15:00:00Z,Sell,242.26,244.73,14727,-36375.69,147.27,-54489.9,0,54489.9,0,"	5337,5339" 
2024-10-02T14:30:00Z,"AMD",2024-10-02T15:30:00Z,Buy,162.51,162.13,17359,-6596.42,173.59,-9547.45,9894.63,19442.08,0,"	5338,5340" 
2024-10-03T14:00:00Z,"NVDA",2024-10-03T14:30:00Z,Buy,123.307777295,122.208153825,28704,-31563.59,287.04,-31563.59,26111.7,57675.29,0,"	5342,5343" 
2024-10-03T14:00:00Z,"AMD",2024-10-03T15:00:00Z,Buy,164.94,163.24,20437,-34742.9,204.37,-34742.9,32494.83,67237.73,0,"	5341,5344" 
2024-10-03T17:00:00Z,"TSLA",2024-10-03T19:59:00Z,Sell,239.7,241,14560,-18928,145.6,-19947.2,26208,45136,0,"	5345,5346" 
2024-10-04T15:00:00Z,"TSLA",2024-10-04T15:30:00Z,Buy,250.03,247.74,12533,-28700.57,125.33,-29201.89,9274.42,38476.31,0,"	5347,5348" 
2024-10-04T17:30:00Z,"AMD",2024-10-04T19:59:00Z,Buy,170.11,170.81,20361,14252.7,203.61,-14049.09,21379.05,18630.32,1,"	5349,5350" 
2024-10-07T15:00:00Z,"NVDA",2024-10-07T19:00:00Z,Buy,127.65628829,127.996171908,27201,9245.17,272.01,-11692.43,76952.48,67707.31,1,"	5352,5353" 
2024-10-07T15:00:00Z,"TSLA",2024-10-07T19:59:00Z,Sell,244.1,240.94,13129,41487.64,131.29,-18380.6,42537.96,34923.14,1,"	5351,5354" 
2024-10-08T15:00:00Z,"NVDA",2024-10-08T15:30:00Z,Buy,132.674569944,131.844854053,26427,-21926.9,264.27,-29059.75,4491.05,33550.8,0,"	5355,5356" 
2024-10-09T14:00:00Z,"AMD",2024-10-09T14:30:00Z,Sell,170.58,170.99,17777,-7288.57,177.77,-16354.84,8532.96,24887.8,0,"	5357,5358" 
2024-10-10T14:00:00Z,"TSLA",2024-10-10T14:30:00Z,Sell,234.81,238.42,10038,-36237.18,100.38,-40152,3814.44,43966.44,0,"	5359,5360" 
2024-10-10T16:00:00Z,"NVDA",2024-10-10T16:30:00Z,Buy,134.85382373,134.324005149,25672,-13601.5,256.72,-13601.5,2309.69,15911.19,0,"	5361,5362" 
2024-10-10T17:00:00Z,"AMD",2024-10-10T19:59:00Z,Sell,165.66,164.21,20264,29382.8,202.64,-3850.16,71937.2,46809.84,1,"	5363,5364" 
2024-10-11T16:00:00Z,"AMD",2024-10-11T19:59:00Z,Buy,166.87,167.88,14637,14783.37,146.37,-7025.76,34982.43,21809.13,1,"	5365,5366" 
2024-10-14T14:00:00Z,"NVDA",2024-10-14T15:00:00Z,Buy,139.35228338,138.372618834,24988,-24479.86,249.88,-24479.86,1998.36,26478.21,0,"	5367,5368" 
2024-10-15T14:00:00Z,"AMD",2024-10-15T19:59:00Z,Sell,160.76,156.58,21554,90095.72,215.54,-1293.24,105830.14,47203.26,1,"	5369,5371" 
2024-10-15T14:00:00Z,"NVDA",2024-10-15T19:59:00Z,Sell,135.45361835,131.834857476,25580,92567.9,255.8,-15598.46,168003.07,96915.01,1,"	5370,5372" 
2024-10-17T14:30:00Z,"TSLA",2024-10-17T15:00:00Z,Sell,219.41,219.85,13373,-5884.12,133.73,-8959.91,2407.14,11367.05,0,"	5373,5374" 
2024-10-18T18:00:00Z,"TSLA",2024-10-18T18:30:00Z,Buy,221.24,221.34,12703,1270.3,127.03,-762.18,3683.87,3683.87,1,"	5375,5376" 
2024-10-21T14:00:00Z,"NVDA",2024-10-21T15:30:00Z,Buy,141.141670663,140.301958195,8073,-6779,80.73,-9442.18,3994.77,13436.94,0,"	5377,5379" 
2024-10-21T15:30:00Z,"TSLA",2024-10-21T16:00:00Z,Sell,217.76,218.99,16434,-20213.82,164.34,-20213.82,164.34,20378.16,0,"	5378,5380" 
2024-10-22T14:30:00Z,"AMD",2024-10-22T18:00:00Z,Sell,153.93,153.74,11721,2226.99,117.21,-4922.82,23442,21918.27,1,"	5381,5384" 
2024-10-22T16:00:00Z,"TSLA",2024-10-22T17:00:00Z,Sell,215.9,216.64,16554,-12249.96,165.54,-13574.28,7863.15,21437.43,0,"	5382,5383" 
2024-10-23T15:00:00Z,"TSLA",2024-10-23T19:59:00Z,Sell,215.96,213.78,16476,35917.68,164.76,-5766.6,62938.32,41849.04,1,"	5385,5390" 
2024-10-23T15:30:00Z,"NVDA",2024-10-23T16:00:00Z,Sell,139.682170421,140.621848659,14474,-13600.9,144.74,-13600.9,0,13600.9,0,"	5386,5387" 
2024-10-23T18:00:00Z,"AMD",2024-10-23T19:00:00Z,Sell,150.77,152.2,18120,-25911.6,181.2,-27361.2,3986.4,31347.6,0,"	5388,5389" 
2024-10-24T14:00:00Z,"TSLA",2024-10-24T19:59:00Z,Buy,249.33,260.22,14263,155324.07,142.63,-31093.34,178715.39,35086.98,1,"	5391,5392" 
2024-10-25T14:00:00Z,"TSLA",2024-10-25T15:00:00Z,Buy,269.17,263.49,3242,-18414.56,32.42,-26162.94,0,26162.94,0,"	5393,5396" 
2024-10-25T14:00:00Z,"AMD",2024-10-25T15:30:00Z,Buy,157.9,157.33,23173,-13208.61,231.73,-17611.48,21782.62,39394.1,0,"	5394,5397" 
2024-10-25T14:00:00Z,"NVDA",2024-10-25T17:30:00Z,Buy,142.691140098,142.461218827,25154,-5783.44,251.54,-5783.44,33946.28,39729.72,0,"	5395,5398" 
2024-10-28T14:30:00Z,"AMD",2024-10-28T15:00:00Z,Buy,160.06,159.13,22702,-21112.86,227.02,-22474.98,2724.24,25199.22,0,"	5399,5400" 
2024-10-29T15:00:00Z,"TSLA",2024-10-29T15:30:00Z,Sell,258.51,259.88,3155,-4322.35,31.55,-4322.35,851.85,5174.2,0,"	5401,5403" 
2024-10-29T15:00:00Z,"AMD",2024-10-29T19:59:00Z,Buy,162.62,166.12,22258,77903,222.58,-2003.22,106170.66,35278.93,1,"	5402,5405" 
2024-10-29T19:30:00Z,"NVDA",2024-10-29T19:59:00Z,Buy,142.041362593,141.131674086,25882,-23544.56,258.82,-25096.95,776.19,25873.14,0,"	5404,5406" 
2024-10-30T15:00:00Z,"AMD",2024-10-30T19:59:00Z,Sell,150.3,148.71,24301,38638.59,243.01,-13244.04,51761.13,29404.21,1,"	5407,5408" 
2024-10-31T14:00:00Z,"AMD",2024-10-31T15:00:00Z,Sell,143.71,145.36,9972,-16453.8,99.72,-16653.24,448.74,17101.98,0,"	5409,5412" 
2024-10-31T14:00:00Z,"NVDA",2024-10-31T19:59:00Z,Sell,132.934480946,133.444306373,27663,-14103.3,276.63,-47287.54,23367.23,64017.92,0,"	5410,5414" 
2024-10-31T15:00:00Z,"TSLA",2024-10-31T15:30:00Z,Sell,252.3,251.8,3252,1626,32.52,-162.6,4682.88,4845.48,1,"	5411,5413" 
2024-11-01T14:30:00Z,"NVDA",2024-11-01T16:00:00Z,Buy,137.143039863,136.463272627,26678,-18134.83,266.78,-32135.99,0,32135.99,0,"	5415,5416" 
2024-11-05T15:00:00Z,"TSLA",2024-11-05T15:30:00Z,Buy,251.3,251.11,14519,-2758.61,145.19,-11470.01,28675.02,40145.04,0,"	5417,5418" 
2024-11-05T16:00:00Z,"NVDA",2024-11-05T20:59:00Z,Buy,139.032392916,139.602197805,20894,11905.5,208.94,-1879.82,26839.6,25168.65,1,"	5419,5420" 
2024-11-06T17:30:00Z,"NVDA",2024-11-06T20:59:00Z,Buy,144.840404153,145.440198773,25216,15124.42,252.16,-3024.88,39323.49,26971.88,1,"	5421,5424" 
2024-11-06T18:30:00Z,"TSLA",2024-11-06T19:00:00Z,Buy,289.24,287.41,12700,-23241,127,-24765,0,24765,0,"	5422,5423" 
2024-11-07T15:00:00Z,"NVDA",2024-11-07T15:30:00Z,Buy,148.109284832,148.069298524,23846,-953.51,238.46,-4529.19,13587.57,14541.08,0,"	5426,5428" 
2024-11-07T15:00:00Z,"AMD",2024-11-07T20:59:00Z,Buy,148.48,149.81,24563,32668.79,245.63,-7614.53,38932.36,27756.19,1,"	5425,5430" 
2024-11-07T15:30:00Z,"TSLA",2024-11-07T20:59:00Z,Buy,296.88,296.79,5560,-500.4,55.6,-7839.6,15345.6,23185.2,0,"	5427,5429" 
2024-11-08T15:00:00Z,"TSLA",2024-11-08T20:59:00Z,Buy,308.5,320.93,3816,47432.88,38.16,-4388.4,74755.44,42872.76,1,"	5431,5436" 
2024-11-08T15:30:00Z,"NVDA",2024-11-08T16:30:00Z,Sell,147.019657939,147.199596325,25043,-4506.2,250.43,-12141.7,17023.41,28038.56,0,"	5432,5433" 
2024-11-08T18:00:00Z,"AMD",2024-11-08T19:00:00Z,Sell,147.81,148.25,24935,-10971.4,249.35,-15709.05,1745.45,17454.5,0,"	5434,5435" 
2024-11-11T15:00:00Z,"AMD",2024-11-11T15:30:00Z,Sell,145.33,147.1,25369,-44903.13,253.69,-44903.13,8118.08,53021.21,0,"	5437,5439" 
2024-11-11T15:00:00Z,"NVDA",2024-11-11T16:00:00Z,Sell,143.910722492,146.169948894,25621,-57883.64,256.21,-63774.45,9220.4,72994.86,0,"	5438,5440" 
2024-11-11T16:30:00Z,"TSLA",2024-11-11T17:00:00Z,Buy,356.8,345.83,4002,-43901.94,40.02,-52350.16,4642.32,56992.48,0,"	5441,5442" 
2024-11-12T15:30:00Z,"NVDA",2024-11-12T16:00:00Z,Buy,149.178918571,148.24923691,24062,-22370,240.62,-22370,8659.35,31029.36,0,"	5444,5445" 
2024-11-12T15:30:00Z,"AMD",2024-11-12T20:59:00Z,Sell,145.57,143.59,24658,48822.84,246.58,0,96659.36,47836.52,1,"	5443,5448" 
2024-11-12T17:30:00Z,"TSLA",2024-11-12T19:00:00Z,Sell,332.72,331.77,5930,5633.5,59.3,-11207.7,53192.1,52480.5,1,"	5446,5447" 
2024-11-13T17:00:00Z,"AMD",2024-11-13T18:00:00Z,Sell,140.57,140.76,25687,-4880.53,256.87,-4880.53,14641.59,19522.12,0,"	5449,5450" 
2024-11-14T15:00:00Z,"TSLA",2024-11-14T16:30:00Z,Sell,320.85,320.15,5014,3509.8,50.14,-13638.08,22262.16,21309.5,1,"	5451,5452" 
2024-11-15T15:00:00Z,"TSLA",2024-11-15T15:30:00Z,Buy,318.31,314.12,2895,-12130.05,28.95,-16530.45,4313.55,20844,0,"	5453,5454" 
2024-11-15T15:30:00Z,"AMD",2024-11-15T16:00:00Z,Sell,135.88,135.88,26501,0,265.01,-6890.26,7420.28,12190.46,0,"	5455,5457" 
2024-11-15T15:30:00Z,"NVDA",2024-11-15T20:59:00Z,Sell,142.331263326,142.061355747,25299,6828.39,252.99,-26049.05,57029.72,53741.97,1,"	5456,5458" 
2024-11-18T15:00:00Z,"AMD",2024-11-18T17:00:00Z,Buy,139.05,139.3,25935,6483.75,259.35,0,32159.4,31381.35,1,"	5459,5462" 
2024-11-18T15:30:00Z,"TSLA",2024-11-18T16:00:00Z,Buy,346.76,345.22,3541,-5453.14,35.41,-5453.14,5701.01,11154.15,0,"	5460,5461" 
2024-11-19T15:00:00Z,"NVDA",2024-11-19T20:59:00Z,Buy,142.281280441,146.769743514,25346,113764.59,253.46,-15202.39,119085.42,33191.89,1,"	5463,5466" 
2024-11-19T15:30:00Z,"TSLA",2024-11-19T16:00:00Z,Buy,344.4,341.88,5543,-13968.36,55.43,-13968.36,14190.08,28158.44,0,"	5464,5465" 
2024-11-20T15:00:00Z,"NVDA",2024-11-20T16:00:00Z,Sell,144.120650609,145.810072122,25480,-43046.46,254.8,-46867.15,33367.37,80234.53,0,"	5467,5470" 
2024-11-20T15:30:00Z,"TSLA",2024-11-20T16:00:00Z,Sell,337.1,339.37,7975,-18103.25,79.75,-26955.5,2392.5,29348,0,"	5468,5469" 
2024-11-20T16:30:00Z,"AMD",2024-11-20T17:00:00Z,Sell,136.7,137.86,26564,-30814.24,265.64,-35064.48,6906.64,41971.12,0,"	5471,5472" 
2024-11-21T15:30:00Z,"AMD",2024-11-21T16:00:00Z,Sell,135.29,136.68,26688,-37096.32,266.88,-37096.32,6672,43768.32,0,"	5473,5475" 
2024-11-21T15:30:00Z,"NVDA",2024-11-21T16:30:00Z,Sell,141.111680932,144.960363077,24750,-95254.88,247.5,-95254.88,7422.46,102677.34,0,"	5474,5476" 
2024-11-22T15:00:00Z,"AMD",2024-11-22T15:30:00Z,Buy,138.68,137.45,25406,-31249.38,254.06,-35060.28,3556.84,38617.12,0,"	5477,5478" 
2024-11-22T16:00:00Z,"TSLA",2024-11-22T20:59:00Z,Buy,355.35,352.53,9199,-25941.18,91.99,-37899.88,9934.92,47834.8,0,"	5479,5481" 
2024-11-22T16:30:00Z,"NVDA",2024-11-22T20:59:00Z,Sell,142.221300979,142.041362593,21047,3787.16,210.47,-736.39,23354.17,21460.59,1,"	5480,5482" 
2024-11-25T15:00:00Z,"NVDA",2024-11-25T16:30:00Z,Sell,137.65286529,138.242663333,19031,-11224.45,190.31,-11224.45,25492.81,36717.26,0,"	5483,5485" 
2024-11-25T16:30:00Z,"AMD",2024-11-25T17:30:00Z,Buy,141.93,140.71,24513,-29905.86,245.13,-33827.94,9805.2,43633.14,0,"	5484,5486" 
2024-11-26T15:00:00Z,"AMD",2024-11-26T20:59:00Z,Sell,138.59,137.77,24955,20463.1,249.55,-18965.8,47913.6,27450.5,1,"	5487,5488" 
2024-11-27T15:30:00Z,"TSLA",2024-11-27T17:30:00Z,Sell,329.7,331.32,8100,-13122,81,-27459,22356,49815,0,"	5489,5491" 
2024-11-27T15:30:00Z,"AMD",2024-11-27T18:30:00Z,Sell,134.3,134.75,25847,-11631.15,258.47,-14215.85,31533.34,45749.19,0,"	5490,5492" 
2024-11-29T15:00:00Z,"TSLA",2024-11-29T15:30:00Z,Buy,338.95,340.78,7692,14076.36,76.92,-3692.16,23845.2,9768.84,1,"	5493,5495" 
2024-11-29T15:00:00Z,"AMD",2024-11-29T15:30:00Z,Buy,138.33,137.75,24980,-14488.4,249.8,-15737.4,3747,19484.4,0,"	5494,5496" 
2024-12-02T15:00:00Z,"AMD",2024-12-02T20:59:00Z,Buy,140.6,142.09,24582,36627.18,245.82,-15978.3,53711.67,44370.51,1,"	5497,5498" 
2024-12-04T17:00:00Z,"NVDA",2024-12-04T20:59:00Z,Buy,143.55084572,145.090318578,24238,37313.74,242.38,0,51851.57,27137.27,1,"	5499,5500" 
2024-12-05T15:00:00Z,"AMD",2024-12-05T15:30:00Z,Sell,141.86,141.83,24697,740.91,246.97,-13583.35,8396.98,13583.35,1,"	5502,5503" 
2024-12-05T15:00:00Z,"TSLA",2024-12-05T16:00:00Z,Buy,372.54,368.36,7112,-29728.16,71.12,-29728.16,10596.88,40325.04,0,"	5501,5504" 
2024-12-06T16:00:00Z,"NVDA",2024-12-06T20:59:00Z,Sell,143.690689845,142.351056335,24249,32484.77,242.49,0,55878.66,42060.51,1,"	5505,5508" 
2024-12-06T20:30:00Z,"AMD",2024-12-06T20:59:00Z,Sell,138.02,138.72,23311,-16317.7,233.11,-17599.8,13753.49,31353.3,0,"	5506,5507" 
2024-12-09T15:00:00Z,"AMD",2024-12-09T20:59:00Z,Sell,133.83,130.88,25242,74463.9,252.42,-7825.02,95667.18,27008.94,1,"	5509,5514" 
2024-12-09T15:30:00Z,"NVDA",2024-12-09T17:00:00Z,Sell,138.62207649,138.30216401,25279,8087.07,252.79,-252.72,36644.52,31590.11,1,"	5510,5512" 
2024-12-09T16:00:00Z,"TSLA",2024-12-09T18:30:00Z,Sell,383.62,386.71,7990,-24689.1,79.9,-24848.9,37712.8,62561.7,0,"	5511,5513" 
2024-12-10T15:00:00Z,"NVDA",2024-12-10T15:30:00Z,Buy,140.90145291,140.02169359,25071,-22056.45,250.71,-22056.45,7393.92,29450.37,0,"	5517,5518" 
2024-12-10T15:00:00Z,"TSLA",2024-12-10T16:00:00Z,Buy,400.52,401.43,8436,7676.76,84.36,0,59136.36,58377.12,1,"	5515,5519" 
2024-12-10T15:00:00Z,"AMD",2024-12-10T20:59:00Z,Sell,129.06,127.71,26812,36196.2,268.12,-30029.44,51747.16,30029.44,1,"	5516,5520" 
2024-12-11T18:30:00Z,"NVDA",2024-12-11T20:59:00Z,Buy,139.14193427,139.18192333,22564,902.31,225.64,-4060.41,21204.36,25264.77,1,"	5521,5524" 
2024-12-11T19:30:00Z,"TSLA",2024-12-11T20:59:00Z,Buy,419.85,423.98,8458,34931.54,84.58,-8711.74,35016.12,15562.72,1,"	5522,5523" 
2024-12-13T15:00:00Z,"TSLA",2024-12-13T16:00:00Z,Buy,424.38,423.42,7243,-6953.28,72.43,-6953.28,47441.65,54394.93,0,"	5525,5528" 
2024-12-13T15:30:00Z,"AMD",2024-12-13T17:00:00Z,Sell,127.36,127.43,27634,-1934.38,276.34,-3039.74,67979.64,69914.02,0,"	5526,5529" 
2024-12-13T15:30:00Z,"NVDA",2024-12-13T20:59:00Z,Sell,136.44267272,134.133304505,26314,60768.72,263.14,-10785.79,101675.79,58532.64,1,"	5527,5530" 
2024-12-16T16:00:00Z,"NVDA",2024-12-16T19:30:00Z,Sell,131.50402381,131.60399646,27408,-2740.05,274.08,-15618.29,27400.5,38086.7,0,"	5532,5533" 
2024-12-16T16:00:00Z,"TSLA",2024-12-16T20:59:00Z,Buy,450.93,462.01,7278,80640.24,72.78,0,80713.02,35079.96,1,"	5531,5534" 
2024-12-17T15:00:00Z,"TSLA",2024-12-17T15:30:00Z,Buy,482.19,472.68,5773,-54901.23,57.73,-83766.23,0,83766.23,0,"	5535,5538" 
2024-12-17T15:00:00Z,"AMD",2024-12-17T15:30:00Z,Sell,123.64,123.85,29565,-6208.65,295.65,-17443.35,11826,29269.35,0,"	5536,5539" 
2024-12-17T15:00:00Z,"NVDA",2024-12-17T15:30:00Z,Sell,127.40514516,127.595093195,28692,-5449.99,286.92,-25242.05,12047.34,32986.78,0,"	5537,5540" 
2024-12-18T15:00:00Z,"NVDA",2024-12-18T16:30:00Z,Buy,134.84311032,135.20301186,26789,9641.4,267.89,-16069,47939.2,45796.66,1,"	5541,5542" 
2024-12-18T17:30:00Z,"AMD",2024-12-18T19:30:00Z,Buy,127.65,125.33,28346,-65762.72,283.46,-65762.72,0,65762.72,0,"	5543,5544" 
2024-12-18T20:30:00Z,"TSLA",2024-12-18T20:59:00Z,Sell,437.64,442.15,5824,-26266.24,58.24,-57948.8,33022.08,90970.88,0,"	5545,5546" 
2024-12-19T15:30:00Z,"AMD",2024-12-19T16:00:00Z,Sell,119.79,120.3,19529,-9959.79,195.29,-13865.59,5175.18,19040.78,0,"	5547,5548" 
2024-12-19T17:30:00Z,"TSLA",2024-12-19T18:00:00Z,Sell,423.25,432.76,1397,-13285.47,13.97,-13285.47,3799.84,17085.31,0,"	5549,5550" 
2024-12-20T15:30:00Z,"AMD",2024-12-20T18:00:00Z,Buy,120.39,120.82,29418,12649.74,294.18,0,40008.48,37655.04,1,"	5551,5553" 
2024-12-20T15:30:00Z,"NVDA",2024-12-20T20:59:00Z,Buy,132.42377219,134.1632963,26738,46511.4,267.38,-1336.53,73509.39,61747.89,1,"	5552,5554" 
2024-12-23T15:00:00Z,"AMD",2024-12-23T20:00:00Z,Buy,124.8,124.03,28686,-22088.22,286.86,-28686,41307.84,63396.06,0,"	5555,5557" 
2024-12-23T18:30:00Z,"NVDA",2024-12-23T20:59:00Z,Buy,138.50210931,139.471844015,25879,25095.76,258.79,-4915.67,28976.55,33892.22,1,"	5556,5558" 
2024-12-24T15:00:00Z,"NVDA",2024-12-24T15:30:00Z,Buy,141.62125599,140.78148573,25289,-21236.95,252.89,-25282.08,5941.29,31223.37,0,"	5560,5561" 
2024-12-24T15:00:00Z,"TSLA",2024-12-24T17:59:00Z,Buy,449.5,460.4,5091,55491.9,50.91,-18378.51,57019.2,21942.21,1,"	5559,5562" 
2024-12-26T19:00:00Z,"TSLA",2024-12-26T20:00:00Z,Sell,452.2,455.35,3988,-12562.2,39.88,-12562.2,4107.64,16669.84,0,"	5563,5564" 
2024-12-27T15:00:00Z,"TSLA",2024-12-27T16:00:00Z,Sell,439.65,437.19,4701,11564.46,47.01,0,60172.8,49125.45,1,"	5565,5567" 
2024-12-27T15:00:00Z,"NVDA",2024-12-27T16:30:00Z,Sell,136.44267272,136.832566055,26352,-10274.47,263.52,-10274.47,44522.7,54797.17,0,"	5566,5568" 
2024-12-30T18:00:00Z,"NVDA",2024-12-30T19:30:00Z,Buy,139.831745555,138.971980765,25722,-22114.87,257.22,-22886.32,8743.09,31629.41,0,"	5569,5570" 
2024-12-31T16:30:00Z,"NVDA",2024-12-31T20:00:00Z,Sell,135.06305015,134.813118525,26516,6627.19,265.16,-27834.19,31810.5,36316.98,1,"	5571,5574" 
2024-12-31T17:30:00Z,"AMD",2024-12-31T20:30:00Z,Sell,120.57,121.16,29711,-17529.49,297.11,-17529.49,11884.4,29413.89,0,"	5572,5575" 
2024-12-31T19:30:00Z,"TSLA",2024-12-31T20:59:00Z,Sell,405.8,404.6,5036,6043.2,50.36,-19539.68,11834.6,31374.28,1,"	5573,5576" 
2025-01-02T15:00:00Z,"AMD",2025-01-02T15:30:00Z,Buy,122.91,121.69,29110,-35514.2,291.1,-35514.2,582.2,36096.4,0,"	5577,5579" 
2025-01-02T15:30:00Z,"TSLA",2025-01-02T16:30:00Z,Sell,380.27,382.6,3399,-7919.67,33.99,-7919.67,11964.48,19884.15,0,"	5578,5580" 
2025-01-02T16:30:00Z,"NVDA",2025-01-02T17:30:00Z,Buy,137.892276145,136.972527765,25737,-23671.56,257.37,-23671.56,23671.56,47343.13,0,"	5581,5582" 
2025-01-03T15:00:00Z,"TSLA",2025-01-03T15:30:00Z,Buy,389.76,384.75,7620,-38176.2,76.2,-58826.4,0,58826.4,0,"	5583,5586" 
2025-01-03T15:00:00Z,"AMD",2025-01-03T15:30:00Z,Buy,122.83,122.51,28761,-9203.52,287.61,-32787.54,5464.59,38252.13,0,"	5584,5587" 
2025-01-03T15:00:00Z,"NVDA",2025-01-03T20:59:00Z,Buy,143.90063241,144.40049566,16020,8007.81,160.2,-20019.52,14654.29,20820.3,1,"	5585,5588" 
2025-01-06T15:00:00Z,"AMD",2025-01-06T15:30:00Z,Buy,129.75,129.51,27024,-6485.76,270.24,-16754.88,2432.16,19187.04,0,"	5589,5590" 
2025-01-06T15:30:00Z,"NVDA",2025-01-06T17:00:00Z,Buy,151.49855381,151.048676885,23115,-10398.91,231.15,-10398.91,12709.77,23108.68,0,"	5591,5592" 
2025-01-07T15:00:00Z,"NVDA",2025-01-07T20:59:00Z,Sell,146.210000625,140.311614275,23900,140971.43,239,-3822.95,148139.47,63317.68,1,"	5593,5598" 
2025-01-07T15:30:00Z,"AMD",2025-01-07T16:00:00Z,Sell,128.78,128.68,27452,2745.2,274.52,0,45295.8,42550.6,1,"	5595,5596" 
2025-01-07T15:30:00Z,"TSLA",2025-01-07T16:30:00Z,Sell,396.43,398.84,5342,-12874.22,53.42,-18536.74,24252.68,42789.42,0,"	5594,5597" 
2025-01-08T15:00:00Z,"AMD",2025-01-08T16:30:00Z,Sell,122.45,122.28,29244,4971.48,292.44,-11112.72,45620.64,45035.76,1,"	5599,5600" 
2025-01-10T15:00:00Z,"AMD",2025-01-10T18:30:00Z,Sell,115.59,115.92,30069,-9922.77,300.69,-32474.52,29768.31,62242.83,0,"	5601,5602" 
2025-01-14T15:00:00Z,"AMD",2025-01-14T17:30:00Z,Sell,115.64,115.61,26498,794.94,264.98,-24113.18,29412.78,28617.84,1,"	5603,5604" 
2025-01-15T15:00:00Z,"TSLA",2025-01-15T16:00:00Z,Buy,415.35,413.53,8615,-15679.3,86.15,-15679.3,26189.6,41868.9,0,"	5605,5606" 
2025-01-15T18:30:00Z,"AMD",2025-01-15T20:30:00Z,Buy,119.92,120.16,29145,6994.8,291.45,-5246.1,9909.3,12240.9,1,"	5607,5608" 
2025-01-16T15:00:00Z,"TSLA",2025-01-16T20:30:00Z,Sell,416.17,413.56,7081,18481.41,70.81,-5877.23,47655.13,42273.57,1,"	5609,5610" 
2025-01-17T15:30:00Z,"TSLA",2025-01-17T20:30:00Z,Buy,428.84,428.66,5922,-1065.96,59.22,-12732.3,63365.4,64431.36,0,"	5611,5612" 
2025-01-21T15:00:00Z,"TSLA",2025-01-21T16:30:00Z,Sell,412.07,415.14,5445,-16716.15,54.45,-26952.75,29838.6,56791.35,0,"	5613,5614" 
2025-01-22T15:00:00Z,"NVDA",2025-01-22T16:00:00Z,Buy,146.170011565,145.750126435,24442,-10262.83,244.42,-10262.83,23457.9,33720.73,0,"	5615,5617" 
2025-01-22T16:00:00Z,"AMD",2025-01-22T17:30:00Z,Buy,124.16,124,28718,-4594.88,287.18,-4594.88,42215.46,46810.34,0,"	5616,5618" 
2025-01-24T15:30:00Z,"NVDA",2025-01-24T20:59:00Z,Sell,146.00005806,142.511012575,19588,68343.42,195.88,-8420.54,81072.14,20561.77,1,"	5619,5620" 
2025-01-27T15:30:00Z,"NVDA",2025-01-27T20:59:00Z,Sell,123.98608053,118.577560165,17868,96639.44,178.68,-15362.28,128882.36,73417.39,1,"	5621,5624" 
2025-01-27T16:00:00Z,"AMD",2025-01-27T20:59:00Z,Sell,116.37,115.03,31102,41676.68,311.02,-3732.24,105746.8,64070.12,1,"	5622,5623" 
2025-01-28T15:00:00Z,"AMD",2025-01-28T15:30:00Z,Sell,113.22,114.59,18997,-26025.89,189.97,-31155.08,569.91,31724.99,0,"	5625,5626" 
2025-01-28T16:00:00Z,"TSLA",2025-01-28T17:30:00Z,Sell,389.81,393.56,9445,-35418.75,94.45,-38818.95,20401.2,59220.15,0,"	5627,5628" 
2025-01-28T17:30:00Z,"NVDA",2025-01-28T20:59:00Z,Buy,125.98553353,127.735054905,6094,10661.58,60.94,-5239.41,14438.83,7493.57,1,"	5629,5630" 
2025-01-29T15:00:00Z,"NVDA",2025-01-29T20:30:00Z,Sell,125.20574686,123.14631027,6415,13211.29,64.15,-4617.54,31553.17,18726.68,1,"	5631,5636" 
2025-01-29T15:30:00Z,"AMD",2025-01-29T16:00:00Z,Buy,116.94,116.47,23200,-10904,232,-16240,1624,17864,0,"	5632,5633" 
2025-01-29T16:30:00Z,"TSLA",2025-01-29T20:30:00Z,Sell,389.7,391.24,9410,-14491.4,94.1,-17784.9,47614.6,65399.5,0,"	5634,5635" 
2025-01-30T15:30:00Z,"NVDA",2025-01-30T17:00:00Z,Sell,119.537297605,120.557018635,7414,-7560.21,74.14,-9376.14,10450.88,19827.03,0,"	5637,5638" 
2025-01-31T15:00:00Z,"TSLA",2025-01-31T19:00:00Z,Buy,414.85,411.45,8803,-29930.2,88.03,-30546.41,43398.79,73945.2,0,"	5639,5642" 
2025-01-31T16:30:00Z,"AMD",2025-01-31T17:00:00Z,Sell,117.67,118.07,29877,-11950.8,298.77,-11950.8,9560.64,21511.44,0,"	5640,5641" 
2025-02-03T18:00:00Z,"TSLA",2025-02-03T19:00:00Z,Sell,379.59,381.26,9544,-15938.48,95.44,-16320.24,11071.04,27391.28,0,"	5643,5644" 
2025-02-04T15:00:00Z,"NVDA",2025-02-04T16:00:00Z,Buy,119.337352305,119.497308545,17121,2738.61,171.21,0,30124.72,29953.56,1,"	5645,5647" 
2025-02-04T15:30:00Z,"AMD",2025-02-04T17:30:00Z,Buy,117.16,116.88,30898,-8651.44,308.98,-14213.08,34605.76,43257.2,0,"	5646,5648" 
2025-02-04T20:30:00Z,"TSLA",2025-02-04T20:59:00Z,Buy,389.84,392.27,9098,22108.14,90.98,-5822.72,36710.43,19924.62,1,"	5649,5650" 
2025-02-05T17:30:00Z,"NVDA",2025-02-05T18:00:00Z,Buy,124.00607506,123.82612429,29222,-5258.52,292.22,-14314.86,2629.26,16944.12,0,"	5651,5652" 
2025-02-05T19:00:00Z,"TSLA",2025-02-05T20:59:00Z,Sell,378.77,378.69,8360,668.8,83.6,-13292.4,22496.76,26091.56,1,"	5653,5654" 
2025-02-06T15:00:00Z,"AMD",2025-02-06T16:30:00Z,Sell,110.09,110.06,27094,812.82,270.94,-15443.58,25197.42,25197.42,1,"	5655,5658" 
2025-02-06T16:00:00Z,"TSLA",2025-02-06T16:30:00Z,Sell,364.79,366.1,9199,-12050.69,91.99,-15730.29,6991.24,22721.53,0,"	5656,5657" 
2025-02-07T15:30:00Z,"AMD",2025-02-07T18:00:00Z,Sell,107.55,107.54,28945,289.45,289.45,-20261.5,17656.45,37917.95,1,"	5659,5660" 
2025-02-07T19:30:00Z,"TSLA",2025-02-07T20:59:00Z,Sell,363.78,361.35,9928,24125.04,99.28,-14892,31769.6,20054.56,1,"	5661,5662" 
2025-02-10T15:00:00Z,"NVDA",2025-02-10T16:30:00Z,Buy,133.893370145,133.46348775,27101,-11650.24,271.01,-11650.24,22758.61,34408.86,0,"	5663,5665" 
2025-02-10T15:30:00Z,"AMD",2025-02-10T20:30:00Z,Buy,110.35,110.56,27045,5679.45,270.45,-10547.55,27585.9,27450.68,1,"	5664,5666" 
2025-02-11T16:00:00Z,"AMD",2025-02-11T17:00:00Z,Buy,111.9,112.23,18015,5944.95,180.15,0,19996.65,15312.75,1,"	5668,5669" 
2025-02-11T16:00:00Z,"TSLA",2025-02-11T20:59:00Z,Sell,339.42,328.55,10445,113537.15,104.45,-11176.15,147483.4,53791.75,1,"	5667,5670" 
2025-02-12T15:30:00Z,"TSLA",2025-02-12T20:59:00Z,Buy,338.37,336.37,10945,-21890,109.45,-27800.3,86793.85,114594.15,0,"	5671,5672" 
2025-02-13T15:00:00Z,"AMD",2025-02-13T15:30:00Z,Buy,113.83,113.38,32405,-14582.25,324.05,-14582.25,21063.25,35645.5,0,"	5673,5676" 
2025-02-13T15:00:00Z,"NVDA",2025-02-13T18:30:00Z,Buy,133.94335647,134.453216985,27540,14041.56,275.4,-9911.69,67867.53,77779.22,1,"	5674,5678" 
2025-02-13T15:30:00Z,"TSLA",2025-02-13T17:00:00Z,Buy,355,349.17,7319,-42669.77,73.19,-43840.81,24811.41,68652.22,0,"	5675,5677" 
2025-02-14T15:00:00Z,"AMD",2025-02-14T15:30:00Z,Buy,114.21,113.63,32047,-18587.26,320.47,-29162.77,4486.58,33649.35,0,"	5679,5680" 
2025-02-19T15:00:00Z,"TSLA",2025-02-19T16:00:00Z,Buy,363.82,360.61,2210,-7094.1,22.1,-8530.6,7248.8,15779.4,0,"	5681,5682" 
2025-02-19T18:00:00Z,"NVDA",2025-02-19T18:30:00Z,Buy,141.191373595,140.591537695,13002,-7799.07,130.02,-10788.71,0,10788.71,0,"	5683,5684" 
2025-02-19T19:30:00Z,"AMD",2025-02-19T20:00:00Z,Buy,115.27,115.26,31554,-315.54,315.54,-3786.48,4417.56,8204.04,0,"	5685,5686" 
2025-02-20T15:00:00Z,"NVDA",2025-02-20T15:30:00Z,Sell,137.10249221,138.58208743,13540,-20033.72,135.4,-23553.16,2774.94,26328.1,0,"	5688,5689" 
2025-02-20T15:00:00Z,"TSLA",2025-02-20T16:30:00Z,Sell,350.67,354.24,3988,-14237.16,39.88,-14237.16,8693.84,22931,0,"	5687,5691" 
2025-02-20T16:00:00Z,"AMD",2025-02-20T20:59:00Z,Sell,113.21,114.18,32012,-31051.64,320.12,-31051.64,640.24,31691.88,0,"	5690,5692" 
2025-02-21T16:30:00Z,"TSLA",2025-02-21T20:59:00Z,Sell,346.02,338.01,4243,33986.43,42.43,-212.15,48158.05,21342.29,1,"	5693,5696" 
2025-02-21T16:30:00Z,"AMD",2025-02-21T20:59:00Z,Sell,112.81,110.88,31842,61455.06,318.42,-4776.3,73873.44,28657.8,1,"	5694,5697" 
2025-02-21T18:00:00Z,"NVDA",2025-02-21T20:59:00Z,Sell,137.70232811,134.64316502,21553,65934.14,215.53,-3663.01,77677.31,36630.08,1,"	5695,5698" 
2025-02-24T15:00:00Z,"TSLA",2025-02-24T16:30:00Z,Sell,329.12,333.88,9825,-46767,98.25,-47847.75,37335,85182.75,0,"	5699,5702" 
2025-02-24T15:00:00Z,"AMD",2025-02-24T17:00:00Z,Sell,108.95,109.54,33951,-20031.09,339.51,-32592.96,23765.7,56358.66,0,"	5700,5704" 
2025-02-24T15:30:00Z,"NVDA",2025-02-24T16:30:00Z,Sell,132.86365185,134.013337325,24130,-27741.91,241.3,-31119.19,49452.97,80572.16,0,"	5701,5703" 
2025-02-25T15:00:00Z,"NVDA",2025-02-25T17:00:00Z,Sell,127.515115075,127.84502482,27088,-8936.6,270.88,-13540.3,77721.3,91261.59,0,"	5706,5708" 
2025-02-25T15:00:00Z,"TSLA",2025-02-25T20:59:00Z,Sell,313.08,303.46,10044,96623.28,100.44,0,153773.64,68700.96,1,"	5705,5709" 
2025-02-25T15:30:00Z,"AMD",2025-02-25T20:59:00Z,Sell,105.25,103.99,35352,44543.52,353.52,-43659.72,55856.16,46487.88,1,"	5707,5710" 
2025-02-26T16:30:00Z,"NVDA",2025-02-26T18:30:00Z,Buy,132.38378313,130.334343805,28129,-57648.68,281.29,-57648.68,13779.44,71428.12,0,"	5711,5712" 
2025-02-26T19:00:00Z,"TSLA",2025-02-26T20:59:00Z,Sell,291.46,291.32,7535,1054.9,75.35,-9305.72,24225.02,32287.48,1,"	5713,5714" 
2025-02-27T15:00:00Z,"TSLA",2025-02-27T15:30:00Z,Sell,283.04,293.41,12062,-125082.94,120.62,-125082.94,14474.4,139557.34,0,"	5715,5718" 
2025-02-27T15:00:00Z,"AMD",2025-02-27T15:30:00Z,Sell,103.42,103.6,35632,-6413.76,356.32,-8729.84,21735.52,30465.36,0,"	5716,5719" 
2025-02-27T15:00:00Z,"NVDA",2025-02-27T20:59:00Z,Sell,126.695339345,120.5670159,22267,136459.38,222.67,-42518.34,136459.38,65669.68,1,"	5717,5720" 
2025-02-28T15:30:00Z,"AMD",2025-02-28T16:00:00Z,Buy,101.46,101.04,36357,-15269.94,363.57,-33084.87,7634.97,40719.84,0,"	5722,5723" 
2025-02-28T15:30:00Z,"TSLA",2025-02-28T16:30:00Z,Buy,292.45,287.89,12614,-57519.84,126.14,-58907.38,1765.96,60673.34,0,"	5721,5724" 
2025-03-03T15:00:00Z,"NVDA",2025-03-03T15:30:00Z,Sell,118.9674535,119.497308545,19618,-10394.7,196.18,-13728.84,10983.08,24711.92,0,"	5725,5726" 
2025-03-03T20:30:00Z,"TSLA",2025-03-03T20:59:00Z,Sell,280,284.72,9845,-46468.4,98.45,-46468.4,20969.85,67438.25,0,"	5727,5729" 
2025-03-03T20:30:00Z,"AMD",2025-03-03T20:59:00Z,Sell,97.44,98.24,37274,-29819.2,372.74,-29819.2,10436.72,40255.92,0,"	5728,5730" 
2025-03-04T16:30:00Z,"TSLA",2025-03-04T17:00:00Z,Sell,262.6,268.27,10378,-58843.26,103.78,-72230.88,0,72230.88,0,"	5731,5732" 
2025-03-04T17:30:00Z,"AMD",2025-03-04T18:00:00Z,Buy,99.49,99.2,35612,-10327.48,356.12,-13888.68,10327.48,24216.16,0,"	5733,5734" 
2025-03-06T15:00:00Z,"TSLA",2025-03-06T15:30:00Z,Sell,266.53,270.77,11877,-50358.48,118.77,-54634.2,0,54634.2,0,"	5735,5736" 
2025-03-07T16:30:00Z,"TSLA",2025-03-07T17:30:00Z,Sell,254.36,256.1,10804,-18798.96,108.04,-18798.96,36733.6,55532.56,0,"	5737,5739" 
2025-03-07T16:30:00Z,"AMD",2025-03-07T18:00:00Z,Sell,97.48,98.13,35923,-23349.95,359.23,-57117.57,39515.3,96632.87,0,"	5738,5740" 
2025-03-10T14:00:00Z,"TSLA",2025-03-10T19:59:00Z,Sell,243.9,220.42,13567,318553.16,135.67,0,318553.16,72854.79,1,"	5741,5746" 
2025-03-10T14:30:00Z,"NVDA",2025-03-10T16:30:00Z,Sell,108.03044559,108.060437385,20698,-620.77,206.98,-14277.71,38487.75,52765.46,0,"	5742,5745" 
2025-03-10T15:00:00Z,"AMD",2025-03-10T15:30:00Z,Sell,97.72,98.08,36274,-13058.64,362.74,-18499.74,1088.22,18499.74,0,"	5743,5744" 
2025-03-11T14:00:00Z,"TSLA",2025-03-11T14:30:00Z,Buy,232.93,222.64,7711,-79346.19,77.11,-79346.19,12029.16,91375.35,0,"	5747,5749" 
2025-03-11T14:00:00Z,"NVDA",2025-03-11T14:30:00Z,Buy,109.47005175,106.27092695,29318,-93791.94,293.18,-93791.94,22861.79,116653.73,0,"	5748,5751" 
2025-03-11T14:30:00Z,"AMD",2025-03-11T15:00:00Z,Sell,95.66,95.88,37220,-8188.4,372.2,-20098.8,31264.8,51363.6,0,"	5750,5752" 
2025-03-12T16:00:00Z,"AMD",2025-03-12T19:59:00Z,Buy,100.43,100.82,35397,13804.83,353.97,-17344.53,44246.25,45308.16,1,"	5753,5756" 
2025-03-12T17:00:00Z,"NVDA",2025-03-12T18:00:00Z,Buy,115.83897141,114.449223695,26817,-37268.86,268.17,-37268.86,9116.13,46384.99,0,"	5754,5755" 
2025-03-13T14:00:00Z,"AMD",2025-03-13T14:30:00Z,Sell,98.37,99.11,35965,-26614.1,359.65,-49991.35,5754.4,55745.75,0,"	5758,5760" 
2025-03-13T14:00:00Z,"NVDA",2025-03-13T14:30:00Z,Sell,114.3792364,116.63882621,20131,-45487.8,201.31,-66017.7,2214.01,68231.7,0,"	5759,5761" 
2025-03-13T14:00:00Z,"TSLA",2025-03-13T18:00:00Z,Sell,236.04,238.07,5605,-11378.15,56.05,-30042.8,12947.55,34022.35,0,"	5757,5762" 
2025-03-14T15:00:00Z,"AMD",2025-03-14T16:00:00Z,Buy,100.54,100.43,34639,-3810.29,346.39,-9006.14,7966.97,16973.11,0,"	5763,5765" 
2025-03-14T15:00:00Z,"NVDA",2025-03-14T18:30:00Z,Buy,120.228174625,120.248170995,23423,468.37,234.23,-2341.87,36533.25,38875.12,1,"	5764,5766" 
2025-03-17T14:00:00Z,"AMD",2025-03-17T15:00:00Z,Buy,105.32,105.12,32604,-6520.8,326.04,-22496.76,26409.24,48906,0,"	5767,5770" 
2025-03-17T14:30:00Z,"TSLA",2025-03-17T18:30:00Z,Sell,237.31,239.3,5402,-10749.98,54.02,-15395.7,23336.64,34086.62,0,"	5768,5771" 
2025-03-17T14:30:00Z,"NVDA",2025-03-17T18:30:00Z,Sell,119.49830712,120.47812925,21298,-20868.25,212.98,-22145.9,30663.55,52809.45,0,"	5769,5772" 
2025-03-18T14:00:00Z,"NVDA",2025-03-18T15:00:00Z,Sell,115.05911298,116.25889518,28868,-34635.31,288.68,-36655.71,12988.24,49643.95,0,"	5773,5774" 
2025-03-19T19:00:00Z,"NVDA",2025-03-19T19:30:00Z,Buy,119.548298045,118.23853581,22108,-28956.22,221.08,-28956.22,15472.79,44429.01,0,"	5777,5778" 
2025-03-19T19:00:00Z,"TSLA",2025-03-19T19:59:00Z,Buy,237.5,235.81,8425,-14238.25,84.25,-18113.75,31509.5,49623.25,0,"	5775,5779" 
2025-03-19T19:00:00Z,"AMD",2025-03-19T19:59:00Z,Buy,107.13,106.24,32028,-28504.92,320.28,-29465.76,21779.04,51244.8,0,"	5776,5780" 
2025-03-20T14:30:00Z,"NVDA",2025-03-20T16:30:00Z,Buy,118.87841965,118.268530365,28364,-17298.9,283.64,-17298.9,36157.54,53456.44,0,"	5781,5784" 
2025-03-20T15:00:00Z,"AMD",2025-03-20T16:30:00Z,Buy,107.56,106.58,31491,-30861.18,314.91,-31805.91,10706.94,42512.85,0,"	5782,5783" 
2025-03-21T14:00:00Z,"TSLA",2025-03-21T14:30:00Z,Buy,241.63,238.84,8494,-23698.26,84.94,-35547.39,2972.9,38520.29,0,"	5785,5786" 
2025-03-24T14:00:00Z,"TSLA",2025-03-24T19:59:00Z,Buy,267.55,277.99,6320,65980.8,63.2,-1137.6,67434.4,24142.4,1,"	5787,5790" 
2025-03-24T14:30:00Z,"AMD",2025-03-24T19:59:00Z,Buy,112.03,114.04,30021,60342.21,300.21,-2701.89,83458.38,29270.48,1,"	5788,5791" 
2025-03-24T15:00:00Z,"NVDA",2025-03-24T19:59:00Z,Buy,121.69790782,121.387964085,27612,-8558.17,276.12,-8558.17,12423.14,20981.31,0,"	5789,5792" 
2025-03-26T14:00:00Z,"AMD",2025-03-26T19:59:00Z,Sell,112.04,110.27,26225,46418.25,262.25,-8654.25,86542.5,40124.25,1,"	5793,5797" 
2025-03-26T14:00:00Z,"NVDA",2025-03-26T19:59:00Z,Sell,116.29888792,113.91931989,29341,69818.91,293.41,-12614.34,103408.25,35642.84,1,"	5794,5798" 
2025-03-26T14:30:00Z,"TSLA",2025-03-26T15:00:00Z,Sell,275.81,276.98,7370,-8622.9,73.7,-19309.4,1989.9,21299.3,0,"	5795,5796" 
2025-03-27T14:30:00Z,"TSLA",2025-03-27T16:30:00Z,Buy,282.48,280.36,6407,-13582.84,64.07,-13582.84,57855.21,71438.05,0,"	5799,5800" 
2025-03-28T14:30:00Z,"NVDA",2025-03-28T18:00:00Z,Sell,109.250167495,109.870054965,31804,-19714.9,318.04,-26710.51,4769.73,31480.25,0,"	5802,5805" 
2025-03-28T14:30:00Z,"AMD",2025-03-28T19:00:00Z,Sell,103.52,103.35,25808,4387.36,258.08,-11097.44,26066.08,25033.76,1,"	5801,5806" 
2025-03-28T16:00:00Z,"TSLA",2025-03-28T17:00:00Z,Sell,263.35,263.62,6889,-1860.03,68.89,-11366.85,9506.82,18049.18,0,"	5803,5804" 
2025-04-01T15:00:00Z,"TSLA",2025-04-01T18:30:00Z,Buy,272.67,269.8,8658,-24848.46,86.58,-28138.5,38961,67099.5,0,"	5807,5808" 
2025-04-02T16:00:00Z,"TSLA",2025-04-02T19:59:00Z,Buy,278.49,283.12,8687,40220.81,86.87,-11119.36,48299.72,59419.08,1,"	5809,5810" 
2025-04-03T15:00:00Z,"AMD",2025-04-03T16:30:00Z,Sell,96.54,96.94,35975,-14390,359.75,-16188.75,37054.25,53243,0,"	5811,5812" 
2025-04-04T14:00:00Z,"TSLA",2025-04-04T18:00:00Z,Sell,252.2,245.08,9943,70794.16,99.43,0,153519.92,118371.42,1,"	5813,5816" 
2025-04-04T14:00:00Z,"AMD",2025-04-04T18:00:00Z,Sell,87.83,87.88,34368,-1718.4,343.68,-6529.92,138159.36,139877.76,0,"	5814,5817" 
2025-04-04T14:00:00Z,"NVDA",2025-04-04T18:00:00Z,Sell,97.60228197,95.712625005,32839,62054.45,328.39,-2298.31,179596.73,141182.07,1,"	5815,5818" 
2025-04-07T15:00:00Z,"NVDA",2025-04-07T15:30:00Z,Buy,96.932403575,93.832966225,27937,-86588.98,279.37,-90220.13,33239,123459.13,0,"	5819,5820" 
2025-04-08T14:00:00Z,"AMD",2025-04-08T15:00:00Z,Buy,87.87,86.74,29638,-33490.94,296.38,-33490.94,29934.38,63425.32,0,"	5821,5822" 
2025-04-08T19:30:00Z,"TSLA",2025-04-08T19:59:00Z,Sell,222.96,221.03,8049,15534.57,80.49,0,39762.06,33805.8,1,"	5823,5824" 
2025-04-09T14:00:00Z,"TSLA",2025-04-09T15:00:00Z,Buy,231.5,226.78,8765,-41370.8,87.65,-41370.8,21474.25,62845.05,0,"	5825,5827" 
2025-04-09T14:00:00Z,"AMD",2025-04-09T16:00:00Z,Buy,81.39,81.36,36134,-1084.02,361.34,-13730.92,79133.46,92864.38,0,"	5826,5828" 
2025-04-09T17:30:00Z,"NVDA",2025-04-09T19:59:00Z,Buy,106.46067388,113.929318075,22094,165012.22,220.94,0,183788.72,62514.67,1,"	5829,5830" 
2025-04-10T14:00:00Z,"TSLA",2025-04-10T14:30:00Z,Sell,253.87,254.47,3597,-2158.2,35.97,-8668.77,827.31,9496.08,0,"	5831,5833" 
2025-04-10T14:00:00Z,"AMD",2025-04-10T14:30:00Z,Sell,89.06,90.11,9684,-10168.2,96.84,-15107.04,4212.54,19319.58,0,"	5832,5834" 
2025-04-10T16:30:00Z,"NVDA",2025-04-10T17:00:00Z,Sell,104.011118555,107.010574055,10530,-31584.27,105.3,-32110.67,0,32110.67,0,"	5835,5836" 
2025-04-11T14:00:00Z,"AMD",2025-04-11T14:30:00Z,Buy,93.41,91.22,9210,-20169.9,92.1,-21827.7,3315.6,25143.3,0,"	5837,5839" 
2025-04-11T14:30:00Z,"TSLA",2025-04-11T15:00:00Z,Sell,244.81,246.27,3628,-5296.88,36.28,-15709.24,0,15709.24,0,"	5838,5840" 
2025-04-17T14:00:00Z,"NVDA",2025-04-17T17:00:00Z,Sell,102.891321835,101.54156686,25735,34735.94,257.35,-900.56,71273.01,39882.01,1,"	5841,5844" 
2025-04-17T14:30:00Z,"AMD",2025-04-17T15:30:00Z,Sell,87.04,86.87,23117,3929.89,231.17,-18262.43,9015.63,27278.06,1,"	5842,5843" 
2025-04-21T14:00:00Z,"TSLA",2025-04-21T15:30:00Z,Sell,225.75,224.76,15680,15523.2,156.8,-13171.2,29948.8,43120,1,"	5845,5849" 
2025-04-21T14:00:00Z,"NVDA",2025-04-21T19:59:00Z,Sell,96.82242354,97.052381795,30910,-7108.01,309.1,-7108.01,54237.2,61345.21,0,"	5846,5850" 
2025-04-21T14:30:00Z,"AMD",2025-04-21T15:00:00Z,Sell,84.76,85.43,30216,-20244.72,302.16,-29309.52,0,29309.52,0,"	5847,5848" 
2025-04-22T14:00:00Z,"TSLA",2025-04-22T17:30:00Z,Buy,236.86,235.83,14913,-15360.39,149.13,-27738.18,86495.4,101855.79,0,"	5851,5852" 
2025-04-24T14:00:00Z,"NVDA",2025-04-24T15:00:00Z,Buy,104.930951575,104.830969725,25020,-2501.55,250.2,-10381.42,14133.73,17260.67,0,"	5853,5856" 
2025-04-24T14:30:00Z,"TSLA",2025-04-24T15:30:00Z,Buy,256.36,254.8,8915,-13907.4,89.15,-21841.75,8825.85,30667.6,0,"	5854,5857" 
2025-04-24T14:30:00Z,"AMD",2025-04-24T19:59:00Z,Buy,93.03,94.45,28707,40763.94,287.07,-12056.94,48227.76,37606.17,1,"	5855,5858" 
2025-04-25T14:30:00Z,"TSLA",2025-04-25T19:59:00Z,Buy,270.66,284.78,9593,135453.16,95.93,-2686.04,154543.23,50842.9,1,"	5859,5862" 
2025-04-25T16:00:00Z,"NVDA",2025-04-25T19:59:00Z,Buy,109.010211055,110.7798898,28672,50740.23,286.72,-13760.06,81270.37,54610.25,1,"	5860,5864" 
2025-04-25T17:30:00Z,"AMD",2025-04-25T19:59:00Z,Buy,97.07,96.64,38051,-16361.93,380.51,-55173.95,0,55173.95,0,"	5861,5863" 
2025-04-28T14:00:00Z,"NVDA",2025-04-28T14:30:00Z,Sell,108.410319955,108.510301805,30807,-3080.14,308.07,-13860.63,12320.56,26181.2,0,"	5865,5866" 
2025-04-28T15:30:00Z,"TSLA",2025-04-28T16:00:00Z,Sell,274.01,276.57,7832,-20049.92,78.32,-26628.8,0,26628.8,0,"	5867,5869" 
2025-04-28T15:30:00Z,"AMD",2025-04-28T16:00:00Z,Sell,94.31,94.82,38672,-19722.72,386.72,-31711.04,0,31711.04,0,"	5868,5870" 
2025-04-30T14:00:00Z,"TSLA",2025-04-30T14:30:00Z,Sell,271.29,277.1,10634,-61783.54,106.34,-65080.08,0,65080.08,0,"	5871,5872" 
2025-05-01T15:00:00Z,"TSLA",2025-05-01T15:30:00Z,Buy,289.18,287.22,7127,-13968.92,71.27,-15608.13,10405.42,26013.55,0,"	5873,5874" 
2025-05-02T14:30:00Z,"AMD",2025-05-02T15:00:00Z,Buy,99.15,98.82,36008,-11882.64,360.08,-14043.12,0,14043.12,0,"	5875,5876" 
2025-05-02T18:00:00Z,"TSLA",2025-05-02T19:00:00Z,Buy,293.82,290.98,5307,-15071.88,53.07,-15867.93,4776.3,20644.23,0,"	5877,5878" 
2025-05-05T14:00:00Z,"AMD",2025-05-05T16:00:00Z,Buy,100.82,100.52,35236,-10570.8,352.36,-15856.2,22198.68,38054.88,0,"	5880,5881" 
2025-05-05T14:00:00Z,"TSLA",2025-05-05T17:00:00Z,Sell,279.46,279.93,9398,-4417.06,93.98,-17668.24,44452.54,50467.26,0,"	5879,5882" 
2025-05-08T14:00:00Z,"AMD",2025-05-08T14:30:00Z,Buy,104.45,103.62,33375,-27701.25,333.75,-34042.5,5006.25,39048.75,0,"	5883,5884" 
2025-05-08T15:00:00Z,"NVDA",2025-05-08T15:30:00Z,Sell,116.11892059,117.248715495,30339,-34276.85,303.39,-42163.56,1820.01,43983.57,0,"	5885,5887" 
2025-05-08T15:30:00Z,"TSLA",2025-05-08T19:59:00Z,Buy,286.73,285.34,11817,-16425.63,118.17,-17607.33,33678.45,51285.78,0,"	5886,5888" 
2025-05-09T14:00:00Z,"TSLA",2025-05-09T15:30:00Z,Buy,303.24,298.65,8919,-40938.21,89.19,-43703.1,30012.44,73715.54,0,"	5889,5891" 
2025-05-09T14:30:00Z,"NVDA",2025-05-09T15:30:00Z,Sell,116.108922405,116.368875215,29997,-7797.8,299.97,-17695.02,22493.67,40188.68,0,"	5890,5892" 
2025-05-13T14:00:00Z,"NVDA",2025-05-13T19:59:00Z,Buy,127.706817005,129.99640137,27067,61972.18,270.67,-4600.55,93093.58,37886.92,1,"	5893,5898" 
2025-05-13T15:00:00Z,"AMD",2025-05-13T19:59:00Z,Buy,111.48,112.5,31477,32106.54,314.77,-1259.08,50992.74,37772.4,1,"	5894,5897" 
2025-05-13T17:00:00Z,"TSLA",2025-05-13T19:59:00Z,Buy,326.05,334.49,8904,75149.76,89.04,-6678,98656.32,41047.44,1,"	5895,5896" 
2025-05-14T18:00:00Z,"NVDA",2025-05-14T18:30:00Z,Buy,134.9754975,134.525579175,20876,-9392.49,208.76,-10436.11,0,10436.11,0,"	5899,5900" 
2025-05-15T15:00:00Z,"AMD",2025-05-15T15:30:00Z,Sell,115.13,115.9,30324,-23349.48,303.24,-24259.2,10613.4,34872.6,0,"	5901,5902" 
2025-05-20T14:00:00Z,"AMD",2025-05-20T15:00:00Z,Sell,112.86,113.5,29062,-18599.68,290.62,-27318.28,0,27318.28,0,"	5903,5904" 
2025-05-21T14:00:00Z,"AMD",2025-05-21T14:30:00Z,Buy,114.99,114.19,25145,-20116,251.45,-24139.2,1005.8,25145,0,"	5905,5906" 
2025-05-21T15:30:00Z,"NVDA",2025-05-21T17:30:00Z,Buy,135.85533778,133.185822385,25914,-69177.82,259.14,-69177.82,38863.94,108041.77,0,"	5907,5909" 
2025-05-21T17:30:00Z,"TSLA",2025-05-21T19:59:00Z,Sell,335.94,334.82,9881,11066.72,98.81,-38881.74,34682.31,42735.32,1,"	5908,5910" 
2025-05-22T14:00:00Z,"NVDA",2025-05-22T14:30:00Z,Buy,133.465771565,133.005855055,26087,-11997.84,260.87,-19170.46,8737.56,27908.02,0,"	5912,5913" 
2025-05-22T14:00:00Z,"TSLA",2025-05-22T19:59:00Z,Buy,339.4,341.55,7068,15196.2,70.68,-4947.6,55271.76,40075.56,1,"	5911,5914" 
2025-05-27T14:00:00Z,"AMD",2025-05-27T19:30:00Z,Buy,113.94,114.38,30582,13456.08,305.82,0,42508.98,30734.91,1,"	5916,5919" 
2025-05-27T14:00:00Z,"TSLA",2025-05-27T19:59:00Z,Buy,353.33,361.88,4995,42707.25,49.95,0,51598.35,27422.55,1,"	5915,5920" 
2025-05-27T17:30:00Z,"NVDA",2025-05-27T18:30:00Z,Buy,135.585386785,135.225452125,23624,-8503.1,236.24,-11691.76,472.39,12164.15,0,"	5917,5918" 
2025-05-30T14:00:00Z,"AMD",2025-05-30T14:30:00Z,Sell,110.54,111.41,31790,-27657.3,317.9,-28769.95,0,28769.95,0,"	5921,5923" 
2025-05-30T14:00:00Z,"NVDA",2025-05-30T14:30:00Z,Sell,136.125288775,137.33506916,25814,-31229.27,258.14,-32390.69,0,32390.69,0,"	5922,5924" 
2025-05-30T17:00:00Z,"TSLA",2025-05-30T17:30:00Z,Sell,346.47,348.42,7183,-14006.85,71.83,-17526.52,6895.68,24422.2,0,"	5925,5926" 
2025-06-02T14:00:00Z,"AMD",2025-06-02T15:30:00Z,Buy,113.06,112.68,30653,-11648.14,306.53,-19464.66,19311.39,36477.07,0,"	5928,5931" 
2025-06-02T14:00:00Z,"TSLA",2025-06-02T17:00:00Z,Sell,337.28,337.99,7461,-5297.31,74.61,-21338.46,27083.43,37827.27,0,"	5927,5932" 
2025-06-02T14:30:00Z,"NVDA",2025-06-02T15:00:00Z,Buy,136.645194395,136.3752434,25360,-6845.96,253.6,-15973.9,10649.27,26623.17,0,"	5929,5930" 
2025-06-03T14:00:00Z,"NVDA",2025-06-03T18:00:00Z,Buy,140.304530105,141.07439035,24588,18929.32,245.88,0,40808.67,21879.35,1,"	5933,5937" 
2025-06-03T14:30:00Z,"AMD",2025-06-03T18:30:00Z,Buy,116.09,116.59,29855,14927.5,298.55,-16121.7,47170.9,44483.95,1,"	5934,5938" 
2025-06-03T16:30:00Z,"TSLA",2025-06-03T18:00:00Z,Buy,352.56,350.98,7536,-11906.88,75.36,-11906.88,20422.56,32329.44,0,"	5935,5936" 
2025-06-04T14:00:00Z,"TSLA",2025-06-04T16:00:00Z,Sell,336.13,334.19,10301,19983.94,103.01,0,85601.31,69325.73,1,"	5939,5940" 
2025-06-05T14:00:00Z,"TSLA",2025-06-05T14:30:00Z,Sell,314.01,317.59,11071,-39634.18,110.71,-51258.73,1771.36,53030.09,0,"	5941,5943" 
2025-06-05T14:00:00Z,"AMD",2025-06-05T14:30:00Z,Sell,116.62,117.39,29811,-22954.47,298.11,-23252.58,0,23252.58,0,"	5942,5944" 
2025-06-09T14:30:00Z,"AMD",2025-06-09T15:00:00Z,Buy,121.71,120.7,28223,-28505.23,282.23,-31327.53,14958.19,46285.72,0,"	5945,5946" 
2025-06-10T14:30:00Z,"AMD",2025-06-10T15:00:00Z,Buy,123.34,122.19,26719,-30726.85,267.19,-30726.85,0,30726.85,0,"	5947,5948" 
2025-06-10T19:00:00Z,"NVDA",2025-06-10T19:30:00Z,Buy,143.89387852,143.963865815,23596,1651.42,235.96,-3066.92,8493.02,8964.85,1,"	5949,5950" 
2025-06-11T16:00:00Z,"AMD",2025-06-11T17:00:00Z,Sell,121.81,121.5,21834,6768.54,218.34,-5240.16,21834,15065.46,1,"	5951,5952" 
2025-06-11T18:00:00Z,"NVDA",2025-06-11T19:59:00Z,Sell,143.023965216,142.713999967,23775,7369.42,237.75,-2020.65,25911.84,23415.75,1,"	5953,5954" 
2025-06-12T14:30:00Z,"NVDA",2025-06-12T19:59:00Z,Buy,144.053849753,144.873757831,23640,19382.63,236.4,-709.12,21273.61,21746.36,1,"	5955,5958" 
2025-06-12T18:30:00Z,"AMD",2025-06-12T19:00:00Z,Sell,118.34,118.6,22508,-5852.08,225.08,-28585.16,450.16,28585.16,0,"	5956,5957" 
2025-06-13T14:30:00Z,"NVDA",2025-06-13T15:00:00Z,Sell,141.174172601,142.304045928,24181,-27321.47,241.81,-29255.73,0,29255.73,0,"	5959,5960" 
2025-06-13T16:30:00Z,"TSLA",2025-06-13T19:00:00Z,Buy,324.58,325.8,5328,6500.16,53.28,-5541.12,43849.44,47525.76,1,"	5961,5962" 
2025-06-16T14:00:00Z,"NVDA",2025-06-16T19:00:00Z,Buy,144.723774646,144.9837455,23491,6106.98,234.91,-14327.9,30534.88,26659.3,1,"	5964,5965" 
2025-06-16T14:00:00Z,"AMD",2025-06-16T19:59:00Z,Buy,122.6,126.28,20937,77048.16,209.37,0,113478.54,37477.23,1,"	5963,5966" 
2025-06-17T14:30:00Z,"TSLA",2025-06-17T19:59:00Z,Sell,322.9,316.69,9615,59709.15,96.15,-12355.28,76823.85,35190.9,1,"	5967,5968" 
2025-06-18T14:00:00Z,"TSLA",2025-06-18T17:00:00Z,Buy,323.89,322.52,10789,-14780.93,107.89,-15751.94,51463.53,66244.46,0,"	5969,5972" 
2025-06-18T14:30:00Z,"NVDA",2025-06-18T15:30:00Z,Buy,145.213719717,144.953748863,24041,-6249.96,240.41,-9735.51,8173.02,17908.54,0,"	5970,5971" 
2025-06-20T14:00:00Z,"AMD",2025-06-20T14:30:00Z,Buy,132.14,130.11,14455,-29343.65,144.55,-37004.8,7950.25,44955.05,0,"	5973,5974" 
2025-06-20T15:00:00Z,"NVDA",2025-06-20T16:30:00Z,Sell,143.123954006,143.943862084,24179,-19824.56,241.79,-30945.65,7615.53,38561.18,0,"	5975,5976" 
2025-06-23T14:00:00Z,"TSLA",2025-06-23T19:59:00Z,Buy,343.1,348.52,9766,52931.72,97.66,-2148.52,139702.63,121830.85,1,"	5977,5978" 
2025-06-24T14:00:00Z,"AMD",2025-06-24T14:30:00Z,Buy,136.29,136.07,15365,-3380.3,153.65,-5685.05,25429.08,31114.12,0,"	5979,5981" 
2025-06-24T14:00:00Z,"NVDA",2025-06-24T16:00:00Z,Buy,147.133504485,146.643559414,23668,-11596.02,236.68,-23783.67,3786.46,23783.67,0,"	5980,5982" 
2025-06-25T14:00:00Z,"TSLA",2025-06-25T19:30:00Z,Sell,331.95,327.55,5241,23060.4,52.41,0,58751.61,38626.17,1,"	5983,5986" 
2025-06-25T14:00:00Z,"NVDA",2025-06-25T19:59:00Z,Buy,151.353031423,154.162716422,22936,64442.94,229.36,-7109.36,69946.96,34744.14,1,"	5984,5988" 
2025-06-25T15:00:00Z,"AMD",2025-06-25T19:59:00Z,Buy,142.68,143.47,20592,16267.68,205.92,-21312.72,19047.6,27593.28,1,"	5985,5987" 
2025-06-27T15:30:00Z,"NVDA",2025-06-27T17:00:00Z,Buy,157.902297168,157.332361065,22427,-12781.96,224.27,-20182.04,16818.36,37000.4,0,"	5989,5990" 
2025-06-30T14:00:00Z,"NVDA",2025-06-30T14:30:00Z,Sell,156.602442898,157.092387969,22556,-11051.2,225.56,-12517.18,0,12517.18,0,"	5991,5992" 
2025-07-01T14:30:00Z,"NVDA",2025-07-01T17:00:00Z,Sell,154.612665977,154.352695123,22799,5927.08,227.99,-2051.68,66565.62,67933.4,1,"	5993,5996" 
2025-07-01T15:00:00Z,"AMD",2025-07-01T16:30:00Z,Sell,136.03,137.03,14439,-14439,144.39,-16749.24,11695.59,28444.83,0,"	5994,5995" 
2025-07-02T14:30:00Z,"NVDA",2025-07-02T19:59:00Z,Buy,156.072502311,157.28236667,20955,25352.71,209.55,-2095.27,30381.34,28495.61,1,"	5997,6000" 
2025-07-02T15:00:00Z,"AMD",2025-07-02T19:59:00Z,Buy,138.39,138.38,22650,-226.5,226.5,-10872,29898,40770,0,"	5998,5999" 
2025-07-03T14:30:00Z,"NVDA",2025-07-03T15:00:00Z,Buy,160.621992256,159.702095388,22011,-20247.85,220.11,-25970.07,2200.85,28170.92,0,"	6001,6002" 
2025-07-07T14:30:00Z,"AMD",2025-07-07T16:30:00Z,Sell,134.63,135.38,26157,-19617.75,261.57,-29688.2,26157,55845.2,0,"	6003,6004" 
2025-07-08T15:00:00Z,"TSLA",2025-07-08T19:30:00Z,Buy,302.28,296.94,6514,-34784.76,65.14,-34784.76,7881.94,42666.7,0,"	6005,6006" 
2025-07-09T14:00:00Z,"AMD",2025-07-09T14:30:00Z,Buy,139.71,139.66,24951,-1247.55,249.51,-1247.55,18962.76,20210.31,0,"	6007,6009" 
2025-07-09T14:00:00Z,"NVDA",2025-07-09T14:30:00Z,Buy,164.131598785,163.041720974,21234,-23142.47,212.34,-23142.47,0,23142.47,0,"	6008,6010" 
2025-07-09T15:00:00Z,"TSLA",2025-07-09T15:30:00Z,Sell,294.09,295.98,6987,-13205.43,69.87,-13205.43,0,13205.43,0,"	6011,6012" 
2025-07-10T14:30:00Z,"AMD",2025-07-10T15:00:00Z,Buy,144.39,144.44,23965,1198.25,239.65,-4313.7,30914.85,35228.55,1,"	6013,6015" 
2025-07-10T15:00:00Z,"TSLA",2025-07-10T15:30:00Z,Buy,305.07,304.66,4942,-2026.22,49.42,-2026.22,5535.04,7561.26,0,"	6014,6016" 
2025-07-11T14:00:00Z,"NVDA",2025-07-11T16:00:00Z,Buy,166.141373464,166.291356649,20822,3122.95,208.22,-7182.78,34977.04,34664.74,1,"	6017,6019" 
2025-07-11T16:00:00Z,"AMD",2025-07-11T19:59:00Z,Buy,145.29,146.42,17039,19254.07,170.39,-511.17,34759.56,21469.14,1,"	6018,6020" 
2025-07-14T14:00:00Z,"AMD",2025-07-14T14:30:00Z,Sell,143.03,144.07,17568,-18270.72,175.68,-27581.76,175.68,27757.44,0,"	6021,6023" 
2025-07-14T14:00:00Z,"NVDA",2025-07-14T14:30:00Z,Sell,163.111713127,163.711645867,21295,-12775.57,212.95,-20547.37,0,20547.37,0,"	6022,6024" 
2025-07-15T14:30:00Z,"AMD",2025-07-15T15:00:00Z,Buy,156.75,155.57,17260,-20366.8,172.6,-20366.8,7076.6,27443.4,0,"	6025,6026" 
2025-07-15T17:00:00Z,"TSLA",2025-07-15T17:30:00Z,Sell,313.5,314.08,7363,-4270.54,73.63,-9571.9,0,9571.9,0,"	6027,6028" 
2025-07-16T14:00:00Z,"TSLA",2025-07-16T19:59:00Z,Buy,318.23,321.81,9632,34482.56,96.32,-34675.2,48352.64,39202.24,1,"	6029,6031" 
2025-07-16T19:00:00Z,"AMD",2025-07-16T19:59:00Z,Buy,157.54,160.26,17905,48701.6,179.05,-716.2,49417.8,5192.45,1,"	6030,6032" 
2025-07-17T16:00:00Z,"NVDA",2025-07-17T19:59:00Z,Buy,173.360564102,173.170585401,20141,-3826.36,201.41,-6142.32,13895.73,20038.05,0,"	6033,6034" 
2025-07-18T14:00:00Z,"TSLA",2025-07-18T17:00:00Z,Buy,328.77,325.33,10614,-36512.16,106.14,-37573.56,16027.14,53600.7,0,"	6035,6038" 
2025-07-18T14:30:00Z,"AMD",2025-07-18T16:00:00Z,Sell,157.11,158.8,17492,-29561.48,174.92,-29911.32,10670.12,40581.44,0,"	6036,6037" 
2025-07-18T19:00:00Z,"NVDA",2025-07-18T19:30:00Z,Sell,171.960721042,172.060709832,20031,-2002.88,200.31,-5007.19,1201.73,6208.91,0,"	6039,6040" 
2025-07-21T15:00:00Z,"AMD",2025-07-21T15:30:00Z,Buy,159.66,158.83,15521,-12882.43,155.21,-12882.43,0,12882.43,0,"	6041,6042" 
2025-07-22T14:00:00Z,"TSLA",2025-07-22T14:30:00Z,Sell,323.88,327.71,10376,-39740.08,103.76,-39740.08,0,39740.08,0,"	6043,6046" 
2025-07-22T14:00:00Z,"AMD",2025-07-22T15:00:00Z,Sell,150.04,153.01,16766,-49795.02,167.66,-52309.92,0,52309.92,0,"	6044,6047" 
2025-07-22T14:00:00Z,"NVDA",2025-07-22T15:00:00Z,Sell,165.601433998,167.741194104,20737,-44372.21,207.37,-45823.63,829.39,46653.02,0,"	6045,6048" 
2025-07-23T16:00:00Z,"AMD",2025-07-23T16:30:00Z,Buy,158.66,157.77,18386,-16363.54,183.86,-16547.4,2574.04,19121.44,0,"	6049,6050" 
2025-07-24T14:00:00Z,"AMD",2025-07-24T14:30:00Z,Buy,161.24,159.7,19654,-30267.16,196.54,-37342.6,0,37342.6,0,"	6051,6053" 
2025-07-24T14:30:00Z,"TSLA",2025-07-24T17:30:00Z,Sell,303.74,304.3,10909,-6109.04,109.09,-16690.77,33708.81,43581.46,0,"	6052,6054" 
2025-07-25T14:30:00Z,"AMD",2025-07-25T15:00:00Z,Buy,166.54,165.45,19874,-21662.66,198.74,-30407.22,4372.28,34779.5,0,"	6056,6057" 
2025-07-25T14:30:00Z,"TSLA",2025-07-25T19:00:00Z,Buy,313.7,315.1,5952,8332.8,59.52,-7975.68,58091.52,51038.4,1,"	6055,6058" 
2025-07-28T14:00:00Z,"AMD",2025-07-28T15:30:00Z,Buy,173.74,172.59,18998,-21847.7,189.98,-27737.08,13868.54,41605.62,0,"	6060,6062" 
2025-07-28T14:00:00Z,"TSLA",2025-07-28T19:59:00Z,Buy,321.96,325.89,5385,21163.05,53.85,-8023.65,45503.25,25524.9,1,"	6059,6064" 
2025-07-28T15:00:00Z,"NVDA",2025-07-28T16:30:00Z,Buy,174.990381379,175.000380258,19000,189.98,190,-12538.59,2374.73,14913.33,1,"	6061,6063" 
2025-07-29T14:00:00Z,"TSLA",2025-07-29T15:00:00Z,Sell,320.31,322.24,5519,-10651.67,55.19,-11038,9713.44,20751.44,0,"	6065,6067" 
2025-07-29T14:00:00Z,"AMD",2025-07-29T15:30:00Z,Buy,180.15,176.64,18322,-64310.22,183.22,-66966.91,36460.78,103427.69,0,"	6066,6068" 
2025-07-30T14:00:00Z,"NVDA",2025-07-30T19:00:00Z,Buy,177.660082072,178.110031627,18297,8232.73,182.97,-182.95,39517.09,31284.36,1,"	6069,6071" 
2025-07-30T19:00:00Z,"TSLA",2025-07-30T19:59:00Z,Sell,312.61,318.67,3167,-19192.02,31.67,-19192.02,1235.13,20427.15,0,"	6070,6072" 
2025-07-31T17:30:00Z,"TSLA",2025-07-31T19:59:00Z,Sell,309.86,308.72,3618,4124.52,36.18,-5969.7,13278.06,17149.32,1,"	6073,6075" 
2025-07-31T18:00:00Z,"NVDA",2025-07-31T19:59:00Z,Sell,177.570092161,177.78006862,18283,-3839,182.83,-9871.71,28518.28,38390,0,"	6074,6076" 
2025-08-01T14:00:00Z,"TSLA",2025-08-01T14:30:00Z,Sell,300.32,304.57,7385,-31386.25,73.85,-33675.6,13846.88,47522.48,0,"	6077,6079" 
2025-08-01T14:00:00Z,"NVDA",2025-08-01T14:30:00Z,Sell,172.150699743,174.960384742,18834,-52917.61,188.34,-52917.61,9227.63,62145.23,0,"	6078,6080" 
2025-08-04T14:00:00Z,"NVDA",2025-08-04T19:59:00Z,Buy,177.070148211,179.889832089,17997,50745.85,179.97,-3599,51915.52,19344.61,1,"	6081,6082" 
2025-08-05T15:00:00Z,"AMD",2025-08-05T16:00:00Z,Sell,173.84,174.63,17283,-13653.57,172.83,-13826.4,2246.79,16073.19,0,"	6083,6085" 
2025-08-05T15:00:00Z,"NVDA",2025-08-05T16:30:00Z,Sell,177.320120186,177.910054047,17192,-10142.14,171.92,-15471.07,17877.68,33348.74,0,"	6084,6086" 
2025-08-06T14:00:00Z,"TSLA",2025-08-06T19:59:00Z,Buy,313.54,319.74,10221,63370.2,102.21,0,68889.54,31378.47,1,"	6087,6090" 
2025-08-06T14:30:00Z,"AMD",2025-08-06T16:00:00Z,Sell,160.49,162.8,19568,-45202.08,195.68,-48724.32,50289.76,99014.08,0,"	6088,6089" 
2025-08-07T14:00:00Z,"NVDA",2025-08-07T14:30:00Z,Buy,183.37944086,182.459543992,17538,-16133.15,175.38,-24375.09,4384.01,28759.1,0,"	6092,6093" 
2025-08-07T14:00:00Z,"AMD",2025-08-07T17:00:00Z,Buy,171.85,171.05,15382,-12305.6,153.82,-16304.92,58143.96,74448.88,0,"	6091,6094" 
2025-08-08T14:00:00Z,"TSLA",2025-08-08T16:00:00Z,Buy,332.93,330.88,9602,-19684.1,96.02,-30966.45,16323.4,39032.13,0,"	6095,6096" 
2025-08-11T14:00:00Z,"TSLA",2025-08-11T17:30:00Z,Buy,340.43,342.39,9353,18331.88,93.53,-12439.49,56585.65,39422.9,1,"	6097,6100" 
2025-08-11T14:30:00Z,"AMD",2025-08-11T16:30:00Z,Buy,177.64,175.37,7827,-17767.29,78.27,-18158.64,6809.49,24968.13,0,"	6098,6099" 
2025-08-12T14:00:00Z,"AMD",2025-08-12T14:30:00Z,Sell,170.03,172.33,6358,-14623.4,63.58,-15068.46,7566.02,22634.48,0,"	6101,6103" 
2025-08-12T14:00:00Z,"NVDA",2025-08-12T14:30:00Z,Sell,180.029816395,180.909717747,17686,-15561.94,176.86,-18214.54,7604.13,25818.67,0,"	6102,6104" 
2025-08-13T14:30:00Z,"AMD",2025-08-13T15:00:00Z,Buy,184.93,182.82,4124,-8701.64,41.24,-10846.12,1072.24,11918.36,0,"	6105,6106" 
2025-08-13T15:00:00Z,"NVDA",2025-08-13T18:30:00Z,Sell,181.519649366,181.309672907,17397,3652.96,173.97,-1130.68,37051.46,38182.13,1,"	6107,6108" 
2025-08-15T14:00:00Z,"NVDA",2025-08-15T17:30:00Z,Sell,178.989932979,179.689854509,17653,-12355.71,176.53,-25947,9355.04,30271.5,0,"	6109,6114" 
2025-08-15T15:00:00Z,"AMD",2025-08-15T16:00:00Z,Sell,176.44,177.47,8627,-8885.81,86.27,-10611.21,0,10611.21,0,"	6110,6111" 
2025-08-15T16:30:00Z,"TSLA",2025-08-15T17:00:00Z,Sell,327.91,330.09,7473,-16291.14,74.73,-17262.63,0,17262.63,0,"	6112,6113" 
2025-08-18T14:30:00Z,"NVDA",2025-08-18T15:00:00Z,Buy,182.669520451,181.389663939,17164,-21967.46,171.64,-29089.72,0,29089.72,0,"	6115,6116" 
2025-08-19T14:30:00Z,"AMD",2025-08-19T19:59:00Z,Sell,168.24,166.47,7510,13292.7,75.1,-10438.9,14944.9,16672.2,1,"	6117,6121" 
2025-08-19T14:30:00Z,"NVDA",2025-08-19T19:59:00Z,Sell,178.639972214,175.68030403,17467,51696.52,174.67,-7335.32,52569.78,24713.03,1,"	6118,6122" 
2025-08-19T17:00:00Z,"TSLA",2025-08-19T19:59:00Z,Sell,330.37,329.33,9543,9924.72,95.43,-5200.94,23380.35,27197.55,1,"	6119,6120" 
2025-08-20T14:00:00Z,"AMD",2025-08-20T15:30:00Z,Sell,161.38,163.02,9054,-14848.56,90.54,-14848.56,28203.21,43051.77,0,"	6124,6126" 
2025-08-20T14:00:00Z,"NVDA",2025-08-20T15:30:00Z,Sell,170.510883587,172.410670597,18588,-35313.24,185.88,-35313.24,31410.2,66723.44,0,"	6125,6127" 
2025-08-20T14:00:00Z,"TSLA",2025-08-20T16:30:00Z,Sell,321.43,321.8,9862,-3648.94,98.62,-9122.35,61144.4,65483.68,0,"	6123,6128" 
2025-08-21T14:00:00Z,"AMD",2025-08-21T14:30:00Z,Sell,162.7,165.2,16108,-40270,161.08,-40270,0,40270,0,"	6129,6130" 
2025-08-22T14:00:00Z,"TSLA",2025-08-22T19:59:00Z,Buy,325.7,339.91,9540,135563.4,95.4,0,135563.4,42739.2,1,"	6131,6135" 
2025-08-22T14:30:00Z,"AMD",2025-08-22T19:59:00Z,Buy,166.62,167.77,15260,17549,152.6,0,28383.6,28078.4,1,"	6132,6136" 
2025-08-22T15:30:00Z,"NVDA",2025-08-22T16:30:00Z,Buy,178.110031627,176.9801583,17451,-19717.42,174.51,-21462.32,6630.64,28092.96,0,"	6133,6134" 
2025-08-25T15:30:00Z,"NVDA",2025-08-25T17:00:00Z,Buy,181.219682996,180.999707658,17633,-3878.83,176.33,-4584.07,10049.68,14633.75,0,"	6137,6138" 
2025-08-25T17:30:00Z,"TSLA",2025-08-25T18:30:00Z,Buy,348.35,346.82,7036,-10765.08,70.36,-15127.4,0,15127.4,0,"	6139,6140" 
2025-08-27T14:00:00Z,"NVDA",2025-08-27T14:30:00Z,Sell,180.159801822,181.049702053,17681,-15734.33,176.81,-21038.03,1060.74,22098.77,0,"	6141,6142" 
2025-08-28T14:00:00Z,"NVDA",2025-08-28T15:00:00Z,Sell,177.290123549,179.849836573,17907,-45836.78,179.07,-51566.38,3581,55147.38,0,"	6143,6145" 
2025-08-28T14:30:00Z,"TSLA",2025-08-28T17:30:00Z,Sell,345.08,343.46,4700,7614,47,-4512,21549.5,17460.5,1,"	6144,6146" 
2025-08-29T14:00:00Z,"TSLA",2025-08-29T19:59:00Z,Sell,343.38,334.06,5198,48445.36,51.98,-5094.04,60504.72,14034.6,1,"	6147,6150" 
2025-08-29T14:00:00Z,"AMD",2025-08-29T19:59:00Z,Sell,163.79,162.65,15691,17887.74,156.91,-9179.24,25262.51,24948.69,1,"	6148,6151" 
2025-08-29T14:00:00Z,"NVDA",2025-08-29T19:59:00Z,Sell,174.740409404,174.070484511,18018,12070.71,180.18,-10269.11,27744.61,29095.81,1,"	6149,6152" 
2025-09-03T15:00:00Z,"TSLA",2025-09-03T18:00:00Z,Buy,341.31,339.27,9380,-19135.2,93.8,-19135.2,18478.6,37613.8,0,"	6153,6154" 
2025-09-03T18:30:00Z,"NVDA",2025-09-03T19:30:00Z,Sell,169.341014744,169.351013623,18828,-188.26,188.28,-5553.64,8377.52,13931.16,0,"	6155,6156" 
2025-09-05T14:00:00Z,"TSLA",2025-09-05T14:30:00Z,Buy,354.57,347.82,7594,-51259.5,75.94,-62118.92,531.58,62650.5,0,"	6157,6159" 
2025-09-05T14:00:00Z,"AMD",2025-09-05T16:00:00Z,Sell,153.52,152.98,20761,11210.94,207.61,0,66954.22,57819.38,1,"	6158,6161" 
2025-09-05T14:30:00Z,"NVDA",2025-09-05T16:00:00Z,Sell,165.101490048,166.391345439,19356,-24966.44,193.56,-31933.82,20224.75,52158.57,0,"	6160,6162" 
2025-09-08T14:00:00Z,"NVDA",2025-09-08T18:00:00Z,Buy,170.250912733,169.770966541,18472,-8865.57,184.72,-17546.43,2585.79,19393.43,0,"	6163,6166" 
2025-09-08T17:00:00Z,"TSLA",2025-09-08T17:30:00Z,Sell,346.13,347.44,7564,-9908.84,75.64,-10967.8,8396.04,19363.84,0,"	6164,6165" 
2025-09-09T16:30:00Z,"AMD",2025-09-09T19:59:00Z,Buy,154.33,155.84,14351,21670.01,143.51,-10476.23,22172.3,10763.25,1,"	6167,6169" 
2025-09-09T19:30:00Z,"NVDA",2025-09-09T19:59:00Z,Buy,170.230914975,170.740857804,18454,9410.48,184.54,-6919.47,10425.34,9410.48,1,"	6168,6170" 
2025-09-10T15:00:00Z,"TSLA",2025-09-10T17:00:00Z,Buy,355.42,354.21,8870,-10732.7,88.7,-23860.3,5499.4,29359.7,0,"	6171,6173" 
2025-09-10T15:00:00Z,"NVDA",2025-09-10T17:00:00Z,Buy,178.87994531,177.650083193,17624,-21675.09,176.24,-26785.48,5815.27,32600.75,0,"	6172,6174" 
2025-09-11T14:30:00Z,"AMD",2025-09-11T17:30:00Z,Sell,156.03,156.23,12846,-2569.2,128.46,-7065.3,12203.7,17085.18,0,"	6176,6177" 
2025-09-11T14:30:00Z,"TSLA",2025-09-11T19:59:00Z,Buy,358.94,368.25,8723,81211.13,87.23,-12822.81,81821.74,26081.77,1,"	6175,6178" 
2025-09-12T14:00:00Z,"TSLA",2025-09-12T19:59:00Z,Buy,384.65,395.38,8206,88050.38,82.06,0,96666.68,54323.72,1,"	6179,6182" 
2025-09-12T16:30:00Z,"AMD",2025-09-12T17:00:00Z,Buy,160.07,159.52,15314,-8422.7,153.14,-18147.09,4287.92,22435.01,0,"	6180,6181" 
2025-09-16T14:00:00Z,"NVDA",2025-09-16T14:30:00Z,Sell,176.110190116,176.310178976,18371,-3674,183.71,-8817.59,0,8817.59,0,"	6183,6184" 
2025-09-17T14:00:00Z,"NVDA",2025-09-17T18:00:00Z,Sell,170.830484212,171.100469173,18925,-5109.47,189.25,-5109.47,29142.88,34252.34,0,"	6185,6186" 
2025-09-18T14:30:00Z,"NVDA",2025-09-18T19:59:00Z,Buy,175.770209054,176.260181761,18374,9002.76,183.74,-12677.35,22782.49,18464.84,1,"	6187,6188" 
2025-09-19T14:00:00Z,"TSLA",2025-09-19T14:30:00Z,Buy,427.8,426.77,4459,-4592.77,44.59,-6866.86,6643.91,13510.77,0,"	6189,6190" 
2025-09-19T14:30:00Z,"NVDA",2025-09-19T15:00:00Z,Buy,177.700101553,177.140132745,15970,-8942.7,159.7,-9581.47,5030.27,14611.74,0,"	6191,6192" 
2025-09-22T14:00:00Z,"TSLA",2025-09-22T16:30:00Z,Buy,440.94,438.07,5293,-15190.91,52.93,-15667.28,18948.94,34616.22,0,"	6193,6195" 
2025-09-22T14:00:00Z,"AMD",2025-09-22T16:30:00Z,Buy,160.97,160.14,20044,-16636.52,200.44,-22649.72,32170.62,54820.34,0,"	6194,6196" 
2025-09-22T16:30:00Z,"NVDA",2025-09-22T19:59:00Z,Buy,182.18985146,183.539776265,12162,16417.79,121.62,0,25052.32,22559.25,1,"	6197,6198" 
2025-09-23T14:00:00Z,"NVDA",2025-09-23T14:30:00Z,Sell,179.549998508,180.649937238,9660,-10625.41,96.6,-11108.38,3284.22,14392.6,0,"	6199,6200" 
2025-09-23T18:00:00Z,"TSLA",2025-09-23T19:30:00Z,Sell,428.16,428.21,6120,-306,61.2,-4467.6,25459.2,29926.8,0,"	6201,6202" 
2025-09-24T14:00:00Z,"TSLA",2025-09-24T16:00:00Z,Buy,437.45,435.03,5950,-14399,59.5,-17136,17969,34867,0,"	6203,6204" 
2025-09-24T16:00:00Z,"NVDA",2025-09-24T16:30:00Z,Sell,176.240182875,176.250182318,9554,-95.53,95.54,-1624.09,7165.1,8789.19,0,"	6205,6206" 
2025-09-25T14:00:00Z,"TSLA",2025-09-25T14:30:00Z,Sell,425.1,429.16,4585,-18615.1,45.85,-26409.6,0,26409.6,0,"	6207,6208" 
2025-09-25T16:00:00Z,"NVDA",2025-09-25T16:30:00Z,Buy,179.919977899,179.250015218,10149,-6799.45,101.49,-7509.84,1928.2,9438.04,0,"	6209,6210" 
2025-09-26T14:30:00Z,"NVDA",2025-09-26T15:30:00Z,Sell,175.580219637,176.740155025,10619,-12317.35,106.19,-12317.35,849.47,13166.83,0,"	6212,6213" 
2025-09-26T14:30:00Z,"AMD",2025-09-26T17:00:00Z,Sell,158.57,158.81,20063,-4815.12,200.63,-11536.22,28489.46,33705.84,0,"	6211,6214" 
2025-09-26T18:00:00Z,"TSLA",2025-09-26T19:59:00Z,Buy,436,440.03,3064,12347.92,30.64,0,12378.56,7077.84,1,"	6215,6216" 
2025-09-29T14:00:00Z,"NVDA",2025-09-29T15:30:00Z,Buy,183.099800773,182.309844776,12445,-9831,124.45,-11448.76,8026.58,19475.34,0,"	6218,6219" 
2025-09-29T14:00:00Z,"AMD",2025-09-29T16:00:00Z,Buy,162.85,162.57,19520,-5465.6,195.2,-14835.2,26937.6,37673.6,0,"	6217,6220" 
2025-09-30T14:30:00Z,"NVDA",2025-09-30T19:59:00Z,Buy,184.729709982,186.439614735,14466,24735.48,144.66,0,35729.03,30449.23,1,"	6221,6224" 
2025-09-30T16:00:00Z,"TSLA",2025-09-30T17:00:00Z,Sell,435.41,436.86,3015,-4371.75,30.15,-4371.75,1658.25,6030,0,"	6222,6223" 
2025-10-01T14:30:00Z,"TSLA",2025-10-01T19:59:00Z,Buy,455.76,459.43,2747,10081.49,27.47,-8543.17,16701.76,16509.47,1,"	6225,6226" 
2025-10-02T15:00:00Z,"TSLA",2025-10-02T19:59:00Z,Sell,452.77,436.02,2879,48223.25,28.79,-3713.91,48280.83,14179.08,1,"	6227,6230" 
2025-10-02T16:30:00Z,"AMD",2025-10-02T17:30:00Z,Buy,170.44,170.38,18769,-1126.14,187.69,-9572.19,7319.91,11261.4,0,"	6228,6229" 
2025-10-03T14:30:00Z,"TSLA",2025-10-03T15:30:00Z,Sell,428.12,430.9,3430,-9535.4,34.3,-11970.7,9741.2,21711.9,0,"	6231,6232" 
2025-10-03T17:00:00Z,"AMD",2025-10-03T19:59:00Z,Sell,167.2,164.69,18662,46841.62,186.62,0,72408.56,33404.98,1,"	6233,6236" 
2025-10-03T18:00:00Z,"NVDA",2025-10-03T18:30:00Z,Sell,186.38961752,187.469557364,17430,-18823.35,174.3,-18823.35,9934.55,28757.9,0,"	6234,6235" 
2025-10-07T14:00:00Z,"NVDA",2025-10-07T15:00:00Z,Buy,188.819482169,187.819537869,17113,-17112.05,171.13,-19849.97,1026.72,20876.7,0,"	6237,6238" 
2025-10-08T14:00:00Z,"NVDA",2025-10-08T15:30:00Z,Buy,188.649491638,188.259513361,17068,-6656.15,170.68,-15019,12544.28,27563.28,0,"	6240,6241" 
2025-10-08T14:00:00Z,"AMD",2025-10-08T19:59:00Z,Buy,221.28,235.48,2692,38226.4,26.92,-4966.74,38576.36,12181.3,1,"	6239,6242" 
2025-10-09T14:00:00Z,"NVDA",2025-10-09T17:00:00Z,Buy,194.379172477,192.729264382,16673,-27508.92,166.73,-35594.87,5001.62,36428.48,0,"	6243,6244" 
2025-10-10T14:30:00Z,"NVDA",2025-10-10T15:00:00Z,Buy,195.249124018,194.149185288,16504,-18153.39,165.04,-18318.42,4125.77,22444.19,0,"	6245,6247" 
2025-10-10T15:00:00Z,"AMD",2025-10-10T19:59:00Z,Sell,223.56,214.8,3856,33778.56,38.56,0,37229.68,27493.28,1,"	6246,6250" 
2025-10-10T15:30:00Z,"TSLA",2025-10-10T19:59:00Z,Sell,424.57,413.89,6068,64806.24,60.68,-8373.84,79126.72,53095,1,"	6248,6249" 
2025-10-13T17:30:00Z,"TSLA",2025-10-13T19:59:00Z,Buy,429.02,436.02,5919,41433,59.19,-2545.17,44570.07,27819.3,1,"	6251,6252" 
2025-10-14T14:00:00Z,"TSLA",2025-10-14T14:30:00Z,Sell,419.88,424.82,6112,-30193.28,61.12,-30315.52,4736.8,35052.32,0,"	6253,6255" 
2025-10-14T14:00:00Z,"NVDA",2025-10-14T14:30:00Z,Sell,181.129910502,182.379840877,18233,-22789.98,182.33,-25160.14,4740.32,29900.45,0,"	6254,6256" 
2025-10-15T14:00:00Z,"AMD",2025-10-15T17:30:00Z,Buy,230.71,231.75,6928,7205.12,69.28,-11431.2,55631.84,56047.52,1,"	6257,6260" 
2025-10-15T14:30:00Z,"TSLA",2025-10-15T15:00:00Z,Buy,439.52,436.83,6496,-17474.24,64.96,-17474.24,4677.12,22151.36,0,"	6258,6259" 
2025-10-15T17:30:00Z,"NVDA",2025-10-15T18:00:00Z,Sell,178.170075374,179.559997951,16095,-22370.8,160.95,-22531.74,0,22531.74,0,"	6261,6262" 
2025-10-16T16:30:00Z,"TSLA",2025-10-16T17:00:00Z,Sell,429.6,431.47,6558,-12263.46,65.58,-12263.46,20329.8,32593.26,0,"	6263,6264" 
2025-10-17T14:00:00Z,"TSLA",2025-10-17T15:00:00Z,Buy,432.93,433.97,6419,6675.76,64.19,-8280.51,45446.52,38770.76,1,"	6265,6267" 
2025-10-17T14:30:00Z,"NVDA",2025-10-17T15:00:00Z,Buy,183.269791304,181.229904932,17539,-35777.57,175.39,-35777.57,0,35777.57,0,"	6266,6268" 
2025-10-20T14:00:00Z,"TSLA",2025-10-20T14:30:00Z,Buy,447.99,445.39,7184,-18678.4,71.84,-24281.92,8836.32,33118.24,0,"	6269,6271" 
2025-10-20T14:00:00Z,"AMD",2025-10-20T18:30:00Z,Buy,239.27,240.6,9714,12919.62,97.14,-4565.58,34290.42,23216.46,1,"	6270,6274" 
2025-10-20T14:30:00Z,"NVDA",2025-10-20T15:00:00Z,Buy,184.939698285,183.88975677,17359,-18225.93,173.59,-21176.8,0,21176.8,0,"	6272,6273" 
2025-10-21T14:00:00Z,"NVDA",2025-10-21T15:00:00Z,Sell,180.919922199,181.309900476,17697,-6901.45,176.97,-7343.85,18492.33,25836.18,0,"	6275,6278" 
2025-10-21T14:30:00Z,"AMD",2025-10-21T15:00:00Z,Sell,235.08,236.78,7691,-13074.7,76.91,-13074.7,6498.9,19573.6,0,"	6276,6277" 
2025-10-22T14:00:00Z,"NVDA",2025-10-22T14:30:00Z,Buy,182.669824724,180.379952277,17458,-39976.59,174.58,-39976.59,5586.25,45562.84,0,"	6279,6281" 
2025-10-22T14:30:00Z,"TSLA",2025-10-22T19:00:00Z,Sell,434.05,436.28,6001,-13382.23,60.01,-22383.73,26104.35,39486.58,0,"	6280,6283" 
2025-10-22T15:30:00Z,"AMD",2025-10-22T19:59:00Z,Sell,228.45,229.86,4391,-6191.31,43.91,-9528.47,15017.22,22394.1,0,"	6282,6284" 
2025-10-23T14:00:00Z,"AMD",2025-10-23T14:30:00Z,Buy,233.75,233.1,7792,-5064.8,77.92,-11532.16,5454.4,16986.56,0,"	6285,6286" 
2025-10-23T15:00:00Z,"NVDA",2025-10-23T17:30:00Z,Buy,182.28984589,181.759875411,17255,-9144.64,172.55,-14493.39,2415.57,15011.01,0,"	6287,6289" 
2025-10-23T17:00:00Z,"TSLA",2025-10-23T19:00:00Z,Buy,445.08,443.26,5371,-9775.22,53.71,-13749.76,21752.55,35502.31,0,"	6288,6290" 
2025-10-24T14:00:00Z,"TSLA",2025-10-24T14:30:00Z,Sell,440.87,441.01,5606,-784.84,56.06,-15528.62,6054.48,21583.1,0,"	6291,6294" 
2025-10-24T14:00:00Z,"NVDA",2025-10-24T14:30:00Z,Buy,185.539664865,184.599717223,16883,-15869.14,168.83,-20596.11,0,20596.11,0,"	6293,6295" 
2025-10-24T14:00:00Z,"AMD",2025-10-24T19:00:00Z,Buy,250.35,249.95,6639,-2655.6,66.39,-13908.7,16265.55,22705.38,0,"	6292,6296" 
2025-10-27T14:00:00Z,"TSLA",2025-10-27T19:30:00Z,Buy,446.1,448.22,6217,13180.04,62.17,-497.36,86105.45,77588.16,1,"	6297,6298" 
2025-10-28T14:30:00Z,"TSLA",2025-10-28T16:30:00Z,Buy,463.32,465.84,5591,14089.32,55.91,-17052.55,15934.35,17052.55,1,"	6299,6300" 
2025-10-28T18:00:00Z,"NVDA",2025-10-28T19:59:00Z,Buy,198.038968615,201.018802629,15843,47209.51,158.43,-5861.58,78101.64,32476.34,1,"	6301,6302" 
2025-10-29T14:00:00Z,"NVDA",2025-10-29T15:00:00Z,Buy,211.968192714,208.878364827,14950,-46192.93,149.5,-50378.69,149.49,50528.19,0,"	6303,6304" 
2025-10-30T14:30:00Z,"TSLA",2025-10-30T15:30:00Z,Sell,444.36,442.65,5326,9107.46,53.26,-10385.7,11264.49,17735.58,1,"	6305,6307" 
2025-10-30T14:30:00Z,"NVDA",2025-10-30T16:30:00Z,Sell,202.18873746,203.418668949,15519,-19087.31,155.19,-23587.57,1551.81,25139.38,0,"	6306,6308" 
2025-10-31T14:30:00Z,"TSLA",2025-10-31T16:00:00Z,Buy,455.06,453.77,6228,-8034.12,62.28,-8532.36,15756.84,24289.2,0,"	6309,6310" 
2025-11-03T15:00:00Z,"TSLA",2025-11-03T17:00:00Z,Buy,473.52,466.82,5368,-35965.6,53.68,-43588.16,0,43588.16,0,"	6311,6312" 
2025-11-03T18:00:00Z,"NVDA",2025-11-03T19:00:00Z,Buy,210.448277378,209.398335863,14739,-15475.09,147.39,-15475.09,11348.4,26823.49,0,"	6313,6314" 
2025-11-04T15:30:00Z,"NVDA",2025-11-04T20:59:00Z,Sell,201.628768652,198.918919599,15243,41306.23,152.43,-10212.24,49536.99,23015.65,1,"	6315,6318" 
2025-11-04T18:30:00Z,"TSLA",2025-11-04T19:00:00Z,Sell,447.58,450.35,5778,-16005.06,57.78,-21551.94,5604.66,27156.6,0,"	6316,6317" 
2025-11-05T15:30:00Z,"NVDA",2025-11-05T18:30:00Z,Buy,200.618824909,200.938807085,15492,4957.16,154.92,-2168.76,33151.03,31911.74,1,"	6319,6322" 
2025-11-05T17:30:00Z,"AMD",2025-11-05T20:59:00Z,Buy,255.11,256.19,12212,13188.96,122.12,-3419.36,52816.9,39627.94,1,"	6320,6324" 
2025-11-05T18:30:00Z,"TSLA",2025-11-05T20:59:00Z,Buy,458.04,461.94,5355,20884.5,53.55,-4498.2,41822.55,30764.48,1,"	6321,6323" 
2025-11-06T15:00:00Z,"AMD",2025-11-06T18:30:00Z,Sell,244.18,241.56,12831,33617.22,128.31,0,106112.37,77755.86,1,"	6325,6328" 
2025-11-06T15:00:00Z,"NVDA",2025-11-06T20:59:00Z,Sell,193.599215923,188.009527286,16183,90457.93,161.83,-970.93,112465.59,62139.26,1,"	6326,6330" 
2025-11-06T15:30:00Z,"TSLA",2025-11-06T19:30:00Z,Sell,451.46,451.18,4555,1275.4,45.55,-865.45,73107.75,71832.35,1,"	6327,6329" 
2025-11-07T15:00:00Z,"NVDA",2025-11-07T17:30:00Z,Sell,183.029804672,182.059858701,17573,17044.86,175.73,-6325.93,70288.08,60799.19,1,"	6331,6333" 
2025-11-07T16:30:00Z,"TSLA",2025-11-07T18:30:00Z,Sell,428.19,429.83,5884,-9649.76,58.84,-9649.76,34833.28,44483.04,0,"	6332,6334" 
2025-11-10T19:30:00Z,"NVDA",2025-11-10T20:59:00Z,Buy,197.918975299,199.078910687,16280,18883.75,162.8,-3255.82,31500.05,14081.42,1,"	6335,6336" 
2025-11-11T15:00:00Z,"NVDA",2025-11-11T16:00:00Z,Sell,193.529219822,192.279289447,14108,17634.02,141.08,-3667.88,25322.45,14248.29,1,"	6337,6338" 
2025-11-12T15:00:00Z,"TSLA",2025-11-12T15:30:00Z,Sell,433.73,433.44,6668,1933.72,66.68,-13069.28,16136.56,15236.38,1,"	6339,6340" 
2025-11-12T15:30:00Z,"AMD",2025-11-12T16:00:00Z,Buy,261.93,258.85,9032,-27818.56,90.32,-27818.56,13186.72,41005.28,0,"	6341,6342" 
2025-11-13T15:00:00Z,"TSLA",2025-11-13T20:59:00Z,Sell,414.56,402.2,7787,96247.32,77.87,-7397.65,139776.65,55832.79,1,"	6343,6346" 
2025-11-13T15:00:00Z,"NVDA",2025-11-13T20:59:00Z,Sell,188.209516146,186.78959524,15414,21886.66,154.14,-21886.66,66353.57,48320.2,1,"	6344,6348" 
2025-11-13T20:30:00Z,"AMD",2025-11-13T20:59:00Z,Sell,247.25,247.91,7040,-4646.4,70.4,-15699.2,1267.2,16966.4,0,"	6345,6347" 
2025-11-14T16:30:00Z,"NVDA",2025-11-14T17:00:00Z,Buy,189.959418671,189.999416443,15700,627.97,157,-8320.54,7692.57,16013.11,1,"	6349,6350" 
2025-11-14T17:30:00Z,"AMD",2025-11-14T18:30:00Z,Buy,252.75,250.22,7873,-19918.69,78.73,-24012.65,3149.2,27161.85,0,"	6351,6352" 
2025-11-17T15:00:00Z,"TSLA",2025-11-17T18:00:00Z,Buy,416.75,413.71,7009,-21307.36,70.09,-35255.27,49343.36,70650.72,0,"	6353,6354" 
2025-11-17T20:00:00Z,"AMD",2025-11-17T20:59:00Z,Sell,237.89,240.1,8486,-18754.06,84.86,-21978.74,5855.34,27834.08,0,"	6355,6356" 
2025-11-18T15:00:00Z,"NVDA",2025-11-18T15:30:00Z,Sell,180.379952277,181.849870398,18091,-26592.29,180.91,-35999.08,9587.7,45586.78,0,"	6358,6359" 
2025-11-18T15:00:00Z,"AMD",2025-11-18T16:30:00Z,Sell,226.87,231.15,8515,-36444.2,85.15,-38913.55,14305.2,53218.75,0,"	6357,6360" 
2025-11-19T15:30:00Z,"NVDA",2025-11-19T16:00:00Z,Buy,187.629548452,185.839648155,17173,-30737.96,171.73,-35546.13,1803.06,37349.19,0,"	6361,6362" 
2025-11-19T17:30:00Z,"AMD",2025-11-19T20:59:00Z,Sell,223.95,223.55,8122,3248.8,81.22,-2192.94,32488,34680.94,1,"	6363,6364" 
2025-11-20T15:00:00Z,"TSLA",2025-11-20T16:00:00Z,Buy,425.8,423.6,5338,-11743.6,53.38,-14679.5,14092.32,25835.92,0,"	6365,6366" 
2025-11-20T17:00:00Z,"AMD",2025-11-20T20:59:00Z,Sell,214.82,206.02,14872,130873.6,148.72,-30785.04,141730.16,72277.92,1,"	6367,6370" 
2025-11-20T18:00:00Z,"NVDA",2025-11-20T18:30:00Z,Sell,183.68976791,184.509722236,14149,-11601.53,141.49,-28154.94,565.93,28720.87,0,"	6368,6369" 
2025-11-21T15:30:00Z,"NVDA",2025-11-21T16:30:00Z,Sell,175.800207383,178.860036941,14787,-45245.7,147.87,-45245.7,37556.89,82802.59,0,"	6372,6373" 
2025-11-21T15:30:00Z,"AMD",2025-11-21T17:00:00Z,Sell,197.44,204.2,13318,-90029.68,133.18,-90029.68,31164.12,121193.8,0,"	6371,6374" 
2025-11-24T15:00:00Z,"TSLA",2025-11-24T20:59:00Z,Buy,411.85,417.5,7734,43697.1,77.34,0,75483.84,40835.52,1,"	6375,6379" 
2025-11-24T16:30:00Z,"NVDA",2025-11-24T18:30:00Z,Buy,182.079857587,182.079857587,14882,0,148.82,-4613.16,18155.03,18601.46,0,"	6377,6378" 
2025-11-24T16:30:00Z,"AMD",2025-11-24T20:59:00Z,Buy,213.95,215.26,11937,15637.47,119.37,-9907.71,31036.2,22322.19,1,"	6376,6380" 
2025-11-25T15:00:00Z,"NVDA",2025-11-25T16:00:00Z,Sell,172.310401776,172.560387851,18710,-4677.24,187.1,-13470.45,45275.68,58746.13,0,"	6381,6382" 
2025-12-01T16:00:00Z,"NVDA",2025-12-01T18:30:00Z,Buy,179.410006306,179.39000742,17952,-359.02,179.52,-16335.41,14001.78,17771.49,0,"	6383,6384" 
2025-12-02T15:00:00Z,"NVDA",2025-12-02T15:30:00Z,Buy,184.749708868,183.239792975,17431,-26319.34,174.31,-26319.34,13072.52,39391.87,0,"	6385,6386" 
2025-12-02T16:30:00Z,"TSLA",2025-12-02T17:30:00Z,Sell,424.15,425.56,7418,-10459.38,74.18,-12239.7,14168.38,26408.08,0,"	6387,6388" 
2025-12-03T15:00:00Z,"TSLA",2025-12-03T20:59:00Z,Buy,437.44,447.07,7306,70356.78,73.06,0,76091.99,44420.48,1,"	6389,6390" 
2025-12-04T17:00:00Z,"NVDA",2025-12-04T19:30:00Z,Buy,184.24,182.31,17599,-33966.07,175.99,-38629.8,3871.78,42501.58,0,"	6391,6392" 
2025-12-05T15:00:00Z,"AMD",2025-12-05T16:00:00Z,Buy,219.81,218.4,14650,-20656.5,146.5,-21096,56109.5,77205.5,0,"	6393,6394" 
2025-12-05T19:30:00Z,"NVDA",2025-12-05T20:30:00Z,Sell,181.45,181.86,17090,-7006.9,170.9,-9314.05,1025.4,10339.45,0,"	6395,6396" 
2025-12-08T15:30:00Z,"TSLA",2025-12-08T20:59:00Z,Sell,443.43,439.19,5964,25287.36,59.64,-2982,46519.2,21887.88,1,"	6397,6400" 
2025-12-08T18:00:00Z,"NVDA",2025-12-08T19:00:00Z,Buy,185.84,184.43,17320,-24421.2,173.2,-26326.4,34293.6,60620,0,"	6398,6399" 
2025-12-09T15:00:00Z,"TSLA",2025-12-09T20:59:00Z,Buy,444.63,445.2,4459,2541.63,44.59,-8226.86,33799.22,31257.59,1,"	6401,6406" 
2025-12-09T15:30:00Z,"AMD",2025-12-09T16:30:00Z,Buy,223.49,222.27,14337,-17491.14,143.37,-19211.58,15483.96,34695.54,0,"	6402,6403" 
2025-12-09T20:00:00Z,"NVDA",2025-12-09T20:30:00Z,Sell,184.22,184.33,17382,-1912.02,173.82,-2954.94,2346.57,5301.51,0,"	6404,6405" 
2025-12-10T15:30:00Z,"NVDA",2025-12-10T20:00:00Z,Sell,183.85,184.56,16446,-11676.66,164.46,-11676.66,28533.81,40210.47,0,"	6407,6410" 
2025-12-10T16:00:00Z,"AMD",2025-12-10T17:00:00Z,Sell,219.65,220.68,14575,-15012.25,145.75,-15012.25,7287.5,22299.75,0,"	6408,6409" 
2025-12-10T20:30:00Z,"TSLA",2025-12-10T20:59:00Z,Buy,456.19,451.9,3434,-14731.86,34.34,-14731.86,0,14731.86,0,"	6411,6412" 
2025-12-11T15:00:00Z,"AMD",2025-12-11T15:30:00Z,Sell,210.85,213.94,14993,-46328.37,149.93,-60421.79,7496.5,67918.29,0,"	6414,6416" 
2025-12-11T15:00:00Z,"TSLA",2025-12-11T17:30:00Z,Sell,441.79,444.59,4245,-11886,42.45,-18168.6,5391.15,19272.3,0,"	6413,6417" 
2025-12-11T15:00:00Z,"NVDA",2025-12-11T17:30:00Z,Sell,176.85,178.5,16796,-27713.4,167.96,-30400.76,3443.18,33843.94,0,"	6415,6418" 
2025-12-12T15:00:00Z,"TSLA",2025-12-12T15:30:00Z,Buy,460.81,450.16,3582,-38148.3,35.82,-38148.3,0,38148.3,0,"	6419,6420" 
2025-12-12T15:30:00Z,"AMD",2025-12-12T18:30:00Z,Sell,214.27,214.29,14369,-287.38,143.69,-9483.54,71270.24,79604.26,0,"	6421,6423" 
2025-12-12T15:30:00Z,"NVDA",2025-12-12T20:59:00Z,Sell,179.53,174.96,14937,68262.09,149.37,-6721.65,70502.64,41972.97,1,"	6422,6424" 
2025-12-15T15:00:00Z,"TSLA",2025-12-15T15:30:00Z,Buy,477.71,472.09,5906,-33191.72,59.06,-35731.3,0,35731.3,0,"	6425,6426" 
2025-12-15T20:30:00Z,"AMD",2025-12-15T20:59:00Z,Sell,207.94,207.42,13475,7007,134.75,0,13340.25,7007,1,"	6427,6428" 
2025-12-16T20:00:00Z,"TSLA",2025-12-16T20:59:00Z,Buy,485.34,490.22,6402,31241.76,64.02,-1088.34,37131.6,7042.2,1,"	6429,6430" 
2025-12-17T15:30:00Z,"AMD",2025-12-17T20:59:00Z,Sell,206.3,198.13,12952,105817.84,129.52,-2655.16,112941.44,24608.8,1,"	6431,6435" 
2025-12-17T16:00:00Z,"TSLA",2025-12-17T20:59:00Z,Sell,478.1,467.42,6627,70776.36,66.27,-11398.44,78264.87,32538.57,1,"	6432,6434" 
2025-12-17T16:00:00Z,"NVDA",2025-12-17T20:59:00Z,Sell,171.52,171.02,18473,9236.5,184.73,-23275.98,21059.22,44335.2,1,"	6433,6436" 
2025-12-18T15:30:00Z,"TSLA",2025-12-18T20:00:00Z,Buy,483.52,484.11,5193,3063.87,51.93,0,36766.44,36662.58,1,"	6437,6438" 
2025-12-19T15:00:00Z,"AMD",2025-12-19T20:59:00Z,Buy,211.74,213.46,14976,25758.72,149.76,-32497.92,49720.32,35043.84,1,"	6439,6441" 
2025-12-19T15:00:00Z,"NVDA",2025-12-19T20:59:00Z,Buy,180.27,180.76,18045,8842.05,180.45,-34465.95,12902.18,34465.95,1,"	6440,6442" 
2025-12-23T15:30:00Z,"NVDA",2025-12-23T20:59:00Z,Buy,185.28,189.05,17681,66657.37,176.81,-3005.77,70458.78,14056.4,1,"	6443,6444" 
2025-12-24T15:00:00Z,"TSLA",2025-12-24T16:30:00Z,Sell,480.45,481.7,6910,-8637.5,69.1,-9881.3,21559.2,31440.5,0,"	6445,6446" 
2025-12-26T15:30:00Z,"NVDA",2025-12-26T16:30:00Z,Buy,191.58,191.02,17299,-9687.44,172.99,-11936.31,9860.43,21796.74,0,"	6448,6449" 
2025-12-26T15:30:00Z,"TSLA",2025-12-26T17:00:00Z,Sell,477.14,478.28,6946,-7918.44,69.46,-14690.79,18267.98,32958.77,0,"	6447,6450" 
2025-12-29T15:00:00Z,"TSLA",2025-12-29T15:30:00Z,Sell,462.7,466.28,7137,-25550.46,71.37,-28298.2,7993.44,36291.64,0,"	6451,6452" 
2025-12-31T20:30:00Z,"TSLA",2025-12-31T20:59:00Z,Sell,449.48,449.8,2207,-706.24,22.07,-2869.1,66.21,2935.31,0,"	6453,6454" 
2026-01-02T15:00:00Z,"AMD",2026-01-02T15:30:00Z,Buy,225.96,221.84,14542,-59913.04,145.42,-59913.04,15123.68,75036.72,0,"	6455,6458" 
2026-01-02T15:00:00Z,"NVDA",2026-01-02T15:30:00Z,Buy,191.75,190.57,11962,-14115.16,119.62,-22249.32,4665.18,26914.5,0,"	6456,6459" 
2026-01-02T15:30:00Z,"TSLA",2026-01-02T20:59:00Z,Sell,445.08,437.96,3364,23951.68,33.64,-10226.56,32227.12,19679.4,1,"	6457,6460" 
2026-01-05T15:00:00Z,"TSLA",2026-01-05T20:59:00Z,Buy,452.55,451.19,7184,-9770.24,71.84,-10201.28,34483.2,44684.48,0,"	6461,6465" 
2026-01-05T17:30:00Z,"NVDA",2026-01-05T20:59:00Z,Sell,187.61,188.04,17419,-7490.17,174.19,-9754.64,23428.56,31963.86,0,"	6462,6466" 
2026-01-05T18:00:00Z,"AMD",2026-01-05T19:00:00Z,Sell,222.17,221.97,8811,1762.2,88.11,-1497.87,13568.94,11806.74,1,"	6463,6464" 
2026-01-06T15:00:00Z,"TSLA",2026-01-06T15:30:00Z,Sell,436.76,439.11,4581,-10765.35,45.81,-11635.74,4443.57,16079.31,0,"	6467,6470" 
2026-01-06T15:00:00Z,"NVDA",2026-01-06T16:00:00Z,Buy,191.91,189.11,16886,-47280.8,168.86,-49982.56,1013.16,50995.72,0,"	6469,6471" 
2026-01-06T15:00:00Z,"AMD",2026-01-06T20:59:00Z,Sell,218.12,214.5,10491,37977.42,104.91,-9232.08,70027.42,34148.2,1,"	6468,6472" 
2026-01-07T15:00:00Z,"NVDA",2026-01-07T18:30:00Z,Buy,190.1,189.62,16977,-8148.96,169.77,-25974.81,18589.82,44564.62,0,"	6473,6474" 
2026-01-08T15:00:00Z,"AMD",2026-01-08T15:30:00Z,Sell,206.19,207.65,8873,-12954.58,88.73,-13398.23,8739.9,22138.14,0,"	6475,6477" 
2026-01-08T15:00:00Z,"NVDA",2026-01-08T20:59:00Z,Sell,185.04,185.16,17409,-2089.08,174.09,-32206.65,20455.58,34643.91,0,"	6476,6478" 
2026-01-09T15:30:00Z,"TSLA",2026-01-09T16:00:00Z,Buy,443.66,442.78,5358,-4715.04,53.58,-15538.2,0,15538.2,0,"	6479,6480" 
2026-01-12T15:00:00Z,"AMD",2026-01-12T20:59:00Z,Buy,206.41,207.75,15545,20830.3,155.45,-4663.5,53630.25,32799.95,1,"	6481,6484" 
2026-01-12T17:30:00Z,"TSLA",2026-01-12T18:00:00Z,Buy,453.86,451.97,3343,-6318.27,33.43,-6719.43,0,6719.43,0,"	6482,6483" 
2026-01-13T15:00:00Z,"AMD",2026-01-13T15:30:00Z,Buy,221.45,218.18,11776,-38507.52,117.76,-43453.44,4945.92,48399.36,0,"	6485,6486" 
2026-01-13T17:00:00Z,"NVDA",2026-01-13T17:30:00Z,Buy,187.69,186.39,17008,-22110.4,170.08,-23130.88,0,23130.88,0,"	6487,6488" 
2026-01-14T15:00:00Z,"TSLA",2026-01-14T15:30:00Z,Sell,438.67,440.07,7242,-10138.8,72.42,-34906.44,6517.8,41424.24,0,"	6489,6491" 
2026-01-14T15:00:00Z,"NVDA",2026-01-14T17:30:00Z,Sell,181.66,182.1,17486,-7693.84,174.86,-16087.12,11715.62,27802.74,0,"	6490,6492" 
2026-01-15T15:00:00Z,"AMD",2026-01-15T19:30:00Z,Buy,235.84,233.88,6384,-12512.64,63.84,-13023.36,15736.56,28759.92,0,"	6493,6495" 
2026-01-15T18:30:00Z,"NVDA",2026-01-15T19:30:00Z,Buy,189.24,188.39,16768,-14252.8,167.68,-15426.56,7377.92,22804.48,0,"	6494,6496" 
2026-01-20T15:00:00Z,"TSLA",2026-01-20T15:30:00Z,Sell,424.75,426.96,7410,-16376.1,74.1,-16376.1,5187,21563.1,0,"	6497,6499" 
2026-01-20T15:00:00Z,"NVDA",2026-01-20T15:30:00Z,Sell,179.93,180.79,17488,-15039.68,174.88,-15564.32,4022.24,19586.56,0,"	6498,6500" 
2026-01-20T16:00:00Z,"AMD",2026-01-20T17:30:00Z,Buy,238.42,236.1,8197,-19017.04,81.97,-19262.95,8770.79,28033.74,0,"	6501,6502" 
2026-01-21T15:00:00Z,"NVDA",2026-01-21T17:00:00Z,Buy,180.42,180.13,15157,-4395.53,151.57,-5911.23,49108.68,55019.91,0,"	6504,6507" 
2026-01-21T15:00:00Z,"AMD",2026-01-21T17:30:00Z,Buy,245.51,245.53,11136,222.72,111.36,-8017.92,79344,87361.92,1,"	6503,6508" 
2026-01-21T15:30:00Z,"TSLA",2026-01-21T17:00:00Z,Buy,427.47,422.91,7316,-33360.96,73.16,-37165.28,14632,51797.28,0,"	6505,6506" 
2026-01-22T17:30:00Z,"TSLA",2026-01-22T20:59:00Z,Buy,439.1,449.04,7034,69917.96,70.34,-2532.24,72239.18,23704.58,1,"	6509,6510" 
2026-01-26T15:00:00Z,"TSLA",2026-01-26T16:30:00Z,Sell,439.02,439.76,6568,-4860.32,65.68,-14449.6,13924.16,20492.16,0,"	6511,6512" 
2026-01-27T15:30:00Z,"NVDA",2026-01-27T20:00:00Z,Buy,188.92,189.27,16577,5801.95,165.77,0,17737.39,16908.54,1,"	6513,6514" 
2026-01-28T15:00:00Z,"TSLA",2026-01-28T15:30:00Z,Buy,437.5,434.67,5358,-15163.14,53.58,-17145.6,0,17145.6,0,"	6515,6517" 
2026-01-28T15:00:00Z,"NVDA",2026-01-28T15:30:00Z,Buy,191.86,191.4,16341,-7516.86,163.41,-7516.86,7108.34,14625.2,0,"	6516,6518" 
2026-01-29T15:00:00Z,"TSLA",2026-01-29T17:30:00Z,Sell,423.27,424.26,4301,-4257.99,43.01,-14408.35,34924.12,41504.65,0,"	6519,6522" 
2026-01-29T15:00:00Z,"NVDA",2026-01-29T17:30:00Z,Sell,190.79,189.55,16352,20276.48,163.52,0,76527.36,60665.92,1,"	6520,6523" 
2026-01-29T15:30:00Z,"AMD",2026-01-29T20:59:00Z,Sell,247.51,252.13,9152,-42282.24,91.52,-42282.24,58664.32,100946.56,0,"	6521,6524" 
2026-01-30T15:30:00Z,"TSLA",2026-01-30T20:00:00Z,Buy,433.59,433.44,5861,-879.15,58.61,-15883.31,36191.68,43254.18,0,"	6525,6526" 
2026-01-30T20:30:00Z,"NVDA",2026-01-30T20:59:00Z,Sell,189.84,191.12,16339,-20913.92,163.39,-23691.55,0,23691.55,0,"	6527,6528" 
2026-02-02T15:00:00Z,"NVDA",2026-02-02T15:30:00Z,Sell,186.63,188.58,16543,-32258.85,165.43,-41605.64,992.58,42598.22,0,"	6530,6531" 
2026-02-02T15:00:00Z,"AMD",2026-02-02T20:00:00Z,Buy,244.7,246.21,7937,11984.87,79.37,0,41272.4,29287.53,1,"	6529,6532" 
2026-02-03T15:00:00Z,"NVDA",2026-02-03T20:59:00Z,Sell,181.83,180.38,16908,24516.6,169.08,0,92994,69407.34,1,"	6533,6536" 
2026-02-03T18:00:00Z,"AMD",2026-02-03T20:00:00Z,Sell,240.33,241.91,8681,-13715.98,86.81,-14844.51,27518.77,42363.28,0,"	6534,6535" 
2026-02-04T15:00:00Z,"NVDA",2026-02-04T20:00:00Z,Sell,177.75,175.96,17331,31022.49,173.31,-4332.75,99826.56,68804.07,1,"	6538,6540" 
2026-02-04T15:00:00Z,"AMD",2026-02-04T20:59:00Z,Sell,207.31,200.24,10430,73740.1,104.3,-21068.6,81458.3,46935,1,"	6537,6542" 
2026-02-04T16:00:00Z,"TSLA",2026-02-04T20:59:00Z,Sell,412.12,406.1,7552,45463.04,75.52,0,94702.08,72121.6,1,"	6539,6541" 
2026-02-05T15:30:00Z,"TSLA",2026-02-05T16:00:00Z,Sell,389.72,392.88,7904,-24976.64,79.04,-24976.64,12804.48,37781.12,0,"	6543,6546" 
2026-02-05T15:30:00Z,"NVDA",2026-02-05T16:00:00Z,Sell,171.58,173.19,18538,-29846.18,185.38,-29846.18,0,29846.18,0,"	6545,6547" 
2026-02-05T15:30:00Z,"AMD",2026-02-05T16:30:00Z,Sell,193.07,196.35,5739,-18823.92,57.39,-18823.92,11248.44,30072.36,0,"	6544,6548" 
2026-02-06T15:00:00Z,"TSLA",2026-02-06T20:59:00Z,Buy,407.14,410.99,6206,23893.1,62.06,-9557.24,45862.34,23272.5,1,"	6549,6552" 
2026-02-06T15:00:00Z,"AMD",2026-02-06T20:59:00Z,Buy,202.97,208.5,4330,23944.9,43.3,-3593.9,26109.9,11994.1,1,"	6550,6553" 
2026-02-06T15:00:00Z,"NVDA",2026-02-06T20:59:00Z,Buy,180.57,185.65,17341,88092.28,173.41,-17514.41,109074.89,23583.76,1,"	6551,6554" 
2026-02-09T15:00:00Z,"NVDA",2026-02-09T19:00:00Z,Buy,191.18,190.76,11891,-4994.22,118.91,-6183.32,14744.84,20095.79,0,"	6555,6558" 
2026-02-09T16:00:00Z,"TSLA",2026-02-09T18:00:00Z,Buy,417.98,419.61,7724,12590.12,77.24,-2780.64,24716.8,13053.56,1,"	6556,6557" 
2026-02-10T15:30:00Z,"TSLA",2026-02-10T16:30:00Z,Buy,423.38,421.71,7622,-12728.74,76.22,-17149.5,12881.18,30030.68,0,"	6559,6560" 
2026-02-12T16:30:00Z,"AMD",2026-02-12T17:00:00Z,Sell,206.16,207.96,10358,-18644.4,103.58,-25066.36,310.74,25377.1,0,"	6562,6563" 
2026-02-12T16:30:00Z,"TSLA",2026-02-12T20:59:00Z,Sell,419.36,416.89,7674,18954.78,76.74,-15041.04,37909.56,25400.94,1,"	6561,6564" 
2026-02-13T15:00:00Z,"NVDA",2026-02-13T15:30:00Z,Sell,182.4,184.08,15196,-25529.28,151.96,-31151.8,0,31151.8,0,"	6565,6566" 
2026-02-17T15:00:00Z,"AMD",2026-02-17T16:00:00Z,Sell,196.2,200.07,12726,-49249.62,127.26,-49249.62,13807.71,63057.33,0,"	6568,6569" 
2026-02-17T15:00:00Z,"TSLA",2026-02-17T16:30:00Z,Sell,403.08,408.24,7941,-40975.56,79.41,-50345.94,19217.22,69563.16,0,"	6567,6570" 
2026-02-17T19:30:00Z,"NVDA",2026-02-17T20:00:00Z,Buy,186.42,185.96,16851,-7751.46,168.51,-9942.09,11121.66,21063.75,0,"	6571,6572" 
